consumer,block,compiler,width,height,layout,form,processes,ns_per_call,process_spread_pct,original_over_form_median,original_over_form_min,original_over_form_max,form_over_cpp_median,form_over_cpp_min,form_over_cpp_max,unconditional_over_form_median,unconditional_over_form_min,unconditional_over_form_max
prior,short,dmd,31,17,contiguous,original,6,276.761,0.145,1.000000,1.000000,1.000000,,,,0.953471,0.951273,1.047204
prior,short,dmd,31,17,contiguous,selected64,6,343.763,2.927,0.805385,0.785266,0.808936,,,,0.769438,0.747002,0.843768
prior,short,dmd,31,17,contiguous,vector16store,6,263.883,10.217,1.048799,0.954924,1.051223,,,,1.000000,1.000000,1.000000
prior,short,dmd,31,17,negative-both,original,6,356.539,10.779,1.000000,1.000000,1.000000,,,,0.976481,0.944196,0.999418
prior,short,dmd,31,17,negative-both,selected64,6,416.901,7.143,0.853574,0.835266,0.871595,,,,0.826136,0.819324,0.856559
prior,short,dmd,31,17,negative-both,vector16store,6,344.165,11.400,1.024107,1.000582,1.059102,,,,1.000000,1.000000,1.000000
prior,short,dmd,31,17,negative-source,original,6,357.948,4.384,1.000000,1.000000,1.000000,,,,0.961505,0.949777,0.997083
prior,short,dmd,31,17,negative-source,selected64,6,417.505,5.928,0.857173,0.798901,0.862783,,,,0.821320,0.779661,0.831068
prior,short,dmd,31,17,negative-source,vector16store,6,343.360,0.586,1.040050,1.002926,1.052879,,,,1.000000,1.000000,1.000000
prior,short,dmd,31,17,padded,original,6,358.249,2.527,1.000000,1.000000,1.000000,,,,0.961881,0.956863,1.139001
prior,short,dmd,31,17,padded,selected64,6,417.404,0.482,0.858105,0.841469,0.862736,,,,0.825939,0.822992,0.958434
prior,short,dmd,31,17,padded,vector16store,6,344.970,16.273,1.039632,0.877963,1.045082,,,,1.000000,1.000000,1.000000
prior,short,dmd,31,17,repeated-source,original,6,355.734,13.971,1.000000,1.000000,1.000000,,,,0.977365,0.867819,0.984302
prior,short,dmd,31,17,repeated-source,selected64,6,420.825,1.913,0.848476,0.822180,0.930024,,,,0.813376,0.807092,0.838554
prior,short,dmd,31,17,repeated-source,vector16store,6,344.266,2.747,1.023165,1.015948,1.152314,,,,1.000000,1.000000,1.000000
prior,short,dmd,31,17,universal,original,6,4610.060,5.796,1.000000,1.000000,1.000000,,,,0.998163,0.969693,1.010420
prior,short,dmd,31,17,universal,selected64,6,4571.730,5.660,1.011902,0.983466,1.030417,,,,1.006439,0.982201,1.017007
prior,short,dmd,31,17,universal,vector16store,6,4574.245,5.037,1.001841,0.989687,1.031254,,,,1.000000,1.000000,1.000000
prior,short,dmd,256,128,contiguous,original,6,14275.000,5.079,1.000000,1.000000,1.000000,,,,0.430324,0.411176,0.431699
prior,short,dmd,256,128,contiguous,selected64,6,6162.500,0.406,2.314402,2.309091,2.432049,,,,0.996959,0.991919,1.000000
prior,short,dmd,256,128,contiguous,vector16store,6,6150.000,0.407,2.323829,2.316430,2.432049,,,,1.000000,1.000000,1.000000
prior,short,dmd,256,128,negative-both,original,6,14687.500,37.787,1.000000,1.000000,1.000000,,,,0.429544,0.312732,0.431489
prior,short,dmd,256,128,negative-both,selected64,6,6368.750,0.981,2.310720,2.292398,3.160156,,,,0.991188,0.982456,0.998031
prior,short,dmd,256,128,negative-both,vector16store,6,6318.750,0.593,2.328049,2.317554,3.197628,,,,1.000000,1.000000,1.000000
prior,short,dmd,256,128,negative-source,original,6,14650.000,6.911,1.000000,1.000000,1.000000,,,,0.428936,0.427474,0.462523
prior,short,dmd,256,128,negative-source,selected64,6,6281.250,1.393,2.326422,2.174950,2.339321,,,,0.999004,0.996047,1.005964
prior,short,dmd,256,128,negative-source,vector16store,6,6281.250,0.995,2.331355,2.162055,2.339321,,,,1.000000,1.000000,1.000000
prior,short,dmd,256,128,padded,original,6,14587.500,6.855,1.000000,1.000000,1.000000,,,,0.428326,0.425278,0.457379
prior,short,dmd,256,128,padded,selected64,6,6250.000,1.200,2.325762,2.182000,2.342000,,,,0.997018,0.995992,0.998000
prior,short,dmd,256,128,padded,vector16store,6,6231.250,1.204,2.334719,2.186373,2.351406,,,,1.000000,1.000000,1.000000
prior,short,dmd,256,128,repeated-source,original,6,14593.750,0.343,1.000000,1.000000,1.000000,,,,0.427288,0.425514,0.427592
prior,short,dmd,256,128,repeated-source,selected64,6,6243.750,0.601,2.336337,2.330677,2.340681,,,,0.997008,0.994000,1.000000
prior,short,dmd,256,128,repeated-source,vector16store,6,6237.500,0.601,2.340341,2.338677,2.350101,,,,1.000000,1.000000,1.000000
prior,short,dmd,256,128,universal,original,6,273493.750,2.057,1.000000,1.000000,1.000000,,,,1.009269,1.000322,1.024084
prior,short,dmd,256,128,universal,selected64,6,272837.500,3.358,1.000760,0.989049,1.004999,,,,1.009100,1.000549,1.021050
prior,short,dmd,256,128,universal,vector16store,6,275881.250,4.300,0.990860,0.976483,0.999679,,,,1.000000,1.000000,1.000000
prior,short,dmd,2048,512,contiguous,original,6,883787.500,9.174,1.000000,1.000000,1.000000,,,,0.228963,0.213827,0.259537
prior,short,dmd,2048,512,contiguous,selected64,6,198150.000,99.722,4.366158,2.293620,4.598261,,,,0.986146,0.595279,1.000322
prior,short,dmd,2048,512,contiguous,vector16store,6,196287.500,19.837,4.368289,3.853017,4.676678,,,,1.000000,1.000000,1.000000
prior,short,dmd,2048,512,negative-both,original,6,882706.250,5.918,1.000000,1.000000,1.000000,,,,0.233663,0.231949,0.261278
prior,short,dmd,2048,512,negative-both,selected64,6,207775.000,11.996,4.255514,4.028609,4.274410,,,,0.994559,0.976077,1.052586
prior,short,dmd,2048,512,negative-both,vector16store,6,205675.000,18.366,4.279671,3.827345,4.311299,,,,1.000000,1.000000,1.000000
prior,short,dmd,2048,512,negative-source,original,6,877075.000,4.720,1.000000,1.000000,1.000000,,,,0.235672,0.229571,0.372102
prior,short,dmd,2048,512,negative-source,selected64,6,204193.750,74.947,4.291028,2.491890,4.417797,,,,1.002298,0.927236,1.250214
prior,short,dmd,2048,512,negative-source,vector16store,6,205043.750,62.127,4.243608,2.687438,4.355954,,,,1.000000,1.000000,1.000000
prior,short,dmd,2048,512,padded,original,6,882125.000,7.339,1.000000,1.000000,1.000000,,,,0.223325,0.217096,0.229942
prior,short,dmd,2048,512,padded,selected64,6,196156.250,19.321,4.472609,3.919453,4.560249,,,,0.991208,0.876757,1.001030
prior,short,dmd,2048,512,padded,vector16store,6,194487.500,4.795,4.477799,4.348919,4.606259,,,,1.000000,1.000000,1.000000
prior,short,dmd,2048,512,repeated-source,original,6,871393.750,4.552,1.000000,1.000000,1.000000,,,,0.223718,0.218363,0.304586
prior,short,dmd,2048,512,repeated-source,selected64,6,195812.500,31.369,4.430586,3.513515,4.537930,,,,0.998240,0.767223,1.341270
prior,short,dmd,2048,512,repeated-source,vector16store,6,196606.250,36.361,4.470180,3.283144,4.579523,,,,1.000000,1.000000,1.000000
prior,short,dmd,2048,512,universal,original,6,8916037.500,3.372,1.000000,1.000000,1.000000,,,,1.002600,0.998315,1.013836
prior,short,dmd,2048,512,universal,selected64,6,8923662.500,4.350,0.997597,0.982801,1.009095,,,,1.002176,0.981145,1.021534
prior,short,dmd,2048,512,universal,vector16store,6,8942968.750,3.729,0.997407,0.986353,1.001688,,,,1.000000,1.000000,1.000000
prior,short,ldc2,31,17,contiguous,original,6,95.674,0.631,1.000000,1.000000,1.000000,,,,1.000007,0.997899,1.006316
prior,short,ldc2,31,17,contiguous,selected64,6,95.674,0.841,1.002103,0.993724,1.002110,,,,1.000000,0.997908,1.008439
prior,short,ldc2,31,17,contiguous,vector16store,6,95.875,0.630,0.999998,0.993724,1.002105,,,,1.000000,1.000000,1.000000
prior,short,ldc2,31,17,negative-both,original,6,265.392,1.820,1.000000,1.000000,1.000000,,,,1.001517,1.000000,1.006116
prior,short,ldc2,31,17,negative-both,selected64,6,265.895,1.438,0.998862,0.995458,1.003012,,,,1.001138,0.996972,1.005348
prior,short,ldc2,31,17,negative-both,vector16store,6,265.895,1.286,0.998485,0.993921,1.000000,,,,1.000000,1.000000,1.000000
prior,short,ldc2,31,17,negative-source,original,6,264.487,3.880,1.000000,1.000000,1.000000,,,,0.996989,0.973445,1.025000
prior,short,ldc2,31,17,negative-source,selected64,6,261.469,3.925,1.004934,0.970387,1.034537,,,,1.005397,0.993166,1.021012
prior,short,ldc2,31,17,negative-source,vector16store,6,263.581,3.130,1.003026,0.975610,1.027280,,,,1.000000,1.000000,1.000000
prior,short,ldc2,31,17,padded,original,6,129.577,0.466,1.000000,1.000000,1.000000,,,,0.998448,0.996894,1.003110
prior,short,ldc2,31,17,padded,selected64,6,129.376,0.311,1.000778,0.998447,1.004673,,,,1.000001,0.998445,1.003115
prior,short,ldc2,31,17,padded,vector16store,6,129.477,0.466,1.001554,0.996899,1.003115,,,,1.000000,1.000000,1.000000
prior,short,ldc2,31,17,repeated-source,original,6,128.974,4.212,1.000000,1.000000,1.000000,,,,1.000776,0.995495,1.003130
prior,short,ldc2,31,17,repeated-source,selected64,6,129.175,2.960,0.998441,0.995327,1.009091,,,,0.999226,0.998440,1.004545
prior,short,ldc2,31,17,repeated-source,vector16store,6,129.074,3.585,0.999225,0.996880,1.004525,,,,1.000000,1.000000,1.000000
prior,short,ldc2,31,17,universal,original,6,1223.441,3.355,1.000000,1.000000,1.000000,,,,1.000740,0.968885,1.028496
prior,short,ldc2,31,17,universal,selected64,6,1224.748,1.068,0.998193,0.994765,1.031096,,,,1.000168,0.996401,1.023607
prior,short,ldc2,31,17,universal,vector16store,6,1224.346,3.090,0.999261,0.972293,1.032115,,,,1.000000,1.000000,1.000000
prior,short,ldc2,256,128,contiguous,original,6,2868.750,0.871,1.000000,1.000000,1.000000,,,,1.000000,1.000000,1.004348
prior,short,ldc2,256,128,contiguous,selected64,6,2875.000,0.870,1.000000,0.995652,1.000000,,,,1.000000,0.995652,1.004348
prior,short,ldc2,256,128,contiguous,vector16store,6,2868.750,0.871,1.000000,0.995671,1.000000,,,,1.000000,1.000000,1.000000
prior,short,ldc2,256,128,negative-both,original,6,13281.250,3.482,1.000000,1.000000,1.000000,,,,1.007882,0.969557,1.034384
prior,short,ldc2,256,128,negative-both,selected64,6,13531.250,5.173,0.985594,0.949367,1.032381,,,,0.998178,0.946655,1.012963
prior,short,ldc2,256,128,negative-both,vector16store,6,13275.000,4.426,0.992292,0.966759,1.031399,,,,1.000000,1.000000,1.000000
prior,short,ldc2,256,128,negative-source,original,6,13118.750,2.477,1.000000,1.000000,1.000000,,,,0.997648,0.981939,1.014549
prior,short,ldc2,256,128,negative-source,selected64,6,12962.500,2.314,1.009619,0.974480,1.021256,,,,1.008691,0.988658,1.013487
prior,short,ldc2,256,128,negative-source,vector16store,6,13056.250,1.819,1.002408,0.985660,1.018393,,,,1.000000,1.000000,1.000000
prior,short,ldc2,256,128,padded,original,6,2962.500,0.422,1.000000,1.000000,1.000000,,,,1.000000,1.000000,1.004202
prior,short,ldc2,256,128,padded,selected64,6,2962.500,0.422,1.000000,0.995798,1.000000,,,,1.000000,0.995798,1.004202
prior,short,ldc2,256,128,padded,vector16store,6,2962.500,0.844,1.000000,0.995816,1.000000,,,,1.000000,1.000000,1.000000
prior,short,ldc2,256,128,repeated-source,original,6,2943.750,0.849,1.000000,1.000000,1.000000,,,,1.000000,0.995763,1.000000
prior,short,ldc2,256,128,repeated-source,selected64,6,2950.000,0.424,1.000000,0.995763,1.004255,,,,1.000000,0.995763,1.000000
prior,short,ldc2,256,128,repeated-source,vector16store,6,2937.500,0.426,1.000000,1.000000,1.004255,,,,1.000000,1.000000,1.000000
prior,short,ldc2,256,128,universal,original,6,74350.000,1.362,1.000000,1.000000,1.000000,,,,0.992661,0.974545,1.001669
prior,short,ldc2,256,128,universal,selected64,6,74756.250,2.040,0.997844,0.986742,1.009231,,,,0.985215,0.977842,0.998154
prior,short,ldc2,256,128,universal,vector16store,6,74118.750,3.693,1.007407,0.998333,1.026120,,,,1.000000,1.000000,1.000000
prior,short,ldc2,2048,512,contiguous,original,6,93956.250,0.958,1.000000,1.000000,1.000000,,,,1.000601,0.990965,1.018883
prior,short,ldc2,2048,512,contiguous,selected64,6,94293.750,3.911,0.992727,0.963020,1.000000,,,,0.993570,0.954319,1.018883
prior,short,ldc2,2048,512,contiguous,vector16store,6,93906.250,2.715,0.999399,0.981467,1.009118,,,,1.000000,1.000000,1.000000
prior,short,ldc2,2048,512,negative-both,original,6,435293.750,0.474,1.000000,1.000000,1.000000,,,,1.002834,0.996441,1.033119
prior,short,ldc2,2048,512,negative-both,selected64,6,436687.500,2.373,0.996434,0.975064,1.000946,,,,0.994542,0.978709,1.034095
prior,short,ldc2,2048,512,negative-both,vector16store,6,436956.250,4.005,0.997190,0.967943,1.003571,,,,1.000000,1.000000,1.000000
prior,short,ldc2,2048,512,negative-source,original,6,430306.250,1.856,1.000000,1.000000,1.000000,,,,1.005236,0.995183,1.016453
prior,short,ldc2,2048,512,negative-source,selected64,6,429775.000,4.235,0.999898,0.975473,1.004577,,,,1.001454,0.985457,1.017044
prior,short,ldc2,2048,512,negative-source,vector16store,6,430981.250,2.741,0.994793,0.983814,1.004841,,,,1.000000,1.000000,1.000000
prior,short,ldc2,2048,512,padded,original,6,95768.750,3.916,1.000000,1.000000,1.000000,,,,0.996348,0.994939,1.041356
prior,short,ldc2,2048,512,padded,selected64,6,95300.000,0.498,1.004193,0.997376,1.036731,,,,1.002628,0.999213,1.041492
prior,short,ldc2,2048,512,padded,vector16store,6,95500.000,4.424,1.003666,0.960287,1.005087,,,,1.000000,1.000000,1.000000
prior,short,ldc2,2048,512,repeated-source,original,6,94706.250,1.227,1.000000,1.000000,1.000000,,,,0.995054,0.985418,1.030988
prior,short,ldc2,2048,512,repeated-source,selected64,6,94543.750,1.838,0.999471,0.986357,1.017103,,,,0.998681,0.993678,1.016922
prior,short,ldc2,2048,512,repeated-source,vector16store,6,94250.000,3.355,1.004972,0.969943,1.014798,,,,1.000000,1.000000,1.000000
prior,short,ldc2,2048,512,universal,original,6,2420981.250,1.245,1.000000,1.000000,1.000000,,,,0.995307,0.988053,1.018211
prior,short,ldc2,2048,512,universal,selected64,6,2417231.250,1.907,1.002074,0.991803,1.009184,,,,0.999195,0.989690,1.009865
prior,short,ldc2,2048,512,universal,vector16store,6,2411700.000,3.363,1.004731,0.982115,1.012092,,,,1.000000,1.000000,1.000000
prior,long,dmd,31,17,contiguous,original,6,432.971,15.366,1.000000,1.000000,1.000000,,,,0.629603,0.581840,0.766901
prior,long,dmd,31,17,contiguous,selected64,6,468.176,6.644,0.929224,0.853287,0.985916,,,,0.584089,0.573645,0.654386
prior,long,dmd,31,17,contiguous,vector16store,6,271.899,17.770,1.590866,1.303949,1.718686,,,,1.000000,1.000000,1.000000
prior,long,dmd,31,17,negative-both,original,6,518.640,12.220,1.000000,1.000000,1.000000,,,,0.667334,0.662067,0.737806
prior,long,dmd,31,17,negative-both,selected64,6,531.775,9.995,0.935882,0.885667,1.010755,,,,0.651264,0.622113,0.669187
prior,long,dmd,31,17,negative-both,vector16store,6,346.887,3.406,1.498517,1.355369,1.510422,,,,1.000000,1.000000,1.000000
prior,long,dmd,31,17,negative-source,original,6,488.647,10.347,1.000000,1.000000,1.000000,,,,0.725344,0.685550,0.778556
prior,long,dmd,31,17,negative-source,selected64,6,544.543,8.989,0.895646,0.868058,0.947990,,,,0.649073,0.623067,0.709382
prior,long,dmd,31,17,negative-source,vector16store,6,348.120,17.519,1.378659,1.284430,1.458683,,,,1.000000,1.000000,1.000000
prior,long,dmd,31,17,padded,original,6,496.277,17.543,1.000000,1.000000,1.000000,,,,0.704410,0.647602,0.781000
prior,long,dmd,31,17,padded,selected64,6,522.095,13.004,0.952313,0.916466,0.995862,,,,0.670825,0.644923,0.715760
prior,long,dmd,31,17,padded,vector16store,6,350.745,12.787,1.419680,1.280409,1.544157,,,,1.000000,1.000000,1.000000
prior,long,dmd,31,17,repeated-source,original,6,513.171,7.688,1.000000,1.000000,1.000000,,,,0.670892,0.648331,0.792515
prior,long,dmd,31,17,repeated-source,selected64,6,533.179,8.306,0.952804,0.886758,1.041317,,,,0.651008,0.624377,0.754424
prior,long,dmd,31,17,repeated-source,vector16store,6,345.300,14.134,1.490664,1.261806,1.542421,,,,1.000000,1.000000,1.000000
prior,long,dmd,31,17,universal,original,6,4656.262,3.077,1.000000,1.000000,1.000000,,,,0.991359,0.984988,1.011850
prior,long,dmd,31,17,universal,selected64,6,4598.816,7.305,1.009601,0.968111,1.013890,,,,0.998797,0.979583,1.015901
prior,long,dmd,31,17,universal,vector16store,6,4637.561,5.242,1.008718,0.988289,1.015240,,,,1.000000,1.000000,1.000000
prior,long,dmd,256,128,contiguous,original,6,26672.266,4.626,1.000000,1.000000,1.000000,,,,0.235033,0.231799,0.241780
prior,long,dmd,256,128,contiguous,selected64,6,6309.766,4.847,4.153982,4.108471,4.241681,,,,0.989124,0.954545,0.996633
prior,long,dmd,256,128,contiguous,vector16store,6,6243.555,1.270,4.254764,4.135996,4.314074,,,,1.000000,1.000000,1.000000
prior,long,dmd,256,128,negative-both,original,6,26808.203,8.660,1.000000,1.000000,1.000000,,,,0.248036,0.244334,0.297313
prior,long,dmd,256,128,negative-both,selected64,6,6596.094,16.238,4.058755,3.714109,4.113502,,,,1.004325,0.927523,1.198841
prior,long,dmd,256,128,negative-both,vector16store,6,6596.875,22.335,4.031865,3.363459,4.092764,,,,1.000000,1.000000,1.000000
prior,long,dmd,256,128,negative-source,original,6,26341.602,24.525,1.000000,1.000000,1.000000,,,,0.245609,0.227176,0.294205
prior,long,dmd,256,128,negative-source,selected64,6,6422.656,19.846,4.114490,4.040228,4.211650,,,,1.003020,0.954551,1.239090
prior,long,dmd,256,128,negative-source,vector16store,6,6428.516,48.569,4.071559,3.398986,4.401882,,,,1.000000,1.000000,1.000000
prior,long,dmd,256,128,padded,original,6,26168.164,5.108,1.000000,1.000000,1.000000,,,,0.242333,0.233835,0.247747
prior,long,dmd,256,128,padded,selected64,6,6375.391,7.671,4.082531,3.958116,4.257668,,,,0.996562,0.951756,1.011651
prior,long,dmd,256,128,padded,vector16store,6,6351.758,2.767,4.126564,4.036370,4.276517,,,,1.000000,1.000000,1.000000
prior,long,dmd,256,128,repeated-source,original,6,27100.195,6.348,1.000000,1.000000,1.000000,,,,0.243191,0.233425,0.325874
prior,long,dmd,256,128,repeated-source,selected64,6,6427.539,29.202,4.154663,3.331856,4.349055,,,,0.995468,0.839194,1.417246
prior,long,dmd,256,128,repeated-source,vector16store,6,6422.070,43.186,4.112253,3.068667,4.284040,,,,1.000000,1.000000,1.000000
prior,long,dmd,256,128,universal,original,6,281557.227,4.119,1.000000,1.000000,1.000000,,,,1.001243,0.983633,1.040801
prior,long,dmd,256,128,universal,selected64,6,280689.844,7.338,1.007108,0.976843,1.012426,,,,0.998343,0.989315,1.049203
prior,long,dmd,256,128,universal,vector16store,6,281627.344,4.699,0.998759,0.960798,1.016639,,,,1.000000,1.000000,1.000000
prior,long,dmd,2048,512,contiguous,original,6,864787.500,4.475,1.000000,1.000000,1.000000,,,,0.227233,0.214748,0.266909
prior,long,dmd,2048,512,contiguous,selected64,6,196087.500,18.544,4.401861,3.836995,4.586805,,,,1.000383,0.984007,1.024127
prior,long,dmd,2048,512,contiguous,vector16store,6,195687.500,22.587,4.400772,3.746601,4.656627,,,,1.000000,1.000000,1.000000
prior,long,dmd,2048,512,negative-both,original,6,870200.000,6.095,1.000000,1.000000,1.000000,,,,0.237706,0.234797,0.309936
prior,long,dmd,2048,512,negative-both,selected64,6,208125.000,20.402,4.156753,3.632576,4.301957,,,,0.993473,0.978069,1.125867
prior,long,dmd,2048,512,negative-both,vector16store,6,205287.500,36.260,4.206889,3.226469,4.258998,,,,1.000000,1.000000,1.000000
prior,long,dmd,2048,512,negative-source,original,6,887581.250,8.499,1.000000,1.000000,1.000000,,,,0.240405,0.220707,0.355728
prior,long,dmd,2048,512,negative-source,selected64,6,203781.250,94.133,4.291008,2.381607,4.384220,,,,0.997671,0.576155,1.145728
prior,long,dmd,2048,512,negative-source,vector16store,6,210768.750,62.094,4.161049,2.811136,4.530903,,,,1.000000,1.000000,1.000000
prior,long,dmd,2048,512,padded,original,6,868193.750,5.041,1.000000,1.000000,1.000000,,,,0.228317,0.224042,0.313796
prior,long,dmd,2048,512,padded,selected64,6,195625.000,3.942,4.409607,4.264540,4.506587,,,,1.003747,0.971172,1.386905
prior,long,dmd,2048,512,padded,vector16store,6,195831.250,41.120,4.380150,3.186785,4.463441,,,,1.000000,1.000000,1.000000
prior,long,dmd,2048,512,repeated-source,original,6,875993.750,3.998,1.000000,1.000000,1.000000,,,,0.224487,0.220150,0.229136
prior,long,dmd,2048,512,repeated-source,selected64,6,196325.000,14.810,4.476507,3.893707,4.505457,,,,0.992792,0.878323,1.010176
prior,long,dmd,2048,512,repeated-source,vector16store,6,196050.000,1.906,4.454656,4.364218,4.542349,,,,1.000000,1.000000,1.000000
prior,long,dmd,2048,512,universal,original,6,9002925.000,4.741,1.000000,1.000000,1.000000,,,,1.000670,0.988368,1.012883
prior,long,dmd,2048,512,universal,selected64,6,8940381.250,3.253,1.005915,0.992701,1.015297,,,,1.004489,1.000034,1.018200
prior,long,dmd,2048,512,universal,vector16store,6,9048750.000,3.406,0.999333,0.987281,1.011768,,,,1.000000,1.000000,1.000000
prior,long,ldc2,31,17,contiguous,original,6,98.755,7.565,1.000000,1.000000,1.000000,,,,0.988991,0.934582,1.086291
prior,long,ldc2,31,17,contiguous,selected64,6,95.715,10.432,1.014421,0.907468,1.042788,,,,1.008158,0.937025,1.087957
prior,long,ldc2,31,17,contiguous,vector16store,6,97.791,7.939,1.011152,0.920564,1.069997,,,,1.000000,1.000000,1.000000
prior,long,ldc2,31,17,negative-both,original,6,270.459,9.442,1.000000,1.000000,1.000000,,,,0.991800,0.982984,0.999549
prior,long,ldc2,31,17,negative-both,selected64,6,268.896,7.845,1.007536,0.967485,1.021697,,,,0.997959,0.966611,1.007658
prior,long,ldc2,31,17,negative-both,vector16store,6,268.420,8.541,1.008296,1.000451,1.017311,,,,1.000000,1.000000,1.000000
prior,long,ldc2,31,17,negative-source,original,6,274.792,7.490,1.000000,1.000000,1.000000,,,,0.991695,0.977081,1.002664
prior,long,ldc2,31,17,negative-source,selected64,6,270.825,19.355,1.008467,0.906575,1.018564,,,,1.003668,0.885797,1.013643
prior,long,ldc2,31,17,negative-source,vector16store,6,272.827,5.405,1.008412,0.997343,1.023457,,,,1.000000,1.000000,1.000000
prior,long,ldc2,31,17,padded,original,6,133.130,23.638,1.000000,1.000000,1.000000,,,,1.013988,0.970753,1.031766
prior,long,ldc2,31,17,padded,selected64,6,132.800,12.336,1.002162,0.976821,1.103512,,,,1.005095,0.998160,1.071237
prior,long,ldc2,31,17,padded,vector16store,6,134.692,17.763,0.986264,0.969212,1.030128,,,,1.000000,1.000000,1.000000
prior,long,ldc2,31,17,repeated-source,original,6,133.740,5.933,1.000000,1.000000,1.000000,,,,0.987419,0.954865,1.026744
prior,long,ldc2,31,17,repeated-source,selected64,6,135.425,19.109,0.995254,0.869716,1.022710,,,,0.977179,0.892975,0.999623
prior,long,ldc2,31,17,repeated-source,vector16store,6,130.737,7.376,1.012840,0.973953,1.047268,,,,1.000000,1.000000,1.000000
prior,long,ldc2,31,17,universal,original,6,1281.274,18.306,1.000000,1.000000,1.000000,,,,1.001515,0.986685,1.022736
prior,long,ldc2,31,17,universal,selected64,6,1273.669,18.210,0.994330,0.940096,1.021154,,,,0.995551,0.961470,1.022399
prior,long,ldc2,31,17,universal,vector16store,6,1284.082,16.792,0.998487,0.977769,1.013494,,,,1.000000,1.000000,1.000000
prior,long,ldc2,256,128,contiguous,original,6,2997.461,16.746,1.000000,1.000000,1.000000,,,,1.005613,0.853725,1.033463
prior,long,ldc2,256,128,contiguous,selected64,6,2944.922,9.378,1.006585,0.946442,1.113677,,,,0.997268,0.950774,1.026959
prior,long,ldc2,256,128,contiguous,vector16store,6,2971.875,7.177,0.994537,0.967621,1.171337,,,,1.000000,1.000000,1.000000
prior,long,ldc2,256,128,negative-both,original,6,14153.125,7.687,1.000000,1.000000,1.000000,,,,0.987433,0.977334,1.025074
prior,long,ldc2,256,128,negative-both,selected64,6,14024.219,6.534,1.016550,0.994009,1.017902,,,,0.994726,0.990454,1.042928
prior,long,ldc2,256,128,negative-both,vector16store,6,14211.523,6.303,1.012810,0.975540,1.023192,,,,1.000000,1.000000,1.000000
prior,long,ldc2,256,128,negative-source,original,6,13963.867,4.465,1.000000,1.000000,1.000000,,,,0.983254,0.972207,0.995195
prior,long,ldc2,256,128,negative-source,selected64,6,13849.023,5.602,1.018197,0.982158,1.032050,,,,0.995272,0.977439,1.020122
prior,long,ldc2,256,128,negative-source,vector16store,6,13718.945,4.678,1.017060,1.004828,1.028588,,,,1.000000,1.000000,1.000000
prior,long,ldc2,256,128,padded,original,6,3030.469,77.881,1.000000,1.000000,1.000000,,,,1.002826,0.563031,1.013423
prior,long,ldc2,256,128,padded,selected64,6,3081.055,21.084,0.992012,0.976971,1.470249,,,,0.995802,0.827796,1.009333
prior,long,ldc2,256,128,padded,vector16store,6,3040.625,3.893,0.997194,0.986755,1.776100,,,,1.000000,1.000000,1.000000
prior,long,ldc2,256,128,repeated-source,original,6,3000.000,2.279,1.000000,1.000000,1.000000,,,,1.003477,0.995318,1.031510
prior,long,ldc2,256,128,repeated-source,selected64,6,3003.125,1.639,1.002414,0.984168,1.012581,,,,1.004955,0.983267,1.044488
prior,long,ldc2,256,128,repeated-source,vector16store,6,3013.086,5.367,0.996539,0.969452,1.004704,,,,1.000000,1.000000,1.000000
prior,long,ldc2,256,128,universal,original,6,76700.195,5.092,1.000000,1.000000,1.000000,,,,1.006577,0.987608,1.017767
prior,long,ldc2,256,128,universal,selected64,6,77083.203,5.513,1.000862,0.990644,1.008695,,,,1.006978,0.996195,1.017918
prior,long,ldc2,256,128,universal,vector16store,6,77519.922,6.786,0.993468,0.982543,1.012547,,,,1.000000,1.000000,1.000000
prior,long,ldc2,2048,512,contiguous,original,6,93850.000,21.404,1.000000,1.000000,1.000000,,,,1.006813,0.965859,1.228958
prior,long,ldc2,2048,512,contiguous,selected64,6,95306.250,5.469,0.985621,0.980405,1.144297,,,,1.003750,0.975702,1.205408
prior,long,ldc2,2048,512,contiguous,vector16store,6,95300.000,22.495,0.993288,0.813698,1.035348,,,,1.000000,1.000000,1.000000
prior,long,ldc2,2048,512,negative-both,original,6,444356.250,2.906,1.000000,1.000000,1.000000,,,,1.012617,0.983403,1.054738
prior,long,ldc2,2048,512,negative-both,selected64,6,445043.750,4.025,0.995491,0.978316,1.015010,,,,1.013211,0.989973,1.043448
prior,long,ldc2,2048,512,negative-both,vector16store,6,447068.750,7.949,0.987609,0.948103,1.016877,,,,1.000000,1.000000,1.000000
prior,long,ldc2,2048,512,negative-source,original,6,439531.250,3.578,1.000000,1.000000,1.000000,,,,1.014757,0.965632,1.023985
prior,long,ldc2,2048,512,negative-source,selected64,6,441706.250,2.969,0.998863,0.989146,1.021551,,,,1.014364,0.986442,1.021383
prior,long,ldc2,2048,512,negative-source,vector16store,6,444362.500,3.601,0.985478,0.976577,1.035592,,,,1.000000,1.000000,1.000000
prior,long,ldc2,2048,512,padded,original,6,95593.750,3.374,1.000000,1.000000,1.000000,,,,1.002366,0.997393,1.061204
prior,long,ldc2,2048,512,padded,selected64,6,95618.750,3.098,0.999476,0.996676,1.024909,,,,1.002372,0.997117,1.087637
prior,long,ldc2,2048,512,padded,vector16store,6,95512.500,9.567,0.997639,0.942326,1.002614,,,,1.000000,1.000000,1.000000
prior,long,ldc2,2048,512,repeated-source,original,6,95150.000,3.297,1.000000,1.000000,1.000000,,,,0.998090,0.969834,1.010828
prior,long,ldc2,2048,512,repeated-source,selected64,6,95900.000,8.511,0.992259,0.920054,1.033400,,,,0.986412,0.917605,1.032202
prior,long,ldc2,2048,512,repeated-source,vector16store,6,94487.500,3.466,1.001914,0.989288,1.031105,,,,1.000000,1.000000,1.000000
prior,long,ldc2,2048,512,universal,original,6,2476743.750,6.960,1.000000,1.000000,1.000000,,,,0.992520,0.957079,1.004508
prior,long,ldc2,2048,512,universal,selected64,6,2498156.250,7.032,0.991519,0.960094,1.016630,,,,0.978850,0.954167,1.012868
prior,long,ldc2,2048,512,universal,vector16store,6,2458193.750,2.654,1.007551,0.995512,1.044846,,,,1.000000,1.000000,1.000000
sweep,short,dmd,1,1,contiguous,original,6,51.807,6.645,1.000000,1.000000,1.000000,14.736111,14.652778,15.631944,1.064858,0.996890,1.086247
sweep,short,dmd,1,1,contiguous,selected64,6,52.441,1.117,0.987863,0.980111,1.052853,14.916667,14.847222,15.013889,1.049616,1.042091,1.082714
sweep,short,dmd,1,1,contiguous,vector16store,6,55.115,3.854,0.939095,0.920601,1.003119,15.677083,15.576389,16.180556,1.000000,1.000000,1.000000
sweep,short,dmd,1,1,contiguous,cpp-approved-execution,6,3.516,0.000,14.736111,14.652778,15.631944,1.000000,1.000000,1.000000,15.677083,15.576389,16.180556
sweep,short,dmd,1,1,negative-both,original,6,51.978,2.630,1.000000,1.000000,1.000000,11.291807,11.248677,11.547872,1.067926,1.044680,1.113977
sweep,short,dmd,1,1,negative-both,selected64,6,52.344,1.493,0.990463,0.981978,1.017815,11.373016,11.340426,11.510638,1.061664,1.048059,1.103112
sweep,short,dmd,1,1,negative-both,vector16store,6,55.371,5.071,0.936395,0.897684,0.957231,12.063830,12.021277,12.566138,1.000000,1.000000,1.000000
sweep,short,dmd,1,1,negative-both,cpp-approved-execution,6,4.590,0.532,11.291807,11.248677,11.547872,1.000000,1.000000,1.000000,12.063830,12.021277,12.566138
sweep,short,dmd,1,1,negative-source,original,6,51.685,1.039,1.000000,1.000000,1.000000,11.246623,11.153439,11.297872,1.057874,1.050235,1.118596
sweep,short,dmd,1,1,negative-source,selected64,6,52.600,1.253,0.980570,0.974134,0.991134,11.460106,11.386243,11.515957,1.039220,1.030876,1.095725
sweep,short,dmd,1,1,negative-source,vector16store,6,54.663,5.404,0.945299,0.893978,0.952168,11.909574,11.835979,12.476190,1.000000,1.000000,1.000000
sweep,short,dmd,1,1,negative-source,cpp-approved-execution,6,4.590,0.532,11.246623,11.153439,11.297872,1.000000,1.000000,1.000000,11.909574,11.835979,12.476190
sweep,short,dmd,1,1,padded,original,6,51.721,0.566,1.000000,1.000000,1.000000,11.238728,11.174603,11.297872,1.062485,1.052260,1.086158
sweep,short,dmd,1,1,padded,selected64,6,52.771,0.972,0.979200,0.973733,0.988367,11.444444,11.417989,11.542553,1.039935,1.034562,1.067561
sweep,short,dmd,1,1,padded,vector16store,6,54.797,3.208,0.941190,0.920676,0.950336,11.920213,11.873016,12.206349,1.000000,1.000000,1.000000
sweep,short,dmd,1,1,padded,cpp-approved-execution,6,4.602,0.531,11.238728,11.174603,11.297872,1.000000,1.000000,1.000000,11.920213,11.873016,12.206349
sweep,short,dmd,1,1,repeated-source,original,6,52.051,1.360,1.000000,1.000000,1.000000,11.294467,11.147368,11.420213,1.072226,1.056542,1.081614
sweep,short,dmd,1,1,repeated-source,selected64,6,52.771,4.441,0.990693,0.950513,0.992144,11.453745,11.380952,11.867725,1.050869,1.028087,1.066481
sweep,short,dmd,1,1,repeated-source,vector16store,6,55.823,1.968,0.932650,0.924545,0.946484,12.090060,11.962963,12.202128,1.000000,1.000000,1.000000
sweep,short,dmd,1,1,repeated-source,cpp-approved-execution,6,4.614,1.058,11.294467,11.147368,11.420213,1.000000,1.000000,1.000000,12.090060,11.962963,12.202128
sweep,short,dmd,1,1,universal,original,6,124.048,1.634,1.000000,1.000000,1.000000,38.203008,37.593985,38.218045,1.001482,0.973441,1.006600
sweep,short,dmd,1,1,universal,selected64,6,123.938,2.246,1.000691,0.984058,1.021722,38.169173,37.383459,38.240602,0.998919,0.975552,1.021804
sweep,short,dmd,1,1,universal,vector16store,6,123.450,3.164,0.998524,0.993443,1.027284,38.018797,37.203008,38.406015,1.000000,1.000000,1.000000
sweep,short,dmd,1,1,universal,cpp-approved-execution,6,3.247,0.000,38.203008,37.593985,38.218045,1.000000,1.000000,1.000000,38.018797,37.203008,38.406015
sweep,short,dmd,1,17,contiguous,original,6,67.554,4.481,1.000000,1.000000,1.000000,13.835000,13.745000,14.365000,2.191892,2.107901,2.233176
sweep,short,dmd,1,17,contiguous,selected64,6,72.180,4.059,0.947495,0.923154,0.954485,14.782500,14.465000,15.065000,2.068897,1.966401,2.115438
sweep,short,dmd,1,17,contiguous,vector16store,6,148.425,5.346,0.456279,0.447793,0.474406,30.397500,29.555000,31.180000,1.000000,1.000000,1.000000
sweep,short,dmd,1,17,contiguous,cpp-approved-execution,6,4.883,0.000,13.835000,13.745000,14.365000,1.000000,1.000000,1.000000,30.397500,29.555000,31.180000
sweep,short,dmd,1,17,negative-both,original,6,146.851,1.696,1.000000,1.000000,1.000000,4.185812,3.924837,4.232006,1.386301,1.375687,1.440000
sweep,short,dmd,1,17,negative-both,selected64,6,150.427,1.948,0.973735,0.965775,0.997858,4.281530,4.045098,4.321454,1.354501,1.334788,1.422295
sweep,short,dmd,1,17,negative-both,vector16store,6,203.064,5.098,0.721345,0.694444,0.726910,5.814388,5.399346,6.058659,1.000000,1.000000,1.000000
sweep,short,dmd,1,17,negative-both,cpp-approved-execution,6,34.937,6.988,4.185812,3.924837,4.232006,1.000000,1.000000,1.000000,5.814388,5.399346,6.058659
sweep,short,dmd,1,17,negative-source,original,6,148.230,0.856,1.000000,1.000000,1.000000,4.240327,4.235500,4.266946,1.407661,1.396108,1.434417
sweep,short,dmd,1,17,negative-source,selected64,6,150.427,1.266,0.985150,0.978696,0.998530,4.307235,4.248439,4.329839,1.401047,1.366365,1.410677
sweep,short,dmd,1,17,negative-source,vector16store,6,209.961,2.651,0.710401,0.697147,0.716277,5.988880,5.916143,6.075472,1.000000,1.000000,1.000000
sweep,short,dmd,1,17,negative-source,cpp-approved-execution,6,34.937,0.769,4.240327,4.235500,4.266946,1.000000,1.000000,1.000000,5.988880,5.916143,6.075472
sweep,short,dmd,1,17,padded,original,6,143.652,4.521,1.000000,1.000000,1.000000,4.111810,4.027952,4.213836,1.534706,1.509392,1.587092
sweep,short,dmd,1,17,padded,selected64,6,147.607,2.646,0.979058,0.951941,0.998479,4.225017,4.135570,4.247379,1.506981,1.497897,1.538500
sweep,short,dmd,1,17,padded,vector16store,6,222.009,4.938,0.651693,0.630083,0.662518,6.354647,6.220825,6.534591,1.000000,1.000000,1.000000
sweep,short,dmd,1,17,padded,cpp-approved-execution,6,34.937,0.000,4.111810,4.027952,4.213836,1.000000,1.000000,1.000000,6.354647,6.220825,6.534591
sweep,short,dmd,1,17,repeated-source,original,6,145.410,12.105,1.000000,1.000000,1.000000,4.141160,3.837460,4.634521,1.517121,1.359922,1.553713
sweep,short,dmd,1,17,repeated-source,selected64,6,147.937,3.416,0.987900,0.957557,1.090969,4.234451,3.787937,4.313767,1.492857,1.459420,1.530171
sweep,short,dmd,1,17,repeated-source,vector16store,6,220.605,2.612,0.659156,0.643619,0.735337,6.299092,5.796190,6.417890,1.000000,1.000000,1.000000
sweep,short,dmd,1,17,repeated-source,cpp-approved-execution,6,34.937,10.133,4.141160,3.837460,4.634521,1.000000,1.000000,1.000000,6.299092,5.796190,6.417890
sweep,short,dmd,1,17,universal,original,6,265.198,2.348,1.000000,1.000000,1.000000,13.569795,13.483104,13.802253,1.012437,1.003958,1.041531
sweep,short,dmd,1,17,universal,selected64,6,266.980,1.765,0.990305,0.978829,1.011094,13.698803,13.650814,13.805970,1.001690,0.982703,1.053085
sweep,short,dmd,1,17,universal,vector16store,6,267.505,5.485,0.987720,0.960125,0.996058,13.713392,13.567164,14.375469,1.000000,1.000000,1.000000
sweep,short,dmd,1,17,universal,cpp-approved-execution,6,19.507,0.751,13.569795,13.483104,13.802253,1.000000,1.000000,1.000000,13.713392,13.567164,14.375469
sweep,short,dmd,1,128,contiguous,original,6,176.880,42.429,1.000000,1.000000,1.000000,14.470000,12.553659,14.780000,4.161543,2.855255,4.245711
sweep,short,dmd,1,128,contiguous,selected64,6,192.773,51.089,0.917217,0.879378,0.944734,15.752000,14.275610,15.884000,3.828570,2.510849,3.972106
sweep,short,dmd,1,128,contiguous,vector16store,6,739.453,4.279,0.240297,0.235532,0.350231,60.576000,35.843902,61.376000,1.000000,1.000000,1.000000
sweep,short,dmd,1,128,contiguous,cpp-approved-execution,6,12.207,64.000,14.470000,12.553659,14.780000,1.000000,1.000000,1.000000,60.576000,35.843902,61.376000
sweep,short,dmd,1,128,negative-both,original,6,266.992,3.438,1.000000,1.000000,1.000000,1.038374,1.019940,1.068462,2.776522,2.665247,2.870914
sweep,short,dmd,1,128,negative-both,selected64,6,275.293,14.810,0.971574,0.846738,0.999291,1.071870,1.046962,1.226573,2.676285,2.338602,2.732707
sweep,short,dmd,1,128,negative-both,vector16store,6,741.455,4.076,0.360173,0.348321,0.375200,2.883065,2.815505,2.963981,1.000000,1.000000,1.000000
sweep,short,dmd,1,128,negative-both,cpp-approved-execution,6,257.324,2.258,1.038374,1.019940,1.068462,1.000000,1.000000,1.000000,2.883065,2.815505,2.963981
sweep,short,dmd,1,128,negative-source,original,6,267.725,2.006,1.000000,1.000000,1.000000,1.042692,1.035111,1.051995,2.830999,2.755232,3.016502
sweep,short,dmd,1,128,negative-source,selected64,6,274.023,13.542,0.972908,0.864861,0.981776,1.066720,1.063058,1.206117,2.720579,2.432982,2.931575
sweep,short,dmd,1,128,negative-source,vector16store,6,764.111,8.384,0.353246,0.331510,0.362946,2.965718,2.875594,3.122414,1.000000,1.000000,1.000000
sweep,short,dmd,1,128,negative-source,cpp-approved-execution,6,257.178,0.684,1.042692,1.035111,1.051995,1.000000,1.000000,1.000000,2.965718,2.875594,3.122414
sweep,short,dmd,1,128,padded,original,6,262.280,38.928,1.000000,1.000000,1.000000,1.017883,0.927791,1.032806,2.900137,2.061180,2.927129
sweep,short,dmd,1,128,padded,selected64,6,271.362,17.364,0.963441,0.947009,1.136615,1.056506,0.816275,1.090597,2.790059,2.342769,2.821680
sweep,short,dmd,1,128,padded,vector16store,6,758.716,2.645,0.344813,0.341632,0.485159,2.964512,1.912345,2.975424,1.000000,1.000000,1.000000
sweep,short,dmd,1,128,padded,cpp-approved-execution,6,256.396,51.857,1.017883,0.927791,1.032806,1.000000,1.000000,1.000000,2.964512,1.912345,2.975424
sweep,short,dmd,1,128,repeated-source,original,6,264.404,5.706,1.000000,1.000000,1.000000,1.017428,0.985523,1.054138,2.973649,2.867065,3.333023
sweep,short,dmd,1,128,repeated-source,selected64,6,280.200,15.666,0.940590,0.878844,0.970420,1.073398,1.054059,1.178329,2.854978,2.519703,3.116307
sweep,short,dmd,1,128,repeated-source,vector16store,6,794.141,12.402,0.336300,0.300028,0.348789,3.064527,2.896607,3.284772,1.000000,1.000000,1.000000
sweep,short,dmd,1,128,repeated-source,cpp-approved-execution,6,260.742,9.251,1.017428,0.985523,1.054138,1.000000,1.000000,1.000000,3.064527,2.896607,3.284772
sweep,short,dmd,1,128,universal,original,6,1235.767,4.979,1.000000,1.000000,1.000000,8.743414,8.470487,9.014326,1.027370,0.981209,1.047211
sweep,short,dmd,1,128,universal,selected64,6,1221.118,9.797,1.008672,0.945701,1.025479,8.682425,8.326087,9.410820,1.015541,0.984645,1.073893
sweep,short,dmd,1,128,universal,vector16store,6,1240.088,9.332,0.973406,0.954917,1.019150,8.817187,8.371943,9.439902,1.000000,1.000000,1.000000
sweep,short,dmd,1,128,universal,cpp-approved-execution,6,139.868,2.863,8.743414,8.470487,9.014326,1.000000,1.000000,1.000000,8.817187,8.371943,9.439902
sweep,short,dmd,7,1,contiguous,original,6,56.567,12.387,1.000000,1.000000,1.000000,10.370763,9.950820,11.635135,1.024933,0.926055,1.077322
sweep,short,dmd,7,1,contiguous,selected64,6,56.909,17.160,0.989712,0.949283,1.041613,10.484234,9.553279,12.256757,1.017201,0.879089,1.064902
sweep,short,dmd,7,1,contiguous,vector16store,6,57.825,5.658,0.975681,0.928228,1.079849,10.664414,9.700820,11.183857,1.000000,1.000000,1.000000
sweep,short,dmd,7,1,contiguous,cpp-approved-execution,6,5.420,9.910,10.370763,9.950820,11.635135,1.000000,1.000000,1.000000,10.664414,9.700820,11.183857
sweep,short,dmd,7,1,negative-both,original,6,57.825,5.911,1.000000,1.000000,1.000000,9.698165,7.966997,10.205021,1.021359,0.962887,1.051781
sweep,short,dmd,7,1,negative-both,selected64,6,57.080,7.271,0.993997,0.954189,1.047863,9.777794,8.247525,10.138075,1.012846,0.979777,1.019322
sweep,short,dmd,7,1,negative-both,vector16store,6,57.898,7.506,0.979107,0.950768,1.038543,9.918252,8.379538,9.974790,1.000000,1.000000,1.000000
sweep,short,dmd,7,1,negative-both,cpp-approved-execution,6,5.835,27.197,9.698165,7.966997,10.205021,1.000000,1.000000,1.000000,9.918252,8.379538,9.974790
sweep,short,dmd,7,1,negative-source,original,6,56.494,3.500,1.000000,1.000000,1.000000,9.693849,9.595833,10.000000,1.025407,1.013282,1.075685
sweep,short,dmd,7,1,negative-source,selected64,6,56.946,5.916,0.991163,0.969450,1.001723,9.784401,9.711297,10.315126,1.012235,0.994297,1.065030
sweep,short,dmd,7,1,negative-source,vector16store,6,57.690,4.951,0.975222,0.929640,0.986892,9.928571,9.837500,10.390756,1.000000,1.000000,1.000000
sweep,short,dmd,7,1,negative-source,cpp-approved-execution,6,5.811,0.840,9.693849,9.595833,10.000000,1.000000,1.000000,1.000000,9.928571,9.837500,10.390756
sweep,short,dmd,7,1,padded,original,6,56.360,5.501,1.000000,1.000000,1.000000,9.689076,9.652720,10.171548,1.024590,0.980666,1.042535
sweep,short,dmd,7,1,padded,selected64,6,57.007,5.610,0.995254,0.943581,1.002061,9.790382,9.707113,10.277311,1.017349,0.962796,1.037581
sweep,short,dmd,7,1,padded,vector16store,6,58.057,1.976,0.976001,0.959201,1.019715,9.949791,9.894958,10.092437,1.000000,1.000000,1.000000
sweep,short,dmd,7,1,padded,cpp-approved-execution,6,5.823,0.419,9.689076,9.652720,10.171548,1.000000,1.000000,1.000000,9.949791,9.894958,10.092437
sweep,short,dmd,7,1,repeated-source,original,6,57.812,6.841,1.000000,1.000000,1.000000,9.909383,9.623431,10.301255,1.023482,0.956539,1.032205
sweep,short,dmd,7,1,repeated-source,selected64,6,56.702,1.679,1.012461,0.989247,1.061207,9.735865,9.707113,9.866109,1.017659,1.011159,1.077586
sweep,short,dmd,7,1,repeated-source,vector16store,6,57.690,6.136,0.977059,0.968800,1.045435,9.907800,9.853556,10.460251,1.000000,1.000000,1.000000
sweep,short,dmd,7,1,repeated-source,cpp-approved-execution,6,5.835,0.418,9.909383,9.623431,10.301255,1.000000,1.000000,1.000000,9.907800,9.853556,10.460251
sweep,short,dmd,7,1,universal,original,6,179.028,10.091,1.000000,1.000000,1.000000,27.516016,27.285714,29.955056,1.006478,0.959387,1.008818
sweep,short,dmd,7,1,universal,selected64,6,179.541,16.753,0.993109,0.936644,1.037374,27.543071,27.469925,31.981273,0.996878,0.944139,1.003946
sweep,short,dmd,7,1,universal,vector16store,6,179.468,10.760,0.993564,0.991259,1.042332,27.581510,27.232210,30.194757,1.000000,1.000000,1.000000
sweep,short,dmd,7,1,universal,cpp-approved-execution,6,6.519,0.375,27.516016,27.285714,29.955056,1.000000,1.000000,1.000000,27.581510,27.232210,30.194757
sweep,short,dmd,7,17,contiguous,original,6,113.601,27.344,1.000000,1.000000,1.000000,8.343960,5.498906,10.578595,1.268435,1.184003,1.280355
sweep,short,dmd,7,17,contiguous,selected64,6,117.938,38.660,0.962560,0.883520,0.964742,8.657718,5.728665,11.973244,1.219396,1.046089,1.232143
sweep,short,dmd,7,17,contiguous,vector16store,6,144.255,18.700,0.788379,0.781033,0.844593,10.624161,6.956236,12.525084,1.000000,1.000000,1.000000
sweep,short,dmd,7,17,contiguous,cpp-approved-execution,6,13.556,53.266,8.343960,5.498906,10.578595,1.000000,1.000000,1.000000,10.624161,6.956236,12.525084
sweep,short,dmd,7,17,negative-both,original,6,200.999,12.088,1.000000,1.000000,1.000000,3.725874,3.520571,3.996619,1.105377,1.050550,1.176095
sweep,short,dmd,7,17,negative-both,selected64,6,206.767,10.169,0.967431,0.924103,1.101584,3.824451,3.586498,3.895041,1.088717,1.047102,1.164706
sweep,short,dmd,7,17,negative-both,vector16store,6,225.182,6.373,0.904851,0.850272,0.951882,4.176423,4.050378,4.247934,1.000000,1.000000,1.000000
sweep,short,dmd,7,17,negative-both,cpp-approved-execution,6,54.064,2.268,3.725874,3.520571,3.996619,1.000000,1.000000,1.000000,4.176423,4.050378,4.247934
sweep,short,dmd,7,17,negative-source,original,6,199.114,12.339,1.000000,1.000000,1.000000,3.684347,3.506297,3.980591,1.130286,1.071806,1.187979
sweep,short,dmd,7,17,negative-source,selected64,6,210.150,7.650,0.975185,0.880270,1.010930,3.895309,3.685978,3.983207,1.079880,1.045742,1.137358
sweep,short,dmd,7,17,negative-source,vector16store,6,226.544,4.771,0.886346,0.841766,0.933005,4.192017,4.085642,4.307173,1.000000,1.000000,1.000000
sweep,short,dmd,7,17,negative-source,cpp-approved-execution,6,54.042,0.504,3.684347,3.506297,3.980591,1.000000,1.000000,1.000000,4.192017,4.085642,4.307173
sweep,short,dmd,7,17,padded,original,6,194.096,9.242,1.000000,1.000000,1.000000,3.596038,3.510495,3.842149,1.154184,1.081075,1.176155
sweep,short,dmd,7,17,padded,selected64,6,191.621,17.467,0.994069,0.855258,1.084874,3.542821,3.517212,4.153457,1.156744,0.981324,1.172831
sweep,short,dmd,7,17,padded,vector16store,6,222.094,8.874,0.866443,0.850228,0.925005,4.116644,4.075567,4.397329,1.000000,1.000000,1.000000
sweep,short,dmd,7,17,padded,cpp-approved-execution,6,54.087,1.092,3.596038,3.510495,3.842149,1.000000,1.000000,1.000000,4.116644,4.075567,4.397329
sweep,short,dmd,7,17,repeated-source,original,6,191.644,14.431,1.000000,1.000000,1.000000,3.547038,3.439024,3.944584,1.154937,1.041294,1.207323
sweep,short,dmd,7,17,repeated-source,selected64,6,202.611,10.423,0.968478,0.907255,1.072563,3.755550,3.531539,3.916037,1.101988,1.048885,1.163372
sweep,short,dmd,7,17,repeated-source,vector16store,6,221.117,4.436,0.866195,0.828279,0.960343,4.101416,4.019409,4.180521,1.000000,1.000000,1.000000
sweep,short,dmd,7,17,repeated-source,cpp-approved-execution,6,53.996,0.505,3.547038,3.439024,3.944584,1.000000,1.000000,1.000000,4.101416,4.019409,4.180521
sweep,short,dmd,7,17,universal,original,6,1117.416,3.479,1.000000,1.000000,1.000000,14.925530,14.051091,15.145846,1.005362,0.998367,1.096741
sweep,short,dmd,7,17,universal,selected64,6,1127.589,10.765,0.993819,0.905485,1.002200,15.073218,14.078645,16.726769,0.998778,0.988005,1.007584
sweep,short,dmd,7,17,universal,vector16store,6,1127.793,10.067,0.994684,0.911792,1.001636,15.007898,14.185419,16.611077,1.000000,1.000000,1.000000
sweep,short,dmd,7,17,universal,cpp-approved-execution,6,75.545,7.033,14.925530,14.051091,15.145846,1.000000,1.000000,1.000000,15.007898,14.185419,16.611077
sweep,short,dmd,7,128,contiguous,original,6,538.185,0.445,1.000000,1.000000,1.000000,7.779703,7.772277,7.806931,1.397397,1.395423,1.399109
sweep,short,dmd,7,128,contiguous,selected64,6,574.315,0.596,0.937649,0.935080,0.937984,8.301980,8.292079,8.341584,1.308587,1.306825,1.312239
sweep,short,dmd,7,128,contiguous,vector16store,6,752.226,0.364,0.715617,0.714741,0.716629,10.873762,10.861386,10.900990,1.000000,1.000000,1.000000
sweep,short,dmd,7,128,contiguous,cpp-approved-execution,6,69.178,0.000,7.779703,7.772277,7.806931,1.000000,1.000000,1.000000,10.873762,10.861386,10.900990
sweep,short,dmd,7,128,negative-both,original,6,562.842,1.339,1.000000,1.000000,1.000000,1.460889,1.454303,1.479501,1.471772,1.461399,1.616555
sweep,short,dmd,7,128,negative-both,selected64,6,600.000,20.091,0.935218,0.794258,0.950688,1.555953,1.544889,1.862745,1.383613,1.185167,1.469027
sweep,short,dmd,7,128,negative-both,vector16store,6,828.425,10.252,0.679454,0.618599,0.684276,2.147488,2.140444,2.360889,1.000000,1.000000,1.000000
sweep,short,dmd,7,128,negative-both,cpp-approved-execution,6,385.274,0.444,1.460889,1.454303,1.479501,1.000000,1.000000,1.000000,2.147488,2.140444,2.360889
sweep,short,dmd,7,128,negative-source,original,6,561.815,0.671,1.000000,1.000000,1.000000,1.458222,1.447695,1.461333,1.475012,1.463742,1.481752
sweep,short,dmd,7,128,negative-source,selected64,6,596.575,31.745,0.939710,0.717591,0.944285,1.547111,1.544889,2.036444,1.379492,1.063291,1.395402
sweep,short,dmd,7,128,negative-source,vector16store,6,828.938,1.487,0.677962,0.674877,0.683181,2.151556,2.127660,2.165333,1.000000,1.000000,1.000000
sweep,short,dmd,7,128,negative-source,cpp-approved-execution,6,385.274,0.267,1.458222,1.447695,1.461333,1.000000,1.000000,1.000000,2.151556,2.127660,2.165333
sweep,short,dmd,7,128,padded,original,6,560.616,1.833,1.000000,1.000000,1.000000,1.455111,1.441489,1.472000,1.471289,1.452899,1.515990
sweep,short,dmd,7,128,padded,selected64,6,596.233,0.689,0.938666,0.932874,0.955017,1.545495,1.539415,1.552000,1.386540,1.378580,1.414228
sweep,short,dmd,7,128,padded,vector16store,6,824.829,2.450,0.679676,0.659635,0.688279,2.139111,2.135518,2.185284,1.000000,1.000000,1.000000
sweep,short,dmd,7,128,padded,cpp-approved-execution,6,385.274,0.356,1.455111,1.441489,1.472000,1.000000,1.000000,1.000000,2.139111,2.135518,2.185284
sweep,short,dmd,7,128,repeated-source,original,6,559.932,1.346,1.000000,1.000000,1.000000,1.448444,1.441778,1.457447,1.469490,1.461023,1.480025
sweep,short,dmd,7,128,repeated-source,selected64,6,597.603,1.662,0.935774,0.930153,0.943743,1.545496,1.536907,1.565333,1.379376,1.362862,1.385104
sweep,short,dmd,7,128,repeated-source,vector16store,6,822.774,0.416,0.680514,0.675664,0.684452,2.134486,2.108084,2.140444,1.000000,1.000000,1.000000
sweep,short,dmd,7,128,repeated-source,cpp-approved-execution,6,385.274,1.156,1.448444,1.441778,1.457447,1.000000,1.000000,1.000000,2.134486,2.108084,2.140444
sweep,short,dmd,7,128,universal,original,6,7648.801,3.282,1.000000,1.000000,1.000000,13.592985,12.543099,13.883212,1.002300,0.984741,1.032564
sweep,short,dmd,7,128,universal,selected64,6,7594.178,2.169,1.009270,0.993238,1.019065,13.478036,12.495211,13.623479,1.009732,0.997671,1.036521
sweep,short,dmd,7,128,universal,vector16store,6,7668.151,4.100,0.997710,0.968463,1.015495,13.553102,12.951549,13.777372,1.000000,1.000000,1.000000
sweep,short,dmd,7,128,universal,cpp-approved-execution,6,562.329,8.709,13.592985,12.543099,13.883212,1.000000,1.000000,1.000000,13.553102,12.951549,13.777372
sweep,short,dmd,15,1,contiguous,original,6,59.192,5.444,1.000000,1.000000,1.000000,8.740072,8.719424,9.202166,1.032478,0.978815,1.034653
sweep,short,dmd,15,1,contiguous,selected64,6,60.059,2.317,0.983748,0.968837,1.042110,8.866647,8.830325,9.036101,1.016461,1.001598,1.020033
sweep,short,dmd,15,1,contiguous,vector16store,6,60.950,0.561,0.968544,0.966507,1.021643,9.012635,9.003610,9.050542,1.000000,1.000000,1.000000
sweep,short,dmd,15,1,contiguous,cpp-approved-execution,6,6.763,0.361,8.740072,8.719424,9.202166,1.000000,1.000000,1.000000,9.012635,9.003610,9.050542
sweep,short,dmd,15,1,negative-both,original,6,59.143,0.908,1.000000,1.000000,1.000000,8.406250,8.378472,8.437500,1.038734,1.030140,1.072938
sweep,short,dmd,15,1,negative-both,selected64,6,59.888,1.305,0.988752,0.980949,0.992219,8.515529,8.475694,8.565972,1.023842,1.018783,1.060631
sweep,short,dmd,15,1,negative-both,vector16store,6,61.560,3.728,0.962721,0.932020,0.970741,8.725694,8.663194,8.989583,1.000000,1.000000,1.000000
sweep,short,dmd,15,1,negative-both,cpp-approved-execution,6,7.031,0.694,8.406250,8.378472,8.437500,1.000000,1.000000,1.000000,8.725694,8.663194,8.989583
sweep,short,dmd,15,1,negative-source,original,6,59.229,10.016,1.000000,1.000000,1.000000,8.423611,8.368056,9.179931,1.024583,0.965197,1.073767
sweep,short,dmd,15,1,negative-source,selected64,6,59.839,1.836,0.988320,0.981079,1.082415,8.495693,8.468750,8.625000,1.018608,0.999597,1.087719
sweep,short,dmd,15,1,negative-source,vector16store,6,60.962,7.329,0.976037,0.931301,1.036058,8.655145,8.621528,9.224913,1.000000,1.000000,1.000000
sweep,short,dmd,15,1,negative-source,cpp-approved-execution,6,7.031,0.347,8.423611,8.368056,9.179931,1.000000,1.000000,1.000000,8.655145,8.621528,9.224913
sweep,short,dmd,15,1,padded,original,6,58.997,2.731,1.000000,1.000000,1.000000,8.390625,8.350694,8.579861,1.039341,1.030353,1.091056
sweep,short,dmd,15,1,padded,selected64,6,59.802,3.470,0.985071,0.973801,0.996325,8.505208,8.468750,8.763889,1.029192,1.004837,1.068146
sweep,short,dmd,15,1,padded,vector16store,6,61.548,8.647,0.962173,0.916543,0.970541,8.753472,8.604167,9.361111,1.000000,1.000000,1.000000
sweep,short,dmd,15,1,padded,cpp-approved-execution,6,7.031,0.000,8.390625,8.350694,8.579861,1.000000,1.000000,1.000000,8.753472,8.604167,9.361111
sweep,short,dmd,15,1,repeated-source,original,6,58.862,6.139,1.000000,1.000000,1.000000,8.371528,8.343750,8.857639,1.034511,0.974912,1.038143
sweep,short,dmd,15,1,repeated-source,selected64,6,59.753,2.043,0.986692,0.967483,1.040375,8.498264,8.475694,8.649306,1.016150,1.001606,1.025809
sweep,short,dmd,15,1,repeated-source,vector16store,6,60.767,1.165,0.966640,0.963259,1.025734,8.642361,8.593750,8.694444,1.000000,1.000000,1.000000
sweep,short,dmd,15,1,repeated-source,cpp-approved-execution,6,7.031,0.000,8.371528,8.343750,8.857639,1.000000,1.000000,1.000000,8.642361,8.593750,8.694444
sweep,short,dmd,15,1,universal,original,6,245.166,4.541,1.000000,1.000000,1.000000,22.617117,22.468468,23.495495,1.007254,1.000000,1.453892
sweep,short,dmd,15,1,universal,selected64,6,246.716,50.646,0.987235,0.687718,1.003980,22.760135,22.637387,34.164414,0.998203,0.987267,1.010418
sweep,short,dmd,15,1,universal,vector16store,6,246.594,51.393,0.992806,0.687809,1.000000,22.748874,22.468468,34.159910,1.000000,1.000000,1.000000
sweep,short,dmd,15,1,universal,cpp-approved-execution,6,10.840,0.000,22.617117,22.468468,23.495495,1.000000,1.000000,1.000000,22.748874,22.468468,34.159910
sweep,short,dmd,15,17,contiguous,original,6,186.527,88.866,1.000000,1.000000,1.000000,7.826531,7.812245,8.355658,1.166014,1.156153,1.182421
sweep,short,dmd,15,17,contiguous,selected64,6,191.148,99.644,0.976300,0.887755,0.983223,8.020408,7.995918,9.046189,1.137221,1.038497,1.139073
sweep,short,dmd,15,17,contiguous,vector16store,6,217.510,91.637,0.857623,0.845722,0.864937,9.126531,9.097959,9.879908,1.000000,1.000000,1.000000
sweep,short,dmd,15,17,contiguous,cpp-approved-execution,6,23.833,76.735,7.826531,7.812245,8.355658,1.000000,1.000000,1.000000,9.126531,9.097959,9.879908
sweep,short,dmd,15,17,negative-both,original,6,246.693,63.091,1.000000,1.000000,1.000000,3.336196,2.934379,3.381770,1.211091,1.172656,1.339329
sweep,short,dmd,15,17,negative-both,selected64,6,250.389,65.423,0.977653,0.884321,0.994561,3.398943,3.028531,3.791281,1.183413,1.087456,1.297692
sweep,short,dmd,15,17,negative-both,vector16store,6,296.352,82.324,0.825702,0.746642,0.852765,4.014531,3.930100,4.122853,1.000000,1.000000,1.000000
sweep,short,dmd,15,17,negative-both,cpp-approved-execution,6,73.638,85.205,3.336196,2.934379,3.381770,1.000000,1.000000,1.000000,4.014531,3.930100,4.122853
sweep,short,dmd,15,17,negative-source,original,6,259.533,63.606,1.000000,1.000000,1.000000,3.366579,2.781746,4.317041,1.182360,0.944614,1.295055
sweep,short,dmd,15,17,negative-source,selected64,6,250.632,63.846,1.000494,0.969100,1.274074,3.398943,2.784392,3.420079,1.185582,1.155659,1.293824
sweep,short,dmd,15,17,negative-source,vector16store,6,296.741,80.479,0.845828,0.772168,1.058633,4.012550,3.602513,4.077939,1.000000,1.000000,1.000000
sweep,short,dmd,15,17,negative-source,cpp-approved-execution,6,73.638,99.736,3.366579,2.781746,4.317041,1.000000,1.000000,1.000000,4.012550,3.602513,4.077939
sweep,short,dmd,15,17,padded,original,6,243.531,55.962,1.000000,1.000000,1.000000,3.283445,2.967025,3.791281,1.218081,1.062021,1.389248
sweep,short,dmd,15,17,padded,selected64,6,246.741,60.438,0.976334,0.949640,1.131703,3.348085,3.117331,3.488771,1.193531,1.177963,1.322263
sweep,short,dmd,15,17,padded,vector16store,6,295.477,78.387,0.820989,0.719814,0.941601,4.009908,3.955086,4.121933,1.000000,1.000000,1.000000
sweep,short,dmd,15,17,padded,cpp-approved-execution,6,73.638,72.259,3.283445,2.967025,3.791281,1.000000,1.000000,1.000000,4.009908,3.955086,4.121933
sweep,short,dmd,15,17,repeated-source,original,6,258.512,54.149,1.000000,1.000000,1.000000,3.272127,3.187296,4.083113,1.210476,0.976090,1.370720
sweep,short,dmd,15,17,repeated-source,selected64,6,247.568,71.906,0.976362,0.845815,1.216110,3.359737,3.340819,3.852480,1.188409,1.017960,1.230787
sweep,short,dmd,15,17,repeated-source,vector16store,6,293.726,78.357,0.826149,0.729543,1.024495,3.986139,3.921671,4.368893,1.000000,1.000000,1.000000
sweep,short,dmd,15,17,repeated-source,cpp-approved-execution,6,73.687,62.178,3.272127,3.187296,4.083113,1.000000,1.000000,1.000000,3.986139,3.921671,4.368893
sweep,short,dmd,15,17,universal,original,6,2253.551,129.212,1.000000,1.000000,1.000000,15.072528,14.928339,16.756183,0.998593,0.816345,1.003129
sweep,short,dmd,15,17,universal,selected64,6,2244.893,82.427,1.009458,0.994057,1.262578,14.949133,13.271401,15.131339,1.005754,0.995792,1.030699
sweep,short,dmd,15,17,universal,vector16store,6,2252.578,87.181,1.001413,0.996880,1.224973,15.006524,13.678821,15.173602,1.000000,1.000000,1.000000
sweep,short,dmd,15,17,universal,cpp-approved-execution,6,149.660,105.297,15.072528,14.928339,16.756183,1.000000,1.000000,1.000000,15.006524,13.678821,15.173602
sweep,short,dmd,15,128,contiguous,original,6,1096.324,85.312,1.000000,1.000000,1.000000,7.253031,7.218447,9.258537,1.195024,0.938883,1.241842
sweep,short,dmd,15,128,contiguous,selected64,6,1128.309,97.752,0.969351,0.909331,1.237288,7.467180,7.446602,8.378453,1.158358,1.129245,1.161669
sweep,short,dmd,15,128,contiguous,vector16store,6,1306.985,92.714,0.836804,0.805255,1.065095,8.649680,8.626214,9.461326,1.000000,1.000000,1.000000
sweep,short,dmd,15,128,contiguous,cpp-approved-execution,6,151.471,76.214,7.253031,7.218447,9.258537,1.000000,1.000000,1.000000,8.649680,8.626214,9.461326
sweep,short,dmd,15,128,negative-both,original,6,1005.147,60.571,1.000000,1.000000,1.000000,1.843162,1.800528,1.890411,1.404901,1.373188,1.671132
sweep,short,dmd,15,128,negative-both,selected64,6,1050.368,72.174,0.953733,0.890214,0.968421,1.944141,1.889036,2.028357,1.337394,1.327273,1.487664
sweep,short,dmd,15,128,negative-both,vector16store,6,1399.265,90.541,0.711824,0.598397,0.728232,2.596575,2.507266,3.017515,1.000000,1.000000,1.000000
sweep,short,dmd,15,128,negative-both,cpp-approved-execution,6,541.544,63.680,1.843162,1.800528,1.890411,1.000000,1.000000,1.000000,2.596575,2.507266,3.017515
sweep,short,dmd,15,128,negative-source,original,6,1013.603,66.812,1.000000,1.000000,1.000000,1.884089,1.828767,1.907016,1.388403,1.370424,1.743820
sweep,short,dmd,15,128,negative-source,selected64,6,1053.309,62.618,0.959295,0.941467,0.974514,1.949315,1.924832,1.980822,1.333334,1.314661,1.641749
sweep,short,dmd,15,128,negative-source,vector16store,6,1404.412,84.921,0.720263,0.573454,0.729701,2.600685,2.565101,3.189041,1.000000,1.000000,1.000000
sweep,short,dmd,15,128,negative-source,cpp-approved-execution,6,539.338,61.759,1.884089,1.828767,1.907016,1.000000,1.000000,1.000000,2.600685,2.565101,3.189041
sweep,short,dmd,15,128,padded,original,6,1011.029,68.945,1.000000,1.000000,1.000000,1.864428,1.818254,1.884932,1.400197,1.377551,1.664727
sweep,short,dmd,15,128,padded,selected64,6,1048.529,69.215,0.960459,0.950242,0.967651,1.944707,1.895238,1.955405,1.348548,1.326573,1.581894
sweep,short,dmd,15,128,padded,vector16store,6,1403.676,89.995,0.714191,0.600699,0.725926,2.610274,2.580952,3.093243,1.000000,1.000000,1.000000
sweep,short,dmd,15,128,padded,cpp-approved-execution,6,538.603,72.355,1.864428,1.818254,1.884932,1.000000,1.000000,1.000000,2.610274,2.580952,3.093243
sweep,short,dmd,15,128,repeated-source,original,6,981.618,0.899,1.000000,1.000000,1.000000,1.828767,1.821918,1.838356,1.407347,1.394188,1.410218
sweep,short,dmd,15,128,repeated-source,selected64,6,1023.529,1.365,0.956508,0.952924,0.968254,1.906849,1.898630,1.924658,1.346512,1.331673,1.355700
sweep,short,dmd,15,128,repeated-source,vector16store,6,1380.882,0.745,0.710558,0.709110,0.717263,2.572603,2.560274,2.579452,1.000000,1.000000,1.000000
sweep,short,dmd,15,128,repeated-source,cpp-approved-execution,6,536.765,0.000,1.828767,1.821918,1.838356,1.000000,1.000000,1.000000,2.572603,2.560274,2.579452
sweep,short,dmd,15,128,universal,original,6,16338.235,17.633,1.000000,1.000000,1.000000,14.353882,14.155397,16.637953,0.992941,0.872825,1.009532
sweep,short,dmd,15,128,universal,selected64,6,16364.338,9.342,1.005989,0.973360,1.068816,14.431489,14.202964,15.566710,0.985537,0.932890,1.007469
sweep,short,dmd,15,128,universal,vector16store,6,16255.515,3.207,1.007129,0.990558,1.145705,14.297216,14.117685,14.522021,1.000000,1.000000,1.000000
sweep,short,dmd,15,128,universal,cpp-approved-execution,6,1134.559,0.907,14.353882,14.155397,16.637953,1.000000,1.000000,1.000000,14.297216,14.117685,14.522021
sweep,short,dmd,16,1,contiguous,original,6,59.705,5.807,1.000000,1.000000,1.000000,13.816384,13.689266,14.491525,0.959335,0.913840,1.029206
sweep,short,dmd,16,1,contiguous,selected64,6,59.949,0.977,0.994502,0.982563,1.050369,13.872881,13.796610,13.932203,0.957549,0.952941,1.019560
sweep,short,dmd,16,1,contiguous,vector16store,6,57.324,6.772,1.042407,0.971623,1.094283,13.265537,13.237288,14.135593,1.000000,1.000000,1.000000
sweep,short,dmd,16,1,contiguous,cpp-approved-execution,6,4.321,0.000,13.816384,13.689266,14.491525,1.000000,1.000000,1.000000,13.265537,13.237288,14.135593
sweep,short,dmd,16,1,negative-both,original,6,59.351,1.070,1.000000,1.000000,1.000000,12.930851,12.857143,12.994709,0.967490,0.960505,0.970395
sweep,short,dmd,16,1,negative-both,selected64,6,60.046,1.748,0.989019,0.975120,0.999593,13.039894,13.000000,13.185185,0.957449,0.946228,0.961695
sweep,short,dmd,16,1,negative-both,vector16store,6,57.483,0.425,1.033603,1.030508,1.041119,12.490741,12.439153,12.553191,1.000000,1.000000,1.000000
sweep,short,dmd,16,1,negative-both,cpp-approved-execution,6,4.602,0.531,12.930851,12.857143,12.994709,1.000000,1.000000,1.000000,12.490741,12.439153,12.553191
sweep,short,dmd,16,1,negative-source,original,6,59.558,5.903,1.000000,1.000000,1.000000,12.976064,12.809524,13.571429,0.964132,0.916569,0.971499
sweep,short,dmd,16,1,negative-source,selected64,6,59.656,1.351,0.995497,0.986246,1.050369,12.962977,12.904762,13.148936,0.960711,0.951052,0.964330
sweep,short,dmd,16,1,negative-source,vector16store,6,57.410,0.468,1.037202,1.029337,1.091025,12.474882,12.391534,12.515957,1.000000,1.000000,1.000000
sweep,short,dmd,16,1,negative-source,cpp-approved-execution,6,4.602,0.531,12.976064,12.809524,13.571429,1.000000,1.000000,1.000000,12.474882,12.391534,12.515957
sweep,short,dmd,16,1,padded,original,6,60.022,6.183,1.000000,1.000000,1.000000,13.042398,12.862434,13.702128,0.957440,0.909938,0.969148
sweep,short,dmd,16,1,padded,selected64,6,60.181,1.947,0.995954,0.977255,1.046729,13.076959,13.005291,13.329787,0.950308,0.939745,0.958960
sweep,short,dmd,16,1,padded,vector16store,6,57.458,0.807,1.044453,1.031834,1.098976,12.466847,12.386243,12.526596,1.000000,1.000000,1.000000
sweep,short,dmd,16,1,padded,cpp-approved-execution,6,4.614,0.529,13.042398,12.862434,13.702128,1.000000,1.000000,1.000000,12.466847,12.386243,12.526596
sweep,short,dmd,16,1,repeated-source,original,6,59.973,5.699,1.000000,1.000000,1.000000,12.997354,12.820106,13.632979,0.955636,0.916114,1.033842
sweep,short,dmd,16,1,repeated-source,selected64,6,59.814,3.388,0.998364,0.988920,1.035137,12.962963,12.931217,13.370370,0.958939,0.931935,1.022449
sweep,short,dmd,16,1,repeated-source,vector16store,6,57.324,6.729,1.046432,0.967265,1.091567,12.441799,12.417989,13.253968,1.000000,1.000000,1.000000
sweep,short,dmd,16,1,repeated-source,cpp-approved-execution,6,4.614,0.529,12.997354,12.820106,13.632979,1.000000,1.000000,1.000000,12.441799,12.417989,13.253968
sweep,short,dmd,16,1,universal,original,6,253.650,0.837,1.000000,1.000000,1.000000,22.271181,22.216738,22.403433,1.006983,1.002600,1.034536
sweep,short,dmd,16,1,universal,selected64,6,255.408,3.126,0.992751,0.974335,0.999615,22.425511,22.291845,22.993562,0.999814,0.987681,1.026929
sweep,short,dmd,16,1,universal,vector16store,6,255.420,3.336,0.993068,0.966617,0.997407,22.450644,22.328326,23.027837,1.000000,1.000000,1.000000
sweep,short,dmd,16,1,universal,cpp-approved-execution,6,11.377,0.215,22.271181,22.216738,22.403433,1.000000,1.000000,1.000000,22.450644,22.328326,23.027837
sweep,short,dmd,16,17,contiguous,original,6,195.379,0.425,1.000000,1.000000,1.000000,8.746512,8.668203,8.772093,0.664096,0.661718,0.669501
sweep,short,dmd,16,17,contiguous,selected64,6,200.883,14.422,0.972604,0.854488,0.978723,8.979070,8.921659,10.260465,0.646223,0.566183,0.651837
sweep,short,dmd,16,17,contiguous,vector16store,6,129.751,1.040,1.505808,1.493651,1.511218,5.806977,5.760369,5.860465,1.000000,1.000000,1.000000
sweep,short,dmd,16,17,contiguous,cpp-approved-execution,6,22.326,0.930,8.746512,8.668203,8.772093,1.000000,1.000000,1.000000,5.806977,5.760369,5.860465
sweep,short,dmd,16,17,negative-both,original,6,253.167,1.723,1.000000,1.000000,1.000000,7.727406,7.693038,7.850794,0.819785,0.810352,0.824352
sweep,short,dmd,16,17,negative-both,selected64,6,260.748,11.350,0.974331,0.877661,0.981739,7.949367,7.867089,8.796825,0.796776,0.722483,0.806114
sweep,short,dmd,16,17,negative-both,vector16store,6,207.996,0.649,1.219833,1.213074,1.234032,6.348101,6.313291,6.361905,1.000000,1.000000,1.000000
sweep,short,dmd,16,17,negative-both,cpp-approved-execution,6,32.814,0.316,7.727406,7.693038,7.850794,1.000000,1.000000,1.000000,6.348101,6.313291,6.361905
sweep,short,dmd,16,17,negative-source,original,6,252.025,5.398,1.000000,1.000000,1.000000,7.695238,7.664557,8.075949,0.822415,0.786442,0.938042
sweep,short,dmd,16,17,negative-source,selected64,6,259.605,0.480,0.972718,0.968788,1.020392,7.914557,7.886076,7.933333,0.801204,0.798081,0.908764
sweep,short,dmd,16,17,negative-source,vector16store,6,207.580,13.757,1.215932,1.066050,1.271550,6.332811,6.316456,7.209524,1.000000,1.000000,1.000000
sweep,short,dmd,16,17,negative-source,cpp-approved-execution,6,32.814,0.316,7.695238,7.664557,8.075949,1.000000,1.000000,1.000000,6.332811,6.316456,7.209524
sweep,short,dmd,16,17,padded,original,6,249.065,7.546,1.000000,1.000000,1.000000,7.602205,7.546032,8.069401,0.818334,0.770524,0.827197
sweep,short,dmd,16,17,padded,selected64,6,256.854,15.282,0.963613,0.884969,0.975659,7.839929,7.800633,8.965300,0.794887,0.693526,0.797499
sweep,short,dmd,16,17,padded,vector16store,6,204.361,0.965,1.221995,1.208902,1.297818,6.225921,6.202532,6.256329,1.000000,1.000000,1.000000
sweep,short,dmd,16,17,padded,cpp-approved-execution,6,32.814,0.633,7.602205,7.546032,8.069401,1.000000,1.000000,1.000000,6.225921,6.202532,6.256329
sweep,short,dmd,16,17,repeated-source,original,6,249.013,8.215,1.000000,1.000000,1.000000,7.575740,7.525316,8.148734,0.821220,0.765825,0.824605
sweep,short,dmd,16,17,repeated-source,selected64,6,256.906,0.768,0.966926,0.963924,1.041245,7.821203,7.806962,7.867089,0.795422,0.792438,0.798712
sweep,short,dmd,16,17,repeated-source,vector16store,6,204.413,1.219,1.217701,1.212702,1.305781,6.229430,6.202532,6.240506,1.000000,1.000000,1.000000
sweep,short,dmd,16,17,repeated-source,cpp-approved-execution,6,32.814,0.633,7.575740,7.525316,8.148734,1.000000,1.000000,1.000000,6.229430,6.202532,6.240506
sweep,short,dmd,16,17,universal,original,6,2391.693,1.693,1.000000,1.000000,1.000000,15.028020,14.971298,15.224984,0.997462,0.986135,1.006572
sweep,short,dmd,16,17,universal,selected64,6,2399.585,2.493,1.002770,0.993018,1.017412,15.068452,14.818599,15.126467,1.002705,0.984301,1.014021
sweep,short,dmd,16,17,universal,vector16store,6,2381.672,2.934,1.002563,0.993470,1.014060,14.985598,14.826710,15.325049,1.000000,1.000000,1.000000
sweep,short,dmd,16,17,universal,cpp-approved-execution,6,158.982,0.523,15.028020,14.971298,15.224984,1.000000,1.000000,1.000000,14.985598,14.826710,15.325049
sweep,short,dmd,16,128,contiguous,original,6,1161.719,1.143,1.000000,1.000000,1.000000,6.962857,6.579646,7.042654,0.554995,0.554136,0.565536
sweep,short,dmd,16,128,contiguous,selected64,6,1196.875,3.133,0.970300,0.941735,0.981711,7.139894,6.986726,7.260664,0.537859,0.523116,0.555193
sweep,short,dmd,16,128,contiguous,vector16store,6,644.531,3.152,1.801820,1.768235,1.804612,3.887582,3.654867,3.971963,1.000000,1.000000,1.000000
sweep,short,dmd,16,128,contiguous,cpp-approved-execution,6,167.578,6.993,6.962857,6.579646,7.042654,1.000000,1.000000,1.000000,3.887582,3.654867,3.971963
sweep,short,dmd,16,128,negative-both,original,6,1060.547,3.094,1.000000,1.000000,1.000000,4.474332,4.311111,4.626263,0.692814,0.684134,0.699700
sweep,short,dmd,16,128,negative-both,selected64,6,1134.766,2.616,0.933060,0.930822,0.937884,4.785581,4.622222,4.932660,0.647108,0.639041,0.653118
sweep,short,dmd,16,128,negative-both,vector16store,6,731.641,1.708,1.443394,1.429185,1.461702,3.104526,2.990385,3.164983,1.000000,1.000000,1.000000
sweep,short,dmd,16,128,negative-both,cpp-approved-execution,6,235.547,5.970,4.474332,4.311111,4.626263,1.000000,1.000000,1.000000,3.104526,2.990385,3.164983
sweep,short,dmd,16,128,negative-source,original,6,1056.250,2.219,1.000000,1.000000,1.000000,4.484263,4.411765,4.616949,0.695155,0.686490,0.698198
sweep,short,dmd,16,128,negative-source,selected64,6,1137.500,2.747,0.930288,0.921502,0.935440,4.829162,4.758170,4.935593,0.643544,0.641289,0.652632
sweep,short,dmd,16,128,negative-source,vector16store,6,732.031,1.708,1.438532,1.432258,1.456684,3.107814,3.071895,3.169492,1.000000,1.000000,1.000000
sweep,short,dmd,16,128,negative-source,cpp-approved-execution,6,235.547,3.648,4.484263,4.411765,4.616949,1.000000,1.000000,1.000000,3.107814,3.071895,3.169492
sweep,short,dmd,16,128,padded,original,6,1053.516,2.076,1.000000,1.000000,1.000000,4.516936,4.465116,4.600671,0.693051,0.679796,0.736842
sweep,short,dmd,16,128,padded,selected64,6,1137.109,2.542,0.930448,0.923340,0.940329,4.845039,4.827243,4.892617,0.644364,0.635190,0.680356
sweep,short,dmd,16,128,padded,vector16store,6,729.688,6.745,1.442895,1.357143,1.471030,3.136394,3.075658,3.291391,1.000000,1.000000,1.000000
sweep,short,dmd,16,128,padded,cpp-approved-execution,6,233.984,2.671,4.516936,4.465116,4.600671,1.000000,1.000000,1.000000,3.136394,3.075658,3.291391
sweep,short,dmd,16,128,repeated-source,original,6,1029.297,1.670,1.000000,1.000000,1.000000,4.466102,4.450847,4.525424,0.696279,0.686142,0.720030
sweep,short,dmd,16,128,repeated-source,selected64,6,1097.656,50.819,0.937367,0.622873,0.951532,4.762712,4.752542,7.172881,0.652546,0.448488,0.654779
sweep,short,dmd,16,128,repeated-source,vector16store,6,716.406,3.599,1.436205,1.388830,1.457424,3.108475,3.105085,3.216949,1.000000,1.000000,1.000000
sweep,short,dmd,16,128,repeated-source,cpp-approved-execution,6,230.469,0.000,4.466102,4.450847,4.525424,1.000000,1.000000,1.000000,3.108475,3.105085,3.216949
sweep,short,dmd,16,128,universal,original,6,17224.609,1.492,1.000000,1.000000,1.000000,14.367887,14.211039,14.500000,0.996182,0.987695,1.004907
sweep,short,dmd,16,128,universal,selected64,6,17147.266,3.513,1.004130,0.979514,1.010321,14.284743,14.182468,14.733029,0.996608,0.983040,1.003945
sweep,short,dmd,16,128,universal,vector16store,6,17110.156,2.242,1.003839,0.995117,1.012459,14.272423,14.192208,14.571149,1.000000,1.000000,1.000000
sweep,short,dmd,16,128,universal,cpp-approved-execution,6,1200.391,0.521,14.367887,14.211039,14.500000,1.000000,1.000000,1.000000,14.272423,14.192208,14.571149
sweep,short,dmd,17,1,contiguous,original,6,59.692,0.573,1.000000,1.000000,1.000000,12.225000,12.180000,12.250000,0.969846,0.964403,0.982449
sweep,short,dmd,17,1,contiguous,selected64,6,60.852,3.852,0.980737,0.951751,0.987107,12.462500,12.370000,12.850000,0.952611,0.919455,0.969782
sweep,short,dmd,17,1,contiguous,vector16store,6,57.751,2.114,1.031093,1.017865,1.036911,11.827500,11.785000,12.035000,1.000000,1.000000,1.000000
sweep,short,dmd,17,1,contiguous,cpp-approved-execution,6,4.883,0.000,12.225000,12.180000,12.250000,1.000000,1.000000,1.000000,11.827500,11.785000,12.035000
sweep,short,dmd,17,1,negative-both,original,6,60.303,4.858,1.000000,1.000000,1.000000,11.680095,11.668246,12.236967,0.965782,0.920217,0.987835
sweep,short,dmd,17,1,negative-both,selected64,6,60.791,0.763,0.992568,0.983227,1.037364,11.800948,11.721698,11.867299,0.953960,0.950479,0.979100
sweep,short,dmd,17,1,negative-both,vector16store,6,58.081,2.816,1.035431,1.012315,1.086700,11.274882,11.174528,11.545024,1.000000,1.000000,1.000000
sweep,short,dmd,17,1,negative-both,cpp-approved-execution,6,5.151,0.474,11.680095,11.668246,12.236967,1.000000,1.000000,1.000000,11.274882,11.174528,11.545024
sweep,short,dmd,17,1,negative-source,original,6,59.888,4.851,1.000000,1.000000,1.000000,11.625592,11.578199,12.142180,0.961076,0.931694,0.969300
sweep,short,dmd,17,1,negative-source,selected64,6,60.425,8.485,0.991715,0.914083,1.038508,11.729858,11.691943,12.687204,0.954059,0.881584,0.967572
sweep,short,dmd,17,1,negative-source,vector16store,6,57.654,1.355,1.040513,1.031672,1.073314,11.191943,11.161137,11.312796,1.000000,1.000000,1.000000
sweep,short,dmd,17,1,negative-source,cpp-approved-execution,6,5.151,0.000,11.625592,11.578199,12.142180,1.000000,1.000000,1.000000,11.191943,11.161137,11.312796
sweep,short,dmd,17,1,padded,original,6,59.900,6.195,1.000000,1.000000,1.000000,11.627962,11.578199,12.298578,0.963697,0.912139,0.980761
sweep,short,dmd,17,1,padded,selected64,6,60.730,1.528,0.985340,0.968676,1.044686,11.789100,11.772512,11.952607,0.951004,0.947305,0.952974
sweep,short,dmd,17,1,padded,vector16store,6,57.825,1.731,1.037671,1.019616,1.096324,11.225118,11.161137,11.355450,1.000000,1.000000,1.000000
sweep,short,dmd,17,1,padded,cpp-approved-execution,6,5.151,0.000,11.627962,11.578199,12.298578,1.000000,1.000000,1.000000,11.225118,11.161137,11.355450
sweep,short,dmd,17,1,repeated-source,original,6,60.791,94.859,1.000000,1.000000,1.000000,11.800948,11.592417,12.345972,0.961322,0.876872,1.013900
sweep,short,dmd,17,1,repeated-source,selected64,6,61.023,85.897,0.985961,0.980754,1.045345,11.815166,11.562500,12.132701,0.949471,0.911568,1.004815
sweep,short,dmd,17,1,repeated-source,vector16store,6,59.778,75.883,1.040234,0.986290,1.140417,11.334123,10.540000,11.867299,1.000000,1.000000,1.000000
sweep,short,dmd,17,1,repeated-source,cpp-approved-execution,6,5.151,89.573,11.800948,11.592417,12.345972,1.000000,1.000000,1.000000,11.334123,10.540000,11.867299
sweep,short,dmd,17,1,universal,original,6,264.746,3.495,1.000000,1.000000,1.000000,22.175869,21.981595,22.710204,1.004354,0.983285,1.026180
sweep,short,dmd,17,1,universal,selected64,6,272.461,6.380,0.983596,0.940198,0.998174,22.804910,22.139059,23.595092,0.976644,0.958311,1.005845
sweep,short,dmd,17,1,universal,vector16store,6,267.419,3.396,0.995676,0.974488,1.016999,22.376963,22.004090,22.764826,1.000000,1.000000,1.000000
sweep,short,dmd,17,1,universal,cpp-approved-execution,6,11.938,0.409,22.175869,21.981595,22.710204,1.000000,1.000000,1.000000,22.376963,22.004090,22.764826
sweep,short,dmd,17,17,contiguous,original,6,205.402,87.386,1.000000,1.000000,1.000000,8.545872,8.513761,10.786378,0.657446,0.600172,0.659677
sweep,short,dmd,17,17,contiguous,selected64,6,215.436,86.131,0.975392,0.830441,0.979979,8.963303,8.706422,11.086687,0.627446,0.544726,0.646470
sweep,short,dmd,17,17,contiguous,vector16store,6,135.116,70.828,1.521045,1.515892,1.666188,5.621560,5.610092,6.473684,1.000000,1.000000,1.000000
sweep,short,dmd,17,17,contiguous,cpp-approved-execution,6,24.035,48.165,8.545872,8.513761,10.786378,1.000000,1.000000,1.000000,5.621560,5.610092,6.473684
sweep,short,dmd,17,17,negative-both,original,6,260.143,13.308,1.000000,1.000000,1.000000,5.898750,5.847500,6.615960,0.820263,0.730494,0.825994
sweep,short,dmd,17,17,negative-both,selected64,6,265.436,19.813,0.979857,0.924390,0.985792,6.012478,5.982500,7.157107,0.804610,0.675261,0.809862
sweep,short,dmd,17,17,negative-both,vector16store,6,213.561,0.465,1.219122,1.210663,1.368937,4.837500,4.830000,4.845000,1.000000,1.000000,1.000000
sweep,short,dmd,17,17,negative-both,cpp-approved-execution,6,44.101,0.250,5.898750,5.847500,6.615960,1.000000,1.000000,1.000000,4.837500,4.830000,4.845000
sweep,short,dmd,17,17,negative-source,original,6,258.269,26.980,1.000000,1.000000,1.000000,5.853750,5.827930,7.396509,0.823405,0.649697,0.827335
sweep,short,dmd,17,17,negative-source,selected64,6,264.774,27.316,0.976456,0.906760,0.988314,5.996259,5.967500,7.588529,0.802460,0.633257,0.806033
sweep,short,dmd,17,17,negative-source,vector16store,6,212.459,0.415,1.214469,1.208700,1.539180,4.810000,4.805486,4.830000,1.000000,1.000000,1.000000
sweep,short,dmd,17,17,negative-source,cpp-approved-execution,6,44.101,0.250,5.853750,5.827930,7.396509,1.000000,1.000000,1.000000,4.810000,4.805486,4.830000
sweep,short,dmd,17,17,padded,original,6,254.355,1.691,1.000000,1.000000,1.000000,5.767500,5.730000,5.827500,0.821847,0.811240,0.826789
sweep,short,dmd,17,17,padded,selected64,6,260.364,15.880,0.974098,0.846351,0.985624,5.903750,5.880000,6.817500,0.802248,0.693803,0.805697
sweep,short,dmd,17,17,padded,vector16store,6,208.986,0.475,1.216779,1.209499,1.232681,4.738750,4.727500,4.750000,1.000000,1.000000,1.000000
sweep,short,dmd,17,17,padded,cpp-approved-execution,6,44.101,0.000,5.767500,5.730000,5.827500,1.000000,1.000000,1.000000,4.738750,4.727500,4.750000
sweep,short,dmd,17,17,repeated-source,original,6,254.796,16.313,1.000000,1.000000,1.000000,5.777500,5.755000,6.697500,0.822804,0.710340,0.825804
sweep,short,dmd,17,17,repeated-source,selected64,6,260.364,15.541,0.979238,0.976665,0.987294,5.903750,5.892500,6.810000,0.805208,0.698605,0.807464
sweep,short,dmd,17,17,repeated-source,vector16store,6,209.702,0.210,1.215357,1.210942,1.407777,4.755000,4.750000,4.760000,1.000000,1.000000,1.000000
sweep,short,dmd,17,17,repeated-source,cpp-approved-execution,6,44.101,0.000,5.777500,5.755000,6.697500,1.000000,1.000000,1.000000,4.755000,4.750000,4.760000
sweep,short,dmd,17,17,universal,original,6,2549.118,8.819,1.000000,1.000000,1.000000,15.137178,14.394034,16.207008,0.994212,0.959680,1.021277
sweep,short,dmd,17,17,universal,selected64,6,2520.783,6.027,1.013239,1.002483,1.041146,14.994996,14.226227,15.566515,1.008965,0.996461,1.025704
sweep,short,dmd,17,17,universal,vector16store,6,2554.631,5.002,1.005841,0.979167,1.042014,15.221185,14.175886,15.594346,1.000000,1.000000,1.000000
sweep,short,dmd,17,17,universal,cpp-approved-execution,6,168.633,6.146,15.137178,14.394034,16.207008,1.000000,1.000000,1.000000,15.221185,14.175886,15.594346
sweep,short,dmd,17,128,contiguous,original,6,1231.250,0.338,1.000000,1.000000,1.000000,6.992925,6.678733,7.033333,0.551981,0.548953,0.595399
sweep,short,dmd,17,128,contiguous,selected64,6,1266.667,3.421,0.971711,0.940802,0.974342,7.186801,6.877828,7.445498,0.534868,0.525780,0.579329
sweep,short,dmd,17,128,contiguous,vector16store,6,679.167,8.221,1.811666,1.679545,1.821648,3.871778,3.678733,4.112150,1.000000,1.000000,1.000000
sweep,short,dmd,17,128,contiguous,cpp-approved-execution,6,176.250,5.201,6.992925,6.678733,7.033333,1.000000,1.000000,1.000000,3.871778,3.678733,4.112150
sweep,short,dmd,17,128,negative-both,original,6,1115.833,44.287,1.000000,1.000000,1.000000,3.436400,3.330846,4.966321,0.692427,0.479395,0.697535
sweep,short,dmd,17,128,negative-both,selected64,6,1154.583,4.042,0.966486,0.939649,1.389130,3.548125,3.460199,3.672680,0.668343,0.655439,0.671293
sweep,short,dmd,17,128,negative-both,vector16store,6,771.250,1.729,1.444204,1.433619,2.085963,2.378710,2.318408,2.407216,1.000000,1.000000,1.000000
sweep,short,dmd,17,128,negative-both,cpp-approved-execution,6,323.750,4.118,3.436400,3.330846,4.966321,1.000000,1.000000,1.000000,2.378710,2.318408,2.407216
sweep,short,dmd,17,128,negative-source,original,6,1120.417,2.008,1.000000,1.000000,1.000000,3.460751,3.366834,3.502577,0.690664,0.688006,0.701952
sweep,short,dmd,17,128,negative-source,selected64,6,1158.750,0.791,0.966919,0.960346,0.972103,3.589158,3.489950,3.603093,0.668460,0.664989,0.674117
sweep,short,dmd,17,128,negative-source,vector16store,6,777.917,1.071,1.447893,1.424599,1.453476,2.402837,2.331658,2.422280,1.000000,1.000000,1.000000
sweep,short,dmd,17,128,negative-source,cpp-approved-execution,6,323.333,3.093,3.460751,3.366834,3.502577,1.000000,1.000000,1.000000,2.402837,2.331658,2.422280
sweep,short,dmd,17,128,padded,original,6,1117.083,1.641,1.000000,1.000000,1.000000,3.378750,3.303922,3.446154,0.687802,0.684766,0.692078
sweep,short,dmd,17,128,padded,selected64,6,1161.667,12.267,0.961334,0.849455,0.965492,3.527752,3.438725,4.002564,0.662475,0.581678,0.667865
sweep,short,dmd,17,128,padded,vector16store,6,771.250,2.269,1.453908,1.444924,1.460352,2.325353,2.269608,2.380463,1.000000,1.000000,1.000000
sweep,short,dmd,17,128,padded,cpp-approved-execution,6,328.750,4.816,3.378750,3.303922,3.446154,1.000000,1.000000,1.000000,2.325353,2.269608,2.380463
sweep,short,dmd,17,128,repeated-source,original,6,1082.083,0.539,1.000000,1.000000,1.000000,3.372243,3.363636,3.379221,0.695301,0.694850,0.697297
sweep,short,dmd,17,128,repeated-source,selected64,6,1121.667,0.669,0.964684,0.959970,0.967958,3.493506,3.485714,3.509091,0.671248,0.669134,0.672876
sweep,short,dmd,17,128,repeated-source,vector16store,6,752.917,0.332,1.438227,1.434109,1.439159,2.345455,2.342857,2.348052,1.000000,1.000000,1.000000
sweep,short,dmd,17,128,repeated-source,cpp-approved-execution,6,320.833,0.260,3.372243,3.363636,3.379221,1.000000,1.000000,1.000000,2.345455,2.342857,2.348052
sweep,short,dmd,17,128,universal,original,6,18297.500,3.106,1.000000,1.000000,1.000000,14.386291,14.238220,14.627119,1.000121,0.987298,1.029424
sweep,short,dmd,17,128,universal,selected64,6,18247.083,1.726,1.004307,0.995858,1.025831,14.325723,14.219241,14.476097,1.009221,1.001945,1.031068
sweep,short,dmd,17,128,universal,vector16store,6,18458.750,3.657,0.999881,0.971417,1.012865,14.472793,14.261126,14.839790,1.000000,1.000000,1.000000
sweep,short,dmd,17,128,universal,cpp-approved-execution,6,1272.917,0.720,14.386291,14.238220,14.627119,1.000000,1.000000,1.000000,14.472793,14.261126,14.839790
sweep,short,dmd,23,1,contiguous,original,6,61.829,8.213,1.000000,1.000000,1.000000,9.142599,9.090253,9.841155,0.970904,0.919296,0.979471
sweep,short,dmd,23,1,contiguous,selected64,6,63.123,9.437,0.982351,0.898685,1.051698,9.333935,9.274368,10.155235,0.958800,0.870245,0.966821
sweep,short,dmd,23,1,contiguous,vector16store,6,60.229,2.432,1.029968,1.020959,1.087789,8.906137,8.830325,9.046931,1.000000,1.000000,1.000000
sweep,short,dmd,23,1,contiguous,cpp-approved-execution,6,6.763,0.000,9.142599,9.090253,9.841155,1.000000,1.000000,1.000000,8.906137,8.830325,9.046931
sweep,short,dmd,23,1,negative-both,original,6,62.122,1.376,1.000000,1.000000,1.000000,8.835069,8.812500,8.934028,0.974794,0.969400,1.019044
sweep,short,dmd,23,1,negative-both,selected64,6,64.648,11.292,0.965109,0.893093,0.983734,9.194444,8.965278,10.003472,0.935651,0.910101,0.962906
sweep,short,dmd,23,1,negative-both,vector16store,6,60.571,6.086,1.025861,0.981312,1.031566,8.614583,8.579861,9.104167,1.000000,1.000000,1.000000
sweep,short,dmd,23,1,negative-both,cpp-approved-execution,6,7.031,0.000,8.835069,8.812500,8.934028,1.000000,1.000000,1.000000,8.614583,8.579861,9.104167
sweep,short,dmd,23,1,negative-source,original,6,63.037,10.496,1.000000,1.000000,1.000000,8.965278,8.784722,9.725694,0.987070,0.881828,1.017787
sweep,short,dmd,23,1,negative-source,selected64,6,63.660,6.865,0.991085,0.980635,1.021145,9.053819,8.902778,9.524306,0.975375,0.900474,1.015601
sweep,short,dmd,23,1,negative-source,vector16store,6,62.195,5.260,1.013946,0.982524,1.134008,8.845486,8.576389,9.041667,1.000000,1.000000,1.000000
sweep,short,dmd,23,1,negative-source,cpp-approved-execution,6,7.031,0.000,8.965278,8.784722,9.725694,1.000000,1.000000,1.000000,8.845486,8.576389,9.041667
sweep,short,dmd,23,1,padded,original,6,61.755,1.937,1.000000,1.000000,1.000000,8.782986,8.753472,8.923611,0.974883,0.962080,1.031907
sweep,short,dmd,23,1,padded,selected64,6,63.184,3.555,0.981461,0.949567,1.000000,8.986111,8.906250,9.225694,0.949574,0.929244,1.031907
sweep,short,dmd,23,1,padded,vector16store,6,60.181,8.154,1.025779,0.969080,1.039415,8.559028,8.510417,9.208333,1.000000,1.000000,1.000000
sweep,short,dmd,23,1,padded,cpp-approved-execution,6,7.031,0.000,8.782986,8.753472,8.923611,1.000000,1.000000,1.000000,8.559028,8.510417,9.208333
sweep,short,dmd,23,1,repeated-source,original,6,61.829,0.513,1.000000,1.000000,1.000000,8.793403,8.763889,8.809028,0.974944,0.968417,1.023772
sweep,short,dmd,23,1,repeated-source,selected64,6,63.525,6.995,0.972931,0.923217,0.983632,9.034722,8.909722,9.541667,0.953733,0.898535,1.007015
sweep,short,dmd,23,1,repeated-source,vector16store,6,60.327,5.301,1.025702,0.976780,1.032613,8.579861,8.517361,8.972222,1.000000,1.000000,1.000000
sweep,short,dmd,23,1,repeated-source,cpp-approved-execution,6,7.031,0.000,8.793403,8.763889,8.809028,1.000000,1.000000,1.000000,8.579861,8.517361,8.972222
sweep,short,dmd,23,1,universal,original,6,311.414,2.611,1.000000,1.000000,1.000000,20.507235,20.340836,20.909823,1.012466,0.992072,1.035888
sweep,short,dmd,23,1,universal,selected64,6,317.065,3.996,0.992105,0.957820,0.999068,20.896090,20.619968,21.421222,0.998368,0.991147,1.007263
sweep,short,dmd,23,1,universal,vector16store,6,316.650,3.524,0.987690,0.965356,1.007992,20.868786,20.552335,21.254019,1.000000,1.000000,1.000000
sweep,short,dmd,23,1,universal,cpp-approved-execution,6,15.173,0.161,20.507235,20.340836,20.909823,1.000000,1.000000,1.000000,20.868786,20.552335,21.254019
sweep,short,dmd,23,17,contiguous,original,6,259.925,0.517,1.000000,1.000000,1.000000,7.915909,7.900000,7.940909,0.728551,0.726388,0.732451
sweep,short,dmd,23,17,contiguous,selected64,6,275.224,8.189,0.945462,0.903326,0.981951,8.381818,8.059091,8.745455,0.688724,0.661642,0.715172
sweep,short,dmd,23,17,contiguous,vector16store,6,189.403,0.552,1.372588,1.365279,1.376675,5.768182,5.754545,5.786364,1.000000,1.000000,1.000000
sweep,short,dmd,23,17,contiguous,cpp-approved-execution,6,32.836,0.000,7.915909,7.900000,7.940909,1.000000,1.000000,1.000000,5.768182,5.754545,5.786364
sweep,short,dmd,23,17,negative-both,original,6,301.493,2.525,1.000000,1.000000,1.000000,3.946239,3.910156,4.009766,0.891583,0.877253,0.948464
sweep,short,dmd,23,17,negative-both,selected64,6,306.194,0.682,0.984402,0.979452,0.998541,4.001965,3.986408,4.017578,0.879637,0.872630,0.933659
sweep,short,dmd,23,17,negative-both,vector16store,6,269.179,6.598,1.121610,1.054336,1.139922,3.513158,3.505859,3.745597,1.000000,1.000000,1.000000
sweep,short,dmd,23,17,negative-both,cpp-approved-execution,6,76.418,0.781,3.946239,3.910156,4.009766,1.000000,1.000000,1.000000,3.513158,3.505859,3.745597
sweep,short,dmd,23,17,negative-source,original,6,299.478,18.440,1.000000,1.000000,1.000000,3.922779,3.896484,4.619141,0.896337,0.765328,0.902147
sweep,short,dmd,23,17,negative-source,selected64,6,304.403,7.551,0.986491,0.918386,1.162734,3.979492,3.957282,4.259766,0.883306,0.828519,0.889872
sweep,short,dmd,23,17,negative-source,vector16store,6,268.955,0.666,1.115652,1.108467,1.306630,3.517110,3.504854,3.535156,1.000000,1.000000,1.000000
sweep,short,dmd,23,17,negative-source,cpp-approved-execution,6,76.418,0.781,3.922779,3.896484,4.619141,1.000000,1.000000,1.000000,3.517110,3.504854,3.535156
sweep,short,dmd,23,17,padded,original,6,295.373,2.981,1.000000,1.000000,1.000000,3.866211,3.814453,3.929688,0.898639,0.887674,0.924731
sweep,short,dmd,23,17,padded,selected64,6,299.851,1.394,0.985315,0.972610,0.990157,3.923828,3.921722,3.968750,0.882657,0.876172,0.899402
sweep,short,dmd,23,17,padded,vector16store,6,265.597,2.360,1.112797,1.081395,1.126540,3.475586,3.452055,3.527344,1.000000,1.000000,1.000000
sweep,short,dmd,23,17,padded,cpp-approved-execution,6,76.418,0.195,3.866211,3.814453,3.929688,1.000000,1.000000,1.000000,3.475586,3.452055,3.527344
sweep,short,dmd,23,17,repeated-source,original,6,296.119,1.310,1.000000,1.000000,1.000000,3.878788,3.859375,3.910156,0.897675,0.888611,0.983384
sweep,short,dmd,23,17,repeated-source,selected64,6,301.567,19.698,0.984860,0.822748,0.990552,3.947206,3.935421,4.705078,0.880333,0.738896,0.968750
sweep,short,dmd,23,17,repeated-source,vector16store,6,265.597,10.115,1.113989,1.016897,1.125351,3.475586,3.462891,3.814453,1.000000,1.000000,1.000000
sweep,short,dmd,23,17,repeated-source,cpp-approved-execution,6,76.418,0.195,3.878788,3.859375,3.910156,1.000000,1.000000,1.000000,3.475586,3.462891,3.814453
sweep,short,dmd,23,17,universal,original,6,3355.448,1.245,1.000000,1.000000,1.000000,14.992986,14.947333,15.140854,1.004765,0.992064,1.015706
sweep,short,dmd,23,17,universal,selected64,6,3404.403,3.819,0.986829,0.962408,1.003705,15.216531,14.966600,15.548430,0.989707,0.971043,1.008882
sweep,short,dmd,23,17,universal,vector16store,6,3373.582,1.447,0.995258,0.984537,1.008000,15.098864,15.012667,15.198402,1.000000,1.000000,1.000000
sweep,short,dmd,23,17,universal,cpp-approved-execution,6,223.582,0.334,14.992986,14.947333,15.140854,1.000000,1.000000,1.000000,15.098864,15.012667,15.198402
sweep,short,dmd,23,128,contiguous,original,6,1647.191,0.136,1.000000,1.000000,1.000000,7.079710,7.052885,7.082126,0.667349,0.667121,0.669393
sweep,short,dmd,23,128,contiguous,selected64,6,1685.393,0.133,0.977333,0.976667,0.978652,7.246377,7.206731,7.251208,0.652000,0.651566,0.654231
sweep,short,dmd,23,128,contiguous,vector16store,6,1098.876,0.409,1.498466,1.493890,1.498978,4.724638,4.711538,4.724638,1.000000,1.000000,1.000000
sweep,short,dmd,23,128,contiguous,cpp-approved-execution,6,232.584,0.483,7.079710,7.052885,7.082126,1.000000,1.000000,1.000000,4.724638,4.711538,4.724638
sweep,short,dmd,23,128,negative-both,original,6,1460.112,57.715,1.000000,1.000000,1.000000,2.535933,2.522330,2.547945,0.824933,0.821045,0.856375
sweep,short,dmd,23,128,negative-both,selected64,6,1501.124,59.731,0.971931,0.961936,0.976692,2.609385,2.582524,2.640199,0.804659,0.793615,0.823778
sweep,short,dmd,23,128,negative-both,vector16store,6,1204.494,63.806,1.212220,1.167712,1.217961,2.094912,2.081553,2.174938,1.000000,1.000000,1.000000
sweep,short,dmd,23,128,negative-both,cpp-approved-execution,6,576.404,57.505,2.535933,2.522330,2.547945,1.000000,1.000000,1.000000,2.094912,2.081553,2.174938
sweep,short,dmd,23,128,negative-source,original,6,1455.618,0.772,1.000000,1.000000,1.000000,2.513141,2.498069,2.542074,0.823756,0.822668,0.827907
sweep,short,dmd,23,128,negative-source,selected64,6,1494.944,1.052,0.971375,0.970808,0.977341,2.587968,2.555985,2.608611,0.803008,0.798653,0.805136
sweep,short,dmd,23,128,negative-source,vector16store,6,1199.438,0.375,1.213951,1.207865,1.215558,2.072931,2.057915,2.094118,1.000000,1.000000,1.000000
sweep,short,dmd,23,128,negative-source,cpp-approved-execution,6,578.090,1.749,2.513141,2.498069,2.542074,1.000000,1.000000,1.000000,2.072931,2.057915,2.094118
sweep,short,dmd,23,128,padded,original,6,1453.933,1.700,1.000000,1.000000,1.000000,2.528049,2.496154,2.584980,0.823320,0.815242,0.831260
sweep,short,dmd,23,128,padded,selected64,6,1501.685,14.067,0.969198,0.847726,0.976119,2.639952,2.561538,2.962891,0.796695,0.704680,0.804478
sweep,short,dmd,23,128,padded,vector16store,6,1200.000,1.779,1.214596,1.202993,1.226629,2.094440,2.036538,2.130435,1.000000,1.000000,1.000000
sweep,short,dmd,23,128,padded,cpp-approved-execution,6,572.472,2.944,2.528049,2.496154,2.584980,1.000000,1.000000,1.000000,2.094440,2.036538,2.130435
sweep,short,dmd,23,128,repeated-source,original,6,1396.067,0.644,1.000000,1.000000,1.000000,2.504032,2.494970,2.516129,0.839774,0.837490,0.840580
sweep,short,dmd,23,128,repeated-source,selected64,6,1434.270,0.862,0.974480,0.968044,0.977987,2.570997,2.559356,2.586694,0.817826,0.813718,0.821541
sweep,short,dmd,23,128,repeated-source,vector16store,6,1171.910,0.767,1.190796,1.189655,1.194044,2.102823,2.094567,2.114919,1.000000,1.000000,1.000000
sweep,short,dmd,23,128,repeated-source,cpp-approved-execution,6,557.303,0.202,2.504032,2.494970,2.516129,1.000000,1.000000,1.000000,2.102823,2.094567,2.114919
sweep,short,dmd,23,128,universal,original,6,25453.933,55.407,1.000000,1.000000,1.000000,14.928472,14.614770,20.657092,0.995975,0.909670,1.013455
sweep,short,dmd,23,128,universal,selected64,6,25167.978,41.153,1.009269,0.971088,1.107980,14.898288,14.411649,18.643926,1.005932,0.969187,1.029835
sweep,short,dmd,23,128,universal,vector16store,6,25250.000,42.172,1.004045,0.986724,1.099299,14.823405,14.586161,18.791143,1.000000,1.000000,1.000000
sweep,short,dmd,23,128,universal,cpp-approved-execution,6,1691.573,11.226,14.928472,14.614770,20.657092,1.000000,1.000000,1.000000,14.823405,14.586161,18.791143
sweep,short,dmd,31,1,contiguous,original,6,68.103,10.109,1.000000,1.000000,1.000000,8.530581,8.198777,9.061162,0.964968,0.929782,1.040656
sweep,short,dmd,31,1,contiguous,selected64,6,67.578,12.536,0.993060,0.945423,1.069675,8.464832,8.244648,9.249240,0.985454,0.883339,1.034866
sweep,short,dmd,31,1,contiguous,vector16store,6,65.894,3.853,1.036659,0.960932,1.075521,8.253823,8.170213,8.532110,1.000000,1.000000,1.000000
sweep,short,dmd,31,1,contiguous,cpp-approved-execution,6,7.983,0.612,8.530581,8.198777,9.061162,1.000000,1.000000,1.000000,8.253823,8.170213,8.532110
sweep,short,dmd,31,1,negative-both,original,6,67.603,15.529,1.000000,1.000000,1.000000,8.121010,7.818713,9.043860,0.994436,0.935884,1.022155
sweep,short,dmd,31,1,negative-both,selected64,6,66.077,0.887,1.020094,0.987027,1.142171,7.926711,7.909357,7.979412,1.008720,0.997420,1.111521
sweep,short,dmd,31,1,negative-both,vector16store,6,66.382,11.181,1.006055,0.978325,1.068508,7.995588,7.941520,8.801170,1.000000,1.000000,1.000000
sweep,short,dmd,31,1,negative-both,cpp-approved-execution,6,8.325,0.587,8.121010,7.818713,9.043860,1.000000,1.000000,1.000000,7.995588,7.941520,8.801170
sweep,short,dmd,31,1,negative-source,original,6,65.308,2.729,1.000000,1.000000,1.000000,7.867647,7.841176,8.055882,1.007300,0.981015,1.046365
sweep,short,dmd,31,1,negative-source,selected64,6,69.617,13.922,0.938608,0.883263,0.997041,8.386765,7.952941,9.120588,0.943966,0.866495,1.043269
sweep,short,dmd,31,1,negative-source,vector16store,6,65.662,5.094,0.992753,0.955689,1.019352,7.910294,7.894118,8.297059,1.000000,1.000000,1.000000
sweep,short,dmd,31,1,negative-source,cpp-approved-execution,6,8.301,0.000,7.867647,7.841176,8.055882,1.000000,1.000000,1.000000,7.910294,7.894118,8.297059
sweep,short,dmd,31,1,padded,original,6,65.161,1.311,1.000000,1.000000,1.000000,7.850000,7.820588,7.923529,1.034861,0.997773,1.056746
sweep,short,dmd,31,1,padded,selected64,6,66.016,11.612,0.986480,0.891434,0.989713,7.952941,7.935294,8.858824,1.022596,0.892762,1.041096
sweep,short,dmd,31,1,padded,vector16store,6,67.432,4.490,0.966421,0.946302,1.002232,8.123529,7.905882,8.270588,1.000000,1.000000,1.000000
sweep,short,dmd,31,1,padded,cpp-approved-execution,6,8.301,0.000,7.850000,7.820588,7.923529,1.000000,1.000000,1.000000,8.123529,7.905882,8.270588
sweep,short,dmd,31,1,repeated-source,original,6,65.149,18.250,1.000000,1.000000,1.000000,7.848529,7.802941,9.235294,1.003564,0.898408,1.007916
sweep,short,dmd,31,1,repeated-source,selected64,6,68.201,14.784,0.988340,0.916094,1.010947,8.216176,7.920588,9.135294,0.959333,0.908242,0.993711
sweep,short,dmd,31,1,repeated-source,vector16store,6,65.356,5.491,0.996450,0.992147,1.113080,7.873529,7.864706,8.297059,1.000000,1.000000,1.000000
sweep,short,dmd,31,1,repeated-source,cpp-approved-execution,6,8.301,0.000,7.848529,7.802941,9.235294,1.000000,1.000000,1.000000,7.873529,7.864706,8.297059
sweep,short,dmd,31,1,universal,original,6,382.703,24.790,1.000000,1.000000,1.000000,18.829512,18.625000,23.184211,1.000114,0.971439,1.209627
sweep,short,dmd,31,1,universal,selected64,6,380.408,17.887,1.010489,0.995588,1.062959,18.716481,18.566106,21.811005,1.005243,0.986445,1.285785
sweep,short,dmd,31,1,universal,vector16store,6,382.568,51.161,0.999973,0.826701,1.029401,18.834135,18.521008,28.044258,1.000000,1.000000,1.000000
sweep,short,dmd,31,1,universal,cpp-approved-execution,6,20.312,0.481,18.829512,18.625000,23.184211,1.000000,1.000000,1.000000,18.834135,18.521008,28.044258
sweep,short,dmd,31,17,contiguous,original,6,342.254,9.700,1.000000,1.000000,1.000000,7.831797,7.802752,8.566820,0.771109,0.705218,0.778630
sweep,short,dmd,31,17,contiguous,selected64,6,345.976,1.861,0.987542,0.979239,1.089683,7.923963,7.825688,8.004608,0.762748,0.755479,0.773607
sweep,short,dmd,31,17,contiguous,vector16store,6,263.783,0.763,1.296833,1.284306,1.418002,6.041475,6.004587,6.078341,1.000000,1.000000,1.000000
sweep,short,dmd,31,17,contiguous,cpp-approved-execution,6,43.662,0.461,7.831797,7.802752,8.566820,1.000000,1.000000,1.000000,6.041475,6.004587,6.078341
sweep,short,dmd,31,17,negative-both,original,6,352.515,17.979,1.000000,1.000000,1.000000,3.711864,3.625000,4.292373,0.966838,0.842053,0.987726
sweep,short,dmd,31,17,negative-both,selected64,6,358.853,3.084,0.983920,0.956935,1.142696,3.773208,3.756356,3.788136,0.951127,0.945190,0.962211
sweep,short,dmd,31,17,negative-both,vector16store,6,340.644,3.603,1.034299,1.012426,1.187573,3.586864,3.568710,3.614407,1.000000,1.000000,1.000000
sweep,short,dmd,31,17,negative-both,cpp-approved-execution,6,94.970,2.542,3.711864,3.625000,4.292373,1.000000,1.000000,1.000000,3.586864,3.568710,3.614407
sweep,short,dmd,31,17,negative-source,original,6,354.427,1.590,1.000000,1.000000,1.000000,3.731992,3.711864,3.763214,0.967549,0.958664,1.038746
sweep,short,dmd,31,17,negative-source,selected64,6,358.853,1.290,0.985428,0.978771,1.000562,3.778602,3.761099,3.815678,0.956138,0.950838,1.020145
sweep,short,dmd,31,17,negative-source,vector16store,6,342.958,7.627,1.033557,0.962699,1.043119,3.607406,3.586864,3.862288,1.000000,1.000000,1.000000
sweep,short,dmd,31,17,negative-source,cpp-approved-execution,6,94.970,0.212,3.731992,3.711864,3.763214,1.000000,1.000000,1.000000,3.607406,3.586864,3.862288
sweep,short,dmd,31,17,padded,original,6,350.000,58.753,1.000000,1.000000,1.000000,3.681469,3.661017,3.939828,0.965650,0.936727,0.976852
sweep,short,dmd,31,17,padded,selected64,6,355.634,61.895,0.980160,0.963898,0.997170,3.740746,3.725159,4.087393,0.952002,0.902909,0.960385
sweep,short,dmd,31,17,padded,vector16store,6,338.934,53.547,1.035579,1.023697,1.067547,3.568856,3.546610,3.690544,1.000000,1.000000,1.000000
sweep,short,dmd,31,17,padded,cpp-approved-execution,6,95.070,47.831,3.681469,3.661017,3.939828,1.000000,1.000000,1.000000,3.568856,3.546610,3.690544
sweep,short,dmd,31,17,repeated-source,original,6,353.219,77.072,1.000000,1.000000,1.000000,3.699789,3.222789,4.384397,0.968745,0.955429,0.997412
sweep,short,dmd,31,17,repeated-source,selected64,6,357.545,78.109,0.984480,0.980341,0.993792,3.753440,3.287415,4.470922,0.954784,0.939854,0.978109
sweep,short,dmd,31,17,repeated-source,vector16store,6,340.543,83.368,1.032266,1.002595,1.046651,3.564032,3.156463,4.373050,1.000000,1.000000,1.000000
sweep,short,dmd,31,17,repeated-source,cpp-approved-execution,6,95.171,49.260,3.699789,3.222789,4.384397,1.000000,1.000000,1.000000,3.564032,3.156463,4.373050
sweep,short,dmd,31,17,universal,original,6,4508.451,4.588,1.000000,1.000000,1.000000,14.863667,13.600000,15.453698,0.999999,0.990743,1.025975
sweep,short,dmd,31,17,universal,selected64,6,4511.469,3.782,1.001498,0.984195,1.007313,14.865050,13.647337,15.354430,1.001186,0.988217,1.022416
sweep,short,dmd,31,17,universal,vector16store,6,4501.107,6.813,1.000003,0.974683,1.009344,14.799390,13.953254,15.433711,1.000000,1.000000,1.000000
sweep,short,dmd,31,17,universal,cpp-approved-execution,6,302.012,12.658,14.863667,13.600000,15.453698,1.000000,1.000000,1.000000,14.799390,13.953254,15.433711
sweep,short,dmd,31,128,contiguous,original,6,2271.212,91.328,1.000000,1.000000,1.000000,7.138095,7.109005,8.507418,0.730910,0.692361,0.739159
sweep,short,dmd,31,128,contiguous,selected64,6,2287.879,101.457,0.992425,0.945580,1.000000,7.190476,7.109005,8.997033,0.728807,0.654683,0.732000
sweep,short,dmd,31,128,contiguous,vector16store,6,1663.636,81.239,1.368161,1.352888,1.444332,5.219048,5.203791,5.890208,1.000000,1.000000,1.000000
sweep,short,dmd,31,128,contiguous,cpp-approved-execution,6,318.182,60.476,7.138095,7.109005,8.507418,1.000000,1.000000,1.000000,5.219048,5.203791,5.890208
sweep,short,dmd,31,128,negative-both,original,6,1881.818,0.725,1.000000,1.000000,1.000000,2.599996,2.587500,2.609244,0.937477,0.932584,0.940467
sweep,short,dmd,31,128,negative-both,selected64,6,1906.061,0.795,0.986488,0.981043,0.989674,2.633507,2.618750,2.659664,0.924423,0.917062,0.930732
sweep,short,dmd,31,128,negative-both,vector16store,6,1761.364,0.688,1.066694,1.063302,1.072289,2.438157,2.422917,2.450734,1.000000,1.000000,1.000000
sweep,short,dmd,31,128,negative-both,cpp-approved-execution,6,723.485,0.838,2.599996,2.587500,2.609244,1.000000,1.000000,1.000000,2.438157,2.422917,2.450734
sweep,short,dmd,31,128,negative-source,original,6,1884.091,59.188,1.000000,1.000000,1.000000,2.613860,2.580913,2.730290,0.937151,0.934835,1.021783
sweep,short,dmd,31,128,negative-source,selected64,6,1915.152,97.547,0.984162,0.792135,0.986508,2.651630,2.618257,3.446750,0.921709,0.809390,0.926190
sweep,short,dmd,31,128,negative-source,vector16store,6,1765.909,73.359,1.067066,0.978681,1.069707,2.449041,2.414938,2.789765,1.000000,1.000000,1.000000
sweep,short,dmd,31,128,negative-source,cpp-approved-execution,6,722.727,52.411,2.613860,2.580913,2.730290,1.000000,1.000000,1.000000,2.449041,2.414938,2.789765
sweep,short,dmd,31,128,padded,original,6,1866.667,59.253,1.000000,1.000000,1.000000,2.584036,2.567850,2.727019,0.945937,0.934887,1.083248
sweep,short,dmd,31,128,padded,selected64,6,1906.818,73.500,0.981267,0.900230,0.985600,2.631555,2.617954,3.029248,0.925745,0.918641,0.975172
sweep,short,dmd,31,128,padded,vector16store,6,1762.879,83.025,1.057155,0.923149,1.069647,2.446900,2.412863,2.954039,1.000000,1.000000,1.000000
sweep,short,dmd,31,128,padded,cpp-approved-execution,6,724.242,50.837,2.584036,2.567850,2.727019,1.000000,1.000000,1.000000,2.446900,2.412863,2.954039
sweep,short,dmd,31,128,repeated-source,original,6,1835.606,1.568,1.000000,1.000000,1.000000,2.598715,2.584222,2.632258,0.954638,0.952026,0.969771
sweep,short,dmd,31,128,repeated-source,selected64,6,1869.697,0.648,0.982179,0.977291,0.987893,2.649470,2.631130,2.664516,0.937499,0.932739,0.958031
sweep,short,dmd,31,128,repeated-source,vector16store,6,1750.758,3.116,1.047524,1.031171,1.050391,2.483873,2.460554,2.552688,1.000000,1.000000,1.000000
sweep,short,dmd,31,128,repeated-source,cpp-approved-execution,6,705.303,1.074,2.598715,2.584222,2.632258,1.000000,1.000000,1.000000,2.483873,2.460554,2.552688
sweep,short,dmd,31,128,universal,original,6,33235.606,3.547,1.000000,1.000000,1.000000,14.628543,14.534977,15.053298,1.001601,0.986551,1.010488
sweep,short,dmd,31,128,universal,selected64,6,33163.636,1.544,1.004675,0.999039,1.027933,14.616359,14.468979,14.704272,1.005208,0.992418,1.021716
sweep,short,dmd,31,128,universal,vector16store,6,33274.242,1.976,0.998402,0.989621,1.013632,14.665145,14.565623,14.852765,1.000000,1.000000,1.000000
sweep,short,dmd,31,128,universal,cpp-approved-execution,6,2271.970,0.400,14.628543,14.534977,15.053298,1.000000,1.000000,1.000000,14.665145,14.565623,14.852765
sweep,short,dmd,32,1,contiguous,original,6,65.771,5.976,1.000000,1.000000,1.000000,12.135135,12.076577,12.801802,0.907856,0.857495,0.929635
sweep,short,dmd,32,1,contiguous,selected64,6,66.077,8.350,0.993163,0.919233,1.051813,12.191441,12.144144,13.162162,0.902236,0.854552,0.937500
sweep,short,dmd,32,1,contiguous,vector16store,6,59.827,3.999,1.101519,1.075691,1.166188,11.038288,10.977477,11.418919,1.000000,1.000000,1.000000
sweep,short,dmd,32,1,contiguous,cpp-approved-execution,6,5.420,0.000,12.135135,12.076577,12.801802,1.000000,1.000000,1.000000,11.038288,10.977477,11.418919
sweep,short,dmd,32,1,negative-both,original,6,65.771,5.939,1.000000,1.000000,1.000000,11.562232,11.510730,12.197425,0.904311,0.855735,0.908417
sweep,short,dmd,32,1,negative-both,selected64,6,66.211,8.149,0.995199,0.916610,1.049871,11.639485,11.609442,12.557940,0.898070,0.830827,0.905730
sweep,short,dmd,32,1,negative-both,vector16store,6,59.412,1.110,1.105815,1.100816,1.168586,10.444206,10.433476,10.549356,1.000000,1.000000,1.000000
sweep,short,dmd,32,1,negative-both,cpp-approved-execution,6,5.688,0.000,11.562232,11.510730,12.197425,1.000000,1.000000,1.000000,10.444206,10.433476,10.549356
sweep,short,dmd,32,1,negative-source,original,6,66.321,16.087,1.000000,1.000000,1.000000,11.648069,6.699752,13.463519,0.898065,0.773669,0.899926
sweep,short,dmd,32,1,negative-source,selected64,6,68.420,7.351,0.995458,0.941751,1.077266,11.757511,6.815000,12.497854,0.872528,0.833448,0.899852
sweep,short,dmd,32,1,negative-source,vector16store,6,59.473,0.780,1.113506,1.111202,1.292542,10.433476,6.027295,10.497854,1.000000,1.000000,1.000000
sweep,short,dmd,32,1,negative-source,cpp-approved-execution,6,5.688,72.961,11.648069,6.699752,13.463519,1.000000,1.000000,1.000000,10.433476,6.027295,10.497854
sweep,short,dmd,32,1,padded,original,6,65.637,14.171,1.000000,1.000000,1.000000,11.538627,11.480687,13.115880,0.908517,0.795157,0.942804
sweep,short,dmd,32,1,padded,selected64,6,67.151,7.017,0.987275,0.927807,1.097307,11.804721,11.596567,12.424893,0.886155,0.842926,0.928571
sweep,short,dmd,32,1,padded,vector16store,6,59.521,3.774,1.100696,1.060666,1.257613,10.463519,10.429185,10.824034,1.000000,1.000000,1.000000
sweep,short,dmd,32,1,padded,cpp-approved-execution,6,5.688,0.000,11.538627,11.480687,13.115880,1.000000,1.000000,1.000000,10.463519,10.429185,10.824034
sweep,short,dmd,32,1,repeated-source,original,6,65.784,6.977,1.000000,1.000000,1.000000,11.564378,11.497854,12.304721,0.902022,0.849669,0.913774
sweep,short,dmd,32,1,repeated-source,selected64,6,66.223,2.581,0.993945,0.974536,1.060281,11.641631,11.587983,11.888412,0.896868,0.890506,0.901111
sweep,short,dmd,32,1,repeated-source,vector16store,6,59.448,2.094,1.108621,1.094363,1.176929,10.450644,10.416309,10.635193,1.000000,1.000000,1.000000
sweep,short,dmd,32,1,repeated-source,cpp-approved-execution,6,5.688,0.000,11.564378,11.497854,12.304721,1.000000,1.000000,1.000000,10.450644,10.416309,10.635193
sweep,short,dmd,32,1,universal,original,6,387.366,1.733,1.000000,1.000000,1.000000,19.232643,18.572600,19.557856,1.006295,0.992750,1.015080
sweep,short,dmd,32,1,universal,selected64,6,389.087,1.738,0.995255,0.990896,1.004815,19.367235,18.483607,19.563946,1.000277,0.994023,1.007749
sweep,short,dmd,32,1,universal,vector16store,6,390.173,1.908,0.993759,0.985144,1.007303,19.465895,18.437939,19.550548,1.000000,1.000000,1.000000
sweep,short,dmd,32,1,universal,cpp-approved-execution,6,20.044,4.019,19.232643,18.572600,19.557856,1.000000,1.000000,1.000000,19.465895,18.437939,19.550548
sweep,short,dmd,32,17,contiguous,original,6,353.638,8.230,1.000000,1.000000,1.000000,8.339056,8.284314,8.970588,0.502067,0.466120,0.505288
sweep,short,dmd,32,17,contiguous,selected64,6,357.692,0.232,0.988379,0.981987,1.065192,8.436275,8.421569,8.463054,0.495784,0.494767,0.499419
sweep,short,dmd,32,17,contiguous,vector16store,6,177.235,1.056,1.991783,1.979070,2.145369,4.181373,4.171569,4.215686,1.000000,1.000000,1.000000
sweep,short,dmd,32,17,contiguous,cpp-approved-execution,6,42.412,0.490,8.339056,8.284314,8.970588,1.000000,1.000000,1.000000,4.181373,4.171569,4.215686
sweep,short,dmd,32,17,negative-both,original,6,361.538,19.264,1.000000,1.000000,1.000000,6.936000,6.824000,8.164000,0.708481,0.601176,0.718054
sweep,short,dmd,32,17,negative-both,selected64,6,372.557,3.069,0.969021,0.954139,1.118969,7.168000,7.076000,7.296000,0.684274,0.672697,0.693612
sweep,short,dmd,32,17,negative-both,vector16store,6,255.094,0.978,1.411576,1.392653,1.663407,4.908000,4.900000,4.932000,1.000000,1.000000,1.000000
sweep,short,dmd,32,17,negative-both,cpp-approved-execution,6,51.975,0.800,6.936000,6.824000,8.164000,1.000000,1.000000,1.000000,4.908000,4.900000,4.932000
sweep,short,dmd,32,17,negative-source,original,6,357.173,0.990,1.000000,1.000000,1.000000,6.872000,6.852000,6.920000,0.715659,0.709249,0.747528
sweep,short,dmd,32,17,negative-source,selected64,6,372.349,2.513,0.960511,0.951300,0.974461,7.164000,7.048000,7.228000,0.691510,0.681514,0.711123
sweep,short,dmd,32,17,negative-source,vector16store,6,255.613,5.124,1.397329,1.337743,1.409943,4.918000,4.888000,5.140000,1.000000,1.000000,1.000000
sweep,short,dmd,32,17,negative-source,cpp-approved-execution,6,51.975,0.000,6.872000,6.852000,6.920000,1.000000,1.000000,1.000000,4.918000,4.888000,5.140000
sweep,short,dmd,32,17,padded,original,6,358.316,2.727,1.000000,1.000000,1.000000,6.894000,6.804000,6.992000,0.701111,0.689931,0.712522
sweep,short,dmd,32,17,padded,selected64,6,368.711,1.353,0.970644,0.960474,0.992618,7.094000,7.044000,7.140000,0.682951,0.676190,0.684838
sweep,short,dmd,32,17,padded,vector16store,6,251.455,0.744,1.426319,1.403465,1.449420,4.838000,4.824000,4.860000,1.000000,1.000000,1.000000
sweep,short,dmd,32,17,padded,cpp-approved-execution,6,51.975,0.000,6.894000,6.804000,6.992000,1.000000,1.000000,1.000000,4.838000,4.824000,4.860000
sweep,short,dmd,32,17,repeated-source,original,6,356.965,1.165,1.000000,1.000000,1.000000,6.868000,6.832000,6.912000,0.706620,0.703898,0.709016
sweep,short,dmd,32,17,repeated-source,selected64,6,369.647,1.969,0.968545,0.952752,0.972222,7.112000,7.056000,7.196000,0.682501,0.673152,0.687747
sweep,short,dmd,32,17,repeated-source,vector16store,6,251.871,0.743,1.415188,1.410405,1.420661,4.846000,4.840000,4.876000,1.000000,1.000000,1.000000
sweep,short,dmd,32,17,repeated-source,cpp-approved-execution,6,51.975,0.000,6.868000,6.832000,6.912000,1.000000,1.000000,1.000000,4.846000,4.840000,4.876000
sweep,short,dmd,32,17,universal,original,6,4645.634,4.216,1.000000,1.000000,1.000000,14.858717,14.228677,15.263861,1.003656,0.992007,1.018544
sweep,short,dmd,32,17,universal,selected64,6,4676.403,4.006,0.995397,0.989754,1.002025,14.920508,14.241038,15.410822,0.999774,0.990328,1.008108
sweep,short,dmd,32,17,universal,vector16store,6,4672.661,4.529,0.996358,0.981794,1.008058,14.851046,14.282447,15.411490,1.000000,1.000000,1.000000
sweep,short,dmd,32,17,universal,cpp-approved-execution,6,311.227,8.150,14.858717,14.228677,15.263861,1.000000,1.000000,1.000000,14.851046,14.282447,15.411490
sweep,short,dmd,32,128,contiguous,original,6,2340.625,26.035,1.000000,1.000000,1.000000,7.151572,6.871560,8.990476,0.427570,0.341102,0.431242
sweep,short,dmd,32,128,contiguous,selected64,6,2342.188,0.133,0.999666,0.999333,1.259506,7.121180,6.876147,7.201923,0.429953,0.424566,0.430954
sweep,short,dmd,32,128,contiguous,vector16store,6,1007.031,1.552,2.338913,2.318885,2.931677,3.057282,2.963303,3.071429,1.000000,1.000000,1.000000
sweep,short,dmd,32,128,contiguous,cpp-approved-execution,6,328.906,4.751,7.151572,6.871560,8.990476,1.000000,1.000000,1.000000,3.057282,2.963303,3.071429
sweep,short,dmd,32,128,negative-both,original,6,1912.500,1.389,1.000000,1.000000,1.000000,4.763672,4.675573,4.805447,0.572012,0.568421,0.582102
sweep,short,dmd,32,128,negative-both,selected64,6,2032.812,2.383,0.942097,0.927218,0.945988,5.041016,4.965517,5.172549,0.538292,0.531463,0.550466
sweep,short,dmd,32,128,negative-both,vector16store,6,1095.312,1.569,1.748217,1.717913,1.759259,2.729040,2.675573,2.769531,1.000000,1.000000,1.000000
sweep,short,dmd,32,128,negative-both,cpp-approved-execution,6,400.781,2.729,4.763672,4.675573,4.805447,1.000000,1.000000,1.000000,2.729040,2.675573,2.769531
sweep,short,dmd,32,128,negative-source,original,6,1909.375,0.818,1.000000,1.000000,1.000000,4.776930,4.620301,4.815686,0.570031,0.567941,0.575062
sweep,short,dmd,32,128,negative-source,selected64,6,2028.906,0.308,0.941086,0.939137,0.946800,5.080247,4.890977,5.094118,0.536952,0.536210,0.540062
sweep,short,dmd,32,128,negative-source,vector16store,6,1090.625,0.716,1.754294,1.738944,1.760745,2.727987,2.624060,2.741176,1.000000,1.000000,1.000000
sweep,short,dmd,32,128,negative-source,cpp-approved-execution,6,399.219,4.305,4.776930,4.620301,4.815686,1.000000,1.000000,1.000000,2.727987,2.624060,2.741176
sweep,short,dmd,32,128,padded,original,6,1900.000,1.809,1.000000,1.000000,1.000000,4.718992,4.602273,4.828125,0.572252,0.569787,0.580937
sweep,short,dmd,32,128,padded,selected64,6,2012.500,1.242,0.944834,0.941815,0.950038,4.992248,4.867424,5.082031,0.540047,0.539178,0.548487
sweep,short,dmd,32,128,padded,vector16store,6,1085.938,2.158,1.747482,1.721358,1.755043,2.715009,2.628788,2.769531,1.000000,1.000000,1.000000
sweep,short,dmd,32,128,padded,cpp-approved-execution,6,403.125,3.876,4.718992,4.602273,4.828125,1.000000,1.000000,1.000000,2.715009,2.628788,2.769531
sweep,short,dmd,32,128,repeated-source,original,6,1900.781,68.146,1.000000,1.000000,1.000000,4.971311,4.801587,5.156962,0.575596,0.572848,0.577686
sweep,short,dmd,32,128,repeated-source,selected64,6,1983.594,70.658,0.955492,0.942619,0.961265,5.202869,5.015873,5.470886,0.549122,0.540953,0.553360
sweep,short,dmd,32,128,repeated-source,vector16store,6,1094.531,68.094,1.737330,1.731044,1.745665,2.854508,2.773810,2.959494,1.000000,1.000000,1.000000
sweep,short,dmd,32,128,repeated-source,cpp-approved-execution,6,385.938,61.538,4.971311,4.801587,5.156962,1.000000,1.000000,1.000000,2.854508,2.773810,2.959494
sweep,short,dmd,32,128,universal,original,6,34276.562,38.405,1.000000,1.000000,1.000000,14.648837,11.063550,14.830554,1.002799,0.997301,1.040737
sweep,short,dmd,32,128,universal,selected64,6,34362.500,33.485,1.002007,0.993322,1.038642,14.690639,10.651936,14.735824,1.001856,0.996495,1.080953
sweep,short,dmd,32,128,universal,vector16store,6,34463.281,43.674,0.997218,0.960858,1.002706,14.691190,11.514244,14.790527,1.000000,1.000000,1.000000
sweep,short,dmd,32,128,universal,cpp-approved-execution,6,2336.719,83.183,14.648837,11.063550,14.830554,1.000000,1.000000,1.000000,14.691190,11.514244,14.790527
sweep,short,dmd,33,1,contiguous,original,6,66.357,94.077,1.000000,1.000000,1.000000,11.139344,11.094262,11.729508,0.904378,0.855346,0.917173
sweep,short,dmd,33,1,contiguous,selected64,6,66.956,93.929,0.990948,0.904128,1.048352,11.239754,11.188525,12.311475,0.897749,0.813582,0.909913
sweep,short,dmd,33,1,contiguous,vector16store,6,59.912,97.148,1.105759,1.090307,1.169118,10.057377,10.016393,10.634361,1.000000,1.000000,1.000000
sweep,short,dmd,33,1,contiguous,cpp-approved-execution,6,5.957,86.066,11.139344,11.094262,11.729508,1.000000,1.000000,1.000000,10.057377,10.016393,10.634361
sweep,short,dmd,33,1,negative-both,original,6,67.993,92.424,1.000000,1.000000,1.000000,10.752896,10.513514,11.413127,0.898908,0.829161,0.910342
sweep,short,dmd,33,1,negative-both,selected64,6,71.033,90.084,0.987825,0.867197,1.061400,11.192977,10.590734,12.123552,0.867981,0.784713,0.899547
sweep,short,dmd,33,1,negative-both,vector16store,6,60.046,87.010,1.112471,1.098488,1.206038,9.496139,9.463320,9.957529,1.000000,1.000000,1.000000
sweep,short,dmd,33,1,negative-both,cpp-approved-execution,6,6.323,83.012,10.752896,10.513514,11.413127,1.000000,1.000000,1.000000,9.496139,9.463320,9.957529
sweep,short,dmd,33,1,negative-source,original,6,66.406,98.603,1.000000,1.000000,1.000000,10.501931,10.432432,11.603448,0.904013,0.812036,0.910807
sweep,short,dmd,33,1,negative-source,selected64,6,67.383,101.739,0.988034,0.903795,0.993030,10.656371,10.517375,11.922414,0.888951,0.790311,0.903451
sweep,short,dmd,33,1,negative-source,vector16store,6,60.046,78.512,1.106180,1.097928,1.231473,9.474903,9.422414,9.521236,1.000000,1.000000,1.000000
sweep,short,dmd,33,1,negative-source,cpp-approved-execution,6,6.323,79.151,10.501931,10.432432,11.603448,1.000000,1.000000,1.000000,9.474903,9.422414,9.521236
sweep,short,dmd,33,1,padded,original,6,70.337,37.661,1.000000,1.000000,1.000000,10.750965,8.571429,11.521236,0.899174,0.836126,1.125926
sweep,short,dmd,33,1,padded,selected64,6,67.786,71.709,1.016760,0.801697,1.066095,10.689434,10.517375,10.806950,0.896055,0.879713,0.930718
sweep,short,dmd,33,1,padded,vector16store,6,60.632,72.760,1.112257,0.888158,1.195992,9.588803,9.455598,9.803089,1.000000,1.000000,1.000000
sweep,short,dmd,33,1,padded,cpp-approved-execution,6,6.323,70.270,10.750965,8.571429,11.521236,1.000000,1.000000,1.000000,9.588803,9.455598,9.803089
sweep,short,dmd,33,1,repeated-source,original,6,65.930,0.370,1.000000,1.000000,1.000000,10.418919,9.684588,10.444015,0.908654,0.905996,0.910675
sweep,short,dmd,33,1,repeated-source,selected64,6,66.772,16.856,0.986653,0.846033,0.991569,10.554054,9.788530,12.312741,0.895431,0.770461,0.901760
sweep,short,dmd,33,1,repeated-source,vector16store,6,59.863,0.489,1.100530,1.098087,1.103758,9.467181,8.774194,9.498069,1.000000,1.000000,1.000000
sweep,short,dmd,33,1,repeated-source,cpp-approved-execution,6,6.323,7.722,10.418919,9.684588,10.444015,1.000000,1.000000,1.000000,9.467181,8.774194,9.498069
sweep,short,dmd,33,1,universal,original,6,394.678,1.955,1.000000,1.000000,1.000000,18.443828,18.331813,18.713470,1.008020,0.995860,1.010388
sweep,short,dmd,33,1,universal,selected64,6,396.741,4.763,0.994800,0.954785,1.014984,18.540226,18.405251,19.266819,0.997725,0.961887,1.023714
sweep,short,dmd,33,1,universal,vector16store,6,397.205,2.563,0.992044,0.989719,1.004157,18.561911,18.398402,18.874429,1.000000,1.000000,1.000000
sweep,short,dmd,33,1,universal,cpp-approved-execution,6,21.399,0.114,18.443828,18.331813,18.713470,1.000000,1.000000,1.000000,18.561911,18.398402,18.874429
sweep,short,dmd,33,17,contiguous,original,6,367.024,0.583,1.000000,1.000000,1.000000,8.423645,8.360976,8.453202,0.507163,0.505539,0.511655
sweep,short,dmd,33,17,contiguous,selected64,6,367.559,1.049,0.997084,0.989607,0.999418,8.453202,8.375610,8.532020,0.505389,0.500577,0.511357
sweep,short,dmd,33,17,contiguous,vector16store,6,185.653,1.269,1.971756,1.954442,1.978085,4.270936,4.234146,4.325123,1.000000,1.000000,1.000000
sweep,short,dmd,33,17,contiguous,cpp-approved-execution,6,43.469,0.985,8.423645,8.360976,8.453202,1.000000,1.000000,1.000000,4.270936,4.234146,4.325123
sweep,short,dmd,33,17,negative-both,original,6,365.846,3.922,1.000000,1.000000,1.000000,5.771959,5.693333,5.962838,0.724108,0.704816,0.731449
sweep,short,dmd,33,17,negative-both,selected64,6,373.555,25.050,0.976502,0.792575,1.027357,5.893581,5.736667,7.280405,0.711680,0.572158,0.724098
sweep,short,dmd,33,17,negative-both,vector16store,6,265.418,0.887,1.381010,1.367150,1.418810,4.187500,4.123333,4.202703,1.000000,1.000000,1.000000
sweep,short,dmd,33,17,negative-both,cpp-approved-execution,6,63.383,1.351,5.771959,5.693333,5.962838,1.000000,1.000000,1.000000,4.187500,4.123333,4.202703
sweep,short,dmd,33,17,negative-source,original,6,368.415,4.475,1.000000,1.000000,1.000000,5.750000,5.711409,5.808081,0.714038,0.691962,0.720917
sweep,short,dmd,33,17,negative-source,selected64,6,372.912,1.436,0.981860,0.977260,1.020069,5.842028,5.607717,5.902685,0.704257,0.698178,0.707612
sweep,short,dmd,33,17,negative-source,vector16store,6,262.634,0.734,1.400497,1.387123,1.445167,4.114286,3.958199,4.130872,1.000000,1.000000,1.000000
sweep,short,dmd,33,17,negative-source,cpp-approved-execution,6,63.812,4.698,5.750000,5.711409,5.808081,1.000000,1.000000,1.000000,4.114286,3.958199,4.130872
sweep,short,dmd,33,17,padded,original,6,366.488,1.870,1.000000,1.000000,1.000000,5.809137,5.735593,5.859589,0.708942,0.701856,0.714539
sweep,short,dmd,33,17,padded,selected64,6,370.128,2.777,0.989535,0.976096,0.993039,5.883203,5.793220,5.955932,0.701763,0.688674,0.707657
sweep,short,dmd,33,17,padded,vector16store,6,259.101,0.909,1.410568,1.399504,1.424793,4.106970,4.074074,4.167808,1.000000,1.000000,1.000000
sweep,short,dmd,33,17,padded,cpp-approved-execution,6,63.169,1.695,5.809137,5.735593,5.859589,1.000000,1.000000,1.000000,4.106970,4.074074,4.167808
sweep,short,dmd,33,17,repeated-source,original,6,368.737,4.413,1.000000,1.000000,1.000000,5.799802,5.453988,5.904110,0.706243,0.697975,0.712103
sweep,short,dmd,33,17,repeated-source,selected64,6,374.411,4.404,0.988435,0.973684,0.999419,5.847826,5.515337,5.938983,0.695167,0.690211,0.704823
sweep,short,dmd,33,17,repeated-source,vector16store,6,260.493,2.384,1.415944,1.404290,1.432716,4.094394,3.806748,4.178082,1.000000,1.000000,1.000000
sweep,short,dmd,33,17,repeated-source,cpp-approved-execution,6,63.597,11.448,5.799802,5.453988,5.904110,1.000000,1.000000,1.000000,4.094394,3.806748,4.178082
sweep,short,dmd,33,17,universal,original,6,4765.203,6.242,1.000000,1.000000,1.000000,14.630835,14.537147,15.440210,0.998966,0.979915,1.048550
sweep,short,dmd,33,17,universal,selected64,6,4844.325,3.709,1.000427,0.962671,1.026332,14.868879,14.612755,15.164366,1.001095,0.995003,1.010913
sweep,short,dmd,33,17,universal,vector16store,6,4858.672,4.817,1.001036,0.953698,1.020497,14.912875,14.588429,15.307035,1.000000,1.000000,1.000000
sweep,short,dmd,33,17,universal,cpp-approved-execution,6,325.696,0.066,14.630835,14.537147,15.440210,1.000000,1.000000,1.000000,14.912875,14.588429,15.307035
sweep,short,dmd,33,128,contiguous,original,6,2412.097,36.710,1.000000,1.000000,1.000000,7.104548,7.080569,9.682464,0.439759,0.322565,0.442513
sweep,short,dmd,33,128,contiguous,selected64,6,2411.290,0.067,1.000669,0.999331,1.366555,7.085308,7.085308,7.119048,0.440281,0.439465,0.442809
sweep,short,dmd,33,128,contiguous,vector16store,6,1061.290,0.760,2.273973,2.259819,3.100152,3.125897,3.113744,3.138095,1.000000,1.000000,1.000000
sweep,short,dmd,33,128,contiguous,cpp-approved-execution,6,340.323,0.474,7.104548,7.080569,9.682464,1.000000,1.000000,1.000000,3.125897,3.113744,3.138095
sweep,short,dmd,33,128,negative-both,original,6,1981.452,0.326,1.000000,1.000000,1.000000,3.967695,3.849530,3.974110,0.592592,0.587469,0.597076
sweep,short,dmd,33,128,negative-both,selected64,6,2011.290,0.642,0.984363,0.981629,0.987138,4.022622,3.912226,4.038710,0.584337,0.576677,0.587061
sweep,short,dmd,33,128,negative-both,vector16store,6,1173.387,1.787,1.687502,1.674830,1.702216,2.352182,2.266458,2.370968,1.000000,1.000000,1.000000
sweep,short,dmd,33,128,negative-both,cpp-approved-execution,6,500.000,3.226,3.967695,3.849530,3.974110,1.000000,1.000000,1.000000,2.352182,2.266458,2.370968
sweep,short,dmd,33,128,negative-source,original,6,1982.258,0.732,1.000000,1.000000,1.000000,3.969256,3.864780,3.996753,0.588283,0.586656,0.591503
sweep,short,dmd,33,128,negative-source,selected64,6,2012.903,0.481,0.984381,0.977600,0.987942,4.030744,3.924528,4.071661,0.578695,0.577600,0.581994
sweep,short,dmd,33,128,negative-source,vector16store,6,1165.323,0.415,1.699865,1.690608,1.704577,2.343042,2.267296,2.351792,1.000000,1.000000,1.000000
sweep,short,dmd,33,128,negative-source,cpp-approved-execution,6,498.387,3.560,3.969256,3.864780,3.996753,1.000000,1.000000,1.000000,2.343042,2.267296,2.351792
sweep,short,dmd,33,128,padded,original,6,1969.355,0.573,1.000000,1.000000,1.000000,4.009858,3.973941,4.029605,0.588693,0.587224,0.591954
sweep,short,dmd,33,128,padded,selected64,6,2004.839,0.724,0.983864,0.979150,0.987107,4.075432,4.055375,4.085809,0.578037,0.576584,0.582595
sweep,short,dmd,33,128,padded,vector16store,6,1160.484,0.834,1.698678,1.689320,1.702929,2.355747,2.338762,2.379538,1.000000,1.000000,1.000000
sweep,short,dmd,33,128,padded,cpp-approved-execution,6,491.935,1.311,4.009858,3.973941,4.029605,1.000000,1.000000,1.000000,2.355747,2.338762,2.379538
sweep,short,dmd,33,128,repeated-source,original,6,1953.226,0.495,1.000000,1.000000,1.000000,4.175912,4.053691,4.222997,0.592073,0.591887,0.594059
sweep,short,dmd,33,128,repeated-source,selected64,6,1981.452,51.526,0.985738,0.653391,0.986971,4.244842,4.110738,6.429066,0.583537,0.387513,0.586319
sweep,short,dmd,33,128,repeated-source,vector16store,6,1156.452,0.697,1.688982,1.683333,1.689510,2.472443,2.399329,2.508711,1.000000,1.000000,1.000000
sweep,short,dmd,33,128,repeated-source,cpp-approved-execution,6,467.742,3.793,4.175912,4.053691,4.222997,1.000000,1.000000,1.000000,2.472443,2.399329,2.508711
sweep,short,dmd,33,128,universal,original,6,35402.419,3.317,1.000000,1.000000,1.000000,14.705489,14.599331,15.091823,1.005014,1.002502,1.010739
sweep,short,dmd,33,128,universal,selected64,6,35422.581,2.887,0.997517,0.979059,1.007788,14.732443,14.638796,15.054886,1.003837,0.986751,1.013158
sweep,short,dmd,33,128,universal,vector16store,6,35530.645,3.232,0.995011,0.989375,0.997504,14.789527,14.665552,15.172252,1.000000,1.000000,1.000000
sweep,short,dmd,33,128,universal,cpp-approved-execution,6,2408.065,0.402,14.705489,14.599331,15.091823,1.000000,1.000000,1.000000,14.789527,14.665552,15.172252
sweep,short,dmd,47,1,contiguous,original,6,81.653,16.864,1.000000,1.000000,1.000000,8.871353,8.005305,9.501326,0.832412,0.780849,0.918820
sweep,short,dmd,47,1,contiguous,selected64,6,74.377,17.036,1.046158,0.978599,1.181398,8.080902,8.015915,9.392573,0.912029,0.784807,0.922493
sweep,short,dmd,47,1,contiguous,vector16store,6,67.871,0.971,1.201328,1.088352,1.280658,7.374005,7.347480,7.419098,1.000000,1.000000,1.000000
sweep,short,dmd,47,1,contiguous,cpp-approved-execution,6,9.204,0.000,8.871353,8.005305,9.501326,1.000000,1.000000,1.000000,7.374005,7.347480,7.419098
sweep,short,dmd,47,1,negative-both,original,6,74.451,9.477,1.000000,1.000000,1.000000,7.859536,7.768041,8.512887,0.914296,0.839237,0.932316
sweep,short,dmd,47,1,negative-both,selected64,6,77.393,15.678,0.969698,0.866856,1.082596,8.170103,7.778351,9.059278,0.885715,0.791465,0.931080
sweep,short,dmd,47,1,negative-both,vector16store,6,68.066,2.367,1.093739,1.072598,1.191558,7.185567,7.144330,7.314433,1.000000,1.000000,1.000000
sweep,short,dmd,47,1,negative-both,cpp-approved-execution,6,9.473,0.000,7.859536,7.768041,8.512887,1.000000,1.000000,1.000000,7.185567,7.144330,7.314433
sweep,short,dmd,47,1,negative-source,original,6,73.523,6.309,1.000000,1.000000,1.000000,7.761598,7.721649,8.211340,0.923958,0.892028,0.939252
sweep,short,dmd,47,1,negative-source,selected64,6,79.358,16.767,0.926968,0.835563,1.046993,8.377577,7.842784,9.247423,0.854376,0.777592,0.933947
sweep,short,dmd,47,1,negative-source,vector16store,6,68.103,2.366,1.082301,1.064677,1.121042,7.189433,7.154639,7.324742,1.000000,1.000000,1.000000
sweep,short,dmd,47,1,negative-source,cpp-approved-execution,6,9.473,0.000,7.761598,7.721649,8.211340,1.000000,1.000000,1.000000,7.189433,7.154639,7.324742
sweep,short,dmd,47,1,padded,original,6,75.073,7.285,1.000000,1.000000,1.000000,7.925258,7.811856,8.389175,0.906347,0.854992,0.928736
sweep,short,dmd,47,1,padded,selected64,6,77.002,9.797,1.000694,0.918636,1.063031,8.128866,7.819588,8.615979,0.882518,0.840862,0.913975
sweep,short,dmd,47,1,padded,vector16store,6,67.932,1.509,1.103343,1.076732,1.169601,7.171392,7.146907,7.255155,1.000000,1.000000,1.000000
sweep,short,dmd,47,1,padded,cpp-approved-execution,6,9.473,0.000,7.925258,7.811856,8.389175,1.000000,1.000000,1.000000,7.171392,7.146907,7.255155
sweep,short,dmd,47,1,repeated-source,original,6,73.621,13.795,1.000000,1.000000,1.000000,7.771907,7.726804,8.798969,0.921358,0.816930,0.929900
sweep,short,dmd,47,1,repeated-source,selected64,6,77.832,12.704,0.948946,0.875328,1.124506,8.216495,7.798969,8.842784,0.876877,0.808759,0.923178
sweep,short,dmd,47,1,repeated-source,vector16store,6,68.091,1.076,1.085363,1.075384,1.224095,7.188144,7.139175,7.216495,1.000000,1.000000,1.000000
sweep,short,dmd,47,1,repeated-source,cpp-approved-execution,6,9.473,0.000,7.771907,7.726804,8.798969,1.000000,1.000000,1.000000,7.188144,7.139175,7.216495
sweep,short,dmd,47,1,universal,original,6,508.508,5.526,1.000000,1.000000,1.000000,17.554587,17.463353,18.417508,1.010068,0.981536,1.028637
sweep,short,dmd,47,1,universal,selected64,6,512.231,1.096,0.993844,0.980651,1.046489,17.683106,17.599327,17.807919,1.003653,0.989687,1.027659
sweep,short,dmd,47,1,universal,vector16store,6,513.403,3.733,0.990033,0.972161,1.018812,17.716091,17.570826,18.202020,1.000000,1.000000,1.000000
sweep,short,dmd,47,1,universal,cpp-approved-execution,6,28.979,0.168,17.554587,17.463353,18.417508,1.000000,1.000000,1.000000,17.716091,17.570826,18.202020
sweep,short,dmd,47,17,contiguous,original,6,495.427,0.985,1.000000,1.000000,1.000000,7.828944,7.719048,7.870192,0.633816,0.629200,0.636027
sweep,short,dmd,47,17,contiguous,selected64,6,497.409,0.245,0.996016,0.992652,1.004911,7.841346,7.776190,7.884058,0.631127,0.630515,0.632290
sweep,short,dmd,47,17,contiguous,vector16store,6,313.872,0.194,1.577745,1.572260,1.589320,4.949519,4.909524,4.971014,1.000000,1.000000,1.000000
sweep,short,dmd,47,17,contiguous,cpp-approved-execution,6,63.415,1.442,7.828944,7.719048,7.870192,1.000000,1.000000,1.000000,4.949519,4.909524,4.971014
sweep,short,dmd,47,17,negative-both,original,6,463.720,1.118,1.000000,1.000000,1.000000,4.048000,3.992126,4.080000,0.843982,0.837255,0.849441
sweep,short,dmd,47,17,negative-both,selected64,6,472.713,1.935,0.982924,0.969872,0.995425,4.122667,4.070866,4.160000,0.827621,0.822436,0.837908
sweep,short,dmd,47,17,negative-both,vector16store,6,390.854,1.170,1.184867,1.177245,1.194379,3.417333,3.391076,3.421333,1.000000,1.000000,1.000000
sweep,short,dmd,47,17,negative-both,cpp-approved-execution,6,114.329,1.600,4.048000,3.992126,4.080000,1.000000,1.000000,1.000000,3.417333,3.391076,3.421333
sweep,short,dmd,47,17,negative-source,original,6,461.585,1.585,1.000000,1.000000,1.000000,4.037333,4.005333,4.069333,0.846685,0.840105,0.858855
sweep,short,dmd,47,17,negative-source,selected64,6,471.189,6.082,0.978005,0.939431,0.994094,4.121333,4.064000,4.314667,0.829035,0.796044,0.840551
sweep,short,dmd,47,17,negative-source,vector16store,6,390.854,0.780,1.181078,1.164341,1.190328,3.418667,3.413333,3.440000,1.000000,1.000000,1.000000
sweep,short,dmd,47,17,negative-source,cpp-approved-execution,6,114.329,0.000,4.037333,4.005333,4.069333,1.000000,1.000000,1.000000,3.418667,3.413333,3.440000
sweep,short,dmd,47,17,padded,original,6,460.671,1.919,1.000000,1.000000,1.000000,4.029333,3.994667,4.072000,0.840834,0.830386,0.852470
sweep,short,dmd,47,17,padded,selected64,6,469.970,2.919,0.981445,0.967700,1.002653,4.110667,4.021333,4.141333,0.825935,0.814552,0.842175
sweep,short,dmd,47,17,padded,vector16store,6,387.195,0.945,1.189296,1.173062,1.204259,3.386667,3.373333,3.405333,1.000000,1.000000,1.000000
sweep,short,dmd,47,17,padded,cpp-approved-execution,6,114.329,0.000,4.029333,3.994667,4.072000,1.000000,1.000000,1.000000,3.386667,3.373333,3.405333
sweep,short,dmd,47,17,repeated-source,original,6,463.720,1.775,1.000000,1.000000,1.000000,4.040000,3.992188,4.082667,0.837377,0.833224,0.851092
sweep,short,dmd,47,17,repeated-source,selected64,6,471.341,13.260,0.984469,0.887022,0.998685,4.098667,4.031250,4.602667,0.828143,0.742758,0.836292
sweep,short,dmd,47,17,repeated-source,vector16store,6,389.329,1.331,1.194205,1.174961,1.200158,3.394667,3.333333,3.429333,1.000000,1.000000,1.000000
sweep,short,dmd,47,17,repeated-source,cpp-approved-execution,6,114.329,2.400,4.040000,3.992188,4.082667,1.000000,1.000000,1.000000,3.394667,3.333333,3.429333
sweep,short,dmd,47,17,universal,original,6,6818.445,4.950,1.000000,1.000000,1.000000,14.994641,14.747319,15.489276,1.000227,0.961272,1.007292
sweep,short,dmd,47,17,universal,selected64,6,6772.409,2.521,1.006217,0.999591,1.024925,14.893380,14.747150,15.112601,1.003810,0.985232,1.010003
sweep,short,dmd,47,17,universal,vector16store,6,6791.463,2.258,0.999773,0.992761,1.040288,14.935315,14.754021,15.091153,1.000000,1.000000,1.000000
sweep,short,dmd,47,17,universal,cpp-approved-execution,6,454.878,0.067,14.994641,14.747319,15.489276,1.000000,1.000000,1.000000,14.935315,14.754021,15.091153
sweep,short,dmd,47,128,contiguous,original,6,3393.023,0.411,1.000000,1.000000,1.000000,6.931468,6.817757,6.990385,0.603501,0.602740,0.605479
sweep,short,dmd,47,128,contiguous,selected64,6,3394.186,0.137,0.999315,0.996573,1.000685,6.936219,6.817757,7.014423,0.603082,0.601097,0.605894
sweep,short,dmd,47,128,contiguous,vector16store,6,2047.674,0.795,1.656999,1.651584,1.659091,4.180735,4.116822,4.216346,1.000000,1.000000,1.000000
sweep,short,dmd,47,128,contiguous,cpp-approved-execution,6,489.535,2.850,6.931468,6.817757,6.990385,1.000000,1.000000,1.000000,4.180735,4.116822,4.216346
sweep,short,dmd,47,128,negative-both,original,6,2717.442,0.428,1.000000,1.000000,1.000000,3.128694,3.111702,3.165312,0.786234,0.783761,0.789203
sweep,short,dmd,47,128,negative-both,selected64,6,2733.721,17.184,0.994043,0.852770,0.997442,3.149733,3.119681,3.678284,0.781756,0.669825,0.784615
sweep,short,dmd,47,128,negative-both,vector16store,6,2136.047,0.435,1.271888,1.267101,1.275900,2.463187,2.438830,2.485095,1.000000,1.000000,1.000000
sweep,short,dmd,47,128,negative-both,cpp-approved-execution,6,868.605,1.874,3.128694,3.111702,3.165312,1.000000,1.000000,1.000000,2.463187,2.438830,2.485095
sweep,short,dmd,47,128,negative-source,original,6,2705.814,6.876,1.000000,1.000000,1.000000,3.094426,3.079156,3.265789,0.789428,0.742949,0.794143
sweep,short,dmd,47,128,negative-source,selected64,6,2739.535,6.282,0.987283,0.986406,0.992006,3.132994,3.118734,3.292105,0.779711,0.737010,0.783347
sweep,short,dmd,47,128,negative-source,vector16store,6,2139.535,0.543,1.266740,1.259219,1.345987,2.440318,2.422164,2.478495,1.000000,1.000000,1.000000
sweep,short,dmd,47,128,negative-source,cpp-approved-execution,6,876.744,2.122,3.094426,3.079156,3.265789,1.000000,1.000000,1.000000,2.440318,2.422164,2.478495
sweep,short,dmd,47,128,padded,original,6,2710.465,0.601,1.000000,1.000000,1.000000,3.095621,3.068602,3.153639,0.788865,0.785592,0.791058
sweep,short,dmd,47,128,padded,selected64,6,2737.209,27.358,0.989797,0.780455,0.994881,3.141758,3.097625,3.962865,0.779950,0.617135,0.783646
sweep,short,dmd,47,128,padded,vector16store,6,2138.372,0.761,1.267644,1.264130,1.272926,2.442227,2.427441,2.487871,1.000000,1.000000,1.000000
sweep,short,dmd,47,128,padded,cpp-approved-execution,6,875.581,2.125,3.095621,3.068602,3.153639,1.000000,1.000000,1.000000,2.442227,2.427441,2.487871
sweep,short,dmd,47,128,repeated-source,original,6,2698.837,0.345,1.000000,1.000000,1.000000,3.108598,3.096000,3.152174,0.789497,0.788793,0.792062
sweep,short,dmd,47,128,repeated-source,selected64,6,2723.256,0.256,0.991037,0.989761,0.993168,3.135415,3.122667,3.184783,0.783761,0.780717,0.784615
sweep,short,dmd,47,128,repeated-source,vector16store,6,2132.558,0.436,1.266630,1.262527,1.267760,2.459204,2.442667,2.486413,1.000000,1.000000,1.000000
sweep,short,dmd,47,128,repeated-source,cpp-approved-execution,6,867.442,1.877,3.108598,3.096000,3.152174,1.000000,1.000000,1.000000,2.459204,2.442667,2.486413
sweep,short,dmd,47,128,universal,original,6,50808.140,2.957,1.000000,1.000000,1.000000,14.935728,14.789256,15.116231,1.002520,0.996406,1.013427
sweep,short,dmd,47,128,universal,selected64,6,50044.186,1.966,1.010291,1.001117,1.020766,14.788985,14.572966,15.007581,1.013472,1.004701,1.034472
sweep,short,dmd,47,128,universal,vector16store,6,50780.233,3.797,0.997488,0.986751,1.003607,15.027850,14.857536,15.129566,1.000000,1.000000,1.000000
sweep,short,dmd,47,128,universal,cpp-approved-execution,6,3377.907,2.478,14.935728,14.789256,15.116231,1.000000,1.000000,1.000000,15.027850,14.857536,15.129566
sweep,short,dmd,63,1,contiguous,original,6,82.214,16.273,1.000000,1.000000,1.000000,7.985782,7.532438,9.268409,0.859478,0.740390,0.889219
sweep,short,dmd,63,1,contiguous,selected64,6,90.894,16.841,0.902864,0.870229,1.063215,8.843230,7.682327,9.646081,0.775981,0.704999,0.871870
sweep,short,dmd,63,1,contiguous,vector16store,6,70.667,4.526,1.163507,1.124582,1.350640,6.844418,6.697987,6.923990,1.000000,1.000000,1.000000
sweep,short,dmd,63,1,contiguous,cpp-approved-execution,6,10.278,6.176,7.985782,7.532438,9.268409,1.000000,1.000000,1.000000,6.844418,6.697987,6.923990
sweep,short,dmd,63,1,negative-both,original,6,89.612,77.237,1.000000,1.000000,1.000000,8.486643,7.791667,9.105727,0.786706,0.643606,0.854427
sweep,short,dmd,63,1,negative-both,selected64,6,83.337,94.185,1.032060,0.852533,1.094329,7.887838,7.851852,9.701909,0.845319,0.604056,0.847877
sweep,short,dmd,63,1,negative-both,vector16store,6,70.312,38.715,1.271153,1.170376,1.553746,6.662037,5.860499,6.685912,1.000000,1.000000,1.000000
sweep,short,dmd,63,1,negative-both,cpp-approved-execution,6,10.559,57.572,8.486643,7.791667,9.105727,1.000000,1.000000,1.000000,6.662037,5.860499,6.685912
sweep,short,dmd,63,1,negative-source,original,6,82.739,94.099,1.000000,1.000000,1.000000,7.841588,7.743056,9.320970,0.850083,0.658555,0.860389
sweep,short,dmd,63,1,negative-source,selected64,6,87.891,85.667,0.959799,0.927621,1.012239,8.323727,7.785219,9.208274,0.800003,0.666615,0.855532
sweep,short,dmd,63,1,negative-source,vector16store,6,70.386,49.879,1.176377,1.162265,1.518475,6.658199,6.138374,6.696759,1.000000,1.000000,1.000000
sweep,short,dmd,63,1,negative-source,cpp-approved-execution,6,10.559,62.197,7.841588,7.743056,9.320970,1.000000,1.000000,1.000000,6.658199,6.138374,6.696759
sweep,short,dmd,63,1,padded,original,6,88.171,87.831,1.000000,1.000000,1.000000,8.350256,7.810185,9.704388,0.793902,0.705140,0.863663
sweep,short,dmd,63,1,padded,selected64,6,82.922,93.390,1.016161,1.001224,1.232620,7.844111,7.791667,8.919509,0.852510,0.791832,0.869170
sweep,short,dmd,63,1,padded,vector16store,6,70.947,79.560,1.259619,1.157859,1.418157,6.719106,6.616628,7.062756,1.000000,1.000000,1.000000
sweep,short,dmd,63,1,padded,cpp-approved-execution,6,10.571,69.515,8.350256,7.810185,9.704388,1.000000,1.000000,1.000000,6.719106,6.616628,7.062756
sweep,short,dmd,63,1,repeated-source,original,6,82.349,1.779,1.000000,1.000000,1.000000,7.798857,7.732102,7.870670,0.858627,0.842430,0.894038
sweep,short,dmd,63,1,repeated-source,selected64,6,85.291,13.053,0.962019,0.878175,0.993296,8.068129,7.875000,8.909931,0.823247,0.785122,0.849057
sweep,short,dmd,63,1,repeated-source,vector16store,6,70.581,5.569,1.164656,1.118521,1.187043,6.684389,6.623557,6.995381,1.000000,1.000000,1.000000
sweep,short,dmd,63,1,repeated-source,cpp-approved-execution,6,10.571,0.231,7.798857,7.732102,7.870670,1.000000,1.000000,1.000000,6.684389,6.623557,6.995381
sweep,short,dmd,63,1,universal,original,6,646.948,3.506,1.000000,1.000000,1.000000,17.168814,17.014916,17.537766,0.999224,0.994025,1.015402
sweep,short,dmd,63,1,universal,selected64,6,643.335,2.083,1.004942,0.996506,1.012448,17.083982,17.022668,17.322143,1.006268,0.997230,1.016812
sweep,short,dmd,63,1,universal,vector16store,6,646.448,3.063,1.000778,0.984831,1.006011,17.149288,17.045396,17.559948,1.000000,1.000000,1.000000
sweep,short,dmd,63,1,universal,cpp-approved-execution,6,37.683,0.454,17.168814,17.014916,17.537766,1.000000,1.000000,1.000000,17.149288,17.045396,17.559948
sweep,short,dmd,63,17,contiguous,original,6,642.623,0.574,1.000000,1.000000,1.000000,7.152273,7.118182,7.159817,0.561622,0.558095,0.562500
sweep,short,dmd,63,17,contiguous,selected64,6,643.852,0.191,0.998090,0.994917,1.002546,7.147727,7.140909,7.173516,0.560153,0.559085,0.561426
sweep,short,dmd,63,17,contiguous,vector16store,6,360.861,0.341,1.780558,1.777778,1.791809,4.002273,3.995455,4.027397,1.000000,1.000000,1.000000
sweep,short,dmd,63,17,contiguous,cpp-approved-execution,6,90.164,0.455,7.152273,7.118182,7.159817,1.000000,1.000000,1.000000,4.002273,3.995455,4.027397
sweep,short,dmd,63,17,negative-both,original,6,576.844,14.991,1.000000,1.000000,1.000000,4.267179,4.176471,4.884498,0.757935,0.662726,0.761735
sweep,short,dmd,63,17,negative-both,selected64,6,585.861,13.641,0.985637,0.979791,1.000000,4.337398,4.229412,4.884498,0.746321,0.662726,0.755666
sweep,short,dmd,63,17,negative-both,vector16store,6,436.885,1.126,1.319375,1.312792,1.508920,3.236366,3.138235,3.243902,1.000000,1.000000,1.000000
sweep,short,dmd,63,17,negative-both,cpp-approved-execution,6,135.041,3.945,4.267179,4.176471,4.884498,1.000000,1.000000,1.000000,3.236366,3.138235,3.243902
sweep,short,dmd,63,17,negative-source,original,6,573.156,3.933,1.000000,1.000000,1.000000,4.219033,4.163793,4.335347,0.758498,0.740070,0.761258
sweep,short,dmd,63,17,negative-source,selected64,6,584.426,2.945,0.990091,0.966137,1.011989,4.280967,4.166667,4.398176,0.750530,0.731859,0.753551
sweep,short,dmd,63,17,negative-source,vector16store,6,435.041,3.015,1.318398,1.313615,1.351224,3.206949,3.135057,3.218845,1.000000,1.000000,1.000000
sweep,short,dmd,63,17,negative-source,cpp-approved-execution,6,135.656,5.740,4.219033,4.163793,4.335347,1.000000,1.000000,1.000000,3.206949,3.135057,3.218845
sweep,short,dmd,63,17,padded,original,6,573.770,1.143,1.000000,1.000000,1.000000,4.255319,4.205438,4.279635,0.758220,0.751778,0.762894
sweep,short,dmd,63,17,padded,selected64,6,576.025,1.281,0.997873,0.990747,1.007179,4.259135,4.234043,4.288754,0.755958,0.749114,0.762554
sweep,short,dmd,63,17,padded,vector16store,6,434.631,0.754,1.318895,1.310798,1.330180,3.223404,3.202417,3.237082,1.000000,1.000000,1.000000
sweep,short,dmd,63,17,padded,cpp-approved-execution,6,134.836,0.608,4.255319,4.205438,4.279635,1.000000,1.000000,1.000000,3.223404,3.202417,3.237082
sweep,short,dmd,63,17,repeated-source,original,6,576.230,1.849,1.000000,1.000000,1.000000,4.286585,4.210210,4.338415,0.754268,0.744202,0.759629
sweep,short,dmd,63,17,repeated-source,selected64,6,577.254,1.207,0.999289,0.988677,1.012091,4.286585,4.258258,4.307927,0.752929,0.750177,0.757316
sweep,short,dmd,63,17,repeated-source,vector16store,6,434.631,0.566,1.325789,1.316432,1.343720,3.231707,3.198198,3.237805,1.000000,1.000000,1.000000
sweep,short,dmd,63,17,repeated-source,cpp-approved-execution,6,134.426,1.524,4.286585,4.210210,4.338415,1.000000,1.000000,1.000000,3.231707,3.198198,3.237805
sweep,short,dmd,63,17,universal,original,6,9056.557,2.000,1.000000,1.000000,1.000000,15.042886,14.923758,15.235014,1.000465,0.997134,1.012436
sweep,short,dmd,63,17,universal,selected64,6,9101.639,2.724,0.999358,0.989216,1.003200,15.117767,14.889040,15.300885,1.001932,0.988810,1.011613
sweep,short,dmd,63,17,universal,vector16store,6,9096.721,2.500,0.999536,0.987716,1.002874,15.109598,14.917631,15.295439,1.000000,1.000000,1.000000
sweep,short,dmd,63,17,universal,cpp-approved-execution,6,602.049,0.068,15.042886,14.923758,15.235014,1.000000,1.000000,1.000000,15.109598,14.917631,15.295439
sweep,short,dmd,63,128,contiguous,original,6,4509.375,0.069,1.000000,1.000000,1.000000,6.693766,6.649770,6.769953,0.533264,0.532594,0.534304
sweep,short,dmd,63,128,contiguous,selected64,6,4510.938,1.524,0.999654,0.985656,1.000000,6.696081,6.658986,6.841121,0.533079,0.525273,0.533981
sweep,short,dmd,63,128,contiguous,vector16store,6,2404.688,0.390,1.875244,1.871595,1.877604,3.573105,3.552995,3.605634,1.000000,1.000000,1.000000
sweep,short,dmd,63,128,contiguous,cpp-approved-execution,6,673.438,1.856,6.693766,6.649770,6.769953,1.000000,1.000000,1.000000,3.573105,3.552995,3.605634
sweep,short,dmd,63,128,negative-both,original,6,3556.250,0.615,1.000000,1.000000,1.000000,3.470230,3.436364,3.501538,0.700396,0.699123,0.702109
sweep,short,dmd,63,128,negative-both,selected64,6,3570.312,24.245,0.994303,0.803672,0.997378,3.500033,3.445783,4.349693,0.696319,0.562059,0.700175
sweep,short,dmd,63,128,negative-both,vector16store,6,2490.625,0.878,1.427764,1.424280,1.430364,2.433584,2.406061,2.452308,1.000000,1.000000,1.000000
sweep,short,dmd,63,128,negative-both,cpp-approved-execution,6,1023.438,2.137,3.470230,3.436364,3.501538,1.000000,1.000000,1.000000,2.433584,2.406061,2.452308
sweep,short,dmd,63,128,negative-source,original,6,3556.250,1.142,1.000000,1.000000,1.000000,3.494611,3.471125,3.515432,0.699693,0.697981,0.704163
sweep,short,dmd,63,128,negative-source,selected64,6,3600.000,24.479,0.985670,0.795359,0.999123,3.542456,3.507599,4.375385,0.691605,0.559775,0.699123
sweep,short,dmd,63,128,negative-source,vector16store,6,2485.938,0.503,1.429198,1.420126,1.432704,2.451467,2.428571,2.461300,1.000000,1.000000,1.000000
sweep,short,dmd,63,128,negative-source,cpp-approved-execution,6,1014.062,1.849,3.494611,3.471125,3.515432,1.000000,1.000000,1.000000,2.451467,2.428571,2.461300
sweep,short,dmd,63,128,padded,original,6,3545.312,23.358,1.000000,1.000000,1.000000,3.497688,3.484568,4.250000,0.700750,0.568867,0.705049
sweep,short,dmd,63,128,padded,selected64,6,3570.312,28.884,0.993849,0.770123,1.217467,3.512346,3.490854,4.538700,0.695409,0.542974,0.700704
sweep,short,dmd,63,128,padded,vector16store,6,2484.375,0.377,1.427044,1.418342,1.757881,2.453704,2.417683,2.464396,1.000000,1.000000,1.000000
sweep,short,dmd,63,128,padded,cpp-approved-execution,6,1012.500,1.543,3.497688,3.484568,4.250000,1.000000,1.000000,1.000000,2.453704,2.417683,2.464396
sweep,short,dmd,63,128,repeated-source,original,6,3542.188,0.706,1.000000,1.000000,1.000000,3.500034,3.460366,3.524845,0.703409,0.700441,0.705413
sweep,short,dmd,63,128,repeated-source,selected64,6,3564.062,24.375,0.991641,0.802687,0.995602,3.529542,3.477064,4.391304,0.697938,0.562235,0.700088
sweep,short,dmd,63,128,repeated-source,vector16store,6,2484.375,0.755,1.421648,1.417610,1.427673,2.461300,2.434251,2.470405,1.000000,1.000000,1.000000
sweep,short,dmd,63,128,repeated-source,cpp-approved-execution,6,1009.375,2.167,3.500034,3.460366,3.524845,1.000000,1.000000,1.000000,2.461300,2.434251,2.470405
sweep,short,dmd,63,128,universal,original,6,67214.062,0.781,1.000000,1.000000,1.000000,14.972855,14.907639,15.055672,0.999234,0.989952,1.014718
sweep,short,dmd,63,128,universal,selected64,6,67065.625,1.062,1.003917,0.994671,1.007544,14.939783,14.850000,14.987500,1.002462,0.993725,1.018799
sweep,short,dmd,63,128,universal,vector16store,6,67276.562,1.891,1.000771,0.985495,1.010150,14.981559,14.856845,15.129167,1.000000,1.000000,1.000000
sweep,short,dmd,63,128,universal,cpp-approved-execution,6,4493.750,0.278,14.972855,14.907639,15.055672,1.000000,1.000000,1.000000,14.981559,14.856845,15.129167
sweep,short,dmd,64,1,contiguous,original,6,85.815,15.477,1.000000,1.000000,1.000000,11.176135,10.805732,12.538217,0.759241,0.686817,0.800472
sweep,short,dmd,64,1,contiguous,selected64,6,66.003,2.478,1.299416,1.243313,1.455991,8.593949,8.479365,8.719745,0.994462,0.976260,1.000000
sweep,short,dmd,64,1,contiguous,vector16store,6,65.295,2.019,1.317774,1.249264,1.455991,8.517516,8.449367,8.649682,1.000000,1.000000,1.000000
sweep,short,dmd,64,1,contiguous,cpp-approved-execution,6,7.666,0.637,11.176135,10.805732,12.538217,1.000000,1.000000,1.000000,8.517516,8.449367,8.649682
sweep,short,dmd,64,1,negative-both,original,6,87.488,18.529,1.000000,1.000000,1.000000,10.958716,10.452599,12.483180,0.744300,0.666095,0.799590
sweep,short,dmd,64,1,negative-both,selected64,6,66.809,3.910,1.338793,1.246535,1.494691,8.368502,8.171254,8.498471,0.995143,0.969829,0.996718
sweep,short,dmd,64,1,negative-both,vector16store,6,65.527,2.757,1.345327,1.250640,1.501287,8.207951,8.131498,8.357798,1.000000,1.000000,1.000000
sweep,short,dmd,64,1,negative-both,cpp-approved-execution,6,7.983,0.000,10.958716,10.452599,12.483180,1.000000,1.000000,1.000000,8.207951,8.131498,8.357798
sweep,short,dmd,64,1,negative-source,original,6,82.471,24.896,1.000000,1.000000,1.000000,10.322630,7.419753,11.070336,0.786233,0.632517,0.794118
sweep,short,dmd,64,1,negative-source,selected64,6,65.503,12.300,1.264276,1.127212,1.553545,8.169725,4.776014,9.159021,0.992729,0.887479,0.996998
sweep,short,dmd,64,1,negative-source,vector16store,6,64.880,0.790,1.271889,1.259259,1.580985,8.120795,4.693122,8.174312,1.000000,1.000000,1.000000
sweep,short,dmd,64,1,negative-source,cpp-approved-execution,6,7.983,73.394,10.322630,7.419753,11.070336,1.000000,1.000000,1.000000,8.120795,4.693122,8.174312
sweep,short,dmd,64,1,padded,original,6,82.556,1.834,1.000000,1.000000,1.000000,10.340979,10.324159,10.513761,0.786846,0.776323,1.002070
sweep,short,dmd,64,1,padded,selected64,6,65.515,8.571,1.263887,1.164138,1.278067,8.206422,8.165138,8.868502,0.994224,0.953793,1.203980
sweep,short,dmd,64,1,padded,vector16store,6,65.088,27.457,1.270899,0.997934,1.288123,8.152905,8.122324,10.360856,1.000000,1.000000,1.000000
sweep,short,dmd,64,1,padded,cpp-approved-execution,6,7.983,0.000,10.340979,10.324159,10.513761,1.000000,1.000000,1.000000,8.152905,8.122324,10.360856
sweep,short,dmd,64,1,repeated-source,original,6,86.084,11.486,1.000000,1.000000,1.000000,10.782875,10.296636,11.535168,0.764312,0.711294,0.809326
sweep,short,dmd,64,1,repeated-source,selected64,6,65.649,3.905,1.317735,1.214646,1.390855,8.223242,8.155963,8.477064,0.992727,0.983045,1.039361
sweep,short,dmd,64,1,repeated-source,vector16store,6,65.369,5.191,1.308412,1.235596,1.405889,8.188073,8.134557,8.559633,1.000000,1.000000,1.000000
sweep,short,dmd,64,1,repeated-source,cpp-approved-execution,6,7.983,0.000,10.782875,10.296636,11.535168,1.000000,1.000000,1.000000,8.188073,8.134557,8.559633
sweep,short,dmd,64,1,universal,original,6,659.656,2.905,1.000000,1.000000,1.000000,17.397923,16.290380,17.913129,1.000349,0.978094,1.062698
sweep,short,dmd,64,1,universal,selected64,6,652.747,11.954,0.999335,0.920200,1.022013,17.469124,17.038388,18.211626,1.000018,0.977895,1.005783
sweep,short,dmd,64,1,universal,vector16store,6,653.784,9.429,0.999653,0.941001,1.022396,17.399433,17.136916,17.895493,1.000000,1.000000,1.000000
sweep,short,dmd,64,1,universal,cpp-approved-execution,6,37.427,10.046,17.397923,16.290380,17.913129,1.000000,1.000000,1.000000,17.399433,17.136916,17.895493
sweep,short,dmd,64,17,contiguous,original,6,651.458,0.831,1.000000,1.000000,1.000000,7.387743,7.058824,7.490476,0.421440,0.420077,0.427209
sweep,short,dmd,64,17,contiguous,selected64,6,277.083,4.060,2.353167,2.283019,2.362538,3.139486,3.009050,3.280952,0.991726,0.975327,0.995489
sweep,short,dmd,64,17,contiguous,vector16store,6,275.208,2.271,2.372828,2.340774,2.380518,3.113476,2.995475,3.200000,1.000000,1.000000,1.000000
sweep,short,dmd,64,17,contiguous,cpp-approved-execution,6,88.125,5.201,7.387743,7.058824,7.490476,1.000000,1.000000,1.000000,3.113476,2.995475,3.200000
sweep,short,dmd,64,17,negative-both,original,6,581.458,23.074,1.000000,1.000000,1.000000,6.143772,5.689922,7.383621,0.607463,0.494454,0.614441
sweep,short,dmd,64,17,negative-both,selected64,6,354.375,7.407,1.638450,1.609649,2.017668,3.708248,3.534884,3.782222,0.996466,0.989035,1.000000
sweep,short,dmd,64,17,negative-both,vector16store,6,353.125,6.726,1.646192,1.627494,2.022432,3.703919,3.496124,3.755556,1.000000,1.000000,1.000000
sweep,short,dmd,64,17,negative-both,cpp-approved-execution,6,95.625,14.379,6.143772,5.689922,7.383621,1.000000,1.000000,1.000000,3.703919,3.496124,3.755556
sweep,short,dmd,64,17,negative-source,original,6,579.375,1.726,1.000000,1.000000,1.000000,6.206278,5.991453,6.264574,0.607337,0.604850,0.614213
sweep,short,dmd,64,17,negative-source,selected64,6,355.000,0.704,1.628234,1.617371,1.647474,3.818386,3.636752,3.843049,0.992954,0.984831,0.996475
sweep,short,dmd,64,17,negative-source,vector16store,6,352.292,0.473,1.646538,1.628099,1.653302,3.786996,3.623932,3.798206,1.000000,1.000000,1.000000
sweep,short,dmd,64,17,negative-source,cpp-approved-execution,6,92.917,4.933,6.206278,5.991453,6.264574,1.000000,1.000000,1.000000,3.786996,3.623932,3.798206
sweep,short,dmd,64,17,padded,original,6,577.917,19.178,1.000000,1.000000,1.000000,6.061022,6.013100,7.139130,0.602383,0.509744,0.609012
sweep,short,dmd,64,17,padded,selected64,6,351.250,0.712,1.649225,1.631517,1.940898,3.681925,3.652174,3.709251,0.991696,0.989362,0.995249
sweep,short,dmd,64,17,padded,vector16store,6,348.750,0.358,1.660087,1.642005,1.961768,3.647076,3.634783,3.678414,1.000000,1.000000,1.000000
sweep,short,dmd,64,17,padded,cpp-approved-execution,6,95.625,1.307,6.061022,6.013100,7.139130,1.000000,1.000000,1.000000,3.647076,3.634783,3.678414
sweep,short,dmd,64,17,repeated-source,original,6,578.542,0.792,1.000000,1.000000,1.000000,6.196429,6.132743,6.264574,0.603821,0.599857,0.701224
sweep,short,dmd,64,17,repeated-source,selected64,6,352.083,0.710,1.643747,1.640662,1.657143,3.770089,3.733333,3.793722,0.992887,0.990544,1.151300
sweep,short,dmd,64,17,repeated-source,vector16store,6,349.167,16.348,1.656119,1.426078,1.667064,3.749459,3.703540,4.348214,1.000000,1.000000,1.000000
sweep,short,dmd,64,17,repeated-source,cpp-approved-execution,6,93.333,1.339,6.196429,6.132743,6.264574,1.000000,1.000000,1.000000,3.749459,3.703540,4.348214
sweep,short,dmd,64,17,universal,original,6,9185.000,4.954,1.000000,1.000000,1.000000,15.021449,14.876703,15.620572,1.006090,0.955170,1.026323
sweep,short,dmd,64,17,universal,selected64,6,9112.292,3.420,1.007884,0.993712,1.016355,14.907635,14.859673,15.369210,1.006483,0.970792,1.029470
sweep,short,dmd,64,17,universal,vector16store,6,9217.292,2.988,0.993985,0.974352,1.046934,15.074328,14.874659,15.335378,1.000000,1.000000,1.000000
sweep,short,dmd,64,17,universal,cpp-approved-execution,6,611.458,0.068,15.021449,14.876703,15.620572,1.000000,1.000000,1.000000,15.074328,14.874659,15.335378
sweep,short,dmd,64,128,contiguous,original,6,4576.562,0.751,1.000000,1.000000,1.000000,6.656818,6.594595,6.715596,0.382172,0.380790,0.389078
sweep,short,dmd,64,128,contiguous,selected64,6,1771.875,3.704,2.582019,2.500000,2.606007,2.576318,2.549550,2.663636,0.988528,0.972696,0.992933
sweep,short,dmd,64,128,contiguous,vector16store,6,1754.688,2.137,2.616641,2.570175,2.626118,2.553528,2.513514,2.590909,1.000000,1.000000,1.000000
sweep,short,dmd,64,128,contiguous,cpp-approved-execution,6,687.500,1.818,6.656818,6.594595,6.715596,1.000000,1.000000,1.000000,2.553528,2.513514,2.590909
sweep,short,dmd,64,128,negative-both,original,6,3567.188,0.438,1.000000,1.000000,1.000000,4.756250,4.727273,4.794118,0.515721,0.513135,0.516214
sweep,short,dmd,64,128,negative-both,selected64,6,1862.500,0.839,1.918555,1.911223,1.927365,2.475000,2.462810,2.500000,0.988266,0.983221,0.994932
sweep,short,dmd,64,128,negative-both,vector16store,6,1840.625,0.849,1.939035,1.937182,1.948805,2.448158,2.438017,2.464435,1.000000,1.000000,1.000000
sweep,short,dmd,64,128,negative-both,cpp-approved-execution,6,750.000,1.667,4.756250,4.727273,4.794118,1.000000,1.000000,1.000000,2.448158,2.438017,2.464435
sweep,short,dmd,64,128,negative-source,original,6,3578.125,0.611,1.000000,1.000000,1.000000,4.692623,4.642276,4.728395,0.515945,0.513089,0.518357
sweep,short,dmd,64,128,negative-source,selected64,6,1873.438,0.834,1.905992,1.903333,1.918060,2.455863,2.434959,2.481481,0.983319,0.980100,0.989967
sweep,short,dmd,64,128,negative-source,vector16store,6,1845.312,0.847,1.938190,1.929174,1.948980,2.420082,2.394309,2.436214,1.000000,1.000000,1.000000
sweep,short,dmd,64,128,negative-source,cpp-approved-execution,6,762.500,1.230,4.692623,4.642276,4.728395,1.000000,1.000000,1.000000,2.420082,2.394309,2.436214
sweep,short,dmd,64,128,padded,original,6,3571.875,0.525,1.000000,1.000000,1.000000,4.697531,4.500000,4.735537,0.515110,0.510471,0.518810
sweep,short,dmd,64,128,padded,selected64,6,1862.500,2.181,1.915268,1.890909,1.932546,2.451544,2.362205,2.456432,0.987342,0.980165,0.989933
sweep,short,dmd,64,128,padded,vector16store,6,1837.500,1.361,1.941340,1.927487,1.958974,2.414439,2.334646,2.427984,1.000000,1.000000,1.000000
sweep,short,dmd,64,128,padded,cpp-approved-execution,6,759.375,5.350,4.697531,4.500000,4.735537,1.000000,1.000000,1.000000,2.414439,2.334646,2.427984
sweep,short,dmd,64,128,repeated-source,original,6,3560.938,0.439,1.000000,1.000000,1.000000,4.822618,4.761506,4.867521,0.512731,0.510936,0.514060
sweep,short,dmd,64,128,repeated-source,selected64,6,1853.125,1.349,1.920886,1.904841,1.925676,2.509682,2.485356,2.548936,0.983137,0.978297,0.989848
sweep,short,dmd,64,128,repeated-source,vector16store,6,1825.000,0.685,1.950342,1.945299,1.957192,2.470480,2.443515,2.500000,1.000000,1.000000,1.000000
sweep,short,dmd,64,128,repeated-source,cpp-approved-execution,6,739.062,2.114,4.822618,4.761506,4.867521,1.000000,1.000000,1.000000,2.470480,2.443515,2.500000
sweep,short,dmd,64,128,universal,original,6,68681.250,4.664,1.000000,1.000000,1.000000,15.063685,14.883482,15.554036,0.995145,0.983245,1.016256
sweep,short,dmd,64,128,universal,selected64,6,68273.438,8.060,1.004001,0.961410,1.011249,14.974295,14.823731,16.031550,1.003480,0.953453,1.015508
sweep,short,dmd,64,128,universal,vector16store,6,68915.625,2.966,1.004880,0.984004,1.017040,15.109974,14.886831,15.293434,1.000000,1.000000,1.000000
sweep,short,dmd,64,128,universal,cpp-approved-execution,6,4557.812,0.274,15.063685,14.883482,15.554036,1.000000,1.000000,1.000000,15.109974,14.886831,15.293434
sweep,short,dmd,65,1,contiguous,original,6,83.619,6.496,1.000000,1.000000,1.000000,10.185801,10.099698,10.761329,0.781585,0.733296,0.828411
sweep,short,dmd,65,1,contiguous,selected64,6,65.799,3.091,1.264330,1.238932,1.343644,8.015106,8.009063,8.256798,0.989257,0.974693,1.026345
sweep,short,dmd,65,1,contiguous,vector16store,6,65.092,7.354,1.279488,1.207130,1.363706,7.929003,7.891239,8.474320,1.000000,1.000000,1.000000
sweep,short,dmd,65,1,contiguous,cpp-approved-execution,6,8.209,0.000,10.185801,10.099698,10.761329,1.000000,1.000000,1.000000,7.929003,7.891239,8.474320
sweep,short,dmd,65,1,negative-both,original,6,84.759,10.007,1.000000,1.000000,1.000000,9.700573,7.506173,10.644699,0.776401,0.710094,0.822777
sweep,short,dmd,65,1,negative-both,selected64,6,66.431,6.646,1.265610,1.207296,1.386194,7.674785,5.506173,8.169054,0.984495,0.979447,1.013965
sweep,short,dmd,65,1,negative-both,vector16store,6,65.352,8.008,1.287995,1.215395,1.408264,7.550143,5.393004,8.114613,1.000000,1.000000,1.000000
sweep,short,dmd,65,1,negative-both,cpp-approved-execution,6,8.656,39.255,9.700573,7.506173,10.644699,1.000000,1.000000,1.000000,7.550143,5.393004,8.114613
sweep,short,dmd,65,1,negative-source,original,6,86.062,17.291,1.000000,1.000000,1.000000,9.928199,9.570201,11.289398,0.764542,0.675127,0.798176
sweep,short,dmd,65,1,negative-source,selected64,6,67.870,4.349,1.286883,1.202304,1.453338,7.840974,7.600000,7.962751,0.981723,0.951764,0.986842
sweep,short,dmd,65,1,negative-source,vector16store,6,65.774,3.808,1.308530,1.252857,1.481203,7.598854,7.494286,7.805158,1.000000,1.000000,1.000000
sweep,short,dmd,65,1,negative-source,cpp-approved-execution,6,8.656,0.287,9.928199,9.570201,11.289398,1.000000,1.000000,1.000000,7.598854,7.494286,7.805158
sweep,short,dmd,65,1,padded,original,6,84.338,11.792,1.000000,1.000000,1.000000,9.743553,9.595989,10.744986,0.771946,0.700000,0.781129
sweep,short,dmd,65,1,padded,selected64,6,66.022,0.826,1.275838,1.259496,1.408715,7.627507,7.618911,7.681948,0.984777,0.977993,0.986842
sweep,short,dmd,65,1,padded,vector16store,6,65.092,0.343,1.295429,1.280199,1.428571,7.520057,7.495702,7.521490,1.000000,1.000000,1.000000
sweep,short,dmd,65,1,padded,cpp-approved-execution,6,8.656,0.000,9.743553,9.595989,10.744986,1.000000,1.000000,1.000000,7.520057,7.495702,7.521490
sweep,short,dmd,65,1,repeated-source,original,6,87.116,17.395,1.000000,1.000000,1.000000,10.050573,8.335802,11.358166,0.749476,0.662714,0.785272
sweep,short,dmd,65,1,repeated-source,selected64,6,66.357,14.278,1.312182,1.116042,1.490226,7.637536,6.617284,8.691429,0.984986,0.876397,0.987594
sweep,short,dmd,65,1,repeated-source,vector16store,6,65.191,2.435,1.335985,1.273443,1.508946,7.531519,6.471605,7.671429,1.000000,1.000000,1.000000
sweep,short,dmd,65,1,repeated-source,cpp-approved-execution,6,8.668,16.023,10.050573,8.335802,11.358166,1.000000,1.000000,1.000000,7.531519,6.471605,7.671429
sweep,short,dmd,65,1,universal,original,6,662.165,3.202,1.000000,1.000000,1.000000,17.092510,16.937340,17.489117,1.000597,0.998615,1.012995
sweep,short,dmd,65,1,universal,selected64,6,659.660,3.560,1.001786,0.991644,1.020985,17.027849,16.941176,17.569142,1.003335,0.992281,1.021549
sweep,short,dmd,65,1,universal,vector16store,6,661.446,4.473,0.999403,0.987172,1.001387,17.073944,16.963485,17.716389,1.000000,1.000000,1.000000
sweep,short,dmd,65,1,universal,cpp-approved-execution,6,38.740,0.192,17.092510,16.937340,17.489117,1.000000,1.000000,1.000000,17.073944,16.963485,17.716389
sweep,short,dmd,65,17,contiguous,original,6,661.814,8.352,1.000000,1.000000,1.000000,7.437080,7.212766,8.105769,0.426475,0.396797,0.431485
sweep,short,dmd,65,17,contiguous,selected64,6,285.021,2.961,2.332589,2.267341,2.505201,3.221941,2.893617,3.264151,0.994052,0.978324,0.995536
sweep,short,dmd,65,17,contiguous,vector16store,6,283.122,1.341,2.344803,2.317578,2.520179,3.197177,2.876596,3.216346,1.000000,1.000000,1.000000
sweep,short,dmd,65,17,contiguous,cpp-approved-execution,6,88.819,12.827,7.437080,7.212766,8.105769,1.000000,1.000000,1.000000,3.197177,2.876596,3.216346
sweep,short,dmd,65,17,negative-both,original,6,587.342,1.580,1.000000,1.000000,1.000000,5.687755,5.644898,5.781893,0.613865,0.608541,0.620390
sweep,short,dmd,65,17,negative-both,selected64,6,365.612,1.847,1.608322,1.571591,1.622402,3.551281,3.512195,3.591837,0.987291,0.975000,0.988426
sweep,short,dmd,65,17,negative-both,vector16store,6,360.759,0.468,1.629023,1.611888,1.643275,3.495918,3.471545,3.522634,1.000000,1.000000,1.000000
sweep,short,dmd,65,17,negative-both,cpp-approved-execution,6,103.376,1.224,5.687755,5.644898,5.781893,1.000000,1.000000,1.000000,3.495918,3.471545,3.522634
sweep,short,dmd,65,17,negative-source,original,6,590.717,1.643,1.000000,1.000000,1.000000,5.678138,5.659836,5.709016,0.610634,0.608417,0.619841
sweep,short,dmd,65,17,negative-source,selected64,6,364.979,2.081,1.613039,1.586833,1.624565,3.538768,3.493927,3.566802,0.988433,0.968218,0.991889
sweep,short,dmd,65,17,negative-source,vector16store,6,360.970,0.584,1.637643,1.613318,1.643611,3.474672,3.453441,3.508197,1.000000,1.000000,1.000000
sweep,short,dmd,65,17,negative-source,cpp-approved-execution,6,104.008,1.217,5.678138,5.659836,5.709016,1.000000,1.000000,1.000000,3.474672,3.453441,3.508197
sweep,short,dmd,65,17,padded,original,6,589.873,9.371,1.000000,1.000000,1.000000,5.712491,5.679012,6.192623,0.605433,0.557909,0.612319
sweep,short,dmd,65,17,padded,selected64,6,362.025,2.098,1.630536,1.582569,1.761072,3.516393,3.475610,3.588477,0.987149,0.969037,0.988304
sweep,short,dmd,65,17,padded,vector16store,6,356.540,0.473,1.651712,1.633136,1.792408,3.470224,3.434959,3.500000,1.000000,1.000000,1.000000
sweep,short,dmd,65,17,padded,cpp-approved-execution,6,102.743,1.643,5.712491,5.679012,6.192623,1.000000,1.000000,1.000000,3.470224,3.434959,3.500000
sweep,short,dmd,65,17,repeated-source,original,6,586.076,1.296,1.000000,1.000000,1.000000,5.630838,5.494071,5.672065,0.609431,0.605282,0.610991
sweep,short,dmd,65,17,repeated-source,selected64,6,361.814,1.633,1.616780,1.597701,1.634772,3.481707,3.403162,3.522267,0.986007,0.973563,0.989498
sweep,short,dmd,65,17,repeated-source,vector16store,6,356.962,0.355,1.640874,1.636686,1.652123,3.434079,3.343874,3.439024,1.000000,1.000000,1.000000
sweep,short,dmd,65,17,repeated-source,cpp-approved-execution,6,104.008,2.840,5.630838,5.494071,5.672065,1.000000,1.000000,1.000000,3.434079,3.343874,3.439024
sweep,short,dmd,65,17,universal,original,6,9236.920,2.554,1.000000,1.000000,1.000000,13.724592,13.584682,15.012916,1.003017,0.992529,1.011843
sweep,short,dmd,65,17,universal,selected64,6,9232.911,1.074,1.001465,0.997948,1.015890,13.704517,13.568493,14.886472,1.002992,0.997843,1.027922
sweep,short,dmd,65,17,universal,vector16store,6,9258.650,4.088,0.996992,0.988296,1.007528,13.765997,13.539228,14.900748,1.000000,1.000000,1.000000
sweep,short,dmd,65,17,universal,cpp-approved-execution,6,674.473,8.445,13.724592,13.584682,15.012916,1.000000,1.000000,1.000000,13.765997,13.539228,14.900748
sweep,short,dmd,65,128,contiguous,original,6,4666.129,12.582,1.000000,1.000000,1.000000,6.651306,6.600000,7.610329,0.389354,0.346700,0.391395
sweep,short,dmd,65,128,contiguous,selected64,6,1824.194,1.238,2.560168,2.544170,2.874113,2.612029,2.572727,2.655814,0.996457,0.992933,1.000000
sweep,short,dmd,65,128,contiguous,vector16store,6,1817.742,0.887,2.568373,2.554965,2.884342,2.598161,2.563636,2.638498,1.000000,1.000000,1.000000
sweep,short,dmd,65,128,contiguous,cpp-approved-execution,6,698.387,3.233,6.651306,6.600000,7.610329,1.000000,1.000000,1.000000,2.598161,2.563636,2.638498
sweep,short,dmd,65,128,negative-both,original,6,3667.742,0.704,1.000000,1.000000,1.000000,4.603239,4.558233,4.627530,0.520017,0.517935,0.522007
sweep,short,dmd,65,128,negative-both,selected64,6,1945.161,0.829,1.884648,1.871499,1.898671,2.439523,2.417671,2.449393,0.980962,0.971993,0.983416
sweep,short,dmd,65,128,negative-both,vector16store,6,1909.677,0.507,1.923013,1.915683,1.930743,2.396761,2.369478,2.400810,1.000000,1.000000,1.000000
sweep,short,dmd,65,128,negative-both,cpp-approved-execution,6,796.774,0.810,4.603239,4.558233,4.627530,1.000000,1.000000,1.000000,2.396761,2.369478,2.400810
sweep,short,dmd,65,128,negative-source,original,6,3654.839,0.618,1.000000,1.000000,1.000000,4.572581,4.530120,4.591093,0.520530,0.518943,0.521624
sweep,short,dmd,65,128,negative-source,selected64,6,1938.710,0.998,1.885930,1.861386,1.890000,2.428285,2.409639,2.433735,0.980880,0.970297,0.983333
sweep,short,dmd,65,128,negative-source,vector16store,6,1901.613,0.509,1.921120,1.917090,1.926995,2.379032,2.361446,2.388664,1.000000,1.000000,1.000000
sweep,short,dmd,65,128,negative-source,cpp-approved-execution,6,800.000,0.806,4.572581,4.530120,4.591093,1.000000,1.000000,1.000000,2.379032,2.361446,2.388664
sweep,short,dmd,65,128,padded,original,6,3661.290,1.674,1.000000,1.000000,1.000000,4.595142,4.562753,4.613821,0.519824,0.516579,0.526872
sweep,short,dmd,65,128,padded,selected64,6,1933.871,2.168,1.884819,1.875614,1.897993,2.432927,2.421053,2.449393,0.983321,0.968903,0.988430
sweep,short,dmd,65,128,padded,vector16store,6,1903.226,1.864,1.923729,1.897993,1.935811,2.387421,2.368000,2.421053,1.000000,1.000000,1.000000
sweep,short,dmd,65,128,padded,cpp-approved-execution,6,796.774,1.619,4.595142,4.562753,4.613821,1.000000,1.000000,1.000000,2.387421,2.368000,2.421053
sweep,short,dmd,65,128,repeated-source,original,6,3646.774,0.265,1.000000,1.000000,1.000000,4.612245,4.538153,4.639344,0.519222,0.518551,0.521701
sweep,short,dmd,65,128,repeated-source,selected64,6,1933.871,0.834,1.884912,1.873964,1.889816,2.442857,2.421687,2.454918,0.980801,0.971808,0.983278
sweep,short,dmd,65,128,repeated-source,vector16store,6,1895.161,0.511,1.925958,1.916808,1.928450,2.395918,2.353414,2.409836,1.000000,1.000000,1.000000
sweep,short,dmd,65,128,repeated-source,cpp-approved-execution,6,790.323,2.041,4.612245,4.538153,4.639344,1.000000,1.000000,1.000000,2.395918,2.353414,2.409836
sweep,short,dmd,65,128,universal,original,6,69737.097,3.136,1.000000,1.000000,1.000000,14.407539,13.548204,15.106695,0.992421,0.985788,1.049148
sweep,short,dmd,65,128,universal,selected64,6,69335.484,1.987,1.005487,0.995724,1.016592,14.270780,13.465028,15.101116,1.002127,0.991663,1.044662
sweep,short,dmd,65,128,universal,vector16store,6,69633.871,5.494,1.007655,0.953154,1.014417,14.228632,13.502836,15.675035,1.000000,1.000000,1.000000
sweep,short,dmd,65,128,universal,cpp-approved-execution,6,4893.548,10.086,14.407539,13.548204,15.106695,1.000000,1.000000,1.000000,14.228632,13.502836,15.675035
sweep,short,dmd,95,1,contiguous,original,6,99.166,1.718,1.000000,1.000000,1.000000,7.953488,7.918605,8.055233,0.761041,0.749188,0.803735
sweep,short,dmd,95,1,contiguous,selected64,6,76.260,3.422,1.300075,1.265005,1.316390,6.116279,6.087209,6.296512,0.986704,0.978763,1.048233
sweep,short,dmd,95,1,contiguous,vector16store,6,75.462,5.860,1.313990,1.244191,1.334778,6.052326,6.026163,6.380814,1.000000,1.000000,1.000000
sweep,short,dmd,95,1,contiguous,cpp-approved-execution,6,12.468,0.000,7.953488,7.918605,8.055233,1.000000,1.000000,1.000000,6.052326,6.026163,6.380814
sweep,short,dmd,95,1,negative-both,original,6,99.511,1.129,1.000000,1.000000,1.000000,7.821937,7.789174,7.877493,0.758879,0.755154,0.802262
sweep,short,dmd,95,1,negative-both,selected64,6,76.332,1.235,1.303657,1.284171,1.314788,6.000000,5.991453,6.065527,0.990975,0.978863,1.038734
sweep,short,dmd,95,1,negative-both,vector16store,6,75.607,5.657,1.317737,1.246476,1.324234,5.943020,5.928775,6.264957,1.000000,1.000000,1.000000
sweep,short,dmd,95,1,negative-both,cpp-approved-execution,6,12.722,0.000,7.821937,7.789174,7.877493,1.000000,1.000000,1.000000,5.943020,5.928775,6.264957
sweep,short,dmd,95,1,negative-source,original,6,99.891,9.398,1.000000,1.000000,1.000000,7.851852,7.814815,8.552707,0.757353,0.691872,0.772396
sweep,short,dmd,95,1,negative-source,selected64,6,76.078,2.239,1.312252,1.283777,1.428843,5.980057,5.960114,6.094017,0.991501,0.988577,1.008592
sweep,short,dmd,95,1,negative-source,vector16store,6,75.970,2.290,1.320390,1.294672,1.445354,5.971510,5.908832,6.045584,1.000000,1.000000,1.000000
sweep,short,dmd,95,1,negative-source,cpp-approved-execution,6,12.722,0.000,7.851852,7.814815,8.552707,1.000000,1.000000,1.000000,5.971510,5.908832,6.045584
sweep,short,dmd,95,1,padded,original,6,99.619,11.752,1.000000,1.000000,1.000000,7.830484,7.769231,8.689459,0.754964,0.680000,0.763225
sweep,short,dmd,95,1,padded,selected64,6,75.988,0.954,1.315706,1.296103,1.447556,5.972934,5.945869,6.002849,0.989029,0.984338,1.000478
sweep,short,dmd,95,1,padded,vector16store,6,75.172,1.013,1.324580,1.310229,1.470588,5.908832,5.900285,5.960114,1.000000,1.000000,1.000000
sweep,short,dmd,95,1,padded,cpp-approved-execution,6,12.722,0.000,7.830484,7.769231,8.689459,1.000000,1.000000,1.000000,5.908832,5.900285,5.960114
sweep,short,dmd,95,1,repeated-source,original,6,99.348,1.022,1.000000,1.000000,1.000000,7.794872,7.754237,7.851852,0.766893,0.751814,0.774005
sweep,short,dmd,95,1,repeated-source,selected64,6,76.223,1.807,1.304179,1.290155,1.321823,5.974359,5.935028,6.048433,0.998104,0.987654,1.009574
sweep,short,dmd,95,1,repeated-source,vector16store,6,76.133,2.285,1.303987,1.291981,1.330116,5.961538,5.903134,6.039886,1.000000,1.000000,1.000000
sweep,short,dmd,95,1,repeated-source,cpp-approved-execution,6,12.722,0.855,7.794872,7.754237,7.851852,1.000000,1.000000,1.000000,5.961538,5.903134,6.039886
sweep,short,dmd,95,1,universal,original,6,903.679,2.423,1.000000,1.000000,1.000000,16.440820,16.358081,16.808833,1.004816,0.996094,1.016040
sweep,short,dmd,95,1,universal,selected64,6,911.037,2.105,0.995041,0.988211,1.000864,16.541936,16.445982,16.794331,0.998017,0.990233,1.016917
sweep,short,dmd,95,1,universal,vector16store,6,908.518,3.898,0.995207,0.984213,1.003922,16.503640,16.434410,17.078444,1.000000,1.000000,1.000000
sweep,short,dmd,95,1,universal,cpp-approved-execution,6,55.002,0.725,16.440820,16.358081,16.808833,1.000000,1.000000,1.000000,16.503640,16.434410,17.078444
sweep,short,dmd,95,17,contiguous,original,6,936.420,0.330,1.000000,1.000000,1.000000,7.248234,7.214286,7.293269,0.488808,0.488464,0.491749
sweep,short,dmd,95,17,contiguous,selected64,6,457.716,0.405,2.045853,2.036290,2.051282,3.544156,3.528571,3.567308,1.000672,0.998652,1.002699
sweep,short,dmd,95,17,contiguous,vector16store,6,458.025,0.539,2.045791,2.033557,2.047233,3.546537,3.533333,3.562500,1.000000,1.000000,1.000000
sweep,short,dmd,95,17,contiguous,cpp-approved-execution,6,129.321,0.955,7.248234,7.214286,7.293269,1.000000,1.000000,1.000000,3.546537,3.533333,3.562500
sweep,short,dmd,95,17,negative-both,original,6,795.062,0.543,1.000000,1.000000,1.000000,4.616487,4.605735,4.630824,0.670163,0.667699,0.675718
sweep,short,dmd,95,17,negative-both,selected64,6,533.951,1.503,1.488726,1.473143,1.497680,3.100358,3.089606,3.136201,0.998268,0.994226,1.001159
sweep,short,dmd,95,17,negative-both,vector16store,6,533.025,1.158,1.492178,1.479908,1.497680,3.094982,3.086022,3.121864,1.000000,1.000000,1.000000
sweep,short,dmd,95,17,negative-both,cpp-approved-execution,6,172.222,0.000,4.616487,4.605735,4.630824,1.000000,1.000000,1.000000,3.094982,3.086022,3.121864
sweep,short,dmd,95,17,negative-source,original,6,796.605,0.697,1.000000,1.000000,1.000000,4.622985,4.601423,4.633094,0.669636,0.666409,0.671584
sweep,short,dmd,95,17,negative-source,selected64,6,533.025,0.811,1.492770,1.491898,1.500581,3.092871,3.081851,3.104317,1.000000,0.998843,1.002317
sweep,short,dmd,95,17,negative-source,vector16store,6,533.333,0.694,1.493349,1.489017,1.500581,3.089606,3.081851,3.111511,1.000000,1.000000,1.000000
sweep,short,dmd,95,17,negative-source,cpp-approved-execution,6,172.222,1.075,4.622985,4.601423,4.633094,1.000000,1.000000,1.000000,3.089606,3.081851,3.111511
sweep,short,dmd,95,17,padded,original,6,796.914,1.239,1.000000,1.000000,1.000000,4.620757,4.554770,4.666667,0.664598,0.660522,0.671839
sweep,short,dmd,95,17,padded,selected64,6,530.864,1.628,1.500292,1.479908,1.517483,3.076504,3.071685,3.100358,0.998833,0.989595,1.003480
sweep,short,dmd,95,17,padded,vector16store,6,529.630,1.166,1.504673,1.488453,1.513953,3.068100,3.060071,3.089286,1.000000,1.000000,1.000000
sweep,short,dmd,95,17,padded,cpp-approved-execution,6,172.222,1.434,4.620757,4.554770,4.666667,1.000000,1.000000,1.000000,3.068100,3.060071,3.089286
sweep,short,dmd,95,17,repeated-source,original,6,792.901,0.623,1.000000,1.000000,1.000000,4.602151,4.578014,4.616487,0.668874,0.664596,0.673676
sweep,short,dmd,95,17,repeated-source,selected64,6,530.247,0.349,1.496214,1.490128,1.502910,3.077061,3.046099,3.086022,1.001164,0.995354,1.006985
sweep,short,dmd,95,17,repeated-source,vector16store,6,530.556,1.047,1.495053,1.484393,1.504673,3.077061,3.046099,3.100358,1.000000,1.000000,1.000000
sweep,short,dmd,95,17,repeated-source,cpp-approved-execution,6,172.222,1.075,4.602151,4.578014,4.616487,1.000000,1.000000,1.000000,3.077061,3.046099,3.100358
sweep,short,dmd,95,17,universal,original,6,13629.630,3.877,1.000000,1.000000,1.000000,15.196146,15.002065,15.591191,0.998676,0.975104,1.018279
sweep,short,dmd,95,17,universal,selected64,6,13512.346,1.718,1.009090,1.001240,1.032826,15.065382,14.909153,15.167928,1.009026,1.004541,1.020004
sweep,short,dmd,95,17,universal,vector16store,6,13645.988,1.733,1.001357,0.982049,1.025532,15.214384,15.072264,15.335857,1.000000,1.000000,1.000000
sweep,short,dmd,95,17,universal,cpp-approved-execution,6,896.914,0.000,15.196146,15.002065,15.591191,1.000000,1.000000,1.000000,15.214384,15.072264,15.335857
sweep,short,dmd,95,128,contiguous,original,6,6726.190,0.071,1.000000,1.000000,1.000000,6.790865,6.755981,6.793269,0.465487,0.464589,0.466384
sweep,short,dmd,95,128,contiguous,selected64,6,3128.571,0.609,2.149163,2.140909,2.152439,3.158654,3.143541,3.173077,1.000000,0.998485,1.001522
sweep,short,dmd,95,128,contiguous,vector16store,6,3130.952,0.456,2.148290,2.144158,2.152439,3.158654,3.148325,3.168269,1.000000,1.000000,1.000000
sweep,short,dmd,95,128,contiguous,cpp-approved-execution,6,990.476,0.481,6.790865,6.755981,6.793269,1.000000,1.000000,1.000000,3.158654,3.148325,3.168269
sweep,short,dmd,95,128,negative-both,original,6,5245.238,0.363,1.000000,1.000000,1.000000,3.785223,3.770548,3.797251,0.621941,0.618875,0.623070
sweep,short,dmd,95,128,negative-both,selected64,6,3266.667,0.437,1.607872,1.602620,1.611111,2.355064,2.342466,2.365517,0.999272,0.997076,1.001462
sweep,short,dmd,95,128,negative-both,vector16store,6,3264.286,0.729,1.607871,1.604956,1.615836,2.353952,2.335616,2.365517,1.000000,1.000000,1.000000
sweep,short,dmd,95,128,negative-both,cpp-approved-execution,6,1385.714,0.687,3.785223,3.770548,3.797251,1.000000,1.000000,1.000000,2.353952,2.335616,2.365517
sweep,short,dmd,95,128,negative-source,original,6,5233.333,0.819,1.000000,1.000000,1.000000,3.926523,3.893238,3.953405,0.617070,0.614338,0.621034
sweep,short,dmd,95,128,negative-source,selected64,6,3226.190,2.066,1.616694,1.598551,1.629247,2.423982,2.405694,2.473118,0.998525,0.992754,1.001477
sweep,short,dmd,95,128,negative-source,vector16store,6,3221.429,1.330,1.620562,1.610219,1.627770,2.422184,2.405694,2.455197,1.000000,1.000000,1.000000
sweep,short,dmd,95,128,negative-source,cpp-approved-execution,6,1330.952,0.716,3.926523,3.893238,3.953405,1.000000,1.000000,1.000000,2.422184,2.405694,2.455197
sweep,short,dmd,95,128,padded,original,6,5228.571,0.455,1.000000,1.000000,1.000000,3.917857,3.873239,3.935484,0.617834,0.615876,0.622384
sweep,short,dmd,95,128,padded,selected64,6,3223.810,1.182,1.619365,1.606725,1.624260,2.417857,2.397887,2.422939,1.000000,0.997046,1.002959
sweep,short,dmd,95,128,padded,vector16store,6,3226.190,1.328,1.618558,1.606725,1.623704,2.417409,2.394366,2.430108,1.000000,1.000000,1.000000
sweep,short,dmd,95,128,padded,cpp-approved-execution,6,1333.333,1.786,3.917857,3.873239,3.935484,1.000000,1.000000,1.000000,2.417409,2.394366,2.430108
sweep,short,dmd,95,128,repeated-source,original,6,5221.429,0.365,1.000000,1.000000,1.000000,3.931900,3.886525,3.946043,0.615840,0.614403,0.617701
sweep,short,dmd,95,128,repeated-source,selected64,6,3216.667,0.592,1.624166,1.619469,1.625740,2.419355,2.397163,2.428058,0.999999,0.997050,1.002967
sweep,short,dmd,95,128,repeated-source,vector16store,6,3219.048,0.444,1.623799,1.618907,1.627596,2.423700,2.400709,2.426523,1.000000,1.000000,1.000000
sweep,short,dmd,95,128,repeated-source,cpp-approved-execution,6,1328.571,1.434,3.931900,3.886525,3.946043,1.000000,1.000000,1.000000,2.423700,2.400709,2.426523
sweep,short,dmd,95,128,universal,original,6,102038.095,2.310,1.000000,1.000000,1.000000,15.197163,15.022695,15.373759,0.999444,0.980763,1.011268
sweep,short,dmd,95,128,universal,selected64,6,102083.333,3.676,1.002875,0.963782,1.014851,15.203901,15.039035,15.587234,0.999869,0.968104,1.011928
sweep,short,dmd,95,128,universal,vector16store,6,101554.762,2.152,1.000566,0.988858,1.019614,15.126596,15.078014,15.403546,1.000000,1.000000,1.000000
sweep,short,dmd,95,128,universal,cpp-approved-execution,6,6714.286,0.071,15.197163,15.022695,15.373759,1.000000,1.000000,1.000000,15.126596,15.078014,15.403546
sweep,short,dmd,127,1,contiguous,original,6,117.418,7.675,1.000000,1.000000,1.000000,7.945902,7.885246,8.495082,0.687229,0.642609,0.717672
sweep,short,dmd,127,1,contiguous,selected64,6,81.541,10.873,1.441701,1.290236,1.540428,5.518033,5.511475,6.111475,0.989602,0.925966,0.991077
sweep,short,dmd,127,1,contiguous,vector16store,6,80.717,3.661,1.455118,1.393395,1.556156,5.462295,5.459016,5.659016,1.000000,1.000000,1.000000
sweep,short,dmd,127,1,contiguous,cpp-approved-execution,6,14.777,0.000,7.945902,7.885246,8.495082,1.000000,1.000000,1.000000,5.462295,5.459016,5.659016
sweep,short,dmd,127,1,negative-both,original,6,116.860,1.575,1.000000,1.000000,1.000000,7.755627,7.739550,7.861736,0.691748,0.685072,0.710012
sweep,short,dmd,127,1,negative-both,selected64,6,82.631,15.245,1.412431,1.259011,1.438763,5.483923,5.408360,6.244373,0.990514,0.862513,0.993605
sweep,short,dmd,127,1,negative-both,vector16store,6,81.129,2.747,1.445622,1.408426,1.459701,5.384244,5.347267,5.495177,1.000000,1.000000,1.000000
sweep,short,dmd,127,1,negative-both,cpp-approved-execution,6,15.068,0.000,7.755627,7.739550,7.861736,1.000000,1.000000,1.000000,5.384244,5.347267,5.495177
sweep,short,dmd,127,1,negative-source,original,6,116.812,2.074,1.000000,1.000000,1.000000,7.752412,7.691318,7.801917,0.697107,0.685504,0.749896
sweep,short,dmd,127,1,negative-source,selected64,6,82.001,2.304,1.419811,1.402319,1.444970,5.442122,5.399361,5.546624,0.988747,0.987013,1.064782
sweep,short,dmd,127,1,negative-source,vector16store,6,81.056,8.428,1.434510,1.333518,1.458781,5.376206,5.348243,5.813505,1.000000,1.000000,1.000000
sweep,short,dmd,127,1,negative-source,cpp-approved-execution,6,15.068,0.643,7.752412,7.691318,7.801917,1.000000,1.000000,1.000000,5.376206,5.348243,5.813505
sweep,short,dmd,127,1,padded,original,6,116.812,1.493,1.000000,1.000000,1.000000,7.752412,7.717042,7.832797,0.691987,0.683498,0.695977
sweep,short,dmd,127,1,padded,selected64,6,81.783,0.889,1.429960,1.417699,1.450000,5.427653,5.401929,5.450161,0.991071,0.980531,0.993487
sweep,short,dmd,127,1,padded,vector16store,6,80.741,1.140,1.445113,1.436830,1.463063,5.358521,5.344051,5.405145,1.000000,1.000000,1.000000
sweep,short,dmd,127,1,padded,cpp-approved-execution,6,15.068,0.000,7.752412,7.717042,7.832797,1.000000,1.000000,1.000000,5.358521,5.344051,5.405145
sweep,short,dmd,127,1,repeated-source,original,6,117.321,12.678,1.000000,1.000000,1.000000,7.761251,7.736334,8.723473,0.690411,0.613712,0.707902
sweep,short,dmd,127,1,repeated-source,selected64,6,82.364,7.059,1.420259,1.346282,1.608799,5.466238,5.408360,5.757188,0.988147,0.925083,1.000000
sweep,short,dmd,127,1,repeated-source,vector16store,6,80.862,2.756,1.448445,1.412624,1.629429,5.366559,5.325879,5.501608,1.000000,1.000000,1.000000
sweep,short,dmd,127,1,repeated-source,cpp-approved-execution,6,15.068,0.643,7.761251,7.736334,8.723473,1.000000,1.000000,1.000000,5.366559,5.325879,5.501608
sweep,short,dmd,127,1,universal,original,6,1172.674,3.347,1.000000,1.000000,1.000000,15.969794,15.204675,16.258150,0.998231,0.971743,1.018019
sweep,short,dmd,127,1,universal,selected64,6,1174.031,1.762,1.002178,0.986394,1.025642,15.782513,15.240682,16.224531,0.999958,0.996661,1.004168
sweep,short,dmd,127,1,universal,vector16store,6,1172.723,2.194,1.001787,0.982300,1.029078,15.814102,15.240682,16.242627,1.000000,1.000000,1.000000
sweep,short,dmd,127,1,universal,cpp-approved-execution,6,74.709,5.901,15.969794,15.204675,16.258150,1.000000,1.000000,1.000000,15.814102,15.240682,16.242627
sweep,short,dmd,127,17,contiguous,original,6,1232.231,0.134,1.000000,1.000000,1.000000,6.997653,6.967290,7.004695,0.449849,0.449062,0.451375
sweep,short,dmd,127,17,contiguous,selected64,6,554.545,0.447,2.222057,2.215453,2.225373,3.150235,3.130841,3.159624,0.999255,0.998510,1.001493
sweep,short,dmd,127,17,contiguous,vector16store,6,554.132,0.447,2.222969,2.215453,2.226866,3.145540,3.135514,3.159624,1.000000,1.000000,1.000000
sweep,short,dmd,127,17,contiguous,cpp-approved-execution,6,176.033,0.469,6.997653,6.967290,7.004695,1.000000,1.000000,1.000000,3.145540,3.135514,3.159624
sweep,short,dmd,127,17,negative-both,original,6,1104.132,9.805,1.000000,1.000000,1.000000,5.079848,4.626415,5.159696,0.571109,0.561533,0.621533
sweep,short,dmd,127,17,negative-both,selected64,6,631.405,0.654,1.747570,1.606815,1.780840,2.897533,2.879245,2.916350,0.999345,0.996078,1.003922
sweep,short,dmd,127,17,negative-both,vector16store,6,629.752,0.787,1.750988,1.608924,1.780840,2.897338,2.875472,2.920152,1.000000,1.000000,1.000000
sweep,short,dmd,127,17,negative-both,cpp-approved-execution,6,217.355,0.760,5.079848,4.626415,5.159696,1.000000,1.000000,1.000000,2.897338,2.875472,2.920152
sweep,short,dmd,127,17,negative-source,original,6,1112.810,9.061,1.000000,1.000000,1.000000,5.106033,4.688213,5.144487,0.566027,0.563609,0.625707
sweep,short,dmd,127,17,negative-source,selected64,6,629.752,0.656,1.763233,1.614883,1.777924,2.893536,2.890566,2.912548,1.001314,0.996068,1.010444
sweep,short,dmd,127,17,negative-source,vector16store,6,630.165,1.836,1.766702,1.598191,1.774278,2.897338,2.889734,2.942966,1.000000,1.000000,1.000000
sweep,short,dmd,127,17,negative-source,cpp-approved-execution,6,217.355,0.760,5.106033,4.688213,5.144487,1.000000,1.000000,1.000000,2.897338,2.889734,2.942966
sweep,short,dmd,127,17,padded,original,6,1109.091,0.969,1.000000,1.000000,1.000000,5.100760,5.083650,5.133080,0.564667,0.560415,0.573025
sweep,short,dmd,127,17,padded,selected64,6,628.099,0.658,1.766294,1.756899,1.782034,2.889734,2.856604,2.897338,0.998024,0.993430,1.009186
sweep,short,dmd,127,17,padded,vector16store,6,626.033,1.716,1.770958,1.745124,1.784392,2.880228,2.852830,2.923954,1.000000,1.000000,1.000000
sweep,short,dmd,127,17,padded,cpp-approved-execution,6,217.355,0.760,5.100760,5.083650,5.133080,1.000000,1.000000,1.000000,2.880228,2.852830,2.923954
sweep,short,dmd,127,17,repeated-source,original,6,1104.545,9.577,1.000000,1.000000,1.000000,4.878406,4.500000,5.159696,0.572647,0.561533,0.619163
sweep,short,dmd,127,17,repeated-source,selected64,6,631.405,0.916,1.750484,1.619236,1.778506,2.839382,2.775362,2.908397,1.001312,0.997375,1.009138
sweep,short,dmd,127,17,repeated-source,vector16store,6,631.405,1.702,1.746292,1.615085,1.780840,2.849032,2.785455,2.900763,1.000000,1.000000,1.000000
sweep,short,dmd,127,17,repeated-source,cpp-approved-execution,6,222.314,5.204,4.878406,4.500000,5.159696,1.000000,1.000000,1.000000,2.849032,2.785455,2.900763
sweep,short,dmd,127,17,universal,original,6,18311.570,3.164,1.000000,1.000000,1.000000,15.349448,15.087379,15.553782,0.989777,0.985840,1.003675
sweep,short,dmd,127,17,universal,selected64,6,18102.066,2.707,1.004971,0.994787,1.023704,15.168626,15.066574,15.488550,1.000557,0.990412,1.009208
sweep,short,dmd,127,17,universal,vector16store,6,18157.851,1.757,1.010334,0.996338,1.014364,15.225866,15.083160,15.340042,1.000000,1.000000,1.000000
sweep,short,dmd,127,17,universal,cpp-approved-execution,6,1192.149,0.347,15.349448,15.087379,15.553782,1.000000,1.000000,1.000000,15.225866,15.083160,15.340042
sweep,short,dmd,127,128,contiguous,original,6,8946.875,0.838,1.000000,1.000000,1.000000,6.720657,6.686916,6.759434,0.433194,0.432263,0.438939
sweep,short,dmd,127,128,contiguous,selected64,6,3871.875,1.614,2.311793,2.278219,2.313409,2.906103,2.892523,2.966981,1.000000,1.000000,1.001616
sweep,short,dmd,127,128,contiguous,vector16store,6,3875.000,1.613,2.308432,2.278219,2.313409,2.908887,2.892523,2.966981,1.000000,1.000000,1.000000
sweep,short,dmd,127,128,contiguous,cpp-approved-execution,6,1331.250,1.408,6.720657,6.686916,6.759434,1.000000,1.000000,1.000000,2.908887,2.892523,2.966981
sweep,short,dmd,127,128,negative-both,original,6,7778.125,12.696,1.000000,1.000000,1.000000,4.566937,4.054945,4.650735,0.513079,0.505929,0.578139
sweep,short,dmd,127,128,negative-both,selected64,6,4006.250,1.248,1.947574,1.710974,1.976562,2.352295,2.340659,2.369963,0.998440,0.989181,1.000000
sweep,short,dmd,127,128,negative-both,vector16store,6,4000.000,0.625,1.949110,1.729688,1.976562,2.346794,2.336996,2.352941,1.000000,1.000000,1.000000
sweep,short,dmd,127,128,negative-both,cpp-approved-execution,6,1706.250,0.366,4.566937,4.054945,4.650735,1.000000,1.000000,1.000000,2.346794,2.336996,2.352941
sweep,short,dmd,127,128,negative-source,original,6,7781.250,12.530,1.000000,1.000000,1.000000,4.654208,4.115242,4.712687,0.509977,0.501983,0.573622
sweep,short,dmd,127,128,negative-source,selected64,6,3959.375,0.631,1.962910,1.743307,1.995261,2.361940,2.358209,2.382022,0.999211,0.996855,1.017378
sweep,short,dmd,127,128,negative-source,vector16store,6,3959.375,1.894,1.960874,1.743307,1.992101,2.361940,2.358209,2.402985,1.000000,1.000000,1.000000
sweep,short,dmd,127,128,negative-source,cpp-approved-execution,6,1675.000,0.746,4.654208,4.115242,4.712687,1.000000,1.000000,1.000000,2.361940,2.358209,2.402985
sweep,short,dmd,127,128,padded,original,6,7781.250,11.406,1.000000,1.000000,1.000000,4.669807,4.138577,4.684211,0.508236,0.506421,0.573756
sweep,short,dmd,127,128,padded,selected64,6,3962.500,0.315,1.963722,1.742902,1.971519,2.375236,2.356877,2.383459,0.998420,0.996845,1.001577
sweep,short,dmd,127,128,padded,vector16store,6,3953.125,0.632,1.967590,1.742902,1.974643,2.373356,2.349442,2.387218,1.000000,1.000000,1.000000
sweep,short,dmd,127,128,padded,cpp-approved-execution,6,1665.625,1.126,4.669807,4.138577,4.684211,1.000000,1.000000,1.000000,2.373356,2.349442,2.387218
sweep,short,dmd,127,128,repeated-source,original,6,7771.875,12.545,1.000000,1.000000,1.000000,4.666054,4.185606,4.758491,0.508447,0.500397,0.571041
sweep,short,dmd,127,128,repeated-source,selected64,6,3946.875,0.317,1.969147,1.751189,1.995253,2.378543,2.353160,2.390152,1.000791,0.998418,1.001585
sweep,short,dmd,127,128,repeated-source,vector16store,6,3950.000,0.316,1.966772,1.751189,1.998415,2.378536,2.353160,2.393939,1.000000,1.000000,1.000000
sweep,short,dmd,127,128,repeated-source,cpp-approved-execution,6,1659.375,1.883,4.666054,4.185606,4.758491,1.000000,1.000000,1.000000,2.378536,2.353160,2.393939
sweep,short,dmd,127,128,universal,original,6,135687.500,1.064,1.000000,1.000000,1.000000,15.156291,15.090973,15.210049,0.995701,0.991696,1.014987
sweep,short,dmd,127,128,universal,selected64,6,135396.875,1.823,1.000987,0.988603,1.011838,15.130223,15.032100,15.361345,1.002266,0.989179,1.009318
sweep,short,dmd,127,128,universal,vector16store,6,135296.875,2.019,1.004318,0.985235,1.008374,15.102931,15.002782,15.413866,1.000000,1.000000,1.000000
sweep,short,dmd,127,128,universal,cpp-approved-execution,6,8956.250,0.698,15.156291,15.090973,15.210049,1.000000,1.000000,1.000000,15.102931,15.002782,15.413866
sweep,short,dmd,128,1,contiguous,original,6,117.041,24.990,1.000000,1.000000,1.000000,9.588000,9.250965,11.976000,0.651430,0.521376,0.658760
sweep,short,dmd,128,1,contiguous,selected64,6,78.003,20.344,1.502034,1.264380,1.900952,6.390000,6.181102,7.316602,0.983722,0.825858,0.994268
sweep,short,dmd,128,1,contiguous,vector16store,6,76.221,1.473,1.535085,1.518004,1.918001,6.240000,6.042471,6.332000,1.000000,1.000000,1.000000
sweep,short,dmd,128,1,contiguous,cpp-approved-execution,6,12.207,3.600,9.588000,9.250965,11.976000,1.000000,1.000000,1.000000,6.240000,6.042471,6.332000
sweep,short,dmd,128,1,negative-both,original,6,117.725,8.461,1.000000,1.000000,1.000000,9.435294,8.451299,9.575875,0.648108,0.625432,0.690969
sweep,short,dmd,128,1,negative-both,selected64,6,77.466,10.400,1.524550,1.498561,1.543915,6.190196,5.639610,6.274510,0.991746,0.937248,1.057034
sweep,short,dmd,128,1,negative-both,vector16store,6,77.173,7.023,1.542955,1.447242,1.598894,6.133333,5.285714,6.541176,1.000000,1.000000,1.000000
sweep,short,dmd,128,1,negative-both,cpp-approved-execution,6,12.451,20.784,9.435294,8.451299,9.575875,1.000000,1.000000,1.000000,6.133333,5.285714,6.541176
sweep,short,dmd,128,1,negative-source,original,6,117.188,11.083,1.000000,1.000000,1.000000,9.411765,9.392157,10.435294,0.650198,0.586622,0.663466
sweep,short,dmd,128,1,negative-source,selected64,6,77.075,1.774,1.525270,1.504397,1.666249,6.190196,6.152941,6.262745,0.992057,0.977458,0.998116
sweep,short,dmd,128,1,negative-source,vector16store,6,76.245,2.049,1.537995,1.507237,1.704676,6.123529,6.105882,6.231373,1.000000,1.000000,1.000000
sweep,short,dmd,128,1,negative-source,cpp-approved-execution,6,12.451,0.000,9.411765,9.392157,10.435294,1.000000,1.000000,1.000000,6.123529,6.105882,6.231373
sweep,short,dmd,128,1,padded,original,6,117.236,15.702,1.000000,1.000000,1.000000,9.415686,9.372549,10.850980,0.649920,0.563787,0.651756
sweep,short,dmd,128,1,padded,selected64,6,76.685,2.101,1.529484,1.523263,1.769182,6.158824,6.133333,6.262745,0.993997,0.991714,0.997442
sweep,short,dmd,128,1,padded,vector16store,6,76.172,2.115,1.538655,1.534317,1.773718,6.117647,6.101961,6.231373,1.000000,1.000000,1.000000
sweep,short,dmd,128,1,padded,cpp-approved-execution,6,12.451,0.000,9.415686,9.372549,10.850980,1.000000,1.000000,1.000000,6.117647,6.101961,6.231373
sweep,short,dmd,128,1,repeated-source,original,6,118.091,11.619,1.000000,1.000000,1.000000,9.484314,9.384314,10.486275,0.645055,0.582648,0.659858
sweep,short,dmd,128,1,repeated-source,selected64,6,76.709,9.293,1.541428,1.398834,1.702101,6.160784,6.152941,6.725490,0.993312,0.923032,0.995556
sweep,short,dmd,128,1,repeated-source,vector16store,6,76.196,1.602,1.550314,1.515477,1.716303,6.119608,6.109804,6.207843,1.000000,1.000000,1.000000
sweep,short,dmd,128,1,repeated-source,cpp-approved-execution,6,12.451,0.000,9.484314,9.384314,10.486275,1.000000,1.000000,1.000000,6.119608,6.109804,6.207843
sweep,short,dmd,128,1,universal,original,6,1180.737,6.042,1.000000,1.000000,1.000000,15.280570,15.183480,16.268947,1.001464,0.989621,1.021228
sweep,short,dmd,128,1,universal,selected64,6,1180.273,3.123,1.001432,0.985709,1.029556,15.366825,15.160782,16.203890,1.006690,0.998095,1.018871
sweep,short,dmd,128,1,universal,vector16store,6,1186.060,4.796,0.998540,0.979213,1.010488,15.426971,15.235777,16.313213,1.000000,1.000000,1.000000
sweep,short,dmd,128,1,universal,cpp-approved-execution,6,77.246,6.005,15.280570,15.183480,16.268947,1.000000,1.000000,1.000000,15.426971,15.235777,16.313213
sweep,short,dmd,128,17,contiguous,original,6,1240.833,0.739,1.000000,1.000000,1.000000,7.061611,7.023585,7.099526,0.377353,0.375834,0.385081
sweep,short,dmd,128,17,contiguous,selected64,6,470.833,2.655,2.638298,2.579585,2.646643,2.684089,2.660377,2.739336,0.995574,0.979239,0.998258
sweep,short,dmd,128,17,contiguous,vector16store,6,468.750,2.133,2.650048,2.596859,2.660746,2.672218,2.646226,2.715640,1.000000,1.000000,1.000000
sweep,short,dmd,128,17,contiguous,cpp-approved-execution,6,175.833,0.948,7.061611,7.023585,7.099526,1.000000,1.000000,1.000000,2.672218,2.646226,2.715640
sweep,short,dmd,128,17,negative-both,original,6,1021.667,0.816,1.000000,1.000000,1.000000,5.715660,5.679070,5.752336,0.534422,0.532088,0.538903
sweep,short,dmd,128,17,negative-both,selected64,6,548.333,0.456,1.861595,1.851515,1.873668,3.069930,3.055814,3.074766,0.995448,0.992424,1.001522
sweep,short,dmd,128,17,negative-both,vector16store,6,546.250,0.610,1.871189,1.855623,1.879389,3.058270,3.046512,3.065421,1.000000,1.000000,1.000000
sweep,short,dmd,128,17,negative-both,cpp-approved-execution,6,178.750,0.466,5.715660,5.679070,5.752336,1.000000,1.000000,1.000000,3.058270,3.046512,3.065421
sweep,short,dmd,128,17,negative-source,original,6,1022.500,2.282,1.000000,1.000000,1.000000,5.652778,5.438053,5.777778,0.534229,0.524840,0.536007
sweep,short,dmd,128,17,negative-source,selected64,6,549.167,1.062,1.864741,1.854103,1.879518,3.048611,2.915929,3.074074,0.993935,0.986446,0.996965
sweep,short,dmd,128,17,negative-source,vector16store,6,545.833,0.611,1.871856,1.865649,1.905344,3.027778,2.907080,3.041860,1.000000,1.000000,1.000000
sweep,short,dmd,128,17,negative-source,cpp-approved-execution,6,180.000,5.093,5.652778,5.438053,5.777778,1.000000,1.000000,1.000000,3.027778,2.907080,3.041860
sweep,short,dmd,128,17,padded,original,6,1020.833,0.571,1.000000,1.000000,1.000000,5.695349,5.462222,5.702326,0.531889,0.528885,0.532245
sweep,short,dmd,128,17,padded,selected64,6,545.417,0.458,1.872324,1.862805,1.877489,3.041860,2.915556,3.051163,0.995416,0.990854,0.996942
sweep,short,dmd,128,17,padded,vector16store,6,542.500,0.307,1.880092,1.878834,1.890769,3.027907,2.888889,3.032558,1.000000,1.000000,1.000000
sweep,short,dmd,128,17,padded,cpp-approved-execution,6,179.167,4.651,5.695349,5.462222,5.702326,1.000000,1.000000,1.000000,3.027907,2.888889,3.032558
sweep,short,dmd,128,17,repeated-source,original,6,1024.167,69.976,1.000000,1.000000,1.000000,5.729635,5.702326,6.280374,0.529939,0.484375,0.530995
sweep,short,dmd,128,17,repeated-source,selected64,6,546.667,81.402,1.872616,1.755892,2.048780,3.065421,3.041860,3.384615,0.992378,0.926768,0.993893
sweep,short,dmd,128,17,repeated-source,vector16store,6,542.500,69.278,1.887009,1.883257,2.064516,3.037307,3.023256,3.136752,1.000000,1.000000,1.000000
sweep,short,dmd,128,17,repeated-source,cpp-approved-execution,6,179.167,63.721,5.729635,5.702326,6.280374,1.000000,1.000000,1.000000,3.037307,3.023256,3.136752
sweep,short,dmd,128,17,universal,original,6,18275.417,9.507,1.000000,1.000000,1.000000,15.208449,15.027083,16.452150,0.998177,0.934370,1.025428
sweep,short,dmd,128,17,universal,selected64,6,18285.833,3.514,1.002649,0.994532,1.058115,15.217066,15.034722,15.548544,1.000998,0.988671,1.019821
sweep,short,dmd,128,17,universal,vector16store,6,18403.750,3.541,1.001826,0.975202,1.070240,15.320481,14.999306,15.510049,1.000000,1.000000,1.000000
sweep,short,dmd,128,17,universal,cpp-approved-execution,6,1200.833,0.208,15.208449,15.027083,16.452150,1.000000,1.000000,1.000000,15.320481,14.999306,15.510049
sweep,short,dmd,128,128,contiguous,original,6,9018.750,99.584,1.000000,1.000000,1.000000,6.763492,6.649770,8.700906,0.356202,0.296528,0.359667
sweep,short,dmd,128,128,contiguous,selected64,6,3234.375,70.725,2.793807,2.712406,3.265306,2.421548,2.382488,2.664653,0.994192,0.968254,0.996139
sweep,short,dmd,128,128,contiguous,vector16store,6,3218.750,66.214,2.807393,2.780347,3.372365,2.412180,2.368664,2.580060,1.000000,1.000000,1.000000
sweep,short,dmd,128,128,contiguous,cpp-approved-execution,6,1337.500,55.140,6.763492,6.649770,8.700906,1.000000,1.000000,1.000000,2.412180,2.368664,2.580060
sweep,short,dmd,128,128,negative-both,original,6,6984.375,11.723,1.000000,1.000000,1.000000,4.801295,4.729958,5.363636,0.486360,0.435028,0.489170
sweep,short,dmd,128,128,negative-both,selected64,6,3406.250,0.734,2.044829,2.021898,2.273394,2.354978,2.312236,2.362069,0.989964,0.988971,0.998165
sweep,short,dmd,128,128,negative-both,vector16store,6,3387.500,1.107,2.056125,2.044280,2.298701,2.334770,2.291139,2.346320,1.000000,1.000000,1.000000
sweep,short,dmd,128,128,negative-both,cpp-approved-execution,6,1446.875,2.592,4.801295,4.729958,5.363636,1.000000,1.000000,1.000000,2.334770,2.291139,2.346320
sweep,short,dmd,128,128,negative-source,original,6,6925.000,12.455,1.000000,1.000000,1.000000,4.792208,4.780172,5.339056,0.477888,0.429260,0.486438
sweep,short,dmd,128,128,negative-source,selected64,6,3346.875,0.934,2.071028,2.055762,2.312268,2.312515,2.306034,2.329004,0.991583,0.986916,1.000000
sweep,short,dmd,128,128,negative-source,vector16store,6,3315.625,1.885,2.092540,2.055762,2.329588,2.290944,2.284483,2.329004,1.000000,1.000000,1.000000
sweep,short,dmd,128,128,negative-source,cpp-approved-execution,6,1443.750,0.866,4.792208,4.780172,5.339056,1.000000,1.000000,1.000000,2.290944,2.284483,2.329004
sweep,short,dmd,128,128,padded,original,6,6915.625,79.620,1.000000,1.000000,1.000000,4.831878,4.767241,5.855457,0.476471,0.423974,0.479204
sweep,short,dmd,128,128,padded,selected64,6,3331.250,75.797,2.082863,2.071295,2.332083,2.318084,2.288793,2.758112,0.989663,0.966845,0.998117
sweep,short,dmd,128,128,padded,vector16store,6,3303.125,71.523,2.098769,2.086792,2.358634,2.294124,2.281385,2.666667,1.000000,1.000000,1.000000
sweep,short,dmd,128,128,padded,cpp-approved-execution,6,1440.625,47.722,4.831878,4.767241,5.855457,1.000000,1.000000,1.000000,2.294124,2.281385,2.666667
sweep,short,dmd,128,128,repeated-source,original,6,6915.625,0.723,1.000000,1.000000,1.000000,4.823144,4.752137,4.911504,0.476318,0.475158,0.481982
sweep,short,dmd,128,128,repeated-source,selected64,6,3331.250,1.313,2.076787,2.067416,2.092628,2.315110,2.290598,2.371681,0.992483,0.988722,0.998134
sweep,short,dmd,128,128,repeated-source,vector16store,6,3296.875,1.706,2.099437,2.074766,2.104563,2.301980,2.264957,2.367257,1.000000,1.000000,1.000000
sweep,short,dmd,128,128,repeated-source,cpp-approved-execution,6,1431.250,3.493,4.823144,4.752137,4.911504,1.000000,1.000000,1.000000,2.301980,2.264957,2.367257
sweep,short,dmd,128,128,universal,original,6,137459.375,2.724,1.000000,1.000000,1.000000,15.212693,15.020041,15.476784,0.994076,0.983253,1.056442
sweep,short,dmd,128,128,universal,selected64,6,137196.875,4.451,0.998680,0.984986,1.013568,15.207118,15.006233,15.512821,0.996492,0.980969,1.040581
sweep,short,dmd,128,128,universal,vector16store,6,136725.000,9.037,1.005960,0.946573,1.017032,15.154825,14.919143,16.074352,1.000000,1.000000,1.000000
sweep,short,dmd,128,128,universal,cpp-approved-execution,6,9025.000,1.593,15.212693,15.020041,15.476784,1.000000,1.000000,1.000000,15.154825,14.919143,16.074352
sweep,short,dmd,129,1,contiguous,original,6,117.963,1.669,1.000000,1.000000,1.000000,9.272777,9.208494,9.362934,0.649190,0.640412,0.693111
sweep,short,dmd,129,1,contiguous,selected64,6,77.215,6.883,1.525173,1.427289,1.551504,6.069663,6.034749,6.451737,0.992337,0.939557,1.001811
sweep,short,dmd,129,1,contiguous,vector16store,6,76.599,6.874,1.540394,1.442771,1.561494,6.019342,5.996139,6.409266,1.000000,1.000000,1.000000
sweep,short,dmd,129,1,contiguous,cpp-approved-execution,6,12.746,0.386,9.272777,9.208494,9.362934,1.000000,1.000000,1.000000,6.019342,5.996139,6.409266
sweep,short,dmd,129,1,negative-both,original,6,118.061,1.417,1.000000,1.000000,1.000000,9.018797,8.988722,9.116541,0.647306,0.645027,0.659794
sweep,short,dmd,129,1,negative-both,selected64,6,77.288,2.611,1.523719,1.509023,1.534483,5.904135,5.887218,6.041353,0.989159,0.985350,0.995644
sweep,short,dmd,129,1,negative-both,vector16store,6,76.353,3.416,1.544872,1.515625,1.550323,5.832707,5.815789,6.015038,1.000000,1.000000,1.000000
sweep,short,dmd,129,1,negative-both,cpp-approved-execution,6,13.091,0.000,9.018797,8.988722,9.116541,1.000000,1.000000,1.000000,5.832707,5.815789,6.015038
sweep,short,dmd,129,1,negative-source,original,6,117.963,0.918,1.000000,1.000000,1.000000,9.011278,8.939850,9.022556,0.654504,0.647329,0.657083
sweep,short,dmd,129,1,negative-source,selected64,6,77.215,1.785,1.525023,1.503759,1.529337,5.898496,5.894737,6.000000,0.992682,0.988095,1.002549
sweep,short,dmd,129,1,negative-source,vector16store,6,76.944,1.663,1.527883,1.521877,1.544810,5.877820,5.830827,5.928571,1.000000,1.000000,1.000000
sweep,short,dmd,129,1,negative-source,cpp-approved-execution,6,13.091,0.000,9.011278,8.939850,9.022556,1.000000,1.000000,1.000000,5.877820,5.830827,5.928571
sweep,short,dmd,129,1,padded,original,6,117.766,2.549,1.000000,1.000000,1.000000,8.975564,8.260135,9.037594,0.655917,0.648040,0.669939
sweep,short,dmd,129,1,padded,selected64,6,77.313,9.612,1.524206,1.386047,1.539673,5.906015,5.364865,6.466165,0.993316,0.923837,1.031486
sweep,short,dmd,129,1,padded,vector16store,6,77.239,5.352,1.524637,1.492674,1.543115,5.866541,5.533784,5.973684,1.000000,1.000000,1.000000
sweep,short,dmd,129,1,padded,cpp-approved-execution,6,13.091,11.278,8.975564,8.260135,9.037594,1.000000,1.000000,1.000000,5.866541,5.533784,5.973684
sweep,short,dmd,129,1,repeated-source,original,6,117.790,1.755,1.000000,1.000000,1.000000,8.998120,8.958647,9.116541,0.651138,0.642768,0.657310
sweep,short,dmd,129,1,repeated-source,selected64,6,77.387,1.272,1.520988,1.504096,1.547543,5.911654,5.890977,5.966165,0.989867,0.984167,0.997447
sweep,short,dmd,129,1,repeated-source,vector16store,6,76.722,1.155,1.535774,1.521351,1.555770,5.860902,5.830827,5.898496,1.000000,1.000000,1.000000
sweep,short,dmd,129,1,repeated-source,cpp-approved-execution,6,13.091,0.000,8.998120,8.958647,9.116541,1.000000,1.000000,1.000000,5.860902,5.830827,5.898496
sweep,short,dmd,129,1,universal,original,6,1188.952,1.523,1.000000,1.000000,1.000000,16.199800,16.106640,16.353454,1.001059,0.992905,1.026617
sweep,short,dmd,129,1,universal,selected64,6,1192.372,1.923,0.999641,0.989234,1.003073,16.244722,16.071764,16.373324,1.002081,0.990257,1.022083
sweep,short,dmd,129,1,universal,vector16store,6,1190.969,2.979,0.998943,0.974073,1.007146,16.225616,16.124078,16.596515,1.000000,1.000000,1.000000
sweep,short,dmd,129,1,universal,cpp-approved-execution,6,73.376,0.067,16.199800,16.106640,16.353454,1.000000,1.000000,1.000000,16.225616,16.124078,16.596515
sweep,short,dmd,129,17,contiguous,original,6,1249.580,0.202,1.000000,1.000000,1.000000,7.030772,6.728507,7.056872,0.381049,0.380537,0.382650
sweep,short,dmd,129,17,contiguous,selected64,6,477.311,0.704,2.617966,2.604203,2.627866,2.685583,2.579186,2.706161,0.997367,0.994737,1.000000
sweep,short,dmd,129,17,contiguous,vector16store,6,476.471,0.529,2.624339,2.613357,2.627866,2.678496,2.565611,2.696682,1.000000,1.000000,1.000000
sweep,short,dmd,129,17,contiguous,cpp-approved-execution,6,177.731,4.728,7.030772,6.728507,7.056872,1.000000,1.000000,1.000000,2.678496,2.565611,2.696682
sweep,short,dmd,129,17,negative-both,original,6,1031.513,0.733,1.000000,1.000000,1.000000,5.542986,5.360870,5.579186,0.538712,0.536091,0.540146
sweep,short,dmd,129,17,negative-both,selected64,6,561.345,18.563,1.836584,1.553165,1.845808,3.020362,2.921739,3.558559,0.990256,0.834177,0.992504
sweep,short,dmd,129,17,negative-both,vector16store,6,555.042,1.060,1.856280,1.851351,1.865356,2.986425,2.895652,2.995475,1.000000,1.000000,1.000000
sweep,short,dmd,129,17,negative-both,cpp-approved-execution,6,185.714,4.072,5.542986,5.360870,5.579186,1.000000,1.000000,1.000000,2.986425,2.895652,2.995475
sweep,short,dmd,129,17,negative-source,original,6,1032.353,1.302,1.000000,1.000000,1.000000,5.501151,5.421053,5.527027,0.536456,0.530596,0.540277
sweep,short,dmd,129,17,negative-source,selected64,6,558.824,0.301,1.845981,1.840841,1.867669,2.964483,2.912281,3.000000,0.990977,0.987988,0.996997
sweep,short,dmd,129,17,negative-source,vector16store,6,553.782,0.910,1.864086,1.850904,1.884674,2.946605,2.890351,2.963964,1.000000,1.000000,1.000000
sweep,short,dmd,129,17,negative-source,cpp-approved-execution,6,188.655,2.673,5.501151,5.421053,5.527027,1.000000,1.000000,1.000000,2.946605,2.890351,2.963964
sweep,short,dmd,129,17,padded,original,6,1025.210,1.639,1.000000,1.000000,1.000000,5.507929,5.490991,5.556561,0.536066,0.527845,0.537326
sweep,short,dmd,129,17,padded,selected64,6,554.622,1.212,1.847727,1.838323,1.868778,2.973034,2.972973,3.022624,0.990909,0.980539,0.992424
sweep,short,dmd,129,17,padded,vector16store,6,549.580,0.153,1.865443,1.861069,1.894495,2.948198,2.932735,2.963801,1.000000,1.000000,1.000000
sweep,short,dmd,129,17,padded,cpp-approved-execution,6,186.555,0.901,5.507929,5.490991,5.556561,1.000000,1.000000,1.000000,2.948198,2.932735,2.963801
sweep,short,dmd,129,17,repeated-source,original,6,1031.092,0.570,1.000000,1.000000,1.000000,5.477679,5.446903,5.502242,0.534637,0.532088,0.536765
sweep,short,dmd,129,17,repeated-source,selected64,6,555.882,0.151,1.856278,1.848943,1.859517,2.953125,2.929204,2.964126,0.991686,0.989426,0.992447
sweep,short,dmd,129,17,repeated-source,vector16store,6,551.261,0.305,1.870427,1.863014,1.879389,2.928571,2.898230,2.941704,1.000000,1.000000,1.000000
sweep,short,dmd,129,17,repeated-source,cpp-approved-execution,6,188.235,1.339,5.477679,5.446903,5.502242,1.000000,1.000000,1.000000,2.928571,2.898230,2.941704
sweep,short,dmd,129,17,universal,original,6,18364.706,3.121,1.000000,1.000000,1.000000,15.181677,15.105556,15.568355,0.997045,0.977760,1.004781
sweep,short,dmd,129,17,universal,selected64,6,18426.891,5.555,0.998538,0.982999,1.027203,15.227778,15.002778,15.837613,0.996433,0.980983,1.004358
sweep,short,dmd,129,17,universal,vector16store,6,18382.353,3.365,1.002965,0.995242,1.022746,15.190972,15.036111,15.536433,1.000000,1.000000,1.000000
sweep,short,dmd,129,17,universal,cpp-approved-execution,6,1210.084,0.139,15.181677,15.105556,15.568355,1.000000,1.000000,1.000000,15.190972,15.036111,15.536433
sweep,short,dmd,129,128,contiguous,original,6,9093.333,0.587,1.000000,1.000000,1.000000,6.752641,6.714286,6.820896,0.362303,0.359592,0.366569
sweep,short,dmd,129,128,contiguous,selected64,6,3296.667,1.820,2.757334,2.717131,2.780933,2.457711,2.438424,2.472906,0.996996,0.991984,1.000000
sweep,short,dmd,129,128,contiguous,vector16store,6,3293.333,1.619,2.760135,2.728000,2.780933,2.450249,2.438424,2.463054,1.000000,1.000000,1.000000
sweep,short,dmd,129,128,contiguous,cpp-approved-execution,6,1346.667,0.990,6.752641,6.714286,6.820896,1.000000,1.000000,1.000000,2.450249,2.438424,2.463054
sweep,short,dmd,129,128,negative-both,original,6,7026.667,0.949,1.000000,1.000000,1.000000,4.782322,4.743243,4.800905,0.485064,0.481621,0.486256
sweep,short,dmd,129,128,negative-both,selected64,6,3446.667,0.967,2.041625,2.021154,2.052224,2.340138,2.324324,2.363636,0.990301,0.982692,0.992263
sweep,short,dmd,129,128,negative-both,vector16store,6,3406.667,0.587,2.061583,2.056530,2.076321,2.317462,2.301802,2.331818,1.000000,1.000000,1.000000
sweep,short,dmd,129,128,negative-both,cpp-approved-execution,6,1470.000,0.907,4.782322,4.743243,4.800905,1.000000,1.000000,1.000000,2.317462,2.301802,2.331818
sweep,short,dmd,129,128,negative-source,original,6,7020.000,0.570,1.000000,1.000000,1.000000,4.828369,4.786364,4.852535,0.480797,0.480532,0.482987
sweep,short,dmd,129,128,negative-source,selected64,6,3416.667,0.780,2.056530,2.052632,2.060665,2.347817,2.331818,2.357798,0.989271,0.986355,0.994129
sweep,short,dmd,129,128,negative-source,vector16store,6,3380.000,0.986,2.079880,2.070450,2.081028,2.325688,2.300000,2.341014,1.000000,1.000000,1.000000
sweep,short,dmd,129,128,negative-source,cpp-approved-execution,6,1456.667,1.373,4.828369,4.786364,4.852535,1.000000,1.000000,1.000000,2.325688,2.300000,2.341014
sweep,short,dmd,129,128,padded,original,6,7006.667,0.476,1.000000,1.000000,1.000000,4.775088,4.733032,4.821101,0.481446,0.480000,0.484301
sweep,short,dmd,129,128,padded,selected64,6,3403.333,0.784,2.056751,2.042802,2.060784,2.325833,2.301802,2.347032,0.991186,0.980545,0.996086
sweep,short,dmd,129,128,padded,vector16store,6,3373.333,0.988,2.077075,2.064833,2.083333,2.302269,2.279279,2.321101,1.000000,1.000000,1.000000
sweep,short,dmd,129,128,padded,cpp-approved-execution,6,1466.667,1.818,4.775088,4.733032,4.821101,1.000000,1.000000,1.000000,2.302269,2.279279,2.321101
sweep,short,dmd,129,128,repeated-source,original,6,6990.000,0.381,1.000000,1.000000,1.000000,4.879070,4.811927,4.887850,0.480916,0.479962,0.490476
sweep,short,dmd,129,128,repeated-source,selected64,6,3400.000,1.373,2.053924,2.034884,2.062868,2.372973,2.344037,2.400000,0.988235,0.980507,0.998062
sweep,short,dmd,129,128,repeated-source,vector16store,6,3360.000,2.381,2.079365,2.038835,2.083499,2.344186,2.316514,2.395349,1.000000,1.000000,1.000000
sweep,short,dmd,129,128,repeated-source,cpp-approved-execution,6,1433.333,1.860,4.879070,4.811927,4.887850,1.000000,1.000000,1.000000,2.344186,2.316514,2.395349
sweep,short,dmd,129,128,universal,original,6,137840.000,19.365,1.000000,1.000000,1.000000,15.191771,15.067647,17.972120,0.997260,0.893574,1.006734
sweep,short,dmd,129,128,universal,selected64,6,137316.667,28.037,0.997960,0.929816,1.010383,15.145221,15.120500,19.328687,0.997230,0.830860,1.006162
sweep,short,dmd,129,128,universal,vector16store,6,137760.000,6.809,1.002750,0.993311,1.119101,15.188526,15.049229,16.059428,1.000000,1.000000,1.000000
sweep,short,dmd,129,128,universal,cpp-approved-execution,6,9070.000,0.221,15.191771,15.067647,17.972120,1.000000,1.000000,1.000000,15.188526,15.049229,16.059428
sweep,short,dmd,255,1,contiguous,original,6,185.992,8.002,1.000000,1.000000,1.000000,7.804082,7.787755,8.412245,0.556428,0.519651,0.561129
sweep,short,dmd,255,1,contiguous,selected64,6,104.280,0.840,1.782081,1.772222,1.911874,4.375510,4.371429,4.408163,0.992537,0.990672,0.994444
sweep,short,dmd,255,1,contiguous,vector16store,6,103.502,1.128,1.797177,1.782123,1.924370,4.342857,4.334694,4.383673,1.000000,1.000000,1.000000
sweep,short,dmd,255,1,contiguous,cpp-approved-execution,6,23.833,0.000,7.804082,7.787755,8.412245,1.000000,1.000000,1.000000,4.342857,4.334694,4.383673
sweep,short,dmd,255,1,negative-both,original,6,186.333,0.731,1.000000,1.000000,1.000000,7.723790,7.697581,7.754032,0.556251,0.553070,0.573145
sweep,short,dmd,255,1,negative-both,selected64,6,104.475,0.559,1.782689,1.772222,1.790503,4.330645,4.330645,4.354839,0.992555,0.988827,1.015741
sweep,short,dmd,255,1,negative-both,vector16store,6,103.745,3.282,1.797752,1.744758,1.808090,4.300403,4.282258,4.423387,1.000000,1.000000,1.000000
sweep,short,dmd,255,1,negative-both,cpp-approved-execution,6,24.125,0.000,7.723790,7.697581,7.754032,1.000000,1.000000,1.000000,4.300403,4.282258,4.423387
sweep,short,dmd,255,1,negative-source,original,6,186.284,0.940,1.000000,1.000000,1.000000,7.721774,7.681452,7.754032,0.557909,0.555904,0.563183
sweep,short,dmd,255,1,negative-source,selected64,6,104.475,1.676,1.779229,1.765840,1.788982,4.330645,4.318548,4.391129,0.993051,0.987896,1.004669
sweep,short,dmd,255,1,negative-source,vector16store,6,103.842,2.061,1.792407,1.775623,1.798872,4.304435,4.278226,4.366935,1.000000,1.000000,1.000000
sweep,short,dmd,255,1,negative-source,cpp-approved-execution,6,24.125,0.000,7.721774,7.681452,7.754032,1.000000,1.000000,1.000000,4.304435,4.278226,4.366935
sweep,short,dmd,255,1,padded,original,6,186.089,0.523,1.000000,1.000000,1.000000,7.713710,7.693548,7.733871,0.554946,0.553180,0.558577
sweep,short,dmd,255,1,padded,selected64,6,104.232,0.467,1.785547,1.779851,1.790458,4.320565,4.310484,4.330645,0.990661,0.987896,0.997199
sweep,short,dmd,255,1,padded,vector16store,6,103.210,0.754,1.801979,1.790262,1.807729,4.278226,4.274194,4.306452,1.000000,1.000000,1.000000
sweep,short,dmd,255,1,padded,cpp-approved-execution,6,24.125,0.000,7.713710,7.693548,7.733871,1.000000,1.000000,1.000000,4.278226,4.274194,4.306452
sweep,short,dmd,255,1,repeated-source,original,6,185.992,0.837,1.000000,1.000000,1.000000,7.709677,7.697581,7.762097,0.556428,0.550649,0.557462
sweep,short,dmd,255,1,repeated-source,selected64,6,104.475,0.466,1.783115,1.776744,1.789033,4.330645,4.318548,4.338710,0.990673,0.985130,0.997209
sweep,short,dmd,255,1,repeated-source,vector16store,6,103.356,1.129,1.797177,1.793843,1.816038,4.284274,4.274194,4.322581,1.000000,1.000000,1.000000
sweep,short,dmd,255,1,repeated-source,cpp-approved-execution,6,24.125,0.000,7.709677,7.697581,7.762097,1.000000,1.000000,1.000000,4.284274,4.274194,4.322581
sweep,short,dmd,255,1,universal,original,6,2238.132,1.130,1.000000,1.000000,1.000000,15.791352,15.237367,15.885989,0.998500,0.991059,1.005939
sweep,short,dmd,255,1,universal,selected64,6,2230.691,3.096,1.003345,0.987786,1.009143,15.699965,15.304521,16.082418,0.997581,0.987316,1.015137
sweep,short,dmd,255,1,universal,vector16store,6,2230.010,1.727,1.001503,0.994096,1.009022,15.700755,15.246676,15.936813,1.000000,1.000000,1.000000
sweep,short,dmd,255,1,universal,cpp-approved-execution,6,141.683,3.296,15.791352,15.237367,15.885989,1.000000,1.000000,1.000000,15.700755,15.246676,15.936813
sweep,short,dmd,255,17,contiguous,original,6,2480.000,0.067,1.000000,1.000000,1.000000,7.054502,7.018868,7.090476,0.379704,0.378778,0.380376
sweep,short,dmd,255,17,contiguous,selected64,6,941.667,0.177,2.633628,2.628975,2.635398,2.680095,2.665094,2.695238,1.000000,0.998230,1.000000
sweep,short,dmd,255,17,contiguous,vector16store,6,941.667,0.354,2.633628,2.628975,2.640071,2.677725,2.665094,2.695238,1.000000,1.000000,1.000000
sweep,short,dmd,255,17,contiguous,cpp-approved-execution,6,351.667,0.948,7.054502,7.018868,7.090476,1.000000,1.000000,1.000000,2.677725,2.665094,2.695238
sweep,short,dmd,255,17,negative-both,original,6,2006.667,0.498,1.000000,1.000000,1.000000,5.339243,5.253275,5.355556,0.508722,0.507042,0.509983
sweep,short,dmd,255,17,negative-both,selected64,6,1020.000,1.144,1.967320,1.944984,1.972177,2.713972,2.672489,2.746667,0.999184,0.991909,1.001637
sweep,short,dmd,255,17,negative-both,vector16store,6,1020.000,0.327,1.965717,1.960848,1.972222,2.713982,2.676856,2.724444,1.000000,1.000000,1.000000
sweep,short,dmd,255,17,negative-both,cpp-approved-execution,6,375.833,1.774,5.339243,5.253275,5.355556,1.000000,1.000000,1.000000,2.713982,2.676856,2.724444
sweep,short,dmd,255,17,negative-source,original,6,2007.500,0.747,1.000000,1.000000,1.000000,5.318584,5.189655,5.345133,0.506849,0.504967,0.513739
sweep,short,dmd,255,17,negative-source,selected64,6,1020.000,0.817,1.966533,1.949675,1.977087,2.703540,2.642241,2.707965,0.999183,0.995106,1.004910
sweep,short,dmd,255,17,negative-source,vector16store,6,1019.167,1.145,1.972974,1.946515,1.980328,2.701327,2.629310,2.716814,1.000000,1.000000,1.000000
sweep,short,dmd,255,17,negative-source,cpp-approved-execution,6,376.667,2.655,5.318584,5.189655,5.345133,1.000000,1.000000,1.000000,2.701327,2.629310,2.716814
sweep,short,dmd,255,17,padded,original,6,2004.167,0.166,1.000000,1.000000,1.000000,5.323009,5.276316,5.342222,0.507897,0.507077,0.511241
sweep,short,dmd,255,17,padded,selected64,6,1016.667,0.492,1.972131,1.968852,1.976974,2.700669,2.675439,2.711111,1.002464,0.998361,1.009868
sweep,short,dmd,255,17,padded,vector16store,6,1018.333,0.818,1.968903,1.956026,1.972085,2.708889,2.679825,2.716814,1.000000,1.000000,1.000000
sweep,short,dmd,255,17,padded,cpp-approved-execution,6,376.667,1.327,5.323009,5.276316,5.342222,1.000000,1.000000,1.000000,2.708889,2.679825,2.716814
sweep,short,dmd,255,17,repeated-source,original,6,1997.500,0.250,1.000000,1.000000,1.000000,5.300885,5.250000,5.328889,0.508135,0.507500,0.512114
sweep,short,dmd,255,17,repeated-source,selected64,6,1015.000,0.164,1.967980,1.962295,1.970443,2.694690,2.675439,2.706667,1.000000,1.000000,1.004918
sweep,short,dmd,255,17,repeated-source,vector16store,6,1015.000,0.657,1.967980,1.952692,1.970443,2.694690,2.682819,2.706667,1.000000,1.000000,1.000000
sweep,short,dmd,255,17,repeated-source,cpp-approved-execution,6,376.667,1.327,5.300885,5.250000,5.328889,1.000000,1.000000,1.000000,2.694690,2.682819,2.706667
sweep,short,dmd,255,17,universal,original,6,36395.000,1.887,1.000000,1.000000,1.000000,14.900689,14.771117,15.113543,0.994463,0.977996,1.000505
sweep,short,dmd,255,17,universal,selected64,6,36195.833,2.063,1.005336,0.996316,1.014136,14.854651,14.672343,14.967325,1.002008,0.982517,1.006098
sweep,short,dmd,255,17,universal,vector16store,6,36268.333,2.077,1.005570,0.999495,1.022499,14.857444,14.666213,14.993160,1.000000,1.000000,1.000000
sweep,short,dmd,255,17,universal,cpp-approved-execution,6,2437.500,0.479,14.900689,14.771117,15.113543,1.000000,1.000000,1.000000,14.857444,14.666213,14.993160
sweep,short,dmd,255,128,contiguous,original,6,18443.750,0.271,1.000000,1.000000,1.000000,6.974034,6.929577,7.009479,0.369241,0.368492,0.372881
sweep,short,dmd,255,128,contiguous,selected64,6,6825.000,0.916,2.701465,2.681818,2.708791,2.585308,2.568075,2.594340,0.999084,0.996337,1.001832
sweep,short,dmd,255,128,contiguous,vector16store,6,6812.500,1.101,2.708257,2.681818,2.713761,2.581564,2.558685,2.594340,1.000000,1.000000,1.000000
sweep,short,dmd,255,128,contiguous,cpp-approved-execution,6,2643.750,0.946,6.974034,6.929577,7.009479,1.000000,1.000000,1.000000,2.581564,2.558685,2.594340
sweep,short,dmd,255,128,negative-both,original,6,14562.500,6.352,1.000000,1.000000,1.000000,4.755102,4.439024,4.778689,0.477682,0.475129,0.510073
sweep,short,dmd,255,128,negative-both,selected64,6,6943.750,0.360,2.093443,1.967568,2.100901,2.273469,2.256098,2.274590,1.000000,0.998198,1.003604
sweep,short,dmd,255,128,negative-both,vector16store,6,6956.250,0.719,2.093443,1.960503,2.104693,2.271981,2.264228,2.277551,1.000000,1.000000,1.000000
sweep,short,dmd,255,128,negative-both,cpp-approved-execution,6,3062.500,0.816,4.755102,4.439024,4.778689,1.000000,1.000000,1.000000,2.271981,2.264228,2.277551
sweep,short,dmd,255,128,negative-source,original,6,14537.500,0.344,1.000000,1.000000,1.000000,4.815738,4.801653,4.825726,0.474635,0.473820,0.476354
sweep,short,dmd,255,128,negative-source,selected64,6,6918.750,0.361,2.102984,2.095668,2.106884,2.289856,2.285124,2.298755,0.999096,0.994585,1.000000
sweep,short,dmd,255,128,negative-source,vector16store,6,6900.000,0.543,2.106884,2.099278,2.110507,2.289856,2.276860,2.290456,1.000000,1.000000,1.000000
sweep,short,dmd,255,128,negative-source,cpp-approved-execution,6,3018.750,0.414,4.815738,4.801653,4.825726,1.000000,1.000000,1.000000,2.289856,2.276860,2.290456
sweep,short,dmd,255,128,padded,original,6,14525.000,0.258,1.000000,1.000000,1.000000,4.923729,4.907173,4.944681,0.474409,0.473730,0.475904
sweep,short,dmd,255,128,padded,selected64,6,6893.750,0.544,2.106981,2.093863,2.108893,2.336864,2.329114,2.357447,1.000000,0.996390,1.001812
sweep,short,dmd,255,128,padded,vector16store,6,6893.750,0.544,2.107888,2.101266,2.110909,2.338983,2.329114,2.348936,1.000000,1.000000,1.000000
sweep,short,dmd,255,128,padded,cpp-approved-execution,6,2950.000,0.847,4.923729,4.907173,4.944681,1.000000,1.000000,1.000000,2.338983,2.329114,2.348936
sweep,short,dmd,255,128,repeated-source,original,6,14493.750,0.259,1.000000,1.000000,1.000000,4.931915,4.890295,4.940426,0.475410,0.473730,0.477547
sweep,short,dmd,255,128,repeated-source,selected64,6,6881.250,0.363,2.106270,2.097826,2.110909,2.340426,2.324895,2.348936,1.000000,1.000000,1.003636
sweep,short,dmd,255,128,repeated-source,vector16store,6,6887.500,0.544,2.103448,2.094033,2.110909,2.340426,2.324895,2.353191,1.000000,1.000000,1.000000
sweep,short,dmd,255,128,repeated-source,cpp-approved-execution,6,2937.500,0.851,4.931915,4.890295,4.940426,1.000000,1.000000,1.000000,2.340426,2.324895,2.353191
sweep,short,dmd,255,128,universal,original,6,274556.250,2.185,1.000000,1.000000,1.000000,14.901319,14.767235,15.074301,0.992940,0.985886,0.998992
sweep,short,dmd,255,128,universal,selected64,6,271312.500,1.843,1.008354,0.998615,1.026982,14.768518,14.678255,14.950920,1.000692,0.993663,1.021084
sweep,short,dmd,255,128,universal,vector16store,6,272356.250,1.776,1.007112,1.001009,1.014316,14.826910,14.720867,14.987730,1.000000,1.000000,1.000000
sweep,short,dmd,255,128,universal,cpp-approved-execution,6,18343.750,0.750,14.901319,14.767235,15.074301,1.000000,1.000000,1.000000,14.826910,14.720867,14.987730
sweep,short,dmd,256,1,contiguous,original,6,187.012,27.206,1.000000,1.000000,1.000000,8.824885,8.792627,11.142202,0.528829,0.417456,0.530922
sweep,short,dmd,256,1,contiguous,selected64,6,99.316,0.393,1.880762,1.876106,2.388397,4.686636,4.665138,4.705069,0.995585,0.993117,0.997050
sweep,short,dmd,256,1,contiguous,vector16store,6,98.926,0.592,1.890970,1.883514,2.395464,4.663594,4.651376,4.682028,1.000000,1.000000,1.000000
sweep,short,dmd,256,1,contiguous,cpp-approved-execution,6,21.191,0.461,8.824885,8.792627,11.142202,1.000000,1.000000,1.000000,4.663594,4.651376,4.682028
sweep,short,dmd,256,1,negative-both,original,6,187.109,3.027,1.000000,1.000000,1.000000,8.697727,8.668182,8.891403,0.529813,0.528753,0.530548
sweep,short,dmd,256,1,negative-both,selected64,6,99.316,4.523,1.880651,1.850282,1.887906,4.620455,4.615385,4.805430,0.996565,0.978343,1.000000
sweep,short,dmd,256,1,negative-both,vector16store,6,99.170,2.757,1.887461,1.884843,1.891242,4.613636,4.592760,4.701357,1.000000,1.000000,1.000000
sweep,short,dmd,256,1,negative-both,cpp-approved-execution,6,21.484,0.455,8.697727,8.668182,8.891403,1.000000,1.000000,1.000000,4.613636,4.592760,4.701357
sweep,short,dmd,256,1,negative-source,original,6,186.475,0.524,1.000000,1.000000,1.000000,8.659091,7.399225,8.695455,0.534573,0.532984,0.551074
sweep,short,dmd,256,1,negative-source,selected64,6,100.098,4.390,1.862439,1.789128,1.871820,4.645455,4.135659,4.672727,0.996092,0.985942,0.999022
sweep,short,dmd,256,1,negative-source,vector16store,6,99.707,3.330,1.870651,1.814639,1.876228,4.631818,4.077519,4.654545,1.000000,1.000000,1.000000
sweep,short,dmd,256,1,negative-source,cpp-approved-execution,6,21.484,17.273,8.659091,7.399225,8.695455,1.000000,1.000000,1.000000,4.631818,4.077519,4.654545
sweep,short,dmd,256,1,padded,original,6,186.475,0.524,1.000000,1.000000,1.000000,8.672727,8.438053,8.713636,0.532110,0.527937,0.543558
sweep,short,dmd,256,1,padded,selected64,6,99.414,3.438,1.874694,1.823977,1.884843,4.620455,4.504425,4.777273,0.994592,0.991437,1.003929
sweep,short,dmd,256,1,padded,vector16store,6,99.121,3.153,1.879325,1.839731,1.894164,4.609944,4.477876,4.736364,1.000000,1.000000,1.000000
sweep,short,dmd,256,1,padded,cpp-approved-execution,6,21.484,2.727,8.672727,8.438053,8.713636,1.000000,1.000000,1.000000,4.609944,4.477876,4.736364
sweep,short,dmd,256,1,repeated-source,original,6,186.572,0.733,1.000000,1.000000,1.000000,8.668943,7.929461,8.696833,0.529720,0.528460,0.531217
sweep,short,dmd,256,1,repeated-source,selected64,6,99.512,1.178,1.875307,1.866928,1.879293,4.619066,4.228216,4.656109,0.992678,0.990215,0.994106
sweep,short,dmd,256,1,repeated-source,vector16store,6,98.828,1.087,1.887791,1.882468,1.892292,4.589593,4.190871,4.619910,1.000000,1.000000,1.000000
sweep,short,dmd,256,1,repeated-source,cpp-approved-execution,6,21.582,9.502,8.668943,7.929461,8.696833,1.000000,1.000000,1.000000,4.589593,4.190871,4.619910
sweep,short,dmd,256,1,universal,original,6,2280.322,7.760,1.000000,1.000000,1.000000,16.020902,15.717526,16.951236,0.996554,0.976409,1.005348
sweep,short,dmd,256,1,universal,selected64,6,2249.561,8.135,1.007611,0.992449,1.021626,15.870214,15.742916,16.932692,1.000331,0.991277,1.009658
sweep,short,dmd,256,1,universal,vector16store,6,2244.678,8.575,1.003463,0.994680,1.024161,15.879453,15.698969,17.041896,1.000000,1.000000,1.000000
sweep,short,dmd,256,1,universal,cpp-approved-execution,6,142.139,0.756,16.020902,15.717526,16.951236,1.000000,1.000000,1.000000,15.879453,15.698969,17.041896
sweep,short,dmd,256,17,contiguous,original,6,2421.667,36.683,1.000000,1.000000,1.000000,6.916667,6.758140,9.402844,0.353285,0.258569,0.359752
sweep,short,dmd,256,17,contiguous,selected64,6,858.333,2.913,2.820388,2.737736,3.852427,2.452381,2.409302,2.523810,0.996117,0.984906,1.001931
sweep,short,dmd,256,17,contiguous,vector16store,6,855.833,1.753,2.830574,2.779693,3.867446,2.442857,2.413953,2.485714,1.000000,1.000000,1.000000
sweep,short,dmd,256,17,contiguous,cpp-approved-execution,6,350.000,2.381,6.916667,6.758140,9.402844,1.000000,1.000000,1.000000,2.442857,2.413953,2.485714
sweep,short,dmd,256,17,negative-both,original,6,1998.333,1.918,1.000000,1.000000,1.000000,5.600467,5.495495,5.728571,0.470901,0.466667,0.474520
sweep,short,dmd,256,17,negative-both,selected64,6,948.333,2.636,2.109941,2.092174,2.127886,2.652706,2.603604,2.738095,0.994764,0.984348,0.998224
sweep,short,dmd,256,17,negative-both,vector16store,6,942.500,2.653,2.123590,2.107394,2.142857,2.641056,2.590090,2.695238,1.000000,1.000000,1.000000
sweep,short,dmd,256,17,negative-both,cpp-approved-execution,6,356.667,5.607,5.600467,5.495495,5.728571,1.000000,1.000000,1.000000,2.641056,2.590090,2.695238
sweep,short,dmd,256,17,negative-source,original,6,1992.500,5.270,1.000000,1.000000,1.000000,5.632939,5.426540,5.725118,0.469849,0.466060,0.490830
sweep,short,dmd,256,17,negative-source,selected64,6,940.000,0.887,2.116712,2.037367,2.141844,2.662739,2.649533,2.685714,0.994695,0.991182,1.000000
sweep,short,dmd,256,17,negative-source,vector16store,6,936.667,0.534,2.128342,2.037367,2.145648,2.654867,2.635514,2.671429,1.000000,1.000000,1.000000
sweep,short,dmd,256,17,negative-source,cpp-approved-execution,6,352.500,1.891,5.632939,5.426540,5.725118,1.000000,1.000000,1.000000,2.654867,2.635514,2.671429
sweep,short,dmd,256,17,padded,original,6,1990.833,4.353,1.000000,1.000000,1.000000,5.602587,5.452381,5.690476,0.467978,0.466946,0.488676
sweep,short,dmd,256,17,padded,selected64,6,932.500,0.536,2.129122,2.048301,2.137746,2.661905,2.597222,2.676190,0.997323,0.992883,1.001789
sweep,short,dmd,256,17,padded,vector16store,6,930.833,0.716,2.136857,2.046346,2.141577,2.655586,2.587963,2.671429,1.000000,1.000000,1.000000
sweep,short,dmd,256,17,padded,cpp-approved-execution,6,350.000,2.857,5.602587,5.452381,5.690476,1.000000,1.000000,1.000000,2.655586,2.587963,2.671429
sweep,short,dmd,256,17,repeated-source,original,6,1990.000,4.271,1.000000,1.000000,1.000000,5.608116,5.396226,5.658768,0.467755,0.466109,0.487762
sweep,short,dmd,256,17,repeated-source,selected64,6,933.333,1.250,2.121725,2.042857,2.137746,2.645399,2.616822,2.669811,0.996429,0.985866,0.998214
sweep,short,dmd,256,17,repeated-source,vector16store,6,930.000,0.358,2.137871,2.050179,2.145422,2.632075,2.612150,2.644550,1.000000,1.000000,1.000000
sweep,short,dmd,256,17,repeated-source,cpp-approved-execution,6,353.333,1.415,5.608116,5.396226,5.658768,1.000000,1.000000,1.000000,2.632075,2.612150,2.644550
sweep,short,dmd,256,17,universal,original,6,36488.333,1.649,1.000000,1.000000,1.000000,14.864847,14.794437,15.057902,1.003954,1.000724,1.019229
sweep,short,dmd,256,17,universal,selected64,6,37200.000,5.255,0.986299,0.952012,1.001700,15.188977,14.769335,15.544038,0.988679,0.970318,1.014837
sweep,short,dmd,256,17,universal,vector16store,6,36772.500,1.686,0.996062,0.981134,0.999277,15.030675,14.850746,15.082656,1.000000,1.000000,1.000000
sweep,short,dmd,256,17,universal,cpp-approved-execution,6,2450.000,0.612,14.864847,14.794437,15.057902,1.000000,1.000000,1.000000,15.030675,14.850746,15.082656
sweep,short,dmd,256,128,contiguous,original,6,17900.000,0.070,1.000000,1.000000,1.000000,6.738861,6.660465,6.759434,0.345321,0.342877,0.351012
sweep,short,dmd,256,128,contiguous,selected64,6,6200.000,4.032,2.888156,2.793372,2.904665,2.323234,2.303738,2.419811,0.995972,0.980507,0.997992
sweep,short,dmd,256,128,contiguous,vector16store,6,6181.250,2.427,2.895928,2.848907,2.916497,2.316191,2.299065,2.372642,1.000000,1.000000,1.000000
sweep,short,dmd,256,128,contiguous,cpp-approved-execution,6,2656.250,1.412,6.738861,6.660465,6.759434,1.000000,1.000000,1.000000,2.316191,2.299065,2.372642
sweep,short,dmd,256,128,negative-both,original,6,14525.000,5.594,1.000000,1.000000,1.000000,4.967949,4.753247,5.043478,0.436505,0.433362,0.460838
sweep,short,dmd,256,128,negative-both,selected64,6,6368.750,0.589,2.279685,2.144531,2.284872,2.182018,2.170213,2.216450,0.994114,0.988235,0.998035
sweep,short,dmd,256,128,negative-both,vector16store,6,6331.250,0.790,2.290927,2.169960,2.307540,2.173462,2.144681,2.204348,1.000000,1.000000,1.000000
sweep,short,dmd,256,128,negative-both,cpp-approved-execution,6,2918.750,2.141,4.967949,4.753247,5.043478,1.000000,1.000000,1.000000,2.173462,2.144681,2.204348
sweep,short,dmd,256,128,negative-source,original,6,14506.250,7.066,1.000000,1.000000,1.000000,5.152989,4.841410,5.225664,0.431652,0.423370,0.457689
sweep,short,dmd,256,128,negative-source,selected64,6,6325.000,2.372,2.280734,2.171937,2.357285,2.242222,2.216814,2.269912,0.992145,0.976562,0.998004
sweep,short,dmd,256,128,negative-source,vector16store,6,6256.250,1.598,2.316687,2.184891,2.362000,2.219041,2.202643,2.247788,1.000000,1.000000,1.000000
sweep,short,dmd,256,128,negative-source,cpp-approved-execution,6,2825.000,0.885,5.152989,4.841410,5.225664,1.000000,1.000000,1.000000,2.219041,2.202643,2.247788
sweep,short,dmd,256,128,padded,original,6,14450.000,28.720,1.000000,1.000000,1.000000,5.228507,5.207207,6.698198,0.432035,0.336247,0.436851
sweep,short,dmd,256,128,padded,selected64,6,6275.000,0.996,2.300797,2.284585,2.962151,2.271493,2.256757,2.289593,0.995020,0.994012,1.003976
sweep,short,dmd,256,128,padded,vector16store,6,6243.750,1.401,2.314629,2.289109,2.974000,2.257919,2.243243,2.295455,1.000000,1.000000,1.000000
sweep,short,dmd,256,128,padded,cpp-approved-execution,6,2762.500,0.905,5.228507,5.207207,6.698198,1.000000,1.000000,1.000000,2.257919,2.243243,2.295455
sweep,short,dmd,256,128,repeated-source,original,6,14418.750,6.675,1.000000,1.000000,1.000000,5.231314,4.972477,5.301370,0.432104,0.428941,0.458487
sweep,short,dmd,256,128,repeated-source,selected64,6,6250.000,0.400,2.307000,2.168000,2.322000,2.275633,2.262443,2.293578,0.996000,0.994000,0.998000
sweep,short,dmd,256,128,repeated-source,vector16store,6,6225.000,0.402,2.314257,2.181087,2.331325,2.268804,2.253394,2.279817,1.000000,1.000000,1.000000
sweep,short,dmd,256,128,repeated-source,cpp-approved-execution,6,2743.750,1.367,5.231314,4.972477,5.301370,1.000000,1.000000,1.000000,2.268804,2.253394,2.279817
sweep,short,dmd,256,128,universal,original,6,273156.250,3.876,1.000000,1.000000,1.000000,14.850491,14.752717,15.286585,1.000515,0.981385,1.020398
sweep,short,dmd,256,128,universal,selected64,6,273075.000,4.230,0.999284,0.979216,1.004600,14.846087,14.778382,15.354336,1.000098,0.977055,1.006288
sweep,short,dmd,256,128,universal,vector16store,6,273968.750,2.035,0.999490,0.980010,1.018968,14.894665,14.792120,15.078751,1.000000,1.000000,1.000000
sweep,short,dmd,256,128,universal,cpp-approved-execution,6,18400.000,0.340,14.850491,14.752717,15.286585,1.000000,1.000000,1.000000,14.894665,14.792120,15.078751
sweep,short,dmd,257,1,contiguous,original,6,187.108,0.943,1.000000,1.000000,1.000000,8.578829,5.778788,8.657658,0.531110,0.527575,0.541164
sweep,short,dmd,257,1,contiguous,selected64,6,100.098,2.644,1.869927,1.833013,1.888016,4.578829,3.151515,4.603604,0.993198,0.990403,0.996071
sweep,short,dmd,257,1,contiguous,vector16store,6,99.412,2.268,1.882858,1.847868,1.895464,4.556306,3.127273,4.567568,1.000000,1.000000,1.000000
sweep,short,dmd,257,1,contiguous,cpp-approved-execution,6,21.765,48.649,8.578829,5.778788,8.657658,1.000000,1.000000,1.000000,4.556306,3.127273,4.567568
sweep,short,dmd,257,1,negative-both,original,6,187.108,0.629,1.000000,1.000000,1.000000,8.444690,8.429204,8.482301,0.530784,0.526865,0.532774
sweep,short,dmd,257,1,negative-both,selected64,6,99.755,0.688,1.874140,1.867188,1.884956,4.502212,4.500000,4.530973,0.994595,0.990234,0.999017
sweep,short,dmd,257,1,negative-both,vector16store,6,99.314,0.592,1.884006,1.876969,1.898020,4.482301,4.469027,4.495575,1.000000,1.000000,1.000000
sweep,short,dmd,257,1,negative-both,cpp-approved-execution,6,22.157,0.000,8.444690,8.429204,8.482301,1.000000,1.000000,1.000000,4.482301,4.469027,4.495575
sweep,short,dmd,257,1,negative-source,original,6,187.304,1.884,1.000000,1.000000,1.000000,8.417284,8.313043,8.541850,0.529180,0.521919,0.531513
sweep,short,dmd,257,1,negative-source,selected64,6,99.853,0.393,1.877643,1.866667,1.900980,4.493392,4.430435,4.500000,0.992634,0.992134,0.994112
sweep,short,dmd,257,1,negative-source,vector16store,6,99.167,0.395,1.889718,1.881423,1.916008,4.458150,4.404348,4.464602,1.000000,1.000000,1.000000
sweep,short,dmd,257,1,negative-source,cpp-approved-execution,6,22.255,1.762,8.417284,8.313043,8.541850,1.000000,1.000000,1.000000,4.458150,4.404348,4.464602
sweep,short,dmd,257,1,padded,original,6,186.569,0.315,1.000000,1.000000,1.000000,8.403084,8.383260,8.420354,0.529953,0.528549,0.541251
sweep,short,dmd,257,1,padded,selected64,6,99.657,0.295,1.872114,1.869352,1.880788,4.477974,4.471366,4.504425,0.994089,0.990177,1.011788
sweep,short,dmd,257,1,padded,vector16store,6,98.922,2.180,1.886961,1.847573,1.891972,4.452555,4.444934,4.557522,1.000000,1.000000,1.000000
sweep,short,dmd,257,1,padded,cpp-approved-execution,6,22.255,0.441,8.403084,8.383260,8.420354,1.000000,1.000000,1.000000,4.452555,4.444934,4.557522
sweep,short,dmd,257,1,repeated-source,original,6,186.569,1.682,1.000000,1.000000,1.000000,8.407080,8.383260,8.511013,0.531685,0.524327,0.534799
sweep,short,dmd,257,1,repeated-source,selected64,6,99.853,0.687,1.868796,1.864573,1.888563,4.497788,4.484581,4.508850,0.993127,0.990225,1.005906
sweep,short,dmd,257,1,repeated-source,vector16store,6,99.265,1.185,1.880811,1.869863,1.907206,4.465791,4.453744,4.522124,1.000000,1.000000,1.000000
sweep,short,dmd,257,1,repeated-source,cpp-approved-execution,6,22.206,0.442,8.407080,8.383260,8.511013,1.000000,1.000000,1.000000,4.465791,4.453744,4.522124
sweep,short,dmd,257,1,universal,original,6,2260.686,8.400,1.000000,1.000000,1.000000,15.826356,15.780220,16.433377,0.997562,0.989315,1.012825
sweep,short,dmd,257,1,universal,selected64,6,2259.608,11.858,1.000326,0.968812,1.007565,15.824235,15.774880,16.962401,1.000040,0.960957,1.013618
sweep,short,dmd,257,1,universal,vector16store,6,2271.912,7.949,1.002456,0.987337,1.010801,15.910405,15.695951,16.300132,1.000000,1.000000,1.000000
sweep,short,dmd,257,1,universal,cpp-approved-execution,6,142.843,4.118,15.826356,15.780220,16.433377,1.000000,1.000000,1.000000,15.910405,15.695951,16.300132
sweep,short,dmd,257,17,contiguous,original,6,2428.333,0.069,1.000000,1.000000,1.000000,6.826730,6.652968,6.905213,0.356432,0.356211,0.356898
sweep,short,dmd,257,17,contiguous,selected64,6,866.667,1.154,2.801923,2.777143,2.809249,2.433274,2.374429,2.464789,0.999038,0.990476,1.001927
sweep,short,dmd,257,17,contiguous,vector16store,6,865.833,0.192,2.805584,2.801923,2.807322,2.433263,2.374429,2.459716,1.000000,1.000000,1.000000
sweep,short,dmd,257,17,contiguous,cpp-approved-execution,6,355.833,3.747,6.826730,6.652968,6.905213,1.000000,1.000000,1.000000,2.433263,2.374429,2.459716
sweep,short,dmd,257,17,negative-both,original,6,2025.833,2.304,1.000000,1.000000,1.000000,5.648246,5.453744,5.694836,0.467848,0.466942,0.495961
sweep,short,dmd,257,17,negative-both,selected64,6,956.667,8.885,2.117631,1.990307,2.135563,2.683812,2.643519,2.751111,0.992982,0.986135,1.000000
sweep,short,dmd,257,17,negative-both,vector16store,6,947.500,8.619,2.137447,2.016287,2.141593,2.662773,2.625000,2.715556,1.000000,1.000000,1.000000
sweep,short,dmd,257,17,negative-both,cpp-approved-execution,6,358.333,6.512,5.648246,5.453744,5.694836,1.000000,1.000000,1.000000,2.662773,2.625000,2.715556
sweep,short,dmd,257,17,negative-source,original,6,2016.667,0.579,1.000000,1.000000,1.000000,5.638709,5.618605,5.649533,0.467549,0.465404,0.469136
sweep,short,dmd,257,17,negative-source,selected64,6,947.500,0.880,2.127319,2.121053,2.137324,2.645004,2.637209,2.663551,0.995595,0.991228,0.996503
sweep,short,dmd,257,17,negative-source,vector16store,6,941.667,0.885,2.138815,2.131579,2.148673,2.635724,2.627907,2.640187,1.000000,1.000000,1.000000
sweep,short,dmd,257,17,negative-source,cpp-approved-execution,6,358.333,0.930,5.638709,5.618605,5.649533,1.000000,1.000000,1.000000,2.635724,2.627907,2.640187
sweep,short,dmd,257,17,padded,original,6,1913.333,5.662,1.000000,1.000000,1.000000,5.377068,5.214286,5.559633,0.490854,0.467822,0.517123
sweep,short,dmd,257,17,padded,selected64,6,948.333,8.787,2.021158,1.899187,2.133803,2.658067,2.605505,2.745536,0.992082,0.982114,0.998239
sweep,short,dmd,257,17,padded,vector16store,6,940.000,7.447,2.037270,1.933775,2.137566,2.637006,2.600917,2.696429,1.000000,1.000000,1.000000
sweep,short,dmd,257,17,padded,cpp-approved-execution,6,356.667,5.140,5.377068,5.214286,5.559633,1.000000,1.000000,1.000000,2.637006,2.600917,2.696429
sweep,short,dmd,257,17,repeated-source,original,6,2013.333,1.159,1.000000,1.000000,1.000000,5.624971,5.606481,5.671362,0.465895,0.463175,0.467715
sweep,short,dmd,257,17,repeated-source,selected64,6,943.333,0.530,2.134276,2.130511,2.147627,2.632558,2.620370,2.657277,0.994714,0.991182,0.998233
sweep,short,dmd,257,17,repeated-source,vector16store,6,939.167,0.710,2.146406,2.138053,2.159011,2.622386,2.608295,2.643192,1.000000,1.000000,1.000000
sweep,short,dmd,257,17,repeated-source,cpp-approved-execution,6,358.333,1.860,5.624971,5.606481,5.671362,1.000000,1.000000,1.000000,2.622386,2.608295,2.643192
sweep,short,dmd,257,17,universal,original,6,36593.333,1.813,1.000000,1.000000,1.000000,14.860887,14.814440,15.097015,0.999638,0.992725,1.014585
sweep,short,dmd,257,17,universal,selected64,6,36516.667,1.228,1.001940,0.997490,1.008718,14.835011,14.788656,14.968114,1.007474,0.990233,1.015974
sweep,short,dmd,257,17,universal,vector16store,6,36787.500,2.555,1.000362,0.985624,1.007329,14.946708,14.719132,15.112016,1.000000,1.000000,1.000000
sweep,short,dmd,257,17,universal,cpp-approved-execution,6,2456.667,0.678,14.860887,14.814440,15.097015,1.000000,1.000000,1.000000,14.946708,14.719132,15.112016
sweep,short,dmd,257,128,contiguous,original,6,17981.250,0.139,1.000000,1.000000,1.000000,6.721963,6.714953,6.755869,0.346074,0.344684,0.349096
sweep,short,dmd,257,128,contiguous,selected64,6,6237.500,1.202,2.881771,2.858847,2.895372,2.334891,2.322430,2.350467,0.998006,0.995984,1.000000
sweep,short,dmd,257,128,contiguous,vector16store,6,6225.000,1.205,2.889570,2.864542,2.901210,2.330207,2.317757,2.345794,1.000000,1.000000,1.000000
sweep,short,dmd,257,128,contiguous,cpp-approved-execution,6,2675.000,0.467,6.721963,6.714953,6.755869,1.000000,1.000000,1.000000,2.330207,2.317757,2.345794
sweep,short,dmd,257,128,negative-both,original,6,14656.250,0.426,1.000000,1.000000,1.000000,5.156388,5.144737,5.204444,0.434060,0.433078,0.436379
sweep,short,dmd,257,128,negative-both,selected64,6,6387.500,0.391,2.289628,2.284600,2.297456,2.251101,2.241228,2.271111,0.994141,0.990253,1.000000
sweep,short,dmd,257,128,negative-both,vector16store,6,6356.250,0.590,2.303832,2.291585,2.309055,2.237885,2.228070,2.271111,1.000000,1.000000,1.000000
sweep,short,dmd,257,128,negative-both,cpp-approved-execution,6,2837.500,1.322,5.156388,5.144737,5.204444,1.000000,1.000000,1.000000,2.237885,2.228070,2.271111
sweep,short,dmd,257,128,negative-source,original,6,14637.500,0.171,1.000000,1.000000,1.000000,5.253363,5.232143,5.298643,0.431741,0.431255,0.435043
sweep,short,dmd,257,128,negative-source,selected64,6,6362.500,0.589,2.301572,2.289628,2.305118,2.286996,2.272321,2.298643,0.994106,0.992141,0.996086
sweep,short,dmd,257,128,negative-source,vector16store,6,6325.000,0.791,2.316206,2.298625,2.318812,2.271917,2.258929,2.285068,1.000000,1.000000,1.000000
sweep,short,dmd,257,128,negative-source,cpp-approved-execution,6,2787.500,1.345,5.253363,5.232143,5.298643,1.000000,1.000000,1.000000,2.271917,2.258929,2.285068
sweep,short,dmd,257,128,padded,original,6,14618.750,0.342,1.000000,1.000000,1.000000,5.309091,5.294118,5.322727,0.430651,0.430282,0.430887
sweep,short,dmd,257,128,padded,selected64,6,6331.250,1.382,2.308300,2.284600,2.310277,2.300000,2.294118,2.321267,0.994071,0.984405,0.994083
sweep,short,dmd,257,128,padded,vector16store,6,6293.750,0.397,2.322068,2.320792,2.324056,2.286364,2.280543,2.290909,1.000000,1.000000,1.000000
sweep,short,dmd,257,128,padded,cpp-approved-execution,6,2750.000,0.455,5.309091,5.294118,5.322727,1.000000,1.000000,1.000000,2.286364,2.280543,2.290909
sweep,short,dmd,257,128,repeated-source,original,6,14606.250,0.342,1.000000,1.000000,1.000000,5.360092,5.337900,5.377880,0.430466,0.429547,0.431020
sweep,short,dmd,257,128,repeated-source,selected64,6,6318.750,0.593,2.311574,2.308300,2.315476,2.318807,2.310502,2.325688,0.995055,0.992110,0.998016
sweep,short,dmd,257,128,repeated-source,vector16store,6,6287.500,0.000,2.323062,2.320080,2.328032,2.307339,2.296804,2.317972,1.000000,1.000000,1.000000
sweep,short,dmd,257,128,repeated-source,cpp-approved-execution,6,2725.000,0.917,5.360092,5.337900,5.377880,1.000000,1.000000,1.000000,2.307339,2.296804,2.317972
sweep,short,dmd,257,128,universal,original,6,274900.000,2.897,1.000000,1.000000,1.000000,14.930075,14.756940,15.208814,0.998683,0.993137,1.007524
sweep,short,dmd,257,128,universal,selected64,6,274075.000,5.113,1.001619,0.966530,1.010723,14.870173,14.756263,15.515234,1.003537,0.959897,1.007571
sweep,short,dmd,257,128,universal,vector16store,6,274731.250,1.811,1.001327,0.992532,1.006910,14.881811,14.856755,15.106441,1.000000,1.000000,1.000000
sweep,short,dmd,257,128,universal,cpp-approved-execution,6,18443.750,0.271,14.930075,14.756940,15.208814,1.000000,1.000000,1.000000,14.881811,14.856755,15.106441
sweep,short,dmd,511,1,contiguous,original,6,325.049,5.277,1.000000,1.000000,1.000000,7.675115,6.468635,7.838710,0.458559,0.448560,0.490017
sweep,short,dmd,511,1,contiguous,selected64,6,150.000,10.266,2.163744,2.067217,2.211964,3.543779,3.129151,3.658986,0.992198,0.988665,1.012972
sweep,short,dmd,511,1,contiguous,vector16store,6,148.830,12.574,2.180747,2.040745,2.229358,3.516129,3.169742,3.617512,1.000000,1.000000,1.000000
sweep,short,dmd,511,1,contiguous,cpp-approved-execution,6,42.300,24.885,7.675115,6.468635,7.838710,1.000000,1.000000,1.000000,3.516129,3.169742,3.617512
sweep,short,dmd,511,1,negative-both,original,6,324.659,0.781,1.000000,1.000000,1.000000,7.679724,7.633028,7.728111,0.459184,0.456172,0.460384
sweep,short,dmd,511,1,negative-both,selected64,6,149.903,0.390,2.167860,2.162338,2.180754,3.543779,3.518349,3.564815,0.995446,0.992208,0.998696
sweep,short,dmd,511,1,negative-both,vector16store,6,149.123,0.392,2.177778,2.172099,2.192157,3.525346,3.513761,3.537037,1.000000,1.000000,1.000000
sweep,short,dmd,511,1,negative-both,cpp-approved-execution,6,42.300,0.922,7.679724,7.633028,7.728111,1.000000,1.000000,1.000000,3.525346,3.513761,3.537037
sweep,short,dmd,511,1,negative-source,original,6,324.659,0.180,1.000000,1.000000,1.000000,7.675115,7.568182,7.717593,0.459297,0.458308,0.464264
sweep,short,dmd,511,1,negative-source,selected64,6,150.097,0.649,2.161691,2.151163,2.167750,3.558894,3.504545,3.566820,0.994148,0.990921,0.998708
sweep,short,dmd,511,1,negative-source,vector16store,6,149.025,1.177,2.177241,2.153946,2.181937,3.537037,3.472727,3.562212,1.000000,1.000000,1.000000
sweep,short,dmd,511,1,negative-source,cpp-approved-execution,6,42.300,1.843,7.675115,7.568182,7.717593,1.000000,1.000000,1.000000,3.537037,3.472727,3.562212
sweep,short,dmd,511,1,padded,original,6,325.536,4.970,1.000000,1.000000,1.000000,7.659811,7.402542,7.723502,0.458859,0.456444,0.623354
sweep,short,dmd,511,1,padded,selected64,6,149.708,44.141,2.170685,1.579566,2.182292,3.528749,3.511416,4.686441,0.996091,0.984629,0.996094
sweep,short,dmd,511,1,padded,vector16store,6,149.123,42.484,2.179319,1.604224,2.190850,3.514956,3.488584,4.614407,1.000000,1.000000,1.000000
sweep,short,dmd,511,1,padded,cpp-approved-execution,6,42.495,8.716,7.659811,7.402542,7.723502,1.000000,1.000000,1.000000,3.514956,3.488584,4.614407
sweep,short,dmd,511,1,repeated-source,original,6,324.854,0.540,1.000000,1.000000,1.000000,7.704386,7.628440,7.717593,0.459573,0.456938,0.462507
sweep,short,dmd,511,1,repeated-source,selected64,6,150.097,1.169,2.162987,2.145431,2.177083,3.554286,3.539171,3.597222,0.992892,0.989637,1.001300
sweep,short,dmd,511,1,repeated-source,vector16store,6,149.025,0.916,2.175932,2.162127,2.188482,3.531202,3.504587,3.569444,1.000000,1.000000,1.000000
sweep,short,dmd,511,1,repeated-source,cpp-approved-execution,6,42.203,0.924,7.704386,7.628440,7.717593,1.000000,1.000000,1.000000,3.531202,3.504587,3.569444
sweep,short,dmd,511,1,universal,original,6,4375.926,2.922,1.000000,1.000000,1.000000,15.365161,15.172485,15.632192,1.000669,0.983000,1.033079
sweep,short,dmd,511,1,universal,selected64,6,4362.476,0.836,1.003114,0.986603,1.020433,15.323176,15.250513,15.378508,1.005691,0.986781,1.037251
sweep,short,dmd,511,1,universal,vector16store,6,4377.778,4.186,0.999332,0.967981,1.017294,15.376922,15.175222,15.818617,1.000000,1.000000,1.000000
sweep,short,dmd,511,1,universal,cpp-approved-execution,6,284.795,0.137,15.365161,15.172485,15.632192,1.000000,1.000000,1.000000,15.376922,15.175222,15.818617
sweep,short,dmd,511,17,contiguous,original,6,4860.000,0.069,1.000000,1.000000,1.000000,6.657534,6.538117,6.718894,0.358025,0.357339,0.359396
sweep,short,dmd,511,17,contiguous,selected64,6,1741.667,0.574,2.790433,2.782443,2.800384,2.383562,2.349776,2.410138,1.000000,0.998084,1.001919
sweep,short,dmd,511,17,contiguous,vector16store,6,1740.000,0.575,2.793103,2.782443,2.798464,2.381279,2.349776,2.410138,1.000000,1.000000,1.000000
sweep,short,dmd,511,17,contiguous,cpp-approved-execution,6,730.000,2.740,6.657534,6.538117,6.718894,1.000000,1.000000,1.000000,2.381279,2.349776,2.410138
sweep,short,dmd,511,17,negative-both,original,6,3883.333,4.120,1.000000,1.000000,1.000000,4.946906,4.894068,5.141026,0.472620,0.454697,0.477096
sweep,short,dmd,511,17,negative-both,selected64,6,1835.000,1.090,2.113980,2.099819,2.191257,2.336140,2.329114,2.354701,1.000000,0.996357,1.001815
sweep,short,dmd,511,17,negative-both,vector16store,6,1836.667,1.452,2.115896,2.096014,2.199269,2.334058,2.326271,2.358974,1.000000,1.000000,1.000000
sweep,short,dmd,511,17,negative-both,cpp-approved-execution,6,786.667,1.271,4.946906,4.894068,5.141026,1.000000,1.000000,1.000000,2.334058,2.326271,2.358974
sweep,short,dmd,511,17,negative-source,original,6,3928.333,2.546,1.000000,1.000000,1.000000,5.096070,4.919149,5.174672,0.467968,0.463291,0.476190
sweep,short,dmd,511,17,negative-source,selected64,6,1835.000,0.363,2.140523,2.100000,2.150635,2.401747,2.340426,2.410480,1.000000,0.996370,1.001818
sweep,short,dmd,511,17,negative-source,vector16store,6,1835.000,0.545,2.136902,2.100000,2.158470,2.399563,2.340426,2.410480,1.000000,1.000000,1.000000
sweep,short,dmd,511,17,negative-source,cpp-approved-execution,6,763.333,2.620,5.096070,4.919149,5.174672,1.000000,1.000000,1.000000,2.399563,2.340426,2.410480
sweep,short,dmd,511,17,padded,original,6,3871.667,2.238,1.000000,1.000000,1.000000,5.201231,5.115556,5.255605,0.470112,0.465928,0.476108
sweep,short,dmd,511,17,padded,selected64,6,1818.333,0.550,2.130275,2.100365,2.154128,2.437529,2.422222,2.468468,1.002749,0.994526,1.003670
sweep,short,dmd,511,17,padded,vector16store,6,1823.333,0.548,2.127261,2.100365,2.146252,2.441993,2.431111,2.454955,1.000000,1.000000,1.000000
sweep,short,dmd,511,17,padded,cpp-approved-execution,6,746.667,1.339,5.201231,5.115556,5.255605,1.000000,1.000000,1.000000,2.441993,2.431111,2.454955
sweep,short,dmd,511,17,repeated-source,original,6,3831.667,3.045,1.000000,1.000000,1.000000,5.288018,5.219178,5.371560,0.472767,0.464346,0.476522
sweep,short,dmd,511,17,repeated-source,selected64,6,1815.000,0.735,2.111112,2.106618,2.157509,2.490909,2.474886,2.506912,0.999998,0.996324,1.005505
sweep,short,dmd,511,17,repeated-source,vector16store,6,1811.667,1.104,2.115207,2.098540,2.153565,2.493161,2.479452,2.502304,1.000000,1.000000,1.000000
sweep,short,dmd,511,17,repeated-source,cpp-approved-execution,6,728.333,1.373,5.288018,5.219178,5.371560,1.000000,1.000000,1.000000,2.493161,2.479452,2.502304
sweep,short,dmd,511,17,universal,original,6,72515.000,3.222,1.000000,1.000000,1.000000,15.060222,14.921107,15.406228,0.996627,0.986540,1.006679
sweep,short,dmd,511,17,universal,selected64,6,72523.333,1.861,1.003560,0.992131,1.021380,15.063381,14.855363,15.104282,0.999932,0.991221,1.009405
sweep,short,dmd,511,17,universal,vector16store,6,72300.000,1.752,1.003391,0.993366,1.013644,14.996876,14.968166,15.225606,1.000000,1.000000,1.000000
sweep,short,dmd,511,17,universal,cpp-approved-execution,6,4816.667,0.484,15.060222,14.921107,15.406228,1.000000,1.000000,1.000000,14.996876,14.968166,15.225606
sweep,short,dmd,511,128,contiguous,original,6,36275.000,0.414,1.000000,1.000000,1.000000,6.870853,6.842353,6.881517,0.350448,0.349381,0.351584
sweep,short,dmd,511,128,contiguous,selected64,6,12706.250,0.787,2.853983,2.841487,2.858128,2.406885,2.397647,2.421801,0.998528,0.997056,1.002956
sweep,short,dmd,511,128,contiguous,vector16store,6,12706.250,0.885,2.853494,2.844270,2.862205,2.407101,2.390588,2.419431,1.000000,1.000000,1.000000
sweep,short,dmd,511,128,contiguous,cpp-approved-execution,6,5275.000,0.948,6.870853,6.842353,6.881517,1.000000,1.000000,1.000000,2.407101,2.390588,2.419431
sweep,short,dmd,511,128,negative-both,original,6,28812.500,52.234,1.000000,1.000000,1.000000,4.726256,4.620123,7.092402,0.447177,0.299074,0.465929
sweep,short,dmd,511,128,negative-both,selected64,6,12925.000,2.805,2.225279,2.136106,3.340426,2.124618,2.112936,2.163599,0.999516,0.989403,1.002901
sweep,short,dmd,511,128,negative-both,vector16store,6,12887.500,2.522,2.237404,2.146249,3.343659,2.123075,2.108830,2.153374,1.000000,1.000000,1.000000
sweep,short,dmd,511,128,negative-both,cpp-approved-execution,6,6087.500,1.027,4.726256,4.620123,7.092402,1.000000,1.000000,1.000000,2.123075,2.108830,2.153374
sweep,short,dmd,511,128,negative-source,original,6,28431.250,5.803,1.000000,1.000000,1.000000,4.763539,4.688935,4.970711,0.451346,0.430556,0.461230
sweep,short,dmd,511,128,negative-source,selected64,6,12825.000,0.975,2.220172,2.174419,2.322581,2.145554,2.139875,2.158996,1.000487,0.998049,1.004892
sweep,short,dmd,511,128,negative-source,vector16store,6,12831.250,1.169,2.215772,2.168116,2.322581,2.146295,2.135699,2.165272,1.000000,1.000000,1.000000
sweep,short,dmd,511,128,negative-source,cpp-approved-execution,6,5975.000,0.628,4.763539,4.688935,4.970711,1.000000,1.000000,1.000000,2.146295,2.135699,2.165272
sweep,short,dmd,511,128,padded,original,6,28600.000,88.899,1.000000,1.000000,1.000000,5.170666,5.036117,9.627540,0.445804,0.240563,0.460367
sweep,short,dmd,511,128,padded,selected64,6,12775.000,0.881,2.240945,2.172179,4.148833,2.307699,2.302483,2.331066,0.999021,0.998054,1.000000
sweep,short,dmd,511,128,padded,vector16store,6,12768.750,0.979,2.243142,2.172179,4.156920,2.306565,2.300226,2.331066,1.000000,1.000000,1.000000
sweep,short,dmd,511,128,padded,cpp-approved-execution,6,5537.500,0.677,5.170666,5.036117,9.627540,1.000000,1.000000,1.000000,2.306565,2.300226,2.331066
sweep,short,dmd,511,128,repeated-source,original,6,28681.250,32.251,1.000000,1.000000,1.000000,5.172658,4.993289,6.689189,0.444440,0.342761,0.458333
sweep,short,dmd,511,128,repeated-source,selected64,6,12743.750,0.392,2.254024,2.186092,2.911765,2.296171,2.284116,2.299550,1.000488,0.998039,1.002950
sweep,short,dmd,511,128,repeated-source,vector16store,6,12743.750,0.589,2.251938,2.181818,2.917485,2.295378,2.288591,2.299550,1.000000,1.000000,1.000000
sweep,short,dmd,511,128,repeated-source,cpp-approved-execution,6,5550.000,0.901,5.172658,4.993289,6.689189,1.000000,1.000000,1.000000,2.295378,2.288591,2.299550
sweep,short,dmd,511,128,universal,original,6,548931.250,5.140,1.000000,1.000000,1.000000,15.105323,14.454366,15.804084,1.005255,0.958605,1.011175
sweep,short,dmd,511,128,universal,selected64,6,545862.500,3.352,1.003082,0.982461,1.041421,15.011623,14.712410,15.187780,1.003860,0.991364,1.014856
sweep,short,dmd,511,128,universal,vector16store,6,549250.000,1.500,0.994775,0.988949,1.043182,15.161342,14.585358,15.196546,1.000000,1.000000,1.000000
sweep,short,dmd,511,128,universal,cpp-approved-execution,6,36200.000,5.421,15.105323,14.454366,15.804084,1.000000,1.000000,1.000000,15.161342,14.585358,15.196546
sweep,short,dmd,512,1,contiguous,original,6,325.293,0.961,1.000000,1.000000,1.000000,8.161765,7.317181,8.210784,0.443613,0.442388,0.447923
sweep,short,dmd,512,1,contiguous,selected64,6,145.410,1.209,2.238736,2.214667,2.248322,3.639706,3.303965,3.663415,0.993951,0.990679,0.995968
sweep,short,dmd,512,1,contiguous,vector16store,6,144.727,0.810,2.254215,2.232527,2.260459,3.620098,3.277533,3.632353,1.000000,1.000000,1.000000
sweep,short,dmd,512,1,contiguous,cpp-approved-execution,6,39.941,11.247,8.161765,7.317181,8.210784,1.000000,1.000000,1.000000,3.620098,3.277533,3.632353
sweep,short,dmd,512,1,negative-both,original,6,325.000,0.962,1.000000,1.000000,1.000000,8.197044,7.881517,8.242574,0.444845,0.442525,0.447384
sweep,short,dmd,512,1,negative-both,selected64,6,145.508,1.879,2.240405,2.205298,2.247657,3.660932,3.516588,3.737624,0.995302,0.985430,0.997305
sweep,short,dmd,512,1,negative-both,vector16store,6,144.824,0.809,2.247973,2.235215,2.259758,3.643739,3.507109,3.683168,1.000000,1.000000,1.000000
sweep,short,dmd,512,1,negative-both,cpp-approved-execution,6,39.648,4.433,8.197044,7.881517,8.242574,1.000000,1.000000,1.000000,3.643739,3.507109,3.683168
sweep,short,dmd,512,1,negative-source,original,6,325.684,0.660,1.000000,1.000000,1.000000,8.166667,7.812207,8.216749,0.443745,0.441721,0.444712
sweep,short,dmd,512,1,negative-source,selected64,6,144.824,0.674,2.246797,2.242588,2.257760,3.634804,3.483568,3.656863,0.997303,0.995951,1.000000
sweep,short,dmd,512,1,negative-source,vector16store,6,144.434,0.811,2.253548,2.248649,2.263870,3.620098,3.474178,3.650246,1.000000,1.000000,1.000000
sweep,short,dmd,512,1,negative-source,cpp-approved-execution,6,39.844,4.902,8.166667,7.812207,8.216749,1.000000,1.000000,1.000000,3.620098,3.474178,3.650246
sweep,short,dmd,512,1,padded,original,6,325.195,0.601,1.000000,1.000000,1.000000,8.156863,7.895735,8.200980,0.444111,0.441986,0.444712
sweep,short,dmd,512,1,padded,selected64,6,144.922,0.674,2.242607,2.241240,2.256410,3.637255,3.511848,3.656863,0.995968,0.995951,0.997305
sweep,short,dmd,512,1,padded,vector16store,6,144.336,0.677,2.251687,2.248649,2.262517,3.622549,3.497630,3.642157,1.000000,1.000000,1.000000
sweep,short,dmd,512,1,padded,cpp-approved-execution,6,39.844,3.431,8.156863,7.895735,8.200980,1.000000,1.000000,1.000000,3.622549,3.497630,3.642157
sweep,short,dmd,512,1,repeated-source,original,6,325.391,0.600,1.000000,1.000000,1.000000,8.087379,7.807512,8.121359,0.444378,0.442319,0.444778
sweep,short,dmd,512,1,repeated-source,selected64,6,144.824,0.270,2.244774,2.242261,2.257760,3.599515,3.478873,3.606796,0.997306,0.997301,0.998652
sweep,short,dmd,512,1,repeated-source,vector16store,6,144.531,0.270,2.250338,2.248313,2.260811,3.592233,3.469484,3.597087,1.000000,1.000000,1.000000
sweep,short,dmd,512,1,repeated-source,cpp-approved-execution,6,40.234,3.398,8.087379,7.807512,8.121359,1.000000,1.000000,1.000000,3.592233,3.469484,3.597087
sweep,short,dmd,512,1,universal,original,6,4367.090,1.914,1.000000,1.000000,1.000000,15.253428,15.198795,15.343836,1.007473,0.995422,1.023473
sweep,short,dmd,512,1,universal,selected64,6,4413.770,3.708,0.996280,0.971446,1.008054,15.290329,15.137671,15.671233,1.003379,0.977941,1.020059
sweep,short,dmd,512,1,universal,vector16store,6,4395.996,4.723,0.992583,0.977065,1.004599,15.395105,15.189726,15.555556,1.000000,1.000000,1.000000
sweep,short,dmd,512,1,universal,cpp-approved-execution,6,285.547,2.326,15.253428,15.198795,15.343836,1.000000,1.000000,1.000000,15.395105,15.189726,15.555556
sweep,short,dmd,512,17,contiguous,original,6,4868.333,0.137,1.000000,1.000000,1.000000,6.737327,6.636364,6.822430,0.340863,0.339945,0.343151
sweep,short,dmd,512,17,contiguous,selected64,6,1666.667,3.000,2.922000,2.851562,2.941650,2.315625,2.290323,2.330233,0.996002,0.978516,1.002012
sweep,short,dmd,512,17,contiguous,vector16store,6,1660.000,0.803,2.933735,2.914172,2.941650,2.292627,2.277273,2.327103,1.000000,1.000000,1.000000
sweep,short,dmd,512,17,contiguous,cpp-approved-execution,6,723.333,2.765,6.737327,6.636364,6.822430,1.000000,1.000000,1.000000,2.292627,2.277273,2.327103
sweep,short,dmd,512,17,negative-both,original,6,3901.667,7.347,1.000000,1.000000,1.000000,4.907633,4.804167,5.179916,0.451985,0.427302,0.461005
sweep,short,dmd,512,17,negative-both,selected64,6,1768.333,0.566,2.209559,2.173258,2.335849,2.222223,2.200000,2.231092,0.998117,0.996219,1.001883
sweep,short,dmd,512,17,negative-both,vector16store,6,1765.000,0.944,2.212790,2.169173,2.340265,2.215929,2.200000,2.235294,1.000000,1.000000,1.000000
sweep,short,dmd,512,17,negative-both,cpp-approved-execution,6,795.000,0.839,4.907633,4.804167,5.179916,1.000000,1.000000,1.000000,2.215929,2.200000,2.235294
sweep,short,dmd,512,17,negative-source,original,6,3845.000,7.716,1.000000,1.000000,1.000000,5.104072,4.987013,5.466960,0.455532,0.426269,0.456201
sweep,short,dmd,512,17,negative-source,selected64,6,1760.000,0.379,2.185782,2.179584,2.350379,2.320890,2.281385,2.351111,0.996209,0.994318,1.001894
sweep,short,dmd,512,17,negative-source,vector16store,6,1753.333,0.760,2.195238,2.192015,2.345936,2.309906,2.272727,2.337778,1.000000,1.000000,1.000000
sweep,short,dmd,512,17,negative-source,cpp-approved-execution,6,758.333,2.637,5.104072,4.987013,5.466960,1.000000,1.000000,1.000000,2.309906,2.272727,2.337778
sweep,short,dmd,512,17,padded,original,6,3833.333,3.217,1.000000,1.000000,1.000000,5.203393,5.139013,5.304933,0.453316,0.443500,0.466551
sweep,short,dmd,512,17,padded,selected64,6,1740.000,3.257,2.200383,2.139405,2.254789,2.357290,2.320000,2.412556,0.998111,0.996161,1.000000
sweep,short,dmd,512,17,padded,vector16store,6,1740.000,3.448,2.205969,2.143389,2.254789,2.352806,2.320000,2.408072,1.000000,1.000000,1.000000
sweep,short,dmd,512,17,padded,cpp-approved-execution,6,743.333,3.139,5.203393,5.139013,5.304933,1.000000,1.000000,1.000000,2.352806,2.320000,2.408072
sweep,short,dmd,512,17,repeated-source,original,6,3911.667,2.812,1.000000,1.000000,1.000000,5.318645,5.276498,5.453704,0.448529,0.441227,0.454148
sweep,short,dmd,512,17,repeated-source,selected64,6,1736.667,1.919,2.239141,2.197697,2.262042,2.396313,2.346847,2.449074,0.997121,0.994242,1.009452
sweep,short,dmd,512,17,repeated-source,vector16store,6,1731.667,3.080,2.229762,2.201923,2.266409,2.396313,2.333333,2.472222,1.000000,1.000000,1.000000
sweep,short,dmd,512,17,repeated-source,cpp-approved-execution,6,723.333,2.765,5.318645,5.276498,5.453704,1.000000,1.000000,1.000000,2.396313,2.333333,2.472222
sweep,short,dmd,512,17,universal,original,6,72638.333,3.937,1.000000,1.000000,1.000000,15.046648,14.921907,15.514858,1.001782,0.996200,1.022906
sweep,short,dmd,512,17,universal,selected64,6,72578.333,3.807,0.998086,0.995715,1.013078,15.026560,14.958535,15.527298,1.004994,0.991931,1.019483
sweep,short,dmd,512,17,universal,vector16store,6,72725.000,4.698,0.998223,0.977607,1.003815,15.082975,14.966137,15.674499,1.000000,1.000000,1.000000
sweep,short,dmd,512,17,universal,cpp-approved-execution,6,4823.333,0.346,15.046648,14.921907,15.514858,1.000000,1.000000,1.000000,15.082975,14.966137,15.674499
sweep,short,dmd,512,128,contiguous,original,6,36512.500,16.844,1.000000,1.000000,1.000000,6.867925,6.840000,8.026005,0.330189,0.283358,0.333790
sweep,short,dmd,512,128,contiguous,selected64,6,12062.500,3.420,3.022832,2.932731,3.518135,2.273585,2.268235,2.332553,0.997407,0.978916,1.002073
sweep,short,dmd,512,128,contiguous,vector16store,6,12025.000,1.455,3.028607,2.995897,3.529106,2.271550,2.263529,2.283372,1.000000,1.000000,1.000000
sweep,short,dmd,512,128,contiguous,cpp-approved-execution,6,5306.250,0.942,6.867925,6.840000,8.026005,1.000000,1.000000,1.000000,2.271550,2.263529,2.283372
sweep,short,dmd,512,128,negative-both,original,6,29037.500,66.423,1.000000,1.000000,1.000000,4.849676,4.703782,7.928721,0.424024,0.261766,0.439482
sweep,short,dmd,512,128,negative-both,selected64,6,12375.000,2.626,2.352621,2.241241,3.804829,2.074629,2.047817,2.106918,0.999511,0.977114,1.004057
sweep,short,dmd,512,128,negative-both,vector16store,6,12325.000,0.811,2.358363,2.275407,3.820202,2.064863,2.054054,2.075472,1.000000,1.000000,1.000000
sweep,short,dmd,512,128,negative-both,cpp-approved-execution,6,5962.500,1.468,4.849676,4.703782,7.928721,1.000000,1.000000,1.000000,2.064863,2.054054,2.075472
sweep,short,dmd,512,128,negative-source,original,6,29125.000,15.837,1.000000,1.000000,1.000000,4.977465,4.774947,5.618026,0.421583,0.376623,0.437083
sweep,short,dmd,512,128,negative-source,selected64,6,12250.000,0.918,2.379308,2.285569,2.674157,2.095496,2.087234,2.118790,1.001535,0.992864,1.007150
sweep,short,dmd,512,128,negative-source,vector16store,6,12268.750,1.223,2.372032,2.287894,2.655172,2.098713,2.087049,2.115880,1.000000,1.000000,1.000000
sweep,short,dmd,512,128,negative-source,cpp-approved-execution,6,5831.250,1.715,4.977465,4.774947,5.618026,1.000000,1.000000,1.000000,2.098713,2.087049,2.115880
sweep,short,dmd,512,128,padded,original,6,28675.000,3.662,1.000000,1.000000,1.000000,5.328306,5.193473,5.376744,0.422305,0.418253,0.433573
sweep,short,dmd,512,128,padded,selected64,6,12137.500,0.618,2.359427,2.299278,2.381050,2.259603,2.252900,2.266355,0.996394,0.995881,1.000000
sweep,short,dmd,512,128,padded,vector16store,6,12087.500,0.931,2.367960,2.306418,2.390900,2.251456,2.243619,2.262181,1.000000,1.000000,1.000000
sweep,short,dmd,512,128,padded,cpp-approved-execution,6,5375.000,0.698,5.328306,5.193473,5.376744,1.000000,1.000000,1.000000,2.251456,2.243619,2.262181
sweep,short,dmd,512,128,repeated-source,original,6,28593.750,23.038,1.000000,1.000000,1.000000,5.307425,5.152778,6.387471,0.422951,0.350527,0.433962
sweep,short,dmd,512,128,repeated-source,selected64,6,12093.750,0.413,2.364341,2.301965,2.838144,2.244780,2.238426,2.250580,0.998448,0.994845,1.000000
sweep,short,dmd,512,128,repeated-source,vector16store,6,12075.000,0.414,2.364341,2.304348,2.852850,2.240139,2.236111,2.245940,1.000000,1.000000,1.000000
sweep,short,dmd,512,128,repeated-source,cpp-approved-execution,6,5387.500,0.232,5.307425,5.152778,6.387471,1.000000,1.000000,1.000000,2.240139,2.236111,2.245940
sweep,short,dmd,512,128,universal,original,6,552800.000,2.395,1.000000,1.000000,1.000000,15.243067,14.515532,15.368022,1.002780,0.984237,1.019590
sweep,short,dmd,512,128,universal,selected64,6,548675.000,2.984,1.005350,0.984357,1.017708,15.080107,14.746200,15.303584,1.001964,0.991708,1.025156
sweep,short,dmd,512,128,universal,vector16store,6,553862.500,3.751,0.997228,0.980786,1.016015,15.204293,14.623926,15.568912,1.000000,1.000000,1.000000
sweep,short,dmd,512,128,universal,cpp-approved-execution,6,36275.000,4.514,15.243067,14.515532,15.368022,1.000000,1.000000,1.000000,15.204293,14.623926,15.568912
sweep,short,dmd,513,1,contiguous,original,6,325.832,0.420,1.000000,1.000000,1.000000,8.075243,7.275109,8.106796,0.443677,0.442515,0.446182
sweep,short,dmd,513,1,contiguous,selected64,6,145.205,1.078,2.243935,2.224299,2.250674,3.599515,3.270742,3.611650,0.995954,0.990654,0.997312
sweep,short,dmd,513,1,contiguous,vector16store,6,144.618,0.541,2.253894,2.241240,2.259811,3.584951,3.240175,3.601942,1.000000,1.000000,1.000000
sweep,short,dmd,513,1,contiguous,cpp-approved-execution,6,40.313,11.165,8.075243,7.275109,8.106796,1.000000,1.000000,1.000000,3.584951,3.240175,3.601942
sweep,short,dmd,513,1,negative-both,original,6,326.125,0.720,1.000000,1.000000,1.000000,8.104677,7.407080,8.151220,0.444011,0.442055,0.445247
sweep,short,dmd,513,1,negative-both,selected64,6,145.401,0.269,2.242261,2.233871,2.253028,3.618020,3.287611,3.634146,0.995293,0.991946,1.001346
sweep,short,dmd,513,1,negative-both,vector16store,6,144.814,0.811,2.252199,2.245946,2.262162,3.596117,3.274336,3.629268,1.000000,1.000000,1.000000
sweep,short,dmd,513,1,negative-both,cpp-approved-execution,6,40.215,10.219,8.104677,7.407080,8.151220,1.000000,1.000000,1.000000,3.596117,3.274336,3.629268
sweep,short,dmd,513,1,negative-source,original,6,325.538,0.781,1.000000,1.000000,1.000000,8.075243,7.766355,8.160976,0.443910,0.441721,0.445181
sweep,short,dmd,513,1,negative-source,selected64,6,145.401,0.135,2.239731,2.234186,2.254717,3.606796,3.467290,3.619512,0.994616,0.993271,0.995962
sweep,short,dmd,513,1,negative-source,vector16store,6,144.618,0.271,2.252710,2.246279,2.263870,3.587379,3.448598,3.604878,1.000000,1.000000,1.000000
sweep,short,dmd,513,1,negative-source,cpp-approved-execution,6,40.313,4.369,8.075243,7.766355,8.160976,1.000000,1.000000,1.000000,3.587379,3.448598,3.604878
sweep,short,dmd,513,1,padded,original,6,326.517,0.539,1.000000,1.000000,1.000000,8.092233,7.799065,8.165854,0.443413,0.443046,0.444444
sweep,short,dmd,513,1,padded,selected64,6,145.303,0.269,2.247139,2.242261,2.252022,3.601942,3.471963,3.629268,0.995960,0.994609,1.000000
sweep,short,dmd,513,1,padded,vector16store,6,144.716,0.811,2.255233,2.250000,2.257104,3.587379,3.457944,3.629268,1.000000,1.000000,1.000000
sweep,short,dmd,513,1,padded,cpp-approved-execution,6,40.313,4.369,8.092233,7.799065,8.165854,1.000000,1.000000,1.000000,3.587379,3.457944,3.629268
sweep,short,dmd,513,1,repeated-source,original,6,326.223,26.635,1.000000,1.000000,1.000000,7.995215,7.699074,10.125000,0.444111,0.350902,0.446450
sweep,short,dmd,513,1,repeated-source,selected64,6,145.303,0.673,2.243426,2.236878,2.838275,3.568343,3.430556,3.572115,0.995968,0.995951,1.000000
sweep,short,dmd,513,1,repeated-source,vector16store,6,144.912,0.675,2.251687,2.239892,2.849797,3.553954,3.416667,3.572115,1.000000,1.000000,1.000000
sweep,short,dmd,513,1,repeated-source,cpp-approved-execution,6,40.705,3.846,7.995215,7.699074,10.125000,1.000000,1.000000,1.000000,3.553954,3.416667,3.572115
sweep,short,dmd,513,1,universal,original,6,4406.947,2.878,1.000000,1.000000,1.000000,15.353425,14.535121,15.660507,1.001749,0.998714,1.027622
sweep,short,dmd,513,1,universal,selected64,6,4414.188,4.455,0.998993,0.978506,1.011804,15.270493,14.854406,15.600958,1.004657,0.978205,1.031545
sweep,short,dmd,513,1,universal,vector16store,6,4417.025,4.829,0.998258,0.973120,1.001288,15.378082,14.530651,16.093087,1.000000,1.000000,1.000000
sweep,short,dmd,513,1,universal,cpp-approved-execution,6,285.812,7.258,15.353425,14.535121,15.660507,1.000000,1.000000,1.000000,15.378082,14.530651,16.093087
sweep,short,dmd,513,17,contiguous,original,6,4878.333,0.615,1.000000,1.000000,1.000000,6.742079,6.650000,6.846512,0.340047,0.339029,0.341033
sweep,short,dmd,513,17,contiguous,selected64,6,1660.000,0.602,2.946686,2.937751,2.949900,2.285763,2.263636,2.320930,1.001004,0.997992,1.006012
sweep,short,dmd,513,17,contiguous,vector16store,6,1658.333,1.206,2.940769,2.932271,2.949597,2.289732,2.263636,2.334884,1.000000,1.000000,1.000000
sweep,short,dmd,513,17,contiguous,cpp-approved-execution,6,723.333,2.304,6.742079,6.650000,6.846512,1.000000,1.000000,1.000000,2.289732,2.263636,2.334884
sweep,short,dmd,513,17,negative-both,original,6,3961.667,29.785,1.000000,1.000000,1.000000,5.263944,5.169643,6.720000,0.441318,0.347884,0.451641
sweep,short,dmd,513,17,negative-both,selected64,6,1748.333,1.525,2.265963,2.205714,2.842105,2.326031,2.308370,2.364444,0.998093,0.988722,1.001908
sweep,short,dmd,513,17,negative-both,vector16store,6,1746.667,0.573,2.265976,2.214149,2.874525,2.323798,2.303965,2.339286,1.000000,1.000000,1.000000
sweep,short,dmd,513,17,negative-both,cpp-approved-execution,6,753.333,1.327,5.263944,5.169643,6.720000,1.000000,1.000000,1.000000,2.323798,2.303965,2.339286
sweep,short,dmd,513,17,negative-source,original,6,3945.000,3.295,1.000000,1.000000,1.000000,5.376558,5.296804,5.410959,0.443365,0.437865,0.451724
sweep,short,dmd,513,17,negative-source,selected64,6,1750.000,2.857,2.252623,2.202602,2.273423,2.390072,2.355856,2.456621,0.999048,0.975836,1.001912
sweep,short,dmd,513,17,negative-source,vector16store,6,1748.333,0.381,2.255480,2.213740,2.283810,2.378779,2.360360,2.401826,1.000000,1.000000,1.000000
sweep,short,dmd,513,17,negative-source,cpp-approved-execution,6,735.000,1.361,5.376558,5.296804,5.410959,1.000000,1.000000,1.000000,2.378779,2.360360,2.401826
sweep,short,dmd,513,17,padded,original,6,3926.667,2.886,1.000000,1.000000,1.000000,5.446235,5.354839,5.551402,0.450382,0.438552,0.457831
sweep,short,dmd,513,17,padded,selected64,6,1748.333,2.288,2.210599,2.202290,2.275862,2.444397,2.416667,2.507042,0.996233,0.994275,1.013333
sweep,short,dmd,513,17,padded,vector16store,6,1753.333,2.091,2.220339,2.184211,2.280230,2.443696,2.412037,2.492958,1.000000,1.000000,1.000000
sweep,short,dmd,513,17,padded,cpp-approved-execution,6,716.667,2.791,5.446235,5.354839,5.551402,1.000000,1.000000,1.000000,2.443696,2.412037,2.492958
sweep,short,dmd,513,17,repeated-source,original,6,3876.667,2.236,1.000000,1.000000,1.000000,5.476413,5.317972,5.563981,0.447140,0.443027,0.452340
sweep,short,dmd,513,17,repeated-source,selected64,6,1738.333,0.959,2.231753,2.206501,2.253359,2.449673,2.396313,2.471429,0.998086,0.994275,1.000000
sweep,short,dmd,513,17,repeated-source,vector16store,6,1736.667,0.576,2.236513,2.210728,2.257198,2.440294,2.391705,2.471429,1.000000,1.000000,1.000000
sweep,short,dmd,513,17,repeated-source,cpp-approved-execution,6,711.667,3.279,5.476413,5.317972,5.563981,1.000000,1.000000,1.000000,2.440294,2.391705,2.471429
sweep,short,dmd,513,17,universal,original,6,72560.000,12.091,1.000000,1.000000,1.000000,15.016902,14.846735,16.452138,1.010546,1.005179,1.063547
sweep,short,dmd,513,17,universal,selected64,6,72391.667,16.406,0.997264,0.960714,1.007294,14.972517,14.908465,17.124915,1.010908,0.998804,1.021764
sweep,short,dmd,513,17,universal,vector16store,6,73271.667,18.466,0.989579,0.940250,0.994848,15.154643,14.924399,17.497624,1.000000,1.000000,1.000000
sweep,short,dmd,513,17,universal,cpp-approved-execution,6,4838.333,1.860,15.016902,14.846735,16.452138,1.000000,1.000000,1.000000,15.154643,14.924399,17.497624
sweep,short,dmd,513,128,contiguous,original,6,37800.000,27.910,1.000000,1.000000,1.000000,7.122192,6.828638,8.830588,0.320038,0.258460,0.332302
sweep,short,dmd,513,128,contiguous,selected64,6,12093.750,0.620,3.123635,3.003096,3.869072,2.276471,2.267606,2.285377,0.999482,0.996910,1.000000
sweep,short,dmd,513,128,contiguous,vector16store,6,12075.000,0.518,3.128641,3.009307,3.869072,2.274118,2.265258,2.282353,1.000000,1.000000,1.000000
sweep,short,dmd,513,128,contiguous,cpp-approved-execution,6,5312.500,0.471,7.122192,6.828638,8.830588,1.000000,1.000000,1.000000,2.274118,2.265258,2.282353
sweep,short,dmd,513,128,negative-both,original,6,29131.250,6.007,1.000000,1.000000,1.000000,4.927081,4.843011,5.078556,0.425230,0.421188,0.440367
sweep,short,dmd,513,128,negative-both,selected64,6,12412.500,2.920,2.344603,2.283976,2.371834,2.110067,2.095541,2.154989,0.996968,0.994089,1.012048
sweep,short,dmd,513,128,negative-both,vector16store,6,12393.750,2.824,2.351748,2.270833,2.374239,2.106526,2.086864,2.142251,1.000000,1.000000,1.000000
sweep,short,dmd,513,128,negative-both,cpp-approved-execution,6,5887.500,1.911,4.927081,4.843011,5.078556,1.000000,1.000000,1.000000,2.106526,2.086864,2.142251
sweep,short,dmd,513,128,negative-source,original,6,29075.000,58.770,1.000000,1.000000,1.000000,5.040064,4.872294,7.865217,0.420469,0.270039,0.437139
sweep,short,dmd,513,128,negative-source,selected64,6,12281.250,1.425,2.369866,2.301636,3.647177,2.133552,2.116883,2.156522,0.995433,0.984879,1.006135
sweep,short,dmd,513,128,negative-source,vector16store,6,12250.000,0.918,2.378308,2.287602,3.703173,2.123645,2.114967,2.129870,1.000000,1.000000,1.000000
sweep,short,dmd,513,128,negative-source,cpp-approved-execution,6,5768.750,0.433,5.040064,4.872294,7.865217,1.000000,1.000000,1.000000,2.123645,2.114967,2.129870
sweep,short,dmd,513,128,padded,original,6,28631.250,2.314,1.000000,1.000000,1.000000,5.373241,5.260563,5.395294,0.425236,0.423463,0.435074
sweep,short,dmd,513,128,padded,selected64,6,12206.250,0.512,2.341175,2.296107,2.352821,2.293081,2.283372,2.301176,0.996923,0.994888,0.998975
sweep,short,dmd,513,128,padded,vector16store,6,12175.000,0.411,2.351648,2.298462,2.361483,2.286052,2.278689,2.294118,1.000000,1.000000,1.000000
sweep,short,dmd,513,128,padded,cpp-approved-execution,6,5325.000,0.469,5.373241,5.260563,5.395294,1.000000,1.000000,1.000000,2.286052,2.278689,2.294118
sweep,short,dmd,513,128,repeated-source,original,6,28581.250,2.537,1.000000,1.000000,1.000000,5.333333,5.224299,5.355140,0.427449,0.423647,0.434122
sweep,short,dmd,513,128,repeated-source,selected64,6,12200.000,13.730,2.339292,2.019874,2.355601,2.280374,2.270396,2.586449,0.997445,0.876242,1.003080
sweep,short,dmd,513,128,repeated-source,vector16store,6,12162.500,0.925,2.339464,2.303498,2.360453,2.273364,2.266355,2.282051,1.000000,1.000000,1.000000
sweep,short,dmd,513,128,repeated-source,cpp-approved-execution,6,5350.000,0.234,5.333333,5.224299,5.355140,1.000000,1.000000,1.000000,2.273364,2.266355,2.282051
sweep,short,dmd,513,128,universal,original,6,552143.750,2.576,1.000000,1.000000,1.000000,15.197475,14.939092,15.357118,1.001415,0.994029,1.007108
sweep,short,dmd,513,128,universal,selected64,6,550375.000,2.832,0.999666,0.995288,1.010789,15.151424,14.948039,15.403654,1.001464,0.991026,1.014594
sweep,short,dmd,513,128,universal,vector16store,6,552606.250,2.839,0.998588,0.992942,1.006007,15.210218,14.974535,15.411704,1.000000,1.000000,1.000000
sweep,short,dmd,513,128,universal,cpp-approved-execution,6,36318.750,0.275,15.197475,14.939092,15.357118,1.000000,1.000000,1.000000,15.210218,14.974535,15.411704
sweep,short,dmd,2048,1,contiguous,original,6,1160.938,19.583,1.000000,1.000000,1.000000,7.016509,6.693694,8.260465,0.362168,0.305180,0.365410
sweep,short,dmd,2048,1,contiguous,selected64,6,422.656,48.429,2.745875,2.220000,2.762523,2.540094,2.450450,3.720930,0.998152,0.677500,1.000000
sweep,short,dmd,2048,1,contiguous,vector16store,6,421.875,0.926,2.761152,2.736648,3.276753,2.529333,2.445946,2.568720,1.000000,1.000000,1.000000
sweep,short,dmd,2048,1,contiguous,cpp-approved-execution,6,166.797,5.152,7.016509,6.693694,8.260465,1.000000,1.000000,1.000000,2.529333,2.445946,2.568720
sweep,short,dmd,2048,1,negative-both,original,6,1160.938,77.524,1.000000,1.000000,1.000000,7.009434,6.633929,12.384977,0.362138,0.204321,0.365410
sweep,short,dmd,2048,1,negative-both,selected64,6,421.484,0.927,2.756957,2.731618,4.885185,2.542453,2.428571,2.544601,0.998152,0.998145,1.000000
sweep,short,dmd,2048,1,negative-both,vector16store,6,421.094,0.928,2.761375,2.736648,4.894249,2.537736,2.424107,2.542453,1.000000,1.000000,1.000000
sweep,short,dmd,2048,1,negative-both,cpp-approved-execution,6,166.016,5.647,7.009434,6.633929,12.384977,1.000000,1.000000,1.000000,2.537736,2.424107,2.542453
sweep,short,dmd,2048,1,negative-source,original,6,1161.328,93.441,1.000000,1.000000,1.000000,7.011792,6.879630,13.561321,0.363055,0.361802,0.395130
sweep,short,dmd,2048,1,negative-source,selected64,6,421.875,62.778,2.757885,2.736648,3.274487,2.542453,2.504630,4.141509,0.998152,0.998145,1.293850
sweep,short,dmd,2048,1,negative-source,vector16store,6,421.484,110.843,2.754424,2.530810,2.763941,2.537736,2.504630,5.358491,1.000000,1.000000,1.000000
sweep,short,dmd,2048,1,negative-source,cpp-approved-execution,6,165.625,1.887,7.011792,6.879630,13.561321,1.000000,1.000000,1.000000,2.537736,2.504630,5.358491
sweep,short,dmd,2048,1,padded,original,6,1161.719,0.134,1.000000,1.000000,1.000000,6.995338,6.847926,7.018868,0.362382,0.361802,0.365165
sweep,short,dmd,2048,1,padded,selected64,6,421.094,0.742,2.757885,2.743542,2.762082,2.536485,2.479263,2.556604,1.000000,0.998145,1.001845
sweep,short,dmd,2048,1,padded,vector16store,6,420.703,0.929,2.759520,2.738490,2.763941,2.534126,2.479263,2.556604,1.000000,1.000000,1.000000
sweep,short,dmd,2048,1,padded,cpp-approved-execution,6,166.016,2.353,6.995338,6.847926,7.018868,1.000000,1.000000,1.000000,2.534126,2.479263,2.556604
sweep,short,dmd,2048,1,repeated-source,original,6,1161.328,0.269,1.000000,1.000000,1.000000,7.011792,6.811927,7.023585,0.362811,0.361988,0.364738
sweep,short,dmd,2048,1,repeated-source,selected64,6,421.094,0.557,2.756957,2.741697,2.762523,2.542453,2.472477,2.556604,1.000000,0.998145,1.001855
sweep,short,dmd,2048,1,repeated-source,vector16store,6,421.484,0.741,2.756258,2.741697,2.762523,2.544811,2.467890,2.556604,1.000000,1.000000,1.000000
sweep,short,dmd,2048,1,repeated-source,cpp-approved-execution,6,165.625,2.830,7.011792,6.811927,7.023585,1.000000,1.000000,1.000000,2.544811,2.467890,2.556604
sweep,short,dmd,2048,1,universal,original,6,17241.016,17.138,1.000000,1.000000,1.000000,15.427133,15.198601,16.314578,1.003532,0.979393,1.035796
sweep,short,dmd,2048,1,universal,selected64,6,17284.766,8.651,1.003927,0.976195,1.079174,15.322378,15.117647,15.698113,1.001286,0.989183,1.107934
sweep,short,dmd,2048,1,universal,vector16store,6,17219.922,20.121,0.996503,0.965441,1.021041,15.408207,15.217483,16.749361,1.000000,1.000000,1.000000
sweep,short,dmd,2048,1,universal,cpp-approved-execution,6,1117.188,9.371,15.427133,15.198601,16.314578,1.000000,1.000000,1.000000,15.408207,15.217483,16.749361
sweep,short,dmd,2048,17,contiguous,original,6,19062.500,61.967,1.000000,1.000000,1.000000,6.742257,6.713656,10.915929,0.332239,0.205918,0.333552
sweep,short,dmd,2048,17,contiguous,selected64,6,6350.000,1.772,3.006911,2.963107,4.846758,2.245575,2.229075,2.288889,0.998031,0.988350,1.000000
sweep,short,dmd,2048,17,contiguous,vector16store,6,6337.500,1.183,3.009881,2.998035,4.856299,2.242276,2.229075,2.262222,1.000000,1.000000,1.000000
sweep,short,dmd,2048,17,contiguous,cpp-approved-execution,6,2831.250,1.325,6.742257,6.713656,10.915929,1.000000,1.000000,1.000000,2.242276,2.229075,2.262222
sweep,short,dmd,2048,17,negative-both,original,6,14643.750,1.707,1.000000,1.000000,1.000000,5.000000,4.924686,5.104803,0.443216,0.438837,0.444254
sweep,short,dmd,2048,17,negative-both,selected64,6,6468.750,1.353,2.261597,2.256809,2.269903,2.211572,2.179916,2.248908,1.000962,0.996117,1.005825
sweep,short,dmd,2048,17,negative-both,vector16store,6,6481.250,1.543,2.256238,2.250965,2.278752,2.209490,2.179916,2.242424,1.000000,1.000000,1.000000
sweep,short,dmd,2048,17,negative-both,cpp-approved-execution,6,2925.000,4.274,5.000000,4.924686,5.104803,1.000000,1.000000,1.000000,2.209490,2.179916,2.242424
sweep,short,dmd,2048,17,negative-source,original,6,14500.000,1.034,1.000000,1.000000,1.000000,5.043478,5.039130,5.113537,0.445355,0.438941,0.447414
sweep,short,dmd,2048,17,negative-source,selected64,6,6437.500,0.971,2.250485,2.239382,2.278210,2.241836,2.239130,2.276316,1.000965,0.998058,1.003883
sweep,short,dmd,2048,17,negative-source,vector16store,6,6462.500,0.967,2.245407,2.235067,2.278210,2.247826,2.234783,2.271930,1.000000,1.000000,1.000000
sweep,short,dmd,2048,17,negative-source,cpp-approved-execution,6,2875.000,0.870,5.043478,5.039130,5.113537,1.000000,1.000000,1.000000,2.247826,2.234783,2.271930
sweep,short,dmd,2048,17,padded,original,6,14575.000,1.544,1.000000,1.000000,1.000000,5.126896,5.101322,5.154867,0.442582,0.438776,0.447800
sweep,short,dmd,2048,17,padded,selected64,6,6456.250,0.968,2.255347,2.237452,2.279070,2.270326,2.253275,2.287611,1.000000,0.996139,1.001934
sweep,short,dmd,2048,17,padded,vector16store,6,6450.000,1.163,2.259469,2.233141,2.279070,2.265940,2.253275,2.292035,1.000000,1.000000,1.000000
sweep,short,dmd,2048,17,padded,cpp-approved-execution,6,2837.500,1.322,5.126896,5.101322,5.154867,1.000000,1.000000,1.000000,2.265940,2.253275,2.292035
sweep,short,dmd,2048,17,repeated-source,original,6,14543.750,96.433,1.000000,1.000000,1.000000,5.127753,5.082969,9.995614,0.441341,0.227293,0.442524
sweep,short,dmd,2048,17,repeated-source,selected64,6,6406.250,2.341,2.271220,2.255814,4.357553,2.257709,2.251101,2.293860,1.000000,0.990440,1.003914
sweep,short,dmd,2048,17,repeated-source,vector16store,6,6418.750,1.168,2.265822,2.259766,4.399614,2.262115,2.248908,2.275556,1.000000,1.000000,1.000000
sweep,short,dmd,2048,17,repeated-source,cpp-approved-execution,6,2837.500,1.762,5.127753,5.082969,9.995614,1.000000,1.000000,1.000000,2.262115,2.248908,2.275556
sweep,short,dmd,2048,17,universal,original,6,289543.750,21.905,1.000000,1.000000,1.000000,15.239160,15.088409,18.447507,1.008349,0.941773,1.023748
sweep,short,dmd,2048,17,universal,selected64,6,291275.000,9.858,1.001155,0.985732,1.109515,15.302873,15.145765,16.626640,1.009375,1.003381,1.044911
sweep,short,dmd,2048,17,universal,vector16store,6,293912.500,14.171,0.991759,0.976803,1.061827,15.428713,15.196980,17.373360,1.000000,1.000000,1.000000
sweep,short,dmd,2048,17,universal,cpp-approved-execution,6,19025.000,0.526,15.239160,15.088409,18.447507,1.000000,1.000000,1.000000,15.428713,15.196980,17.373360
sweep,short,dmd,2048,128,contiguous,original,6,210125.000,12.499,1.000000,1.000000,1.000000,9.594199,9.067246,9.828771,0.238611,0.228559,0.384737
sweep,short,dmd,2048,128,contiguous,selected64,6,49643.750,8.259,4.250413,3.760760,4.370660,2.290305,2.160686,2.411014,1.000612,0.920654,1.642840
sweep,short,dmd,2048,128,contiguous,vector16store,6,49525.000,75.694,4.191188,2.599180,4.375229,2.288872,2.219710,3.549662,1.000000,1.000000,1.000000
sweep,short,dmd,2048,128,contiguous,cpp-approved-execution,6,21581.250,11.932,9.594199,9.067246,9.828771,1.000000,1.000000,1.000000,2.288872,2.219710,3.549662
sweep,short,dmd,2048,128,negative-both,original,6,191656.250,46.137,1.000000,1.000000,1.000000,7.202760,5.795929,8.051689,0.264570,0.228836,0.364387
sweep,short,dmd,2048,128,negative-both,selected64,6,50518.750,5.196,3.778658,2.873833,4.424395,2.017717,1.539284,2.094608,1.004733,0.964060,1.047186
sweep,short,dmd,2048,128,negative-both,vector16store,6,50856.250,6.440,3.779808,2.744337,4.369941,2.015962,1.558466,2.119754,1.000000,1.000000,1.000000
sweep,short,dmd,2048,128,negative-both,cpp-approved-execution,6,24693.750,38.319,7.202760,5.795929,8.051689,1.000000,1.000000,1.000000,2.015962,1.558466,2.119754
sweep,short,dmd,2048,128,negative-source,original,6,198975.000,33.252,1.000000,1.000000,1.000000,8.551135,5.908726,9.092119,0.245859,0.229107,0.332541
sweep,short,dmd,2048,128,negative-source,selected64,6,49343.750,4.864,3.981673,3.038164,4.333756,2.110995,1.944835,2.174825,0.990629,0.956265,1.010315
sweep,short,dmd,2048,128,negative-source,vector16store,6,48893.750,0.665,4.067471,3.007147,4.364775,2.083644,1.964895,2.106509,1.000000,1.000000,1.000000
sweep,short,dmd,2048,128,negative-source,cpp-approved-execution,6,23462.500,7.192,8.551135,5.908726,9.092119,1.000000,1.000000,1.000000,2.083644,1.964895,2.106509
sweep,short,dmd,2048,128,padded,original,6,188906.250,24.112,1.000000,1.000000,1.000000,8.691141,7.295533,9.452972,0.264154,0.236858,0.311116
sweep,short,dmd,2048,128,padded,selected64,6,48918.750,5.340,3.854943,3.336302,4.118150,2.251218,2.186712,2.313038,1.035065,0.960020,1.040975
sweep,short,dmd,2048,128,padded,vector16store,6,49637.500,6.925,3.788223,3.214232,4.221935,2.283507,2.220563,2.389498,1.000000,1.000000,1.000000
sweep,short,dmd,2048,128,padded,cpp-approved-execution,6,21718.750,0.748,8.691141,7.295533,9.452972,1.000000,1.000000,1.000000,2.283507,2.220563,2.389498
sweep,short,dmd,2048,128,repeated-source,original,6,181068.750,25.191,1.000000,1.000000,1.000000,8.326388,6.677956,8.828423,0.264112,0.256124,0.327259
sweep,short,dmd,2048,128,repeated-source,selected64,6,47743.750,5.341,3.770271,3.060510,3.917743,2.210890,2.181975,2.309070,0.998421,0.988992,1.003427
sweep,short,dmd,2048,128,repeated-source,vector16store,6,47618.750,4.174,3.787106,3.055687,3.904362,2.205920,2.185419,2.283651,1.000000,1.000000,1.000000
sweep,short,dmd,2048,128,repeated-source,cpp-approved-execution,6,21600.000,2.373,8.326388,6.677956,8.828423,1.000000,1.000000,1.000000,2.205920,2.185419,2.283651
sweep,short,dmd,2048,128,universal,original,6,2187356.250,3.533,1.000000,1.000000,1.000000,14.967081,14.887421,15.489792,1.003439,0.994005,1.011037
sweep,short,dmd,2048,128,universal,selected64,6,2207600.000,2.699,0.998806,0.988190,1.011808,15.091826,14.821374,15.391593,0.999690,0.990731,1.015542
sweep,short,dmd,2048,128,universal,vector16store,6,2204125.000,2.536,0.996573,0.989084,1.006032,15.082067,14.936188,15.421569,1.000000,1.000000,1.000000
sweep,short,dmd,2048,128,universal,cpp-approved-execution,6,146600.000,1.774,14.967081,14.887421,15.489792,1.000000,1.000000,1.000000,15.082067,14.936188,15.421569
sweep,short,dmd,2048,512,contiguous,original,6,875300.000,3.102,1.000000,1.000000,1.000000,9.944271,9.811906,10.061011,0.222957,0.218113,0.335133
sweep,short,dmd,2048,512,contiguous,selected64,6,195787.500,0.907,4.467414,4.390639,4.569790,2.231005,2.179330,2.257106,0.994079,0.987407,1.500797
sweep,short,dmd,2048,512,contiguous,vector16store,6,194775.000,51.553,4.485163,2.983894,4.584775,2.224772,2.172207,3.288290,1.000000,1.000000,1.000000
sweep,short,dmd,2048,512,contiguous,cpp-approved-execution,6,87887.500,2.759,9.944271,9.811906,10.061011,1.000000,1.000000,1.000000,2.224772,2.172207,3.288290
sweep,short,dmd,2048,512,negative-both,original,6,880181.250,2.842,1.000000,1.000000,1.000000,8.209553,8.025289,8.628469,0.236592,0.231417,0.424238
sweep,short,dmd,2048,512,negative-both,selected64,6,208850.000,51.353,4.214005,2.810794,4.361712,1.960565,1.897128,2.939138,1.002784,0.693527,1.192445
sweep,short,dmd,2048,512,negative-both,vector16store,6,208250.000,80.294,4.226710,2.357169,4.321212,1.942128,1.902620,3.504759,1.000000,1.000000,1.000000
sweep,short,dmd,2048,512,negative-both,cpp-approved-execution,6,106981.250,4.428,8.209553,8.025289,8.628469,1.000000,1.000000,1.000000,1.942128,1.902620,3.504759
sweep,short,dmd,2048,512,negative-source,original,6,879918.750,4.005,1.000000,1.000000,1.000000,9.037447,8.801639,9.265790,0.230076,0.228019,0.258924
sweep,short,dmd,2048,512,negative-source,selected64,6,204306.250,3.683,4.308108,4.284653,4.328383,2.089315,2.054224,2.150568,0.989379,0.981215,1.115581
sweep,short,dmd,2048,512,negative-source,vector16store,6,202137.500,17.426,4.346398,3.862142,4.385605,2.070583,2.015637,2.399132,1.000000,1.000000,1.000000
sweep,short,dmd,2048,512,negative-source,cpp-approved-execution,6,98143.750,2.063,9.037447,8.801639,9.265790,1.000000,1.000000,1.000000,2.070583,2.015637,2.399132
sweep,short,dmd,2048,512,padded,original,6,874712.500,3.673,1.000000,1.000000,1.000000,9.901380,9.624948,10.269690,0.223029,0.217548,0.225516
sweep,short,dmd,2048,512,padded,selected64,6,197568.750,51.235,4.460354,2.956841,4.560705,2.243296,2.174940,3.255146,0.992297,0.659099,1.009375
sweep,short,dmd,2048,512,padded,vector16store,6,195762.500,1.386,4.483726,4.434282,4.596691,2.214825,2.145462,2.234148,1.000000,1.000000,1.000000
sweep,short,dmd,2048,512,padded,cpp-approved-execution,6,88606.250,3.837,9.901380,9.624948,10.269690,1.000000,1.000000,1.000000,2.214825,2.145462,2.234148
sweep,short,dmd,2048,512,repeated-source,original,6,871543.750,5.211,1.000000,1.000000,1.000000,9.895274,9.832274,10.238601,0.222706,0.215638,0.224972
sweep,short,dmd,2048,512,repeated-source,selected64,6,195731.250,1.169,4.484909,4.442235,4.666964,2.200619,2.173961,2.225326,0.998810,0.991845,1.006375
sweep,short,dmd,2048,512,repeated-source,vector16store,6,194800.000,1.816,4.490247,4.444991,4.637400,2.205138,2.156233,2.214488,1.000000,1.000000,1.000000
sweep,short,dmd,2048,512,repeated-source,cpp-approved-execution,6,88443.750,2.558,9.895274,9.832274,10.238601,1.000000,1.000000,1.000000,2.205138,2.156233,2.214488
sweep,short,dmd,2048,512,universal,original,6,8824700.000,1.896,1.000000,1.000000,1.000000,14.950363,14.888404,15.050380,1.003881,0.999387,1.008773
sweep,short,dmd,2048,512,universal,selected64,6,8856193.750,2.951,0.997064,0.980409,1.004364,15.038929,14.850256,15.285109,0.998780,0.989010,1.009906
sweep,short,dmd,2048,512,universal,vector16store,6,8857918.750,1.623,0.996135,0.991304,1.000614,15.019254,14.918389,15.117128,1.000000,1.000000,1.000000
sweep,short,dmd,2048,512,universal,cpp-approved-execution,6,589481.250,2.712,14.950363,14.888404,15.050380,1.000000,1.000000,1.000000,15.019254,14.918389,15.117128
sweep,short,ldc2,1,1,contiguous,original,6,18.237,3.347,1.000000,1.000000,1.000000,5.597744,5.571429,5.759398,1.010726,0.988251,1.024161
sweep,short,ldc2,1,1,contiguous,selected64,6,18.335,2.264,0.992690,0.990642,1.019973,5.646617,5.624060,5.708955,1.005340,1.001307,1.015979
sweep,short,ldc2,1,1,contiguous,vector16store,6,18.457,1.720,0.989395,0.976409,1.011889,5.680451,5.634328,5.736842,1.000000,1.000000,1.000000
sweep,short,ldc2,1,1,contiguous,cpp-approved-execution,6,3.247,0.752,5.597744,5.571429,5.759398,1.000000,1.000000,1.000000,5.680451,5.634328,5.736842
sweep,short,ldc2,1,1,negative-both,original,6,18.201,1.878,1.000000,1.000000,1.000000,4.809677,4.787097,4.877419,1.012744,1.008054,1.029650
sweep,short,ldc2,1,1,negative-both,selected64,6,18.506,3.694,0.986207,0.953728,0.997337,4.890323,4.838710,5.019355,0.997374,0.982005,1.011984
sweep,short,ldc2,1,1,negative-both,vector16store,6,18.494,1.716,0.987417,0.971204,0.992011,4.887097,4.845161,4.929032,1.000000,1.000000,1.000000
sweep,short,ldc2,1,1,negative-both,cpp-approved-execution,6,3.784,0.000,4.809677,4.787097,4.877419,1.000000,1.000000,1.000000,4.887097,4.845161,4.929032
sweep,short,ldc2,1,1,negative-source,original,6,18.213,0.536,1.000000,1.000000,1.000000,4.812903,4.793548,4.819355,1.016744,1.009371,1.024129
sweep,short,ldc2,1,1,negative-source,selected64,6,18.396,2.389,0.990041,0.973924,0.991989,4.861290,4.832258,4.948387,1.005990,0.983051,1.014608
sweep,short,ldc2,1,1,negative-source,vector16store,6,18.518,1.318,0.983532,0.976440,0.990716,4.893548,4.864516,4.929032,1.000000,1.000000,1.000000
sweep,short,ldc2,1,1,negative-source,cpp-approved-execution,6,3.784,0.000,4.812903,4.793548,4.819355,1.000000,1.000000,1.000000,4.893548,4.864516,4.929032
sweep,short,ldc2,1,1,padded,original,6,18.323,1.066,1.000000,1.000000,1.000000,4.835484,4.812903,4.864516,1.018629,1.002653,1.020107
sweep,short,ldc2,1,1,padded,selected64,6,18.445,1.588,0.994705,0.988142,0.998667,4.858581,4.832258,4.909677,1.010566,0.993430,1.016021
sweep,short,ldc2,1,1,padded,vector16store,6,18.628,1.704,0.981711,0.980289,0.997354,4.906762,4.858065,4.941935,1.000000,1.000000,1.000000
sweep,short,ldc2,1,1,padded,cpp-approved-execution,6,3.784,0.645,4.835484,4.812903,4.864516,1.000000,1.000000,1.000000,4.906762,4.858065,4.941935
sweep,short,ldc2,1,1,repeated-source,original,6,18.396,2.123,1.000000,1.000000,1.000000,4.848387,4.793548,4.896774,1.010616,1.002635,1.017333
sweep,short,ldc2,1,1,repeated-source,selected64,6,18.359,1.729,0.998010,0.990802,1.010681,4.851613,4.825806,4.878205,1.008654,1.002628,1.017356
sweep,short,ldc2,1,1,repeated-source,vector16store,6,18.591,1.313,0.989497,0.982962,0.997372,4.906452,4.858065,4.922581,1.000000,1.000000,1.000000
sweep,short,ldc2,1,1,repeated-source,cpp-approved-execution,6,3.784,0.645,4.848387,4.793548,4.896774,1.000000,1.000000,1.000000,4.906452,4.858065,4.922581
sweep,short,ldc2,1,1,universal,original,6,42.554,0.287,1.000000,1.000000,1.000000,15.702703,15.657658,15.702703,0.993968,0.989673,0.995972
sweep,short,ldc2,1,1,universal,selected64,6,42.029,0.581,1.011327,1.008681,1.014552,15.509009,15.477477,15.567568,1.004359,1.000000,1.008726
sweep,short,ldc2,1,1,universal,vector16store,6,42.224,0.578,1.006069,1.004044,1.010435,15.581081,15.540541,15.630631,1.000000,1.000000,1.000000
sweep,short,ldc2,1,1,universal,cpp-approved-execution,6,2.710,0.000,15.702703,15.657658,15.702703,1.000000,1.000000,1.000000,15.581081,15.540541,15.630631
sweep,short,ldc2,1,17,contiguous,original,6,37.659,2.528,1.000000,1.000000,1.000000,8.709817,8.683616,8.853933,1.015240,0.998731,1.024073
sweep,short,ldc2,1,17,contiguous,selected64,6,37.878,2.191,0.995481,0.985406,1.000635,8.765537,8.711864,8.853933,1.010651,0.989848,1.019455
sweep,short,ldc2,1,17,contiguous,vector16store,6,38.306,0.892,0.984994,0.976493,1.001271,8.847458,8.764045,8.892655,1.000000,1.000000,1.000000
sweep,short,ldc2,1,17,contiguous,cpp-approved-execution,6,4.321,0.565,8.709817,8.683616,8.853933,1.000000,1.000000,1.000000,8.847458,8.764045,8.892655
sweep,short,ldc2,1,17,negative-both,original,6,66.968,1.021,1.000000,1.000000,1.000000,2.248361,2.244262,2.267213,1.000730,0.985177,1.039373
sweep,short,ldc2,1,17,negative-both,selected64,6,67.310,3.410,0.995831,0.973040,1.002925,2.259836,2.241803,2.318852,1.003473,0.963238,1.011352
sweep,short,ldc2,1,17,negative-both,vector16store,6,67.114,4.583,0.999276,0.962119,1.015046,2.253279,2.233607,2.336885,1.000000,1.000000,1.000000
sweep,short,ldc2,1,17,negative-both,cpp-approved-execution,6,29.785,0.000,2.248361,2.244262,2.267213,1.000000,1.000000,1.000000,2.253279,2.233607,2.336885
sweep,short,ldc2,1,17,negative-source,original,6,66.626,3.225,1.000000,1.000000,1.000000,2.236885,2.227049,2.299180,1.001285,0.971480,1.025164
sweep,short,ldc2,1,17,negative-source,selected64,6,65.942,0.703,1.008144,1.005545,1.041203,2.213934,2.208197,2.223770,1.010540,1.005529,1.041497
sweep,short,ldc2,1,17,negative-source,vector16store,6,66.650,3.333,0.998717,0.975454,1.029358,2.237705,2.229508,2.304098,1.000000,1.000000,1.000000
sweep,short,ldc2,1,17,negative-source,cpp-approved-execution,6,29.785,0.000,2.236885,2.227049,2.299180,1.000000,1.000000,1.000000,2.237705,2.229508,2.304098
sweep,short,ldc2,1,17,padded,original,6,66.443,5.107,1.000000,1.000000,1.000000,2.230738,2.222951,2.336885,1.004979,0.959663,1.014679
sweep,short,ldc2,1,17,padded,selected64,6,65.784,2.412,1.012643,0.989059,1.057100,2.208607,2.194262,2.247541,1.012647,0.999635,1.029029
sweep,short,ldc2,1,17,padded,vector16store,6,66.858,2.154,0.995078,0.985533,1.042032,2.244672,2.218033,2.266393,1.000000,1.000000,1.000000
sweep,short,ldc2,1,17,padded,cpp-approved-execution,6,29.785,0.000,2.230738,2.222951,2.336885,1.000000,1.000000,1.000000,2.244672,2.218033,2.266393
sweep,short,ldc2,1,17,repeated-source,original,6,63.416,1.463,1.000000,1.000000,1.000000,2.129098,1.883297,2.136066,1.002115,0.993893,1.004648
sweep,short,ldc2,1,17,repeated-source,selected64,6,63.257,1.158,1.003865,0.995399,1.006144,2.121736,1.880379,2.137705,1.005603,0.997699,1.007330
sweep,short,ldc2,1,17,repeated-source,vector16store,6,63.550,0.653,0.997890,0.995374,1.006144,2.131148,1.892050,2.140164,1.000000,1.000000,1.000000
sweep,short,ldc2,1,17,repeated-source,cpp-approved-execution,6,29.785,12.377,2.129098,1.883297,2.136066,1.000000,1.000000,1.000000,2.131148,1.892050,2.140164
sweep,short,ldc2,1,17,universal,original,6,81.580,1.556,1.000000,1.000000,1.000000,4.396711,4.368906,4.431579,1.002269,0.993143,1.048204
sweep,short,ldc2,1,17,universal,selected64,6,81.360,4.081,1.002836,0.972627,1.010241,4.387747,4.339474,4.518421,1.004066,0.974876,1.044876
sweep,short,ldc2,1,17,universal,vector16store,6,81.604,5.086,0.997752,0.954013,1.006905,4.400919,4.388669,4.606579,1.000000,1.000000,1.000000
sweep,short,ldc2,1,17,universal,cpp-approved-execution,6,18.555,0.132,4.396711,4.368906,4.431579,1.000000,1.000000,1.000000,4.400919,4.388669,4.606579
sweep,short,ldc2,1,128,contiguous,original,6,178.638,1.039,1.000000,1.000000,1.000000,15.339642,15.284519,15.443515,1.005591,0.997263,1.038201
sweep,short,ldc2,1,128,contiguous,selected64,6,173.535,0.619,1.030666,1.028058,1.037089,14.888884,14.828452,14.916318,1.036009,1.027935,1.076707
sweep,short,ldc2,1,128,contiguous,vector16store,6,179.883,5.130,0.994443,0.963205,1.002745,15.438056,15.242678,16.033473,1.000000,1.000000,1.000000
sweep,short,ldc2,1,128,contiguous,cpp-approved-execution,6,11.670,0.418,15.339642,15.284519,15.443515,1.000000,1.000000,1.000000,15.438056,15.242678,16.033473
sweep,short,ldc2,1,128,negative-both,original,6,202.954,3.176,1.000000,1.000000,1.000000,0.925165,0.905970,0.959087,1.022734,0.975725,1.030464
sweep,short,ldc2,1,128,negative-both,selected64,6,205.396,3.019,0.994659,0.973449,1.031167,0.923370,0.909470,0.964286,1.012623,0.970464,1.028509
sweep,short,ldc2,1,128,negative-both,vector16store,6,207.861,2.889,0.977775,0.970436,1.024879,0.935850,0.930899,0.956453,1.000000,1.000000,1.000000
sweep,short,ldc2,1,128,negative-both,cpp-approved-execution,6,221.924,3.278,0.925165,0.905970,0.959087,1.000000,1.000000,1.000000,0.935850,0.930899,0.956453
sweep,short,ldc2,1,128,negative-source,original,6,202.563,9.666,1.000000,1.000000,1.000000,0.935300,0.910628,1.000880,1.024819,0.913149,1.036894
sweep,short,ldc2,1,128,negative-source,selected64,6,206.689,4.134,0.989316,0.966007,1.071631,0.935163,0.906690,0.970621,1.000230,0.978558,1.043689
sweep,short,ldc2,1,128,negative-source,vector16store,6,207.642,3.457,0.975808,0.964419,1.095112,0.940875,0.913952,0.967458,1.000000,1.000000,1.000000
sweep,short,ldc2,1,128,negative-source,cpp-approved-execution,6,219.482,2.892,0.935300,0.910628,1.000880,1.000000,1.000000,1.000000,0.940875,0.913952,0.967458
sweep,short,ldc2,1,128,padded,original,6,202.710,3.107,1.000000,1.000000,1.000000,0.933300,0.910090,0.941004,1.009907,0.992313,1.031938
sweep,short,ldc2,1,128,padded,selected64,6,205.225,6.448,0.992057,0.940828,1.031469,0.933094,0.904137,0.992770,1.014338,0.967683,1.025660
sweep,short,ldc2,1,128,padded,vector16store,6,207.251,3.157,0.990290,0.969050,1.007746,0.931249,0.927336,0.963842,1.000000,1.000000,1.000000
sweep,short,ldc2,1,128,padded,cpp-approved-execution,6,219.116,3.655,0.933300,0.910090,0.941004,1.000000,1.000000,1.000000,0.931249,0.927336,0.963842
sweep,short,ldc2,1,128,repeated-source,original,6,203.979,3.232,1.000000,1.000000,1.000000,0.930109,0.914575,0.954504,0.986278,0.965224,1.026393
sweep,short,ldc2,1,128,repeated-source,selected64,6,204.492,4.155,0.997775,0.975214,1.036029,0.936517,0.895719,0.952424,0.988876,0.966746,1.031941
sweep,short,ldc2,1,128,repeated-source,vector16store,6,200.464,3.166,1.013957,0.974286,1.036029,0.925286,0.895719,0.949153,1.000000,1.000000,1.000000
sweep,short,ldc2,1,128,repeated-source,cpp-approved-execution,6,217.261,3.079,0.930109,0.914575,0.954504,1.000000,1.000000,1.000000,0.925286,0.895719,0.949153
sweep,short,ldc2,1,128,universal,original,6,324.878,15.451,1.000000,1.000000,1.000000,2.337464,2.250590,2.592052,1.007261,0.994164,1.052001
sweep,short,ldc2,1,128,universal,selected64,6,325.659,15.863,0.993249,0.981797,1.007386,2.348416,2.243508,2.612772,0.998585,0.991680,1.055322
sweep,short,ldc2,1,128,universal,vector16store,6,327.051,14.691,0.992802,0.950570,1.005870,2.358048,2.334505,2.591033,1.000000,1.000000,1.000000
sweep,short,ldc2,1,128,universal,cpp-approved-execution,6,138.965,4.779,2.337464,2.250590,2.592052,1.000000,1.000000,1.000000,2.358048,2.334505,2.591033
sweep,short,ldc2,7,1,contiguous,original,6,21.228,0.805,1.000000,1.000000,1.000000,4.347500,4.325000,4.360000,1.004031,0.996560,1.008055
sweep,short,ldc2,7,1,contiguous,selected64,6,21.252,0.345,0.998278,0.994253,1.001151,4.352500,4.345000,4.360000,1.000575,0.996560,1.005741
sweep,short,ldc2,7,1,contiguous,vector16store,6,21.240,0.805,0.995986,0.992009,1.003452,4.350000,4.345000,4.380000,1.000000,1.000000,1.000000
sweep,short,ldc2,7,1,contiguous,cpp-approved-execution,6,4.883,0.000,4.347500,4.325000,4.360000,1.000000,1.000000,1.000000,4.350000,4.345000,4.380000
sweep,short,ldc2,7,1,negative-both,original,6,21.240,0.805,1.000000,1.000000,1.000000,4.027778,4.004630,4.037037,1.001151,0.997706,1.012717
sweep,short,ldc2,7,1,negative-both,selected64,6,21.301,0.917,0.994275,0.989703,1.001149,4.039352,4.027778,4.064815,1.000000,0.990888,1.002288
sweep,short,ldc2,7,1,negative-both,vector16store,6,21.265,0.689,0.998852,0.987443,1.002299,4.032407,4.027778,4.055556,1.000000,1.000000,1.000000
sweep,short,ldc2,7,1,negative-both,cpp-approved-execution,6,5.273,0.000,4.027778,4.004630,4.037037,1.000000,1.000000,1.000000,4.032407,4.027778,4.055556
sweep,short,ldc2,7,1,negative-source,original,6,21.228,2.645,1.000000,1.000000,1.000000,4.025463,4.018519,4.125000,1.004030,0.998849,1.008979
sweep,short,ldc2,7,1,negative-source,selected64,6,21.301,3.668,0.994856,0.987805,1.000000,4.039352,4.027778,4.175926,0.998337,0.993158,1.002299
sweep,short,ldc2,7,1,negative-source,vector16store,6,21.301,3.553,0.995990,0.991101,1.001152,4.039352,4.018519,4.162037,1.000000,1.000000,1.000000
sweep,short,ldc2,7,1,negative-source,cpp-approved-execution,6,5.273,0.000,4.025463,4.018519,4.125000,1.000000,1.000000,1.000000,4.039352,4.018519,4.162037
sweep,short,ldc2,7,1,padded,original,6,21.179,2.075,1.000000,1.000000,1.000000,4.016204,4.004630,4.087963,1.003460,0.998867,1.008055
sweep,short,ldc2,7,1,padded,selected64,6,21.265,0.689,0.995411,0.993111,1.006842,4.032407,4.032407,4.060185,0.999426,0.996560,1.005741
sweep,short,ldc2,7,1,padded,vector16store,6,21.252,1.493,0.996552,0.992009,1.001134,4.030093,4.023148,4.083333,1.000000,1.000000,1.000000
sweep,short,ldc2,7,1,padded,cpp-approved-execution,6,5.273,0.000,4.016204,4.004630,4.087963,1.000000,1.000000,1.000000,4.030093,4.023148,4.083333
sweep,short,ldc2,7,1,repeated-source,original,6,21.191,19.355,1.000000,1.000000,1.000000,4.018519,4.004630,4.782407,1.002880,0.965150,1.006936
sweep,short,ldc2,7,1,repeated-source,selected64,6,21.277,16.179,0.995984,0.994266,1.022772,4.034722,4.023148,4.675926,0.999427,0.987129,1.002301
sweep,short,ldc2,7,1,repeated-source,vector16store,6,21.277,14.573,0.997128,0.993111,1.036108,4.034722,4.027778,4.615741,1.000000,1.000000,1.000000
sweep,short,ldc2,7,1,repeated-source,cpp-approved-execution,6,5.273,0.000,4.018519,4.004630,4.782407,1.000000,1.000000,1.000000,4.034722,4.027778,4.615741
sweep,short,ldc2,7,1,universal,original,6,59.045,1.282,1.000000,1.000000,1.000000,9.911885,9.831967,9.959016,1.004987,1.002058,1.064610
sweep,short,ldc2,7,1,universal,selected64,6,59.082,2.066,0.997713,0.990624,0.999587,9.918033,9.848361,10.053279,1.003528,0.992662,1.061513
sweep,short,ldc2,7,1,universal,vector16store,6,59.363,5.758,0.995040,0.939311,0.997947,9.965164,9.893443,10.467213,1.000000,1.000000,1.000000
sweep,short,ldc2,7,1,universal,cpp-approved-execution,6,5.957,0.000,9.911885,9.831967,9.959016,1.000000,1.000000,1.000000,9.965164,9.893443,10.467213
sweep,short,ldc2,7,17,contiguous,original,6,72.252,1.886,1.000000,1.000000,1.000000,5.561944,5.520979,5.625874,0.994332,0.980112,1.002533
sweep,short,ldc2,7,17,contiguous,selected64,6,71.889,8.275,1.005998,0.923392,1.018999,5.525304,5.520979,5.979021,0.998734,0.925731,1.002522
sweep,short,ldc2,7,17,contiguous,vector16store,6,71.730,0.823,1.005700,0.997473,1.020292,5.522727,5.513986,5.540070,1.000000,1.000000,1.000000
sweep,short,ldc2,7,17,contiguous,cpp-approved-execution,6,12.988,0.350,5.561944,5.520979,5.625874,1.000000,1.000000,1.000000,5.522727,5.513986,5.540070
sweep,short,ldc2,7,17,negative-both,original,6,102.997,4.409,1.000000,1.000000,1.000000,1.936752,1.923664,2.018803,1.002431,0.956816,1.011484
sweep,short,ldc2,7,17,negative-both,selected64,6,102.997,0.750,0.999780,0.995165,1.046058,1.936325,1.925360,1.944444,1.001767,0.999117,1.011894
sweep,short,ldc2,7,17,negative-both,vector16store,6,103.111,1.630,0.997579,0.988646,1.045133,1.938034,1.924512,1.963248,1.000000,1.000000,1.000000
sweep,short,ldc2,7,17,negative-both,cpp-approved-execution,6,53.134,0.769,1.936752,1.923664,2.018803,1.000000,1.000000,1.000000,1.938034,1.924512,1.963248
sweep,short,ldc2,7,17,negative-source,original,6,102.884,7.945,1.000000,1.000000,1.000000,1.926496,1.865574,2.077778,0.998251,0.933772,1.059529
sweep,short,ldc2,7,17,negative-source,selected64,6,102.361,0.355,1.004656,0.997786,1.079006,1.924786,1.848361,1.931565,1.003996,1.001774,1.059529
sweep,short,ldc2,7,17,negative-source,vector16store,6,102.793,5.567,1.001765,0.943816,1.070925,1.933306,1.855738,2.038462,1.000000,1.000000,1.000000
sweep,short,ldc2,7,17,negative-source,cpp-approved-execution,6,53.134,4.359,1.926496,1.865574,2.077778,1.000000,1.000000,1.000000,1.933306,1.855738,2.038462
sweep,short,ldc2,7,17,padded,original,6,101.680,0.179,1.000000,1.000000,1.000000,1.913322,1.912041,1.916239,1.005356,1.002680,1.117962
sweep,short,ldc2,7,17,padded,selected64,6,101.998,0.223,0.997107,0.995554,0.999109,1.918873,1.917949,1.920581,1.002896,0.998221,1.113485
sweep,short,ldc2,7,17,padded,vector16store,6,102.293,11.410,0.994673,0.894484,0.997327,1.923932,1.917165,2.138462,1.000000,1.000000,1.000000
sweep,short,ldc2,7,17,padded,cpp-approved-execution,6,53.134,0.171,1.913322,1.912041,1.916239,1.000000,1.000000,1.000000,1.923932,1.917165,2.138462
sweep,short,ldc2,7,17,repeated-source,original,6,100.931,6.929,1.000000,1.000000,1.000000,1.896581,1.893888,2.025641,1.001351,0.939662,1.004962
sweep,short,ldc2,7,17,repeated-source,selected64,6,100.886,0.855,0.999324,0.996872,1.065169,1.898291,1.896581,1.901709,1.000674,0.998660,1.004056
sweep,short,ldc2,7,17,repeated-source,vector16store,6,101.135,0.718,0.998650,0.995063,1.064212,1.900897,1.896581,1.904274,1.000000,1.000000,1.000000
sweep,short,ldc2,7,17,repeated-source,cpp-approved-execution,6,53.134,0.684,1.896581,1.893888,2.025641,1.000000,1.000000,1.000000,1.900897,1.896581,1.904274
sweep,short,ldc2,7,17,universal,original,6,310.967,3.096,1.000000,1.000000,1.000000,4.209551,3.873954,4.233662,1.003145,0.998835,1.024354
sweep,short,ldc2,7,17,universal,selected64,6,311.172,2.218,0.997771,0.983928,1.002628,4.213933,3.889013,4.252002,1.002631,0.993189,1.009752
sweep,short,ldc2,7,17,universal,vector16store,6,311.876,2.985,0.996865,0.976225,1.001166,4.223586,3.926938,4.239211,1.000000,1.000000,1.000000
sweep,short,ldc2,7,17,universal,cpp-approved-execution,6,73.683,10.539,4.209551,3.873954,4.233662,1.000000,1.000000,1.000000,4.223586,3.926938,4.239211
sweep,short,ldc2,7,128,contiguous,original,6,415.068,1.155,1.000000,1.000000,1.000000,6.029851,5.975124,6.075000,0.992966,0.987654,0.998353
sweep,short,ldc2,7,128,contiguous,selected64,6,411.815,0.582,1.006219,1.000833,1.012500,5.992537,5.970149,6.004975,1.000833,0.989167,1.004149
sweep,short,ldc2,7,128,contiguous,vector16store,6,411.473,2.081,1.007084,1.001650,1.012500,5.992537,5.905473,6.029851,1.000000,1.000000,1.000000
sweep,short,ldc2,7,128,contiguous,cpp-approved-execution,6,68.836,0.498,6.029851,5.975124,6.075000,1.000000,1.000000,1.000000,5.992537,5.905473,6.029851
sweep,short,ldc2,7,128,negative-both,original,6,439.555,0.234,1.000000,1.000000,1.000000,1.137855,1.136525,1.139184,1.004671,1.002338,1.005460
sweep,short,ldc2,7,128,negative-both,selected64,6,440.068,0.778,0.998444,0.995352,1.000781,1.139184,1.135638,1.144504,1.002333,1.000000,1.006245
sweep,short,ldc2,7,128,negative-both,vector16store,6,441.610,0.388,0.995351,0.994569,0.997667,1.143174,1.140071,1.144504,1.000000,1.000000,1.000000
sweep,short,ldc2,7,128,negative-both,cpp-approved-execution,6,386.301,0.000,1.137855,1.136525,1.139184,1.000000,1.000000,1.000000,1.143174,1.140071,1.144504
sweep,short,ldc2,7,128,negative-source,original,6,437.500,0.705,1.000000,1.000000,1.000000,1.131916,1.128319,1.137290,1.003906,0.998442,1.004706
sweep,short,ldc2,7,128,negative-source,selected64,6,437.500,0.313,0.999608,0.998434,1.004695,1.131532,1.130088,1.133865,1.003132,1.000783,1.003909
sweep,short,ldc2,7,128,negative-source,vector16store,6,438.870,0.624,0.996109,0.995316,1.001560,1.135075,1.130973,1.138298,1.000000,1.000000,1.000000
sweep,short,ldc2,7,128,negative-source,cpp-approved-execution,6,386.815,0.177,1.131916,1.128319,1.137290,1.000000,1.000000,1.000000,1.135075,1.130973,1.138298
sweep,short,ldc2,7,128,padded,original,6,438.870,0.936,1.000000,1.000000,1.000000,1.134190,1.130511,1.144376,1.002732,0.999226,1.008587
sweep,short,ldc2,7,128,padded,selected64,6,439.384,0.935,1.000000,0.996885,1.001563,1.136406,1.128748,1.144376,1.001949,0.999226,1.008587
sweep,short,ldc2,7,128,padded,vector16store,6,441.267,0.621,0.997277,0.991486,1.000775,1.139257,1.132275,1.143490,1.000000,1.000000,1.000000
sweep,short,ldc2,7,128,padded,cpp-approved-execution,6,387.329,0.531,1.134190,1.130511,1.144376,1.000000,1.000000,1.000000,1.139257,1.132275,1.143490
sweep,short,ldc2,7,128,repeated-source,original,6,436.301,0.628,1.000000,1.000000,1.000000,1.127547,1.125000,1.131089,1.002357,1.000000,1.003940
sweep,short,ldc2,7,128,repeated-source,selected64,6,435.788,0.236,1.001571,0.996075,1.003931,1.126661,1.125553,1.129433,1.003538,1.000000,1.004713
sweep,short,ldc2,7,128,repeated-source,vector16store,6,437.158,0.392,0.997649,0.996075,1.000000,1.130204,1.129089,1.133865,1.000000,1.000000,1.000000
sweep,short,ldc2,7,128,repeated-source,cpp-approved-execution,6,386.644,0.266,1.127547,1.125000,1.131089,1.000000,1.000000,1.000000,1.130204,1.129089,1.133865
sweep,short,ldc2,7,128,universal,original,6,2053.767,5.703,1.000000,1.000000,1.000000,3.660533,3.466174,3.778050,1.004740,0.979877,1.024227
sweep,short,ldc2,7,128,universal,selected64,6,2063.356,3.137,0.998438,0.982610,1.011324,3.655931,3.474702,3.735745,1.000092,0.990973,1.012107
sweep,short,ldc2,7,128,universal,vector16store,6,2064.555,1.791,0.995291,0.976346,1.020537,3.680163,3.448550,3.725599,1.000000,1.000000,1.000000
sweep,short,ldc2,7,128,universal,cpp-approved-execution,6,558.562,7.971,3.660533,3.466174,3.778050,1.000000,1.000000,1.000000,3.680163,3.448550,3.725599
sweep,short,ldc2,15,1,contiguous,original,6,21.606,8.023,1.000000,1.000000,1.000000,3.470588,3.458824,3.737255,1.015254,1.011325,1.019937
sweep,short,ldc2,15,1,contiguous,selected64,6,21.790,8.291,0.992709,0.987682,0.995490,3.500000,3.478431,3.768627,1.006749,1.004479,1.011446
sweep,short,ldc2,15,1,contiguous,vector16store,6,21.936,8.792,0.984978,0.980453,0.988802,3.523529,3.501961,3.811765,1.000000,1.000000,1.000000
sweep,short,ldc2,15,1,contiguous,cpp-approved-execution,6,6.226,0.000,3.470588,3.458824,3.737255,1.000000,1.000000,1.000000,3.523529,3.501961,3.811765
sweep,short,ldc2,15,1,negative-both,original,6,24.377,4.106,1.000000,1.000000,1.000000,3.753759,3.740602,3.894737,1.013469,0.987452,1.016080
sweep,short,ldc2,15,1,negative-both,selected64,6,24.731,0.888,0.985686,0.983202,1.014691,3.808271,3.804511,3.838346,0.999012,0.997038,1.006910
sweep,short,ldc2,15,1,negative-both,vector16store,6,24.695,1.285,0.986710,0.984174,1.012708,3.802632,3.796992,3.845865,1.000000,1.000000,1.000000
sweep,short,ldc2,15,1,negative-both,cpp-approved-execution,6,6.494,0.000,3.753759,3.740602,3.894737,1.000000,1.000000,1.000000,3.802632,3.796992,3.845865
sweep,short,ldc2,15,1,negative-source,original,6,24.316,1.506,1.000000,1.000000,1.000000,3.744361,3.733083,3.789474,1.015563,1.011905,1.018127
sweep,short,ldc2,15,1,negative-source,selected64,6,24.756,1.578,0.982361,0.981225,0.985251,3.812030,3.796992,3.857143,0.998028,0.994152,1.000990
sweep,short,ldc2,15,1,negative-source,vector16store,6,24.695,0.989,0.984676,0.982196,0.988235,3.802632,3.796992,3.834586,1.000000,1.000000,1.000000
sweep,short,ldc2,15,1,negative-source,cpp-approved-execution,6,6.494,0.000,3.744361,3.733083,3.789474,1.000000,1.000000,1.000000,3.802632,3.796992,3.834586
sweep,short,ldc2,15,1,padded,original,6,21.594,0.565,1.000000,1.000000,1.000000,3.325188,3.315789,3.334586,1.015846,1.011274,1.019253
sweep,short,ldc2,15,1,padded,selected64,6,21.729,0.337,0.993255,0.992135,0.998874,3.345865,3.338346,3.349624,1.008999,1.008979,1.011236
sweep,short,ldc2,15,1,padded,vector16store,6,21.936,0.445,0.984401,0.981111,0.988852,3.377820,3.368421,3.383459,1.000000,1.000000,1.000000
sweep,short,ldc2,15,1,padded,cpp-approved-execution,6,6.494,0.000,3.325188,3.315789,3.334586,1.000000,1.000000,1.000000,3.377820,3.368421,3.383459
sweep,short,ldc2,15,1,repeated-source,original,6,21.570,0.792,1.000000,1.000000,1.000000,3.320222,3.319549,3.330827,1.016421,1.012443,1.018120
sweep,short,ldc2,15,1,repeated-source,selected64,6,21.753,0.898,0.992724,0.989910,0.993258,3.346440,3.342105,3.357143,1.007863,1.005574,1.011249
sweep,short,ldc2,15,1,repeated-source,vector16store,6,21.936,0.779,0.983844,0.982202,0.987709,3.374060,3.364662,3.390977,1.000000,1.000000,1.000000
sweep,short,ldc2,15,1,repeated-source,cpp-approved-execution,6,6.494,0.752,3.320222,3.319549,3.330827,1.000000,1.000000,1.000000,3.374060,3.364662,3.390977
sweep,short,ldc2,15,1,universal,original,6,76.343,4.765,1.000000,1.000000,1.000000,7.418770,7.386256,7.739336,0.996314,0.964483,1.041494
sweep,short,ldc2,15,1,universal,selected64,6,76.270,4.449,1.003381,0.961764,1.044452,7.411627,7.355450,7.684834,1.004000,0.959297,1.034231
sweep,short,ldc2,15,1,universal,vector16store,6,76.501,5.010,1.003700,0.960159,1.036825,7.434128,7.360190,7.750594,1.000000,1.000000,1.000000
sweep,short,ldc2,15,1,universal,cpp-approved-execution,6,10.303,0.237,7.418770,7.386256,7.739336,1.000000,1.000000,1.000000,7.434128,7.360190,7.750594
sweep,short,ldc2,15,17,contiguous,original,6,77.481,4.018,1.000000,1.000000,1.000000,3.330544,3.322176,3.456067,1.007538,0.997579,1.011222
sweep,short,ldc2,15,17,contiguous,selected64,6,77.578,5.266,0.998118,0.988038,1.002519,3.336820,3.322176,3.497908,1.006270,0.985646,1.010076
sweep,short,ldc2,15,17,contiguous,vector16store,6,78.064,2.866,0.992519,0.988903,1.002427,3.357741,3.351464,3.447699,1.000000,1.000000,1.000000
sweep,short,ldc2,15,17,contiguous,cpp-approved-execution,6,23.249,0.837,3.330544,3.322176,3.456067,1.000000,1.000000,1.000000,3.357741,3.351464,3.447699
sweep,short,ldc2,15,17,negative-both,original,6,155.107,0.439,1.000000,1.000000,1.000000,2.122503,2.118351,2.127830,0.998746,0.997497,1.067127
sweep,short,ldc2,15,17,negative-both,selected64,6,154.912,0.251,1.000942,0.998747,1.005025,2.119761,2.114210,2.125166,1.000314,0.998745,1.065789
sweep,short,ldc2,15,17,negative-both,vector16store,6,154.961,6.905,1.001256,0.937096,1.002509,2.120506,2.117021,2.264980,1.000000,1.000000,1.000000
sweep,short,ldc2,15,17,negative-both,cpp-approved-execution,6,73.103,0.266,2.122503,2.118351,2.127830,1.000000,1.000000,1.000000,2.120506,2.117021,2.264980
sweep,short,ldc2,15,17,negative-source,original,6,155.253,0.627,1.000000,1.000000,1.000000,2.123753,2.118351,2.131649,0.996553,0.990643,0.999373
sweep,short,ldc2,15,17,negative-source,selected64,6,155.156,8.401,1.000627,0.924550,1.008811,2.122422,2.113032,2.291223,0.997180,0.921068,1.001887
sweep,short,ldc2,15,17,negative-source,vector16store,6,154.718,0.440,1.003459,1.000628,1.009446,2.116356,2.110372,2.121172,1.000000,1.000000,1.000000
sweep,short,ldc2,15,17,negative-source,cpp-approved-execution,6,73.152,0.133,2.123753,2.118351,2.131649,1.000000,1.000000,1.000000,2.116356,2.110372,2.121172
sweep,short,ldc2,15,17,padded,original,6,112.792,0.862,1.000000,1.000000,1.000000,1.543941,1.540613,1.553928,0.997844,0.995716,1.000859
sweep,short,ldc2,15,17,padded,selected64,6,112.938,0.947,0.998708,0.994022,1.000858,1.545939,1.542553,1.557181,0.996553,0.994876,0.996569
sweep,short,ldc2,15,17,padded,vector16store,6,112.549,0.778,1.002161,0.999142,1.004303,1.540613,1.537234,1.549202,1.000000,1.000000,1.000000
sweep,short,ldc2,15,17,padded,cpp-approved-execution,6,73.054,0.133,1.543941,1.540613,1.553928,1.000000,1.000000,1.000000,1.540613,1.537234,1.549202
sweep,short,ldc2,15,17,repeated-source,original,6,112.062,5.295,1.000000,1.000000,1.000000,1.529255,1.182004,1.530504,0.999132,0.994810,1.000826
sweep,short,ldc2,15,17,repeated-source,selected64,6,112.160,6.158,0.999567,0.992617,1.001733,1.529920,1.179959,1.541087,0.996969,0.993437,1.000871
sweep,short,ldc2,15,17,repeated-source,vector16store,6,111.819,5.394,1.000869,0.999174,1.005217,1.527926,1.175869,1.530973,1.000000,1.000000,1.000000
sweep,short,ldc2,15,17,repeated-source,cpp-approved-execution,6,73.249,30.013,1.529255,1.182004,1.530504,1.000000,1.000000,1.000000,1.527926,1.175869,1.530973
sweep,short,ldc2,15,17,universal,original,6,618.045,1.464,1.000000,1.000000,1.000000,4.185441,4.171937,4.233202,1.006299,0.997977,1.013718
sweep,short,ldc2,15,17,universal,selected64,6,618.434,2.155,0.999527,0.979582,1.012287,4.188076,4.168643,4.258893,1.005824,0.987316,1.015961
sweep,short,ldc2,15,17,universal,vector16store,6,622.033,0.844,0.993740,0.986468,1.002027,4.212451,4.199605,4.235178,1.000000,1.000000,1.000000
sweep,short,ldc2,15,17,universal,cpp-approved-execution,6,147.665,0.000,4.185441,4.171937,4.233202,1.000000,1.000000,1.000000,4.212451,4.199605,4.235178
sweep,short,ldc2,15,128,contiguous,original,6,472.794,2.799,1.000000,1.000000,1.000000,3.126533,3.116505,3.188406,0.997671,0.996890,1.000000
sweep,short,ldc2,15,128,contiguous,selected64,6,473.162,2.953,1.000000,0.996894,1.001558,3.131411,3.116505,3.193237,0.997671,0.995342,0.998487
sweep,short,ldc2,15,128,contiguous,vector16store,6,471.324,2.964,1.002335,1.000000,1.003120,3.119240,3.111650,3.188406,1.000000,1.000000,1.000000
sweep,short,ldc2,15,128,contiguous,cpp-approved-execution,6,151.471,0.971,3.126533,3.116505,3.188406,1.000000,1.000000,1.000000,3.119240,3.111650,3.188406
sweep,short,ldc2,15,128,negative-both,original,6,833.824,11.111,1.000000,1.000000,1.000000,1.547091,1.506106,1.695473,0.997333,0.900485,1.000000
sweep,short,ldc2,15,128,negative-both,selected64,6,822.059,2.326,1.002220,0.999100,1.112511,1.524005,1.507463,1.544582,1.000900,0.994667,1.004440
sweep,short,ldc2,15,128,negative-both,vector16store,6,821.324,2.417,1.002681,1.000000,1.110512,1.528121,1.506106,1.551440,1.000000,1.000000,1.000000
sweep,short,ldc2,15,128,negative-both,cpp-approved-execution,6,538.971,1.774,1.547091,1.506106,1.695473,1.000000,1.000000,1.000000,1.528121,1.506106,1.551440
sweep,short,ldc2,15,128,negative-source,original,6,821.691,1.790,1.000000,1.000000,1.000000,1.525377,1.510176,1.550685,1.000000,0.996435,1.002660
sweep,short,ldc2,15,128,negative-source,selected64,6,820.956,1.791,1.000894,0.998205,1.002681,1.526063,1.507463,1.549315,0.999995,0.999100,1.003549
sweep,short,ldc2,15,128,negative-source,vector16store,6,820.221,1.972,1.000000,0.997347,1.003578,1.526063,1.506106,1.550685,1.000000,1.000000,1.000000
sweep,short,ldc2,15,128,negative-source,cpp-approved-execution,6,539.338,1.227,1.525377,1.510176,1.550685,1.000000,1.000000,1.000000,1.526063,1.506106,1.550685
sweep,short,ldc2,15,128,padded,original,6,537.500,2.599,1.000000,1.000000,1.000000,0.995885,0.990515,1.020548,0.998632,0.991946,1.001377
sweep,short,ldc2,15,128,padded,selected64,6,540.074,2.178,0.992509,0.990553,1.001370,1.003429,0.990502,1.021918,0.991888,0.987854,1.000000
sweep,short,ldc2,15,128,padded,vector16store,6,536.765,1.781,1.001370,0.998624,1.008119,0.995225,0.989160,1.012329,1.000000,1.000000,1.000000
sweep,short,ldc2,15,128,padded,cpp-approved-execution,6,538.971,1.228,0.995885,0.990515,1.020548,1.000000,1.000000,1.000000,0.995225,0.989160,1.012329
sweep,short,ldc2,15,128,repeated-source,original,6,534.559,0.550,1.000000,1.000000,1.000000,0.989796,0.983696,0.998628,1.000000,0.994505,1.005525
sweep,short,ldc2,15,128,repeated-source,selected64,6,535.662,0.137,0.997941,0.993141,1.000000,0.993879,0.987788,1.000000,0.996567,0.993141,1.000000
sweep,short,ldc2,15,128,repeated-source,vector16store,6,533.824,0.551,1.000000,0.994505,1.005525,0.991136,0.982361,0.998628,1.000000,1.000000,1.000000
sweep,short,ldc2,15,128,repeated-source,cpp-approved-execution,6,538.603,1.229,0.989796,0.983696,0.998628,1.000000,1.000000,1.000000,0.991136,0.982361,0.998628
sweep,short,ldc2,15,128,universal,original,6,4398.529,3.728,1.000000,1.000000,1.000000,3.912362,3.886497,4.047806,0.998829,0.995955,1.029037
sweep,short,ldc2,15,128,universal,selected64,6,4501.471,5.439,0.988541,0.946015,1.008649,4.005242,3.914042,4.108284,0.985310,0.967417,1.004569
sweep,short,ldc2,15,128,universal,vector16store,6,4425.735,3.323,1.001174,0.971783,1.004061,3.944273,3.897906,4.031434,1.000000,1.000000,1.000000
sweep,short,ldc2,15,128,universal,cpp-approved-execution,6,1123.529,0.589,3.912362,3.886497,4.047806,1.000000,1.000000,1.000000,3.944273,3.897906,4.031434
sweep,short,ldc2,16,1,contiguous,original,6,19.714,2.353,1.000000,1.000000,1.000000,5.209677,5.187097,5.309677,1.021711,1.018226,1.023486
sweep,short,ldc2,16,1,contiguous,selected64,6,19.763,2.224,0.998765,0.996296,1.001217,5.222581,5.187097,5.303226,1.019609,1.017284,1.023486
sweep,short,ldc2,16,1,contiguous,vector16store,6,20.142,2.061,0.978751,0.977053,0.982100,5.322581,5.296774,5.406452,1.000000,1.000000,1.000000
sweep,short,ldc2,16,1,contiguous,cpp-approved-execution,6,3.784,0.000,5.209677,5.187097,5.309677,1.000000,1.000000,1.000000,5.322581,5.296774,5.406452
sweep,short,ldc2,16,1,negative-both,original,6,24.585,1.291,1.000000,1.000000,1.000000,6.066265,6.012048,6.090361,1.012394,1.009940,1.023046
sweep,short,ldc2,16,1,negative-both,selected64,6,24.780,0.197,0.991630,0.983251,0.997041,6.114458,6.108434,6.120482,1.004926,1.000000,1.007890
sweep,short,ldc2,16,1,negative-both,vector16store,6,24.902,0.686,0.987760,0.977473,0.990157,6.144578,6.120482,6.162651,1.000000,1.000000,1.000000
sweep,short,ldc2,16,1,negative-both,cpp-approved-execution,6,4.053,0.000,6.066265,6.012048,6.090361,1.000000,1.000000,1.000000,6.144578,6.120482,6.162651
sweep,short,ldc2,16,1,negative-source,original,6,24.585,2.284,1.000000,1.000000,1.000000,6.066265,6.054217,6.192771,1.012890,0.996109,1.014925
sweep,short,ldc2,16,1,negative-source,selected64,6,24.817,0.492,0.990646,0.990157,1.011811,6.123494,6.108434,6.138554,1.004423,1.000000,1.007874
sweep,short,ldc2,16,1,negative-source,vector16store,6,24.915,0.686,0.987274,0.985294,1.003906,6.147590,6.126506,6.168675,1.000000,1.000000,1.000000
sweep,short,ldc2,16,1,negative-source,cpp-approved-execution,6,4.053,0.000,6.066265,6.054217,6.192771,1.000000,1.000000,1.000000,6.147590,6.126506,6.168675
sweep,short,ldc2,16,1,padded,original,6,19.763,0.618,1.000000,1.000000,1.000000,4.876506,4.861446,4.891566,1.020407,1.013597,1.023457
sweep,short,ldc2,16,1,padded,selected64,6,19.751,0.618,0.999383,0.998764,1.004963,4.873494,4.855422,4.885542,1.020420,1.012346,1.026055
sweep,short,ldc2,16,1,padded,vector16store,6,20.154,1.090,0.980001,0.977081,0.986585,4.972892,4.939759,4.993976,1.000000,1.000000,1.000000
sweep,short,ldc2,16,1,padded,cpp-approved-execution,6,4.053,0.000,4.876506,4.861446,4.891566,1.000000,1.000000,1.000000,4.972892,4.939759,4.993976
sweep,short,ldc2,16,1,repeated-source,original,6,19.739,0.495,1.000000,1.000000,1.000000,4.870482,4.861446,4.885542,1.022910,1.019778,1.024661
sweep,short,ldc2,16,1,repeated-source,selected64,6,19.775,0.617,0.998767,0.996296,1.001239,4.879518,4.861446,4.891566,1.021632,1.018519,1.024783
sweep,short,ldc2,16,1,repeated-source,vector16store,6,20.178,0.726,0.977604,0.975933,0.980606,4.978916,4.969880,5.006024,1.000000,1.000000,1.000000
sweep,short,ldc2,16,1,repeated-source,cpp-approved-execution,6,4.053,0.000,4.870482,4.861446,4.885542,1.000000,1.000000,1.000000,4.978916,4.969880,5.006024
sweep,short,ldc2,16,1,universal,original,6,78.589,5.126,1.000000,1.000000,1.000000,7.250000,7.213964,7.585586,1.000943,0.962292,1.037706
sweep,short,ldc2,16,1,universal,selected64,6,78.784,3.564,1.001396,0.967381,1.040148,7.268018,7.198198,7.457207,1.000929,0.970402,1.034804
sweep,short,ldc2,16,1,universal,vector16store,6,78.894,3.621,0.999063,0.963664,1.039185,7.278153,7.236486,7.500000,1.000000,1.000000,1.000000
sweep,short,ldc2,16,1,universal,cpp-approved-execution,6,10.840,0.000,7.250000,7.213964,7.585586,1.000000,1.000000,1.000000,7.278153,7.236486,7.500000
sweep,short,ldc2,16,17,contiguous,original,6,47.040,3.753,1.000000,1.000000,1.000000,2.146919,2.137441,2.218009,1.000007,0.985043,1.013245
sweep,short,ldc2,16,17,contiguous,selected64,6,47.300,3.074,0.996689,0.980519,1.002141,2.158768,2.146919,2.213270,0.995649,0.987152,1.000000
sweep,short,ldc2,16,17,contiguous,vector16store,6,47.092,1.985,0.999998,0.986928,1.015184,2.149289,2.142180,2.184834,1.000000,1.000000,1.000000
sweep,short,ldc2,16,17,contiguous,cpp-approved-execution,6,21.911,0.000,2.146919,2.137441,2.218009,1.000000,1.000000,1.000000,2.149289,2.142180,2.184834
sweep,short,ldc2,16,17,negative-both,original,6,161.163,0.580,1.000000,1.000000,1.000000,5.006452,5.000000,5.029032,1.000646,0.999356,1.003871
sweep,short,ldc2,16,17,negative-both,selected64,6,160.955,0.710,1.001287,0.994227,1.004519,5.000000,4.993548,5.029032,1.001937,0.998076,1.004496
sweep,short,ldc2,16,17,negative-both,vector16store,6,161.371,0.837,0.999356,0.996144,1.000645,5.012903,5.003226,5.045161,1.000000,1.000000,1.000000
sweep,short,ldc2,16,17,negative-both,cpp-approved-execution,6,32.191,0.000,5.006452,5.000000,5.029032,1.000000,1.000000,1.000000,5.012903,5.003226,5.045161
sweep,short,ldc2,16,17,negative-source,original,6,161.890,0.577,1.000000,1.000000,1.000000,5.027419,5.012862,5.054839,1.001925,0.993618,1.010263
sweep,short,ldc2,16,17,negative-source,selected64,6,161.942,0.577,0.999679,0.998718,1.007717,5.029032,5.012862,5.045161,1.001925,0.998082,1.010263
sweep,short,ldc2,16,17,negative-source,vector16store,6,162.253,1.152,0.998081,0.989841,1.006423,5.040323,5.022581,5.064309,1.000000,1.000000,1.000000
sweep,short,ldc2,16,17,negative-source,cpp-approved-execution,6,32.191,0.323,5.027419,5.012862,5.054839,1.000000,1.000000,1.000000,5.040323,5.022581,5.064309
sweep,short,ldc2,16,17,padded,original,6,77.207,1.076,1.000000,1.000000,1.000000,2.398387,2.387097,2.412903,1.004011,0.994638,1.005405
sweep,short,ldc2,16,17,padded,selected64,6,77.207,1.614,0.998652,0.994631,1.008108,2.398387,2.383871,2.422581,1.001351,1.000000,1.006766
sweep,short,ldc2,16,17,padded,vector16store,6,77.310,1.209,0.996005,0.994624,1.005391,2.401613,2.393548,2.422581,1.000000,1.000000,1.000000
sweep,short,ldc2,16,17,padded,cpp-approved-execution,6,32.191,0.000,2.398387,2.387097,2.412903,1.000000,1.000000,1.000000,2.401613,2.393548,2.422581
sweep,short,ldc2,16,17,repeated-source,original,6,75.961,0.957,1.000000,1.000000,1.000000,2.359677,2.348387,2.370968,1.000683,0.998632,1.006868
sweep,short,ldc2,16,17,repeated-source,selected64,6,75.909,1.094,1.000000,0.995896,1.001370,2.358065,2.354839,2.380645,1.000684,0.995935,1.002736
sweep,short,ldc2,16,17,repeated-source,vector16store,6,76.064,0.683,0.999318,0.993179,1.001370,2.362903,2.354839,2.370968,1.000000,1.000000,1.000000
sweep,short,ldc2,16,17,repeated-source,cpp-approved-execution,6,32.191,0.000,2.359677,2.348387,2.370968,1.000000,1.000000,1.000000,2.362903,2.354839,2.370968
sweep,short,ldc2,16,17,universal,original,6,654.206,20.556,1.000000,1.000000,1.000000,4.157046,4.068602,4.922823,1.007922,0.997305,1.025454
sweep,short,ldc2,16,17,universal,selected64,6,654.569,20.259,0.995565,0.980137,1.004451,4.159355,4.149736,4.992084,1.002699,0.995640,1.021273
sweep,short,ldc2,16,17,universal,vector16store,6,657.165,19.673,0.992143,0.975178,1.002703,4.174472,4.151815,4.970317,1.000000,1.000000,1.000000
sweep,short,ldc2,16,17,universal,cpp-approved-execution,6,157.425,0.066,4.157046,4.068602,4.922823,1.000000,1.000000,1.000000,4.174472,4.151815,4.970317
sweep,short,ldc2,16,128,contiguous,original,6,250.000,2.500,1.000000,1.000000,1.000000,1.507075,1.502347,1.523585,1.003130,1.003096,1.009174
sweep,short,ldc2,16,128,contiguous,selected64,6,250.391,2.808,1.000000,0.993769,1.003135,1.511792,1.497653,1.525581,1.003130,1.000000,1.006270
sweep,short,ldc2,16,128,contiguous,vector16store,6,250.781,3.115,0.996880,0.990909,0.996914,1.514151,1.507042,1.534884,1.000000,1.000000,1.000000
sweep,short,ldc2,16,128,contiguous,cpp-approved-execution,6,165.625,1.415,1.507075,1.502347,1.523585,1.000000,1.000000,1.000000,1.514151,1.507042,1.534884
sweep,short,ldc2,16,128,negative-both,original,6,869.531,1.527,1.000000,1.000000,1.000000,3.751689,3.644737,3.766892,1.000444,1.000000,1.008123
sweep,short,ldc2,16,128,negative-both,selected64,6,869.531,1.438,1.000000,0.999100,1.001794,3.753378,3.644737,3.766892,1.000890,1.000000,1.008123
sweep,short,ldc2,16,128,negative-both,vector16store,6,871.875,1.344,0.999556,0.991943,1.000000,3.753378,3.674342,3.766892,1.000000,1.000000,1.000000
sweep,short,ldc2,16,128,negative-both,cpp-approved-execution,6,231.641,2.698,3.751689,3.644737,3.766892,1.000000,1.000000,1.000000,3.753378,3.674342,3.766892
sweep,short,ldc2,16,128,negative-source,original,6,871.094,1.076,1.000000,1.000000,1.000000,3.777024,3.731544,3.795918,1.000894,1.000000,1.001781
sweep,short,ldc2,16,128,negative-source,selected64,6,870.703,1.256,1.000446,0.998222,1.000900,3.775341,3.728188,3.792517,1.000892,1.000000,1.001800
sweep,short,ldc2,16,128,negative-source,vector16store,6,871.484,1.255,0.999107,0.998222,1.000000,3.778708,3.734899,3.799320,1.000000,1.000000,1.000000
sweep,short,ldc2,16,128,negative-source,cpp-approved-execution,6,231.250,1.351,3.777024,3.731544,3.795918,1.000000,1.000000,1.000000,3.778708,3.734899,3.799320
sweep,short,ldc2,16,128,padded,original,6,275.781,2.266,1.000000,1.000000,1.000000,1.196610,1.181208,1.210169,1.001408,0.997159,1.005682
sweep,short,ldc2,16,128,padded,selected64,6,276.172,2.263,1.000000,0.997167,1.002849,1.196610,1.183051,1.210169,1.001416,0.997183,1.005650
sweep,short,ldc2,16,128,padded,vector16store,6,276.562,2.825,0.998596,0.994350,1.002849,1.194915,1.183051,1.216949,1.000000,1.000000,1.000000
sweep,short,ldc2,16,128,padded,cpp-approved-execution,6,230.469,1.356,1.196610,1.181208,1.210169,1.000000,1.000000,1.000000,1.194915,1.183051,1.216949
sweep,short,ldc2,16,128,repeated-source,original,6,271.094,0.576,1.000000,1.000000,1.000000,1.180272,1.180272,1.187075,1.000000,0.997135,1.000000
sweep,short,ldc2,16,128,repeated-source,selected64,6,271.094,0.576,1.000000,1.000000,1.002890,1.180272,1.176871,1.183673,1.000000,1.000000,1.002890
sweep,short,ldc2,16,128,repeated-source,vector16store,6,271.094,0.288,1.000000,1.000000,1.002874,1.180272,1.180272,1.183673,1.000000,1.000000,1.000000
sweep,short,ldc2,16,128,repeated-source,cpp-approved-execution,6,229.688,0.000,1.180272,1.180272,1.187075,1.000000,1.000000,1.000000,1.180272,1.180272,1.183673
sweep,short,ldc2,16,128,universal,original,6,4706.250,4.731,1.000000,1.000000,1.000000,3.960552,3.916557,4.103811,1.008799,0.999680,1.041408
sweep,short,ldc2,16,128,universal,selected64,6,4787.891,6.951,0.987947,0.955458,1.001849,4.029257,3.909330,4.189225,0.995308,0.969417,1.033439
sweep,short,ldc2,16,128,universal,vector16store,6,4810.938,4.596,0.991310,0.960238,1.000320,4.047317,3.916557,4.102497,1.000000,1.000000,1.000000
sweep,short,ldc2,16,128,universal,cpp-approved-execution,6,1188.672,0.066,3.960552,3.916557,4.103811,1.000000,1.000000,1.000000,4.047317,3.916557,4.102497
sweep,short,ldc2,17,1,contiguous,original,6,20.374,1.558,1.000000,1.000000,1.000000,4.714689,4.706215,4.779661,1.020970,1.009456,1.032413
sweep,short,ldc2,17,1,contiguous,selected64,6,20.483,0.238,0.995232,0.992857,1.007143,4.740113,4.734463,4.745763,1.016090,1.014286,1.026253
sweep,short,ldc2,17,1,contiguous,vector16store,6,20.813,1.056,0.979461,0.968605,0.990632,4.816384,4.807910,4.858757,1.000000,1.000000,1.000000
sweep,short,ldc2,17,1,contiguous,cpp-approved-execution,6,4.321,0.000,4.714689,4.706215,4.779661,1.000000,1.000000,1.000000,4.816384,4.807910,4.858757
sweep,short,ldc2,17,1,negative-both,original,6,25.696,3.610,1.000000,1.000000,1.000000,5.585106,5.531915,5.734043,1.006654,0.999056,1.009615
sweep,short,ldc2,17,1,negative-both,selected64,6,25.671,2.853,1.002341,0.988593,1.008563,5.593085,5.529101,5.712766,1.005645,0.998099,1.014272
sweep,short,ldc2,17,1,negative-both,vector16store,6,25.781,2.936,0.993391,0.990476,1.000945,5.606383,5.576720,5.744681,1.000000,1.000000,1.000000
sweep,short,ldc2,17,1,negative-both,cpp-approved-execution,6,4.590,0.532,5.585106,5.531915,5.734043,1.000000,1.000000,1.000000,5.606383,5.576720,5.744681
sweep,short,ldc2,17,1,negative-source,original,6,25.818,0.757,1.000000,1.000000,1.000000,5.610112,5.571429,5.643617,0.996218,0.990575,1.015195
sweep,short,ldc2,17,1,negative-source,selected64,6,25.793,1.041,1.001893,0.992460,1.005709,5.612729,5.560847,5.648936,1.000953,0.989642,1.007540
sweep,short,ldc2,17,1,negative-source,vector16store,6,25.732,1.708,1.003797,0.985033,1.009515,5.598404,5.571429,5.656085,1.000000,1.000000,1.000000
sweep,short,ldc2,17,1,negative-source,cpp-approved-execution,6,4.602,0.531,5.610112,5.571429,5.643617,1.000000,1.000000,1.000000,5.598404,5.571429,5.656085
sweep,short,ldc2,17,1,padded,original,6,20.911,6.772,1.000000,1.000000,1.000000,4.555851,4.531915,4.814815,1.025746,1.024055,1.050549
sweep,short,ldc2,17,1,padded,selected64,6,21.045,6.613,0.992674,0.989796,0.996508,4.585106,4.569149,4.846561,1.018576,1.013605,1.043668
sweep,short,ldc2,17,1,padded,vector16store,6,21.460,9.329,0.974900,0.951883,0.976510,4.675532,4.648936,5.058201,1.000000,1.000000,1.000000
sweep,short,ldc2,17,1,padded,cpp-approved-execution,6,4.590,0.532,4.555851,4.531915,4.814815,1.000000,1.000000,1.000000,4.675532,4.648936,5.058201
sweep,short,ldc2,17,1,repeated-source,original,6,20.374,1.198,1.000000,1.000000,1.000000,4.438830,4.425532,4.478723,1.022785,1.014252,1.028812
sweep,short,ldc2,17,1,repeated-source,selected64,6,20.520,1.071,0.995230,0.990488,0.996450,4.469492,4.452128,4.500000,1.017294,1.009456,1.020311
sweep,short,ldc2,17,1,repeated-source,vector16store,6,20.850,0.585,0.977724,0.971995,0.985948,4.542553,4.523810,4.558511,1.000000,1.000000,1.000000
sweep,short,ldc2,17,1,repeated-source,cpp-approved-execution,6,4.590,0.532,4.438830,4.425532,4.478723,1.000000,1.000000,1.000000,4.542553,4.523810,4.558511
sweep,short,ldc2,17,1,universal,original,6,81.128,4.364,1.000000,1.000000,1.000000,7.125536,7.087983,7.399142,0.993676,0.959107,1.041780
sweep,short,ldc2,17,1,universal,selected64,6,80.774,3.627,1.003178,0.973021,1.042952,7.099785,7.060086,7.317597,1.000906,0.967155,1.044627
sweep,short,ldc2,17,1,universal,vector16store,6,80.701,4.326,1.006364,0.959895,1.042637,7.093348,7.068522,7.384120,1.000000,1.000000,1.000000
sweep,short,ldc2,17,1,universal,cpp-approved-execution,6,11.377,0.215,7.125536,7.087983,7.399142,1.000000,1.000000,1.000000,7.093348,7.068522,7.384120
sweep,short,ldc2,17,17,contiguous,original,6,56.836,1.358,1.000000,1.000000,1.000000,2.408879,2.397196,2.429907,0.995151,0.986538,1.009728
sweep,short,ldc2,17,17,contiguous,selected64,6,56.781,0.777,1.000004,0.998054,1.009709,2.406542,2.397196,2.417840,0.997085,0.988395,1.007767
sweep,short,ldc2,17,17,contiguous,vector16store,6,56.560,1.559,1.004873,0.990366,1.013645,2.397196,2.387850,2.425234,1.000000,1.000000,1.000000
sweep,short,ldc2,17,17,contiguous,cpp-approved-execution,6,23.594,0.467,2.408879,2.397196,2.429907,1.000000,1.000000,1.000000,2.397196,2.387850,2.425234
sweep,short,ldc2,17,17,negative-both,original,6,166.814,0.132,1.000000,1.000000,1.000000,3.950392,3.947781,3.953003,0.998018,0.997356,1.000661
sweep,short,ldc2,17,17,negative-both,selected64,6,166.703,0.198,1.000661,0.999339,1.002649,3.947781,3.942559,3.950392,0.999339,0.997356,1.001323
sweep,short,ldc2,17,17,negative-both,vector16store,6,166.538,0.331,1.001986,0.999339,1.002651,3.943864,3.939948,3.953003,1.000000,1.000000,1.000000
sweep,short,ldc2,17,17,negative-both,cpp-approved-execution,6,42.227,0.000,3.950392,3.947781,3.953003,1.000000,1.000000,1.000000,3.943864,3.939948,3.953003
sweep,short,ldc2,17,17,negative-source,original,6,167.255,1.582,1.000000,1.000000,1.000000,3.960836,3.953003,4.015666,0.998020,0.996708,1.000661
sweep,short,ldc2,17,17,negative-source,selected64,6,167.034,1.386,1.001320,1.000000,1.001979,3.955614,3.953003,4.007833,0.999344,0.998018,1.000661
sweep,short,ldc2,17,17,negative-source,vector16store,6,166.979,1.519,1.001984,0.999340,1.003303,3.954308,3.945170,4.005222,1.000000,1.000000,1.000000
sweep,short,ldc2,17,17,negative-source,cpp-approved-execution,6,42.227,0.000,3.960836,3.953003,4.015666,1.000000,1.000000,1.000000,3.954308,3.945170,4.005222
sweep,short,ldc2,17,17,padded,original,6,87.431,1.261,1.000000,1.000000,1.000000,2.070496,2.065274,2.091384,1.001275,0.996255,1.007585
sweep,short,ldc2,17,17,padded,selected64,6,87.652,0.881,0.999369,0.990000,1.006289,2.075718,2.070496,2.088773,1.001256,0.995000,1.005044
sweep,short,ldc2,17,17,padded,vector16store,6,87.817,0.753,0.998741,0.992472,1.003759,2.079634,2.067885,2.083551,1.000000,1.000000,1.000000
sweep,short,ldc2,17,17,padded,cpp-approved-execution,6,42.227,0.000,2.070496,2.065274,2.091384,1.000000,1.000000,1.000000,2.079634,2.067885,2.083551
sweep,short,ldc2,17,17,repeated-source,original,6,86.659,1.145,1.000000,1.000000,1.000000,2.052219,2.044386,2.067885,1.000000,0.989899,1.005083
sweep,short,ldc2,17,17,repeated-source,selected64,6,86.659,0.254,1.000000,0.994917,1.007634,2.052219,2.049608,2.054830,0.998729,0.997455,1.006361
sweep,short,ldc2,17,17,repeated-source,vector16store,6,86.604,0.891,1.000000,0.994943,1.010204,2.050914,2.046997,2.065274,1.000000,1.000000,1.000000
sweep,short,ldc2,17,17,repeated-source,cpp-approved-execution,6,42.227,0.000,2.052219,2.044386,2.067885,1.000000,1.000000,1.000000,2.050914,2.046997,2.065274
sweep,short,ldc2,17,17,universal,original,6,756.284,14.447,1.000000,1.000000,1.000000,4.542715,4.158657,4.807006,0.995831,0.987094,1.017599
sweep,short,ldc2,17,17,universal,selected64,6,754.741,14.418,1.003657,0.976072,1.014760,4.533444,4.132982,4.801718,0.997972,0.981355,1.018720
sweep,short,ldc2,17,17,universal,vector16store,6,750.386,16.456,1.004188,0.982705,1.013075,4.507285,4.134957,4.891606,1.000000,1.000000,1.000000
sweep,short,ldc2,17,17,universal,cpp-approved-execution,6,166.483,0.662,4.542715,4.158657,4.807006,1.000000,1.000000,1.000000,4.507285,4.134957,4.891606
sweep,short,ldc2,17,128,contiguous,original,6,321.667,1.036,1.000000,1.000000,1.000000,1.827428,1.800000,1.846890,1.000000,0.987080,1.007833
sweep,short,ldc2,17,128,contiguous,selected64,6,320.000,1.302,1.002604,1.000000,1.015748,1.819089,1.795349,1.846890,1.005236,0.989637,1.010499
sweep,short,ldc2,17,128,contiguous,vector16store,6,321.667,1.036,1.000000,0.992228,1.013089,1.829384,1.776744,1.846890,1.000000,1.000000,1.000000
sweep,short,ldc2,17,128,contiguous,cpp-approved-execution,6,175.833,2.844,1.827428,1.800000,1.846890,1.000000,1.000000,1.000000,1.829384,1.776744,1.846890
sweep,short,ldc2,17,128,negative-both,original,6,915.833,2.366,1.000000,1.000000,1.000000,3.019201,2.997253,3.035326,1.000448,1.000000,1.002732
sweep,short,ldc2,17,128,negative-both,selected64,6,915.833,2.093,1.000000,0.999090,1.002693,3.019231,2.997253,3.027174,1.001365,1.000000,1.003591
sweep,short,ldc2,17,128,negative-both,vector16store,6,917.083,2.272,0.999553,0.997275,1.000000,3.021948,3.002747,3.038043,1.000000,1.000000,1.000000
sweep,short,ldc2,17,128,negative-both,cpp-approved-execution,6,303.333,1.099,3.019201,2.997253,3.035326,1.000000,1.000000,1.000000,3.021948,3.002747,3.038043
sweep,short,ldc2,17,128,negative-source,original,6,921.250,2.081,1.000000,1.000000,1.000000,3.024624,3.008219,3.054795,1.000446,0.999097,1.006364
sweep,short,ldc2,17,128,negative-source,selected64,6,921.250,1.900,1.000446,0.999090,1.003600,3.024628,3.010959,3.051771,1.000893,0.999095,1.006364
sweep,short,ldc2,17,128,negative-source,vector16store,6,922.083,2.079,0.999554,0.993677,1.000904,3.028767,3.010959,3.057221,1.000000,1.000000,1.000000
sweep,short,ldc2,17,128,negative-source,cpp-approved-execution,6,304.167,0.548,3.024624,3.008219,3.054795,1.000000,1.000000,1.000000,3.028767,3.010959,3.057221
sweep,short,ldc2,17,128,padded,original,6,365.417,2.737,1.000000,1.000000,1.000000,1.199731,1.148825,1.216438,1.001142,1.000000,1.009112
sweep,short,ldc2,17,128,padded,selected64,6,365.417,2.509,1.000000,0.997691,1.002288,1.196995,1.148825,1.216438,1.000000,0.997722,1.011416
sweep,short,ldc2,17,128,padded,vector16store,6,366.250,2.503,0.998861,0.990971,1.000000,1.201375,1.148825,1.216438,1.000000,1.000000,1.000000
sweep,short,ldc2,17,128,padded,cpp-approved-execution,6,304.167,5.205,1.199731,1.148825,1.216438,1.000000,1.000000,1.000000,1.201375,1.148825,1.216438
sweep,short,ldc2,17,128,repeated-source,original,6,357.083,0.700,1.000000,1.000000,1.000000,1.179063,1.177596,1.181818,1.000000,0.997669,1.002336
sweep,short,ldc2,17,128,repeated-source,selected64,6,357.500,0.699,1.000000,0.997669,1.002336,1.180441,1.177596,1.181818,1.000000,0.997669,1.002336
sweep,short,ldc2,17,128,repeated-source,vector16store,6,357.500,0.699,1.000000,0.997669,1.002336,1.180441,1.177596,1.181818,1.000000,1.000000,1.000000
sweep,short,ldc2,17,128,repeated-source,cpp-approved-execution,6,302.500,0.826,1.179063,1.177596,1.181818,1.000000,1.000000,1.000000,1.180441,1.177596,1.181818
sweep,short,ldc2,17,128,universal,original,6,5010.000,6.936,1.000000,1.000000,1.000000,3.960468,3.913816,4.188158,1.001462,0.999160,1.010033
sweep,short,ldc2,17,128,universal,selected64,6,5020.000,6.790,0.999175,0.977810,1.003784,3.963759,3.903289,4.172368,1.001010,0.985099,1.005828
sweep,short,ldc2,17,128,universal,vector16store,6,5033.750,7.102,0.998540,0.990066,1.000841,3.974015,3.910526,4.192763,1.000000,1.000000,1.000000
sweep,short,ldc2,17,128,universal,cpp-approved-execution,6,1266.667,0.263,3.960468,3.913816,4.188158,1.000000,1.000000,1.000000,3.974015,3.910526,4.192763
sweep,short,ldc2,23,1,contiguous,original,6,22.144,0.662,1.000000,1.000000,1.000000,3.556863,3.545098,3.568627,1.023717,1.019780,1.026461
sweep,short,ldc2,23,1,contiguous,selected64,6,22.253,0.549,0.995602,0.993421,1.000000,3.574510,3.560784,3.580392,1.019737,1.016429,1.021978
sweep,short,ldc2,23,1,contiguous,vector16store,6,22.668,0.539,0.976832,0.974221,0.980603,3.641176,3.631373,3.650980,1.000000,1.000000,1.000000
sweep,short,ldc2,23,1,contiguous,cpp-approved-execution,6,6.226,0.000,3.556863,3.545098,3.568627,1.000000,1.000000,1.000000,3.641176,3.631373,3.650980
sweep,short,ldc2,23,1,negative-both,original,6,28.027,0.436,1.000000,1.000000,1.000000,4.315789,4.304511,4.323308,1.010472,1.007826,1.013962
sweep,short,ldc2,23,1,negative-both,selected64,6,28.198,0.693,0.993071,0.989664,0.997398,4.342105,4.334586,4.364662,1.002597,1.001723,1.006932
sweep,short,ldc2,23,1,negative-both,vector16store,6,28.296,0.431,0.989637,0.986231,0.992235,4.357143,4.353383,4.372180,1.000000,1.000000,1.000000
sweep,short,ldc2,23,1,negative-both,cpp-approved-execution,6,6.494,0.000,4.315789,4.304511,4.323308,1.000000,1.000000,1.000000,4.357143,4.353383,4.372180
sweep,short,ldc2,23,1,negative-source,original,6,27.991,0.349,1.000000,1.000000,1.000000,4.310150,4.308271,4.323308,1.010467,1.007840,1.010471
sweep,short,ldc2,23,1,negative-source,selected64,6,28.174,0.173,0.993501,0.992208,0.996534,4.338346,4.334586,4.342105,1.003468,1.002597,1.005199
sweep,short,ldc2,23,1,negative-source,vector16store,6,28.271,0.259,0.989642,0.989637,0.992221,4.353383,4.349624,4.360902,1.000000,1.000000,1.000000
sweep,short,ldc2,23,1,negative-source,cpp-approved-execution,6,6.494,0.000,4.310150,4.308271,4.323308,1.000000,1.000000,1.000000,4.353383,4.349624,4.360902
sweep,short,ldc2,23,1,padded,original,6,22.168,2.203,1.000000,1.000000,1.000000,3.413534,3.402256,3.477444,1.022577,1.019459,1.023204
sweep,short,ldc2,23,1,padded,selected64,6,22.241,2.634,0.996153,0.991266,1.000000,3.424812,3.413534,3.503759,1.019230,1.011803,1.022026
sweep,short,ldc2,23,1,padded,vector16store,6,22.668,1.831,0.977922,0.977322,0.980912,3.490602,3.481203,3.545113,1.000000,1.000000,1.000000
sweep,short,ldc2,23,1,padded,cpp-approved-execution,6,6.494,0.000,3.413534,3.402256,3.477444,1.000000,1.000000,1.000000,3.490602,3.481203,3.545113
sweep,short,ldc2,23,1,repeated-source,original,6,22.119,1.214,1.000000,1.000000,1.000000,3.406015,3.394737,3.436090,1.024863,1.022051,1.028446
sweep,short,ldc2,23,1,repeated-source,selected64,6,22.266,1.425,0.993421,0.992341,0.995600,3.428571,3.413534,3.462406,1.019263,1.014223,1.020856
sweep,short,ldc2,23,1,repeated-source,vector16store,6,22.656,1.509,0.975740,0.972340,0.978425,3.488722,3.481203,3.533835,1.000000,1.000000,1.000000
sweep,short,ldc2,23,1,repeated-source,cpp-approved-execution,6,6.494,0.000,3.406015,3.394737,3.436090,1.000000,1.000000,1.000000,3.488722,3.481203,3.533835
sweep,short,ldc2,23,1,universal,original,6,96.375,3.369,1.000000,1.000000,1.000000,6.522538,5.705370,6.649416,0.998638,0.962591,1.033579
sweep,short,ldc2,23,1,universal,selected64,6,94.031,8.672,1.004693,0.954721,1.043216,6.399833,5.785196,6.931553,1.011754,0.927987,1.035966
sweep,short,ldc2,23,1,universal,vector16store,6,95.447,5.858,1.002077,0.967512,1.038863,6.404991,5.896952,6.621035,1.000000,1.000000,1.000000
sweep,short,ldc2,23,1,universal,cpp-approved-execution,6,14.624,15.025,6.522538,5.705370,6.649416,1.000000,1.000000,1.000000,6.404991,5.896952,6.621035
sweep,short,ldc2,23,17,contiguous,original,6,86.716,0.688,1.000000,1.000000,1.000000,2.689815,2.680556,2.699074,1.000864,0.998279,1.005164
sweep,short,ldc2,23,17,contiguous,selected64,6,87.015,1.544,0.994850,0.986464,0.998282,2.699074,2.694444,2.736111,0.996567,0.986464,0.998285
sweep,short,ldc2,23,17,contiguous,vector16store,6,86.791,0.688,0.999138,0.994863,1.001724,2.692130,2.685185,2.703704,1.000000,1.000000,1.000000
sweep,short,ldc2,23,17,contiguous,cpp-approved-execution,6,32.239,0.000,2.689815,2.680556,2.699074,1.000000,1.000000,1.000000,2.692130,2.685185,2.703704
sweep,short,ldc2,23,17,negative-both,original,6,209.627,1.139,1.000000,1.000000,1.000000,2.848024,2.841785,2.851107,1.000356,0.993649,1.002855
sweep,short,ldc2,23,17,negative-both,selected64,6,210.000,1.208,0.999289,0.996446,1.000714,2.851517,2.839757,2.858012,0.998935,0.993649,1.003571
sweep,short,ldc2,23,17,negative-both,vector16store,6,209.925,0.640,0.999644,0.997153,1.006392,2.849038,2.832998,2.855984,1.000000,1.000000,1.000000
sweep,short,ldc2,23,17,negative-both,cpp-approved-execution,6,73.582,0.811,2.848024,2.841785,2.851107,1.000000,1.000000,1.000000,2.849038,2.832998,2.855984
sweep,short,ldc2,23,17,negative-source,original,6,209.925,1.209,1.000000,1.000000,1.000000,2.850055,2.831984,2.868154,0.998580,0.997171,1.000716
sweep,short,ldc2,23,17,negative-source,selected64,6,209.254,0.642,1.002843,0.997857,1.004989,2.840933,2.834008,2.858012,1.001068,0.997857,1.003564
sweep,short,ldc2,23,17,negative-source,vector16store,6,209.701,0.925,1.001422,0.999285,1.002837,2.847014,2.827935,2.860041,1.000000,1.000000,1.000000
sweep,short,ldc2,23,17,negative-source,cpp-approved-execution,6,73.582,0.203,2.850055,2.831984,2.868154,1.000000,1.000000,1.000000,2.847014,2.827935,2.860041
sweep,short,ldc2,23,17,padded,original,6,120.821,0.865,1.000000,1.000000,1.000000,1.640974,1.629779,1.655172,0.997528,0.988971,1.003708
sweep,short,ldc2,23,17,padded,selected64,6,120.746,0.618,1.001858,0.997537,1.008653,1.639959,1.633603,1.643002,0.999382,0.996296,1.004950
sweep,short,ldc2,23,17,padded,vector16store,6,120.522,0.619,1.002478,0.996305,1.011152,1.636917,1.633603,1.647059,1.000000,1.000000,1.000000
sweep,short,ldc2,23,17,padded,cpp-approved-execution,6,73.582,0.811,1.640974,1.629779,1.655172,1.000000,1.000000,1.000000,1.636917,1.633603,1.647059
sweep,short,ldc2,23,17,repeated-source,original,6,120.299,0.868,1.000000,1.000000,1.000000,1.634888,1.630832,1.645030,0.996900,0.991369,1.006219
sweep,short,ldc2,23,17,repeated-source,selected64,6,119.925,0.996,1.003107,0.993827,1.011222,1.629817,1.626775,1.643002,1.000000,0.993827,1.006219
sweep,short,ldc2,23,17,repeated-source,vector16store,6,120.000,0.746,1.003113,0.993820,1.008706,1.630832,1.628803,1.640974,1.000000,1.000000,1.000000
sweep,short,ldc2,23,17,repeated-source,cpp-approved-execution,6,73.582,0.000,1.634888,1.630832,1.645030,1.000000,1.000000,1.000000,1.630832,1.628803,1.640974
sweep,short,ldc2,23,17,universal,original,6,921.940,0.890,1.000000,1.000000,1.000000,4.145684,4.122148,4.156271,1.001295,0.992889,1.012211
sweep,short,ldc2,23,17,universal,selected64,6,920.299,5.238,1.004298,0.957593,1.012313,4.136866,4.087919,4.304698,1.006234,0.969286,1.013627
sweep,short,ldc2,23,17,universal,vector16store,6,925.448,1.274,0.998707,0.987936,1.007161,4.160013,4.123490,4.179315,1.000000,1.000000,1.000000
sweep,short,ldc2,23,17,universal,cpp-approved-execution,6,222.388,0.134,4.145684,4.122148,4.156271,1.000000,1.000000,1.000000,4.160013,4.123490,4.179315
sweep,short,ldc2,23,128,contiguous,original,6,546.067,1.440,1.000000,1.000000,1.000000,2.325309,2.280374,2.338164,0.997953,0.997930,1.000000
sweep,short,ldc2,23,128,contiguous,selected64,6,546.629,1.028,0.998969,0.997930,1.002049,2.330128,2.280374,2.342995,0.997944,0.995868,1.000000
sweep,short,ldc2,23,128,contiguous,vector16store,6,545.506,1.236,1.002051,1.000000,1.002075,2.322905,2.275701,2.338164,1.000000,1.000000,1.000000
sweep,short,ldc2,23,128,contiguous,cpp-approved-execution,6,234.270,3.357,2.325309,2.280374,2.338164,1.000000,1.000000,1.000000,2.322905,2.275701,2.338164
sweep,short,ldc2,23,128,negative-both,original,6,1276.404,0.792,1.000000,1.000000,1.000000,2.314287,2.306911,2.328571,1.000440,0.996491,1.005300
sweep,short,ldc2,23,128,negative-both,selected64,6,1276.404,0.704,1.000000,0.998243,1.003521,2.317346,2.302846,2.328571,1.000440,0.998243,1.004413
sweep,short,ldc2,23,128,negative-both,vector16store,6,1278.090,0.264,0.999560,0.994728,1.003521,2.317025,2.313008,2.327198,1.000000,1.000000,1.000000
sweep,short,ldc2,23,128,negative-both,cpp-approved-execution,6,551.124,0.612,2.314287,2.306911,2.328571,1.000000,1.000000,1.000000,2.317025,2.313008,2.327198
sweep,short,ldc2,23,128,negative-source,original,6,1264.607,0.888,1.000000,1.000000,1.000000,2.305329,2.291837,2.321721,1.000445,0.992056,1.002669
sweep,short,ldc2,23,128,negative-source,selected64,6,1264.607,0.355,0.999999,0.996454,1.008007,2.304303,2.297959,2.308008,0.999557,0.998224,1.002667
sweep,short,ldc2,23,128,negative-source,vector16store,6,1264.607,0.533,0.999555,0.997338,1.008007,2.305329,2.293878,2.311475,1.000000,1.000000,1.000000
sweep,short,ldc2,23,128,negative-source,cpp-approved-execution,6,548.876,0.614,2.305329,2.291837,2.321721,1.000000,1.000000,1.000000,2.305329,2.293878,2.311475
sweep,short,ldc2,23,128,padded,original,6,621.348,1.085,1.000000,1.000000,1.000000,1.127033,1.119919,1.133470,1.000000,0.998195,1.001812
sweep,short,ldc2,23,128,padded,selected64,6,621.348,0.723,0.999995,0.998188,1.003617,1.123984,1.120968,1.135524,1.000000,0.998188,1.003617
sweep,short,ldc2,23,128,padded,vector16store,6,621.348,1.085,1.000000,0.998192,1.001808,1.126016,1.119919,1.135524,1.000000,1.000000,1.000000
sweep,short,ldc2,23,128,padded,cpp-approved-execution,6,552.809,1.829,1.127033,1.119919,1.133470,1.000000,1.000000,1.000000,1.126016,1.119919,1.135524
sweep,short,ldc2,23,128,repeated-source,original,6,605.618,0.928,1.000000,1.000000,1.000000,1.121749,1.118503,1.128898,1.000000,1.000000,1.001859
sweep,short,ldc2,23,128,repeated-source,selected64,6,605.618,0.742,1.000000,0.998145,1.001859,1.121749,1.118503,1.126819,1.000000,1.000000,1.003690
sweep,short,ldc2,23,128,repeated-source,vector16store,6,605.618,0.928,1.000000,0.998145,1.000000,1.121749,1.120582,1.130977,1.000000,1.000000,1.000000
sweep,short,ldc2,23,128,repeated-source,cpp-approved-execution,6,540.449,0.208,1.121749,1.118503,1.128898,1.000000,1.000000,1.000000,1.121749,1.120582,1.130977
sweep,short,ldc2,23,128,universal,original,6,6805.056,5.284,1.000000,1.000000,1.000000,4.042368,3.959252,4.173013,0.995682,0.951977,1.006406
sweep,short,ldc2,23,128,universal,selected64,6,6756.742,4.141,1.001099,0.975485,1.042035,4.017034,3.992005,4.160667,0.994578,0.981734,1.001489
sweep,short,ldc2,23,128,universal,vector16store,6,6746.067,3.364,1.004353,0.993635,1.050446,4.005370,3.957916,4.084667,1.000000,1.000000,1.000000
sweep,short,ldc2,23,128,universal,cpp-approved-execution,6,1682.022,0.334,4.042368,3.959252,4.173013,1.000000,1.000000,1.000000,4.005370,3.957916,4.084667
sweep,short,ldc2,31,1,contiguous,original,6,22.522,0.759,1.000000,1.000000,1.000000,2.975806,2.961290,2.983871,1.030860,1.028169,1.034858
sweep,short,ldc2,31,1,contiguous,selected64,6,22.595,0.756,0.995678,0.993506,0.998920,2.985484,2.980645,3.003226,1.026486,1.024705,1.028139
sweep,short,ldc2,31,1,contiguous,vector16store,6,23.193,0.526,0.970064,0.966316,0.972603,3.064516,3.061290,3.077419,1.000000,1.000000,1.000000
sweep,short,ldc2,31,1,contiguous,cpp-approved-execution,6,7.568,0.000,2.975806,2.961290,2.983871,1.000000,1.000000,1.000000,3.064516,3.061290,3.077419
sweep,short,ldc2,31,1,negative-both,original,6,31.726,0.923,1.000000,1.000000,1.000000,4.045171,4.034161,4.068323,1.006926,0.994656,1.010015
sweep,short,ldc2,31,1,negative-both,selected64,6,31.873,0.766,0.995792,0.990084,1.006918,4.060646,4.040373,4.084112,1.000769,0.997708,1.007680
sweep,short,ldc2,31,1,negative-both,vector16store,6,31.946,0.688,0.993122,0.990084,1.005372,4.069992,4.046584,4.087227,1.000000,1.000000,1.000000
sweep,short,ldc2,31,1,negative-both,cpp-approved-execution,6,7.849,0.311,4.045171,4.034161,4.068323,1.000000,1.000000,1.000000,4.069992,4.046584,4.087227
sweep,short,ldc2,31,1,negative-source,original,6,31.787,1.536,1.000000,1.000000,1.000000,4.049767,4.028037,4.077640,1.003072,0.994669,1.008507
sweep,short,ldc2,31,1,negative-source,selected64,6,31.885,10.260,0.996544,0.905923,1.003843,4.062218,4.040373,4.470405,0.999234,0.909408,1.006149
sweep,short,ldc2,31,1,negative-source,vector16store,6,31.873,0.536,0.996938,0.991564,1.005360,4.059190,4.055901,4.065421,1.000000,1.000000,1.000000
sweep,short,ldc2,31,1,negative-source,cpp-approved-execution,6,7.849,0.311,4.049767,4.028037,4.077640,1.000000,1.000000,1.000000,4.059190,4.055901,4.065421
sweep,short,ldc2,31,1,padded,original,6,22.559,4.762,1.000000,1.000000,1.000000,2.874030,2.860248,3.006231,1.033586,1.029158,1.037306
sweep,short,ldc2,31,1,padded,selected64,6,22.705,4.409,0.994078,0.990333,0.998921,2.892693,2.875776,3.012461,1.027450,1.024705,1.035160
sweep,short,ldc2,31,1,padded,vector16store,6,23.279,5.139,0.967505,0.964036,0.971668,2.968896,2.956522,3.118380,1.000000,1.000000,1.000000
sweep,short,ldc2,31,1,padded,cpp-approved-execution,6,7.837,0.312,2.874030,2.860248,3.006231,1.000000,1.000000,1.000000,2.968896,2.956522,3.118380
sweep,short,ldc2,31,1,repeated-source,original,6,22.522,0.867,1.000000,1.000000,1.000000,2.873832,2.854037,2.887850,1.029268,1.026969,1.035909
sweep,short,ldc2,31,1,repeated-source,selected64,6,22.595,0.432,0.995683,0.994589,0.998922,2.883178,2.869565,2.890966,1.026970,1.022629,1.030303
sweep,short,ldc2,31,1,repeated-source,vector16store,6,23.230,0.420,0.971564,0.965336,0.973739,2.959569,2.953271,2.965732,1.000000,1.000000,1.000000
sweep,short,ldc2,31,1,repeated-source,cpp-approved-execution,6,7.837,0.312,2.873832,2.854037,2.887850,1.000000,1.000000,1.000000,2.959569,2.953271,2.965732
sweep,short,ldc2,31,1,universal,original,6,112.427,3.757,1.000000,1.000000,1.000000,5.763454,5.709273,5.963430,0.999036,0.988370,1.030509
sweep,short,ldc2,31,1,universal,selected64,6,114.136,3.743,0.991981,0.965868,1.033210,5.858396,5.695870,5.914894,0.998525,0.969742,1.028126
sweep,short,ldc2,31,1,universal,vector16store,6,114.111,2.974,1.000966,0.970394,1.011767,5.856606,5.709273,5.894073,1.000000,1.000000,1.000000
sweep,short,ldc2,31,1,universal,cpp-approved-execution,6,19.482,0.752,5.763454,5.709273,5.963430,1.000000,1.000000,1.000000,5.856606,5.709273,5.894073
sweep,short,ldc2,31,17,contiguous,original,6,95.372,0.633,1.000000,1.000000,1.000000,2.214953,2.078947,2.228972,1.002110,0.997904,1.010549
sweep,short,ldc2,31,17,contiguous,selected64,6,95.573,0.000,0.997895,0.997895,1.004211,2.219626,2.083333,2.230047,1.000000,1.000000,1.008421
sweep,short,ldc2,31,17,contiguous,vector16store,6,95.573,0.842,0.997895,0.989562,1.002101,2.221963,2.083333,2.238318,1.000000,1.000000,1.000000
sweep,short,ldc2,31,17,contiguous,cpp-approved-execution,6,43.058,7.009,2.214953,2.078947,2.228972,1.000000,1.000000,1.000000,2.221963,2.083333,2.238318
sweep,short,ldc2,31,17,negative-both,original,6,260.765,1.080,1.000000,1.000000,1.000000,2.757447,2.755319,2.785106,0.999615,0.989305,1.000772
sweep,short,ldc2,31,17,negative-both,selected64,6,260.865,0.154,1.000000,0.999228,1.008475,2.758511,2.757447,2.761702,0.999614,0.997689,1.000772
sweep,short,ldc2,31,17,negative-both,vector16store,6,260.664,0.232,1.000385,0.999229,1.010811,2.756383,2.755319,2.761702,1.000000,1.000000,1.000000
sweep,short,ldc2,31,17,negative-both,cpp-approved-execution,6,94.567,0.000,2.757447,2.755319,2.785106,1.000000,1.000000,1.000000,2.756383,2.755319,2.761702
sweep,short,ldc2,31,17,negative-source,original,6,261.670,1.077,1.000000,1.000000,1.000000,2.767021,2.761702,2.791489,1.000770,0.993902,1.002304
sweep,short,ldc2,31,17,negative-source,selected64,6,261.368,0.154,1.001154,0.998462,1.010008,2.763830,2.761702,2.765957,1.001155,0.998460,1.003849
sweep,short,ldc2,31,17,negative-source,vector16store,6,261.670,0.615,0.999231,0.997701,1.006135,2.767021,2.759574,2.776596,1.000000,1.000000,1.000000
sweep,short,ldc2,31,17,negative-source,cpp-approved-execution,6,94.567,0.000,2.767021,2.761702,2.791489,1.000000,1.000000,1.000000,2.767021,2.759574,2.776596
sweep,short,ldc2,31,17,padded,original,6,130.181,0.618,1.000000,1.000000,1.000000,1.376596,1.372340,1.378723,0.996904,0.995363,1.001553
sweep,short,ldc2,31,17,padded,selected64,6,129.779,0.465,1.000774,0.998450,1.004651,1.373404,1.372340,1.378723,1.000000,0.993827,1.000000
sweep,short,ldc2,31,17,padded,vector16store,6,129.779,0.465,1.003106,0.998450,1.004658,1.372340,1.368085,1.375267,1.000000,1.000000,1.000000
sweep,short,ldc2,31,17,padded,cpp-approved-execution,6,94.567,0.213,1.376596,1.372340,1.378723,1.000000,1.000000,1.000000,1.372340,1.368085,1.375267
sweep,short,ldc2,31,17,repeated-source,original,6,129.477,0.622,1.000000,1.000000,1.000000,1.369149,1.365957,1.372340,0.996894,0.995342,1.001560
sweep,short,ldc2,31,17,repeated-source,selected64,6,128.974,0.156,1.003897,1.000000,1.006240,1.364894,1.363830,1.366738,1.000779,0.998442,1.001560
sweep,short,ldc2,31,17,repeated-source,vector16store,6,129.074,0.312,1.003115,0.998442,1.004680,1.364894,1.363830,1.368870,1.000000,1.000000,1.000000
sweep,short,ldc2,31,17,repeated-source,cpp-approved-execution,6,94.567,0.213,1.369149,1.365957,1.372340,1.000000,1.000000,1.000000,1.364894,1.363830,1.368870
sweep,short,ldc2,31,17,universal,original,6,1239.034,10.377,1.000000,1.000000,1.000000,4.159408,4.102512,4.530169,0.994209,0.981568,1.009385
sweep,short,ldc2,31,17,universal,selected64,6,1229.879,10.945,0.999174,0.995382,1.015222,4.128728,4.097627,4.551186,0.997790,0.977459,1.020448
sweep,short,ldc2,31,17,universal,vector16store,6,1225.050,12.220,1.005834,0.990702,1.018778,4.127797,4.044807,4.543729,1.000000,1.000000,1.000000
sweep,short,ldc2,31,17,universal,cpp-approved-execution,6,296.781,0.881,4.159408,4.102512,4.530169,1.000000,1.000000,1.000000,4.127797,4.044807,4.543729
sweep,short,ldc2,31,128,contiguous,original,6,617.424,0.982,1.000000,1.000000,1.000000,1.942605,1.920188,1.961353,0.997540,0.992647,1.002469
sweep,short,ldc2,31,128,contiguous,selected64,6,615.909,0.738,1.002454,0.997537,1.002469,1.938095,1.915493,1.956522,1.000000,0.995086,1.002451
sweep,short,ldc2,31,128,contiguous,vector16store,6,615.152,0.985,1.002466,0.997537,1.007407,1.933333,1.919431,1.956522,1.000000,1.000000,1.000000
sweep,short,ldc2,31,128,contiguous,cpp-approved-execution,6,318.182,2.857,1.942605,1.920188,1.961353,1.000000,1.000000,1.000000,1.933333,1.919431,1.956522
sweep,short,ldc2,31,128,negative-both,original,6,1688.636,12.023,1.000000,1.000000,1.000000,2.372737,2.363057,2.658849,1.000000,0.895750,1.000898
sweep,short,ldc2,31,128,negative-both,selected64,6,1687.121,1.078,1.000898,0.995548,1.118386,2.372068,2.363057,2.379237,1.000897,0.995548,1.002700
sweep,short,ldc2,31,128,negative-both,vector16store,6,1688.636,0.449,1.000000,0.999102,1.116383,2.373803,2.363057,2.381663,1.000000,1.000000,1.000000
sweep,short,ldc2,31,128,negative-both,cpp-approved-execution,6,711.364,0.639,2.372737,2.363057,2.658849,1.000000,1.000000,1.000000,2.373803,2.363057,2.381663
sweep,short,ldc2,31,128,negative-source,original,6,1694.697,0.179,1.000000,1.000000,1.000000,2.376196,2.368644,2.385928,1.000000,0.999106,1.000000
sweep,short,ldc2,31,128,negative-source,selected64,6,1693.182,0.268,1.000447,1.000000,1.001792,2.375132,2.366525,2.385928,1.000000,0.999106,1.001792
sweep,short,ldc2,31,128,negative-source,vector16store,6,1693.939,0.179,1.000000,1.000000,1.000894,2.376196,2.368644,2.383795,1.000000,1.000000,1.000000
sweep,short,ldc2,31,128,negative-source,cpp-approved-execution,6,712.879,0.638,2.376196,2.368644,2.385928,1.000000,1.000000,1.000000,2.376196,2.368644,2.383795
sweep,short,ldc2,31,128,padded,original,6,698.485,2.603,1.000000,1.000000,1.000000,0.987152,0.976445,0.995726,1.000000,0.993590,1.004338
sweep,short,ldc2,31,128,padded,selected64,6,697.727,1.737,1.002162,0.995633,1.006452,0.986081,0.978587,0.993590,1.002162,0.997817,1.004338
sweep,short,ldc2,31,128,padded,vector16store,6,700.000,1.948,1.000000,0.995680,1.006452,0.987207,0.978587,0.995726,1.000000,1.000000,1.000000
sweep,short,ldc2,31,128,padded,cpp-approved-execution,6,707.576,0.857,0.987152,0.976445,0.995726,1.000000,1.000000,1.000000,0.987207,0.978587,0.995726
sweep,short,ldc2,31,128,repeated-source,original,6,683.333,0.665,1.000000,1.000000,1.000000,0.980435,0.976139,0.984783,1.000000,0.997783,1.002212
sweep,short,ldc2,31,128,repeated-source,selected64,6,682.576,0.666,1.001106,0.997792,1.002222,0.979348,0.976139,0.984783,1.000000,1.000000,1.002222
sweep,short,ldc2,31,128,repeated-source,vector16store,6,683.333,0.665,1.000000,0.997792,1.002222,0.980435,0.976139,0.984783,1.000000,1.000000,1.000000
sweep,short,ldc2,31,128,repeated-source,cpp-approved-execution,6,696.970,0.217,0.980435,0.976139,0.984783,1.000000,1.000000,1.000000,0.980435,0.976139,0.984783
sweep,short,ldc2,31,128,universal,original,6,9102.273,4.062,1.000000,1.000000,1.000000,4.077024,3.997284,4.162933,1.002001,0.991905,1.010519
sweep,short,ldc2,31,128,universal,selected64,6,9113.636,3.857,0.997005,0.991747,1.002484,4.073809,4.012890,4.173116,0.997674,0.992752,1.006932
sweep,short,ldc2,31,128,universal,vector16store,6,9103.030,3.595,0.998005,0.989590,1.008161,4.069112,4.019009,4.165648,1.000000,1.000000,1.000000
sweep,short,ldc2,31,128,universal,cpp-approved-execution,6,2232.576,0.475,4.077024,3.997284,4.162933,1.000000,1.000000,1.000000,4.069112,4.019009,4.165648
sweep,short,ldc2,32,1,contiguous,original,6,21.033,3.598,1.000000,1.000000,1.000000,4.313254,4.285000,4.435000,1.030355,1.023068,1.036077
sweep,short,ldc2,32,1,contiguous,selected64,6,21.069,3.476,0.997673,0.995349,1.001155,4.330804,4.295000,4.445000,1.027259,1.023256,1.033746
sweep,short,ldc2,32,1,contiguous,vector16store,6,21.655,4.397,0.970544,0.965180,0.977452,4.440000,4.422111,4.595000,1.000000,1.000000,1.000000
sweep,short,ldc2,32,1,contiguous,cpp-approved-execution,6,4.883,0.500,4.313254,4.285000,4.435000,1.000000,1.000000,1.000000,4.440000,4.422111,4.595000
sweep,short,ldc2,32,1,negative-both,original,6,32.068,0.609,1.000000,1.000000,1.000000,6.225118,6.218009,6.255924,1.008755,1.005303,1.014482
sweep,short,ldc2,32,1,negative-both,selected64,6,32.312,21.458,0.992441,0.817559,0.997732,6.272512,6.265403,7.611374,1.003401,0.823786,1.005287
sweep,short,ldc2,32,1,negative-both,vector16store,6,32.410,0.603,0.991322,0.985725,0.994725,6.291469,6.270142,6.308057,1.000000,1.000000,1.000000
sweep,short,ldc2,32,1,negative-both,cpp-approved-execution,6,5.151,0.000,6.225118,6.218009,6.255924,1.000000,1.000000,1.000000,6.291469,6.270142,6.308057
sweep,short,ldc2,32,1,negative-source,original,6,32.739,4.698,1.000000,1.000000,1.000000,6.260664,3.323529,6.426540,1.001512,0.974926,1.007582
sweep,short,ldc2,32,1,negative-source,selected64,6,32.520,2.327,1.002242,0.993971,1.021434,6.267773,3.316176,6.336493,1.003000,0.988781,1.008314
sweep,short,ldc2,32,1,negative-source,vector16store,6,32.507,3.079,0.998493,0.992476,1.025719,6.277251,3.323529,6.322275,1.000000,1.000000,1.000000
sweep,short,ldc2,32,1,negative-source,cpp-approved-execution,6,5.151,93.365,6.260664,3.323529,6.426540,1.000000,1.000000,1.000000,6.277251,3.323529,6.322275
sweep,short,ldc2,32,1,padded,original,6,21.008,2.440,1.000000,1.000000,1.000000,4.078199,4.037915,4.137441,1.028310,1.011455,1.031690
sweep,short,ldc2,32,1,padded,selected64,6,20.996,2.442,0.996555,0.993007,1.011587,4.075829,4.056872,4.156398,1.024781,1.023175,1.027875
sweep,short,ldc2,32,1,padded,vector16store,6,21.521,2.269,0.972471,0.969283,0.988675,4.177725,4.165877,4.260664,1.000000,1.000000,1.000000
sweep,short,ldc2,32,1,padded,cpp-approved-execution,6,5.151,0.000,4.078199,4.037915,4.137441,1.000000,1.000000,1.000000,4.177725,4.165877,4.260664
sweep,short,ldc2,32,1,repeated-source,original,6,20.959,1.048,1.000000,1.000000,1.000000,4.068720,4.056872,4.099526,1.030903,1.024277,1.035047
sweep,short,ldc2,32,1,repeated-source,selected64,6,21.008,0.930,0.997098,0.996508,0.998837,4.078199,4.071090,4.109005,1.027858,1.021915,1.031432
sweep,short,ldc2,32,1,repeated-source,vector16store,6,21.631,0.451,0.970024,0.966140,0.976298,4.199052,4.180095,4.199052,1.000000,1.000000,1.000000
sweep,short,ldc2,32,1,repeated-source,cpp-approved-execution,6,5.151,0.000,4.068720,4.056872,4.099526,1.000000,1.000000,1.000000,4.199052,4.180095,4.199052
sweep,short,ldc2,32,1,universal,original,6,115.784,5.356,1.000000,1.000000,1.000000,5.815430,5.663825,6.054321,1.009632,0.965538,1.033763
sweep,short,ldc2,32,1,universal,selected64,6,116.418,4.047,0.988669,0.973618,1.007129,5.813033,5.801462,6.118519,1.002939,0.955408,1.006491
sweep,short,ldc2,32,1,universal,vector16store,6,116.663,2.888,0.990486,0.967339,1.035692,5.844886,5.686967,5.898765,1.000000,1.000000,1.000000
sweep,short,ldc2,32,1,universal,cpp-approved-execution,6,20.044,1.340,5.815430,5.663825,6.054321,1.000000,1.000000,1.000000,5.844886,5.686967,5.898765
sweep,short,ldc2,32,17,contiguous,original,6,67.360,6.481,1.000000,1.000000,1.000000,1.596535,1.504545,1.693069,0.998538,0.990937,1.003115
sweep,short,ldc2,32,17,contiguous,selected64,6,67.152,6.192,1.000000,0.993994,1.003106,1.594059,1.513636,1.693069,1.000000,0.984985,1.003106
sweep,short,ldc2,32,17,contiguous,vector16store,6,67.256,5.873,1.001466,0.996894,1.009146,1.595059,1.490909,1.688119,1.000000,1.000000,1.000000
sweep,short,ldc2,32,17,contiguous,cpp-approved-execution,6,41.996,8.911,1.596535,1.504545,1.693069,1.000000,1.000000,1.000000,1.595059,1.490909,1.688119
sweep,short,ldc2,32,17,negative-both,original,6,268.503,0.697,1.000000,1.000000,1.000000,5.218623,5.205645,5.230769,0.999612,0.993832,1.002324
sweep,short,ldc2,32,17,negative-both,selected64,6,267.983,0.155,1.001551,1.000000,1.006206,5.208094,5.197581,5.222672,1.000000,0.998450,1.003879
sweep,short,ldc2,32,17,negative-both,vector16store,6,268.087,0.543,1.000389,0.997682,1.006206,5.214134,5.193548,5.230769,1.000000,1.000000,1.000000
sweep,short,ldc2,32,17,negative-both,cpp-approved-execution,6,51.455,0.404,5.218623,5.205645,5.230769,1.000000,1.000000,1.000000,5.214134,5.193548,5.230769
sweep,short,ldc2,32,17,negative-source,original,6,270.062,12.856,1.000000,1.000000,1.000000,5.257085,5.202381,5.907258,0.997701,0.906485,0.999230
sweep,short,ldc2,32,17,negative-source,selected64,6,269.647,0.925,1.001918,1.000771,1.130401,5.238401,5.190476,5.251012,1.000000,0.999229,1.024691
sweep,short,ldc2,32,17,negative-source,vector16store,6,269.543,2.468,1.002304,1.000771,1.103163,5.246964,5.190476,5.354839,1.000000,1.000000,1.000000
sweep,short,ldc2,32,17,negative-source,cpp-approved-execution,6,51.455,2.020,5.257085,5.202381,5.907258,1.000000,1.000000,1.000000,5.246964,5.190476,5.354839
sweep,short,ldc2,32,17,padded,original,6,97.817,0.425,1.000000,1.000000,1.000000,1.898785,1.891566,1.906883,1.000000,0.995736,1.002123
sweep,short,ldc2,32,17,padded,selected64,6,97.401,0.854,1.003201,0.997881,1.004274,1.894737,1.883534,1.898785,1.002134,0.997863,1.004274
sweep,short,ldc2,32,17,padded,vector16store,6,97.713,1.064,1.000000,0.997881,1.004283,1.897184,1.890688,1.902834,1.000000,1.000000,1.000000
sweep,short,ldc2,32,17,padded,cpp-approved-execution,6,51.351,0.810,1.898785,1.891566,1.906883,1.000000,1.000000,1.000000,1.897184,1.890688,1.902834
sweep,short,ldc2,32,17,repeated-source,original,6,97.193,0.856,1.000000,1.000000,1.000000,1.890688,1.875502,1.894737,1.001068,0.995726,1.006466
sweep,short,ldc2,32,17,repeated-source,selected64,6,96.881,1.073,1.002153,1.000000,1.006452,1.884615,1.871486,1.894737,1.003221,0.995726,1.008639
sweep,short,ldc2,32,17,repeated-source,vector16store,6,96.985,0.643,0.998934,0.993576,1.004292,1.886640,1.879518,1.898785,1.000000,1.000000,1.000000
sweep,short,ldc2,32,17,repeated-source,cpp-approved-execution,6,51.351,0.810,1.890688,1.875502,1.894737,1.000000,1.000000,1.000000,1.886640,1.879518,1.898785
sweep,short,ldc2,32,17,universal,original,6,1274.428,3.197,1.000000,1.000000,1.000000,4.165820,4.120326,4.241848,0.994803,0.976027,1.004723
sweep,short,ldc2,32,17,universal,selected64,6,1272.973,4.442,1.007477,0.976700,1.014954,4.161054,4.074779,4.256793,0.995288,0.977338,1.014515
sweep,short,ldc2,32,17,universal,vector16store,6,1271.414,2.927,1.005252,0.995299,1.024562,4.147124,4.077498,4.196332,1.000000,1.000000,1.000000
sweep,short,ldc2,32,17,universal,cpp-approved-execution,6,305.925,0.680,4.165820,4.120326,4.241848,1.000000,1.000000,1.000000,4.147124,4.077498,4.196332
sweep,short,ldc2,32,128,contiguous,original,6,409.375,5.344,1.000000,1.000000,1.000000,1.244719,1.226415,1.275701,1.000000,0.956044,1.003846
sweep,short,ldc2,32,128,contiguous,selected64,6,409.375,3.053,1.000000,0.996169,1.022472,1.241756,1.231132,1.258373,1.000000,0.977528,1.003802
sweep,short,ldc2,32,128,contiguous,vector16store,6,407.812,1.916,1.000000,0.996169,1.045977,1.234591,1.219626,1.263158,1.000000,1.000000,1.000000
sweep,short,ldc2,32,128,contiguous,cpp-approved-execution,6,329.688,2.370,1.244719,1.226415,1.275701,1.000000,1.000000,1.000000,1.234591,1.219626,1.263158
sweep,short,ldc2,32,128,negative-both,original,6,1766.406,1.238,1.000000,1.000000,1.000000,4.465508,4.402344,4.581301,1.000000,0.997352,1.000887
sweep,short,ldc2,32,128,negative-both,selected64,6,1765.625,1.681,1.000448,0.998238,1.003562,4.469461,4.394531,4.565041,1.000443,0.995595,1.004452
sweep,short,ldc2,32,128,negative-both,vector16store,6,1765.625,1.327,1.000000,0.999113,1.002655,4.457611,4.402344,4.585366,1.000000,1.000000,1.000000
sweep,short,ldc2,32,128,negative-both,cpp-approved-execution,6,396.094,3.945,4.465508,4.402344,4.581301,1.000000,1.000000,1.000000,4.457611,4.402344,4.585366
sweep,short,ldc2,32,128,negative-source,original,6,1751.562,0.624,1.000000,1.000000,1.000000,4.491984,4.462151,4.512097,0.999999,0.998217,1.001794
sweep,short,ldc2,32,128,negative-source,selected64,6,1748.438,0.268,1.000000,0.996425,1.002681,4.491012,4.458167,4.512097,0.999999,0.998213,1.002681
sweep,short,ldc2,32,128,negative-source,vector16store,6,1750.000,0.536,1.000002,0.998209,1.001786,4.488996,4.470120,4.508065,1.000000,1.000000,1.000000
sweep,short,ldc2,32,128,negative-source,cpp-approved-execution,6,389.844,1.202,4.491984,4.462151,4.512097,1.000000,1.000000,1.000000,4.488996,4.470120,4.508065
sweep,short,ldc2,32,128,padded,original,6,445.312,2.105,1.000000,1.000000,1.000000,1.142281,1.128000,1.148594,1.001748,0.996503,1.017730
sweep,short,ldc2,32,128,padded,selected64,6,444.531,1.757,1.001754,0.992958,1.003534,1.140281,1.129412,1.144578,1.003527,1.000000,1.010563
sweep,short,ldc2,32,128,padded,vector16store,6,446.875,1.399,0.998258,0.982578,1.003509,1.144870,1.129412,1.152610,1.000000,1.000000,1.000000
sweep,short,ldc2,32,128,padded,cpp-approved-execution,6,389.844,2.806,1.142281,1.128000,1.148594,1.000000,1.000000,1.000000,1.144870,1.129412,1.152610
sweep,short,ldc2,32,128,repeated-source,original,6,435.938,2.151,1.000000,1.000000,1.000000,1.167716,1.141667,1.176471,0.996416,0.967857,1.021898
sweep,short,ldc2,32,128,repeated-source,selected64,6,435.938,2.151,1.000000,0.996429,1.003597,1.169808,1.141667,1.176471,0.996429,0.967857,1.021898
sweep,short,ldc2,32,128,repeated-source,vector16store,6,434.375,3.237,1.003597,0.978571,1.033210,1.163180,1.138655,1.176471,1.000000,1.000000,1.000000
sweep,short,ldc2,32,128,repeated-source,cpp-approved-execution,6,372.656,0.839,1.167716,1.141667,1.176471,1.000000,1.000000,1.000000,1.163180,1.138655,1.176471
sweep,short,ldc2,32,128,universal,original,6,9431.250,5.533,1.000000,1.000000,1.000000,4.054840,3.814187,4.241870,0.999356,0.982591,1.090940
sweep,short,ldc2,32,128,universal,selected64,6,9467.969,5.826,1.000988,0.935891,1.009513,4.093968,3.784683,4.279054,1.001243,0.990635,1.021001
sweep,short,ldc2,32,128,universal,vector16store,6,9536.719,8.880,1.000652,0.916641,1.017718,4.111531,3.801004,4.368919,1.000000,1.000000,1.000000
sweep,short,ldc2,32,128,universal,cpp-approved-execution,6,2310.938,7.911,4.054840,3.814187,4.241870,1.000000,1.000000,1.000000,4.111531,3.801004,4.368919
sweep,short,ldc2,33,1,contiguous,original,6,21.301,0.917,1.000000,1.000000,1.000000,3.744635,3.729614,3.763948,1.029868,1.028506,1.032184
sweep,short,ldc2,33,1,contiguous,selected64,6,21.411,0.912,0.995449,0.994299,0.998861,3.763948,3.746781,3.781116,1.026283,1.023837,1.028637
sweep,short,ldc2,33,1,contiguous,vector16store,6,21.960,0.889,0.970998,0.968820,0.972284,3.860515,3.841202,3.875536,1.000000,1.000000,1.000000
sweep,short,ldc2,33,1,contiguous,cpp-approved-execution,6,5.688,0.000,3.744635,3.729614,3.763948,1.000000,1.000000,1.000000,3.860515,3.841202,3.875536
sweep,short,ldc2,33,1,negative-both,original,6,32.751,0.745,1.000000,1.000000,1.000000,5.615063,4.862319,5.644351,0.989224,0.985130,0.996266
sweep,short,ldc2,33,1,negative-both,selected64,6,32.397,0.075,1.011308,1.009043,1.016579,5.550209,4.804348,5.575630,1.002638,0.998493,1.005275
sweep,short,ldc2,33,1,negative-both,vector16store,6,32.471,0.677,1.010893,1.003748,1.015094,5.562762,4.811594,5.596639,1.000000,1.000000,1.000000
sweep,short,ldc2,33,1,negative-both,cpp-approved-execution,6,5.835,15.900,5.615063,4.862319,5.644351,1.000000,1.000000,1.000000,5.562762,4.811594,5.596639
sweep,short,ldc2,33,1,negative-source,original,6,32.800,3.349,1.000000,1.000000,1.000000,5.644958,5.617647,5.806723,0.987348,0.963821,0.994764
sweep,short,ldc2,33,1,negative-source,selected64,6,32.385,0.377,1.014728,1.006777,1.042232,5.573529,5.558824,5.579832,1.002260,0.996226,1.007559
sweep,short,ldc2,33,1,negative-source,vector16store,6,32.483,0.977,1.012842,1.005263,1.037538,5.590336,5.546218,5.600840,1.000000,1.000000,1.000000
sweep,short,ldc2,33,1,negative-source,cpp-approved-execution,6,5.811,0.000,5.644958,5.617647,5.806723,1.000000,1.000000,1.000000,5.590336,5.546218,5.600840
sweep,short,ldc2,33,1,padded,original,6,21.301,0.688,1.000000,1.000000,1.000000,3.665966,3.655462,3.680672,1.034462,1.030822,1.038991
sweep,short,ldc2,33,1,padded,selected64,6,21.350,0.457,0.997147,0.995423,1.001143,3.674370,3.672269,3.689076,1.032018,1.028604,1.036613
sweep,short,ldc2,33,1,padded,vector16store,6,22.034,0.886,0.966687,0.962472,0.970100,3.792017,3.777311,3.810924,1.000000,1.000000,1.000000
sweep,short,ldc2,33,1,padded,cpp-approved-execution,6,5.811,0.000,3.665966,3.655462,3.680672,1.000000,1.000000,1.000000,3.792017,3.777311,3.810924
sweep,short,ldc2,33,1,repeated-source,original,6,21.301,3.438,1.000000,1.000000,1.000000,3.665966,3.651261,3.777311,1.030481,1.026286,1.034522
sweep,short,ldc2,33,1,repeated-source,selected64,6,21.362,3.657,0.996637,0.993143,1.001148,3.676471,3.659664,3.794118,1.026432,1.019296,1.032147
sweep,short,ldc2,33,1,repeated-source,vector16store,6,21.924,3.229,0.970421,0.966630,0.974388,3.773109,3.773109,3.894958,1.000000,1.000000,1.000000
sweep,short,ldc2,33,1,repeated-source,cpp-approved-execution,6,5.811,0.000,3.665966,3.651261,3.777311,1.000000,1.000000,1.000000,3.773109,3.773109,3.894958
sweep,short,ldc2,33,1,universal,original,6,118.311,2.683,1.000000,1.000000,1.000000,5.790639,5.607355,5.836538,0.991222,0.978144,1.024328
sweep,short,ldc2,33,1,universal,selected64,6,117.798,2.756,1.000932,0.981724,1.016112,5.746847,5.680902,5.903846,0.998211,0.968037,1.014617
sweep,short,ldc2,33,1,universal,vector16store,6,117.151,2.397,1.008942,0.976249,1.022344,5.729458,5.701923,5.763938,1.000000,1.000000,1.000000
sweep,short,ldc2,33,1,universal,cpp-approved-execution,6,20.447,1.313,5.790639,5.607355,5.836538,1.000000,1.000000,1.000000,5.729458,5.701923,5.763938
sweep,short,ldc2,33,17,contiguous,original,6,76.017,7.042,1.000000,1.000000,1.000000,1.757426,1.752475,1.876238,1.002821,0.992084,1.005634
sweep,short,ldc2,33,17,contiguous,selected64,6,75.910,10.719,1.000000,0.969309,1.002833,1.754950,1.747525,1.935644,1.002821,0.961637,1.008475
sweep,short,ldc2,33,17,contiguous,vector16store,6,76.231,5.899,0.997187,0.994398,1.007979,1.764851,1.757426,1.861386,1.000000,1.000000,1.000000
sweep,short,ldc2,33,17,contiguous,cpp-approved-execution,6,43.255,0.495,1.757426,1.752475,1.876238,1.000000,1.000000,1.000000,1.764851,1.757426,1.861386
sweep,short,ldc2,33,17,negative-both,original,6,276.981,1.469,1.000000,1.000000,1.000000,4.430548,4.406143,4.501718,0.998839,0.990840,1.006907
sweep,short,ldc2,33,17,negative-both,selected64,6,276.445,2.246,1.001937,0.988619,1.005372,4.423681,4.399317,4.498294,0.999226,0.995448,1.000776
sweep,short,ldc2,33,17,negative-both,vector16store,6,276.231,1.705,1.001163,0.993140,1.009245,4.425399,4.402730,4.477816,1.000000,1.000000,1.000000
sweep,short,ldc2,33,17,negative-both,cpp-approved-execution,6,62.634,0.684,4.430548,4.406143,4.501718,1.000000,1.000000,1.000000,4.425399,4.402730,4.477816
sweep,short,ldc2,33,17,negative-source,original,6,277.195,1.081,1.000000,1.000000,1.000000,4.356664,4.130990,4.434932,1.001932,1.000000,1.003094
sweep,short,ldc2,33,17,negative-source,selected64,6,277.302,1.158,1.000387,0.998457,1.001547,4.354952,4.134185,4.438356,1.002310,1.000000,1.003096
sweep,short,ldc2,33,17,negative-source,vector16store,6,277.837,0.848,0.998072,0.996916,1.000000,4.361801,4.143770,4.445205,1.000000,1.000000,1.000000
sweep,short,ldc2,33,17,negative-source,cpp-approved-execution,6,63.919,7.035,4.356664,4.130990,4.434932,1.000000,1.000000,1.000000,4.361801,4.143770,4.445205
sweep,short,ldc2,33,17,padded,original,6,113.276,0.945,1.000000,1.000000,1.000000,1.808219,1.698718,1.825342,1.000943,0.994371,1.001894
sweep,short,ldc2,33,17,padded,selected64,6,113.383,1.133,0.999058,0.992481,1.009470,1.808219,1.701923,1.825342,1.000005,0.994361,1.003788
sweep,short,ldc2,33,17,padded,vector16store,6,113.383,0.567,0.999058,0.998110,1.005660,1.811644,1.698718,1.818493,1.000000,1.000000,1.000000
sweep,short,ldc2,33,17,padded,cpp-approved-execution,6,62.527,6.849,1.808219,1.698718,1.825342,1.000000,1.000000,1.000000,1.811644,1.698718,1.818493
sweep,short,ldc2,33,17,repeated-source,original,6,112.955,0.569,1.000000,1.000000,1.000000,1.809608,1.621538,1.817869,1.001898,0.998102,1.009488
sweep,short,ldc2,33,17,repeated-source,selected64,6,112.955,0.569,1.000000,0.994329,1.005703,1.807890,1.621538,1.817869,1.000947,0.996219,1.011407
sweep,short,ldc2,33,17,repeated-source,vector16store,6,113.169,1.135,0.998106,0.990602,1.001901,1.813038,1.618462,1.828179,1.000000,1.000000,1.000000
sweep,short,ldc2,33,17,repeated-source,cpp-approved-execution,6,62.313,11.684,1.809608,1.621538,1.817869,1.000000,1.000000,1.000000,1.813038,1.618462,1.828179
sweep,short,ldc2,33,17,universal,original,6,1311.028,1.470,1.000000,1.000000,1.000000,4.084390,4.040721,4.100134,0.993555,0.984372,1.010928
sweep,short,ldc2,33,17,universal,selected64,6,1318.308,4.840,0.992687,0.962805,1.008041,4.107071,4.036716,4.224368,0.985276,0.955713,1.015733
sweep,short,ldc2,33,17,universal,vector16store,6,1299.786,2.488,1.006487,0.989190,1.015876,4.047712,4.034023,4.134757,1.000000,1.000000,1.000000
sweep,short,ldc2,33,17,universal,cpp-approved-execution,6,320.985,0.267,4.084390,4.040721,4.100134,1.000000,1.000000,1.000000,4.047712,4.034023,4.134757
sweep,short,ldc2,33,128,contiguous,original,6,467.742,0.690,1.000000,1.000000,1.000000,1.379483,1.344186,1.392344,1.000000,1.000000,1.010309
sweep,short,ldc2,33,128,contiguous,selected64,6,467.742,0.690,1.000000,0.996552,1.003448,1.381875,1.344186,1.392344,1.000000,0.996552,1.010309
sweep,short,ldc2,33,128,contiguous,vector16store,6,467.742,1.724,1.000000,0.989796,1.000000,1.379483,1.344186,1.392344,1.000000,1.000000,1.000000
sweep,short,ldc2,33,128,contiguous,cpp-approved-execution,6,337.903,2.864,1.379483,1.344186,1.392344,1.000000,1.000000,1.000000,1.379483,1.344186,1.392344
sweep,short,ldc2,33,128,negative-both,original,6,1804.032,0.447,1.000000,1.000000,1.000000,3.682566,3.659016,3.711921,1.000447,0.997324,1.001789
sweep,short,ldc2,33,128,negative-both,selected64,6,1804.839,0.626,1.000893,0.999106,1.002695,3.680395,3.649180,3.708609,1.000894,0.998214,1.003594
sweep,short,ldc2,33,128,negative-both,vector16store,6,1804.839,0.268,0.999554,0.998214,1.002683,3.680921,3.662295,3.708609,1.000000,1.000000,1.000000
sweep,short,ldc2,33,128,negative-both,cpp-approved-execution,6,490.323,0.987,3.682566,3.659016,3.711921,1.000000,1.000000,1.000000,3.680921,3.662295,3.708609
sweep,short,ldc2,33,128,negative-source,original,6,1812.903,1.068,1.000000,1.000000,1.000000,3.723985,3.699670,3.764120,0.999109,0.996470,1.000889
sweep,short,ldc2,33,128,negative-source,selected64,6,1812.903,0.801,1.000888,1.000000,1.003543,3.720674,3.696370,3.750831,1.000000,0.999108,1.001776
sweep,short,ldc2,33,128,negative-source,vector16store,6,1812.903,0.801,1.000892,0.999112,1.003543,3.725635,3.696370,3.750831,1.000000,1.000000,1.000000
sweep,short,ldc2,33,128,negative-source,cpp-approved-execution,6,487.903,0.992,3.723985,3.699670,3.764120,1.000000,1.000000,1.000000,3.725635,3.696370,3.750831
sweep,short,ldc2,33,128,padded,original,6,538.710,0.898,1.000000,1.000000,1.000000,1.118931,1.110738,1.120805,0.998503,0.997006,1.002994
sweep,short,ldc2,33,128,padded,selected64,6,538.710,1.198,1.000000,1.000000,1.003030,1.117253,1.107383,1.120805,1.000000,0.997006,1.003030
sweep,short,ldc2,33,128,padded,vector16store,6,537.097,1.201,1.001502,0.997015,1.003003,1.117450,1.110738,1.120805,1.000000,1.000000,1.000000
sweep,short,ldc2,33,128,padded,cpp-approved-execution,6,480.645,0.336,1.118931,1.110738,1.120805,1.000000,1.000000,1.000000,1.117450,1.110738,1.120805
sweep,short,ldc2,33,128,repeated-source,original,6,514.516,2.194,1.000000,1.000000,1.000000,1.117544,1.112281,1.132867,0.998433,0.987654,1.003155
sweep,short,ldc2,33,128,repeated-source,selected64,6,513.710,1.884,1.000000,0.993769,1.003145,1.115789,1.112281,1.129371,0.998442,0.990712,1.003155
sweep,short,ldc2,33,128,repeated-source,vector16store,6,513.710,1.256,1.001572,0.996855,1.012500,1.115789,1.108772,1.122807,1.000000,1.000000,1.000000
sweep,short,ldc2,33,128,repeated-source,cpp-approved-execution,6,459.677,0.351,1.117544,1.112281,1.132867,1.000000,1.000000,1.000000,1.115789,1.108772,1.122807
sweep,short,ldc2,33,128,universal,original,6,9603.226,5.929,1.000000,1.000000,1.000000,4.035249,4.008147,4.242034,0.996639,0.978286,1.009963
sweep,short,ldc2,33,128,universal,selected64,6,9596.774,6.034,0.998238,0.994121,1.012062,4.038006,4.018280,4.267119,0.998736,0.977280,1.004535
sweep,short,ldc2,33,128,universal,vector16store,6,9625.000,3.972,1.003380,0.990135,1.022196,4.049885,4.004062,4.170169,1.000000,1.000000,1.000000
sweep,short,ldc2,33,128,universal,cpp-approved-execution,6,2376.613,0.407,4.035249,4.008147,4.242034,1.000000,1.000000,1.000000,4.049885,4.004062,4.170169
sweep,short,ldc2,47,1,contiguous,original,6,23.584,0.621,1.000000,1.000000,1.000000,2.721127,2.718310,2.735211,1.043501,1.036045,1.050672
sweep,short,ldc2,47,1,contiguous,selected64,6,23.633,0.413,0.998965,0.994845,1.003099,2.726761,2.721127,2.732394,1.040806,1.039256,1.049587
sweep,short,ldc2,47,1,contiguous,vector16store,6,24.597,0.993,0.958313,0.951772,0.965209,2.838028,2.833803,2.861972,1.000000,1.000000,1.000000
sweep,short,ldc2,47,1,contiguous,cpp-approved-execution,6,8.667,0.000,2.721127,2.718310,2.735211,1.000000,1.000000,1.000000,2.838028,2.833803,2.861972
sweep,short,ldc2,47,1,negative-both,original,6,39.294,0.932,1.000000,1.000000,1.000000,4.397541,4.382514,4.423497,1.021090,1.013648,1.078019
sweep,short,ldc2,47,1,negative-both,selected64,6,39.197,0.561,1.002495,0.998134,1.007486,4.386612,4.374317,4.398907,1.023312,1.014907,1.086089
sweep,short,ldc2,47,1,negative-both,vector16store,6,40.100,6.758,0.979346,0.927628,0.986536,4.487705,4.453552,4.756831,1.000000,1.000000,1.000000
sweep,short,ldc2,47,1,negative-both,cpp-approved-execution,6,8.936,0.000,4.397541,4.382514,4.423497,1.000000,1.000000,1.000000,4.487705,4.453552,4.756831
sweep,short,ldc2,47,1,negative-source,original,6,39.111,0.437,1.000000,1.000000,1.000000,4.377049,4.374317,4.393443,1.021230,1.013682,1.030606
sweep,short,ldc2,47,1,negative-source,selected64,6,39.124,0.437,1.000623,0.996266,1.005000,4.378415,4.371585,4.390710,1.018727,1.018057,1.030606
sweep,short,ldc2,47,1,negative-source,vector16store,6,39.941,1.222,0.979212,0.970303,0.986503,4.469945,4.453552,4.508197,1.000000,1.000000,1.000000
sweep,short,ldc2,47,1,negative-source,cpp-approved-execution,6,8.936,0.000,4.377049,4.374317,4.393443,1.000000,1.000000,1.000000,4.469945,4.453552,4.508197
sweep,short,ldc2,47,1,padded,original,6,23.596,0.931,1.000000,1.000000,1.000000,2.640710,2.636612,2.661202,1.040912,1.037113,1.046201
sweep,short,ldc2,47,1,padded,selected64,6,23.645,0.826,0.999999,0.995872,1.002075,2.646175,2.633880,2.655738,1.038740,1.037152,1.048354
sweep,short,ldc2,47,1,padded,vector16store,6,24.561,1.392,0.960697,0.955839,0.964215,2.748634,2.745902,2.784153,1.000000,1.000000,1.000000
sweep,short,ldc2,47,1,padded,cpp-approved-execution,6,8.936,0.000,2.640710,2.636612,2.661202,1.000000,1.000000,1.000000,2.748634,2.745902,2.784153
sweep,short,ldc2,47,1,repeated-source,original,6,23.584,1.035,1.000000,1.000000,1.000000,2.639344,2.636612,2.663934,1.043996,1.041451,1.051813
sweep,short,ldc2,47,1,repeated-source,selected64,6,23.706,0.824,0.995878,0.993834,0.998975,2.653005,2.644809,2.666667,1.039649,1.036999,1.048554
sweep,short,ldc2,47,1,repeated-source,vector16store,6,24.658,1.089,0.957858,0.950739,0.960199,2.759563,2.745902,2.775956,1.000000,1.000000,1.000000
sweep,short,ldc2,47,1,repeated-source,cpp-approved-execution,6,8.936,0.000,2.639344,2.636612,2.663934,1.000000,1.000000,1.000000,2.759563,2.745902,2.775956
sweep,short,ldc2,47,1,universal,original,6,149.292,0.883,1.000000,1.000000,1.000000,5.326730,5.278404,5.371829,1.003111,0.994463,1.036182
sweep,short,ldc2,47,1,universal,selected64,6,148.987,0.754,0.999918,0.998369,1.007218,5.313030,5.278404,5.344707,1.003368,1.001640,1.036012
sweep,short,ldc2,47,1,universal,vector16store,6,149.622,3.704,0.996899,0.965081,1.005568,5.331300,5.292281,5.537183,1.000000,1.000000,1.000000
sweep,short,ldc2,47,1,universal,cpp-approved-execution,6,28.076,0.870,5.326730,5.278404,5.371829,1.000000,1.000000,1.000000,5.331300,5.292281,5.537183
sweep,short,ldc2,47,17,contiguous,original,6,114.787,0.797,1.000000,1.000000,1.000000,1.827670,1.825243,1.830918,1.000000,0.994723,1.002660
sweep,short,ldc2,47,17,contiguous,selected64,6,114.787,1.062,1.000000,0.997347,1.002660,1.825665,1.825243,1.835749,0.998684,0.997347,1.002660
sweep,short,ldc2,47,17,contiguous,vector16store,6,114.787,0.797,1.000000,0.997347,1.005305,1.825243,1.821256,1.830918,1.000000,1.000000,1.000000
sweep,short,ldc2,47,17,contiguous,cpp-approved-execution,6,62.805,0.485,1.827670,1.825243,1.830918,1.000000,1.000000,1.000000,1.825243,1.821256,1.830918
sweep,short,ldc2,47,17,negative-both,original,6,365.549,0.500,1.000000,1.000000,1.000000,3.214477,3.209115,3.225201,0.999166,0.998337,1.000835
sweep,short,ldc2,47,17,negative-both,selected64,6,364.939,0.167,1.001671,1.000000,1.004174,3.209115,3.206434,3.211796,1.000835,1.000000,1.002504
sweep,short,ldc2,47,17,negative-both,vector16store,6,365.244,0.334,1.000835,0.999165,1.001665,3.211796,3.209115,3.219839,1.000000,1.000000,1.000000
sweep,short,ldc2,47,17,negative-both,cpp-approved-execution,6,113.720,0.000,3.214477,3.209115,3.225201,1.000000,1.000000,1.000000,3.211796,3.209115,3.219839
sweep,short,ldc2,47,17,negative-source,original,6,366.463,0.250,1.000000,1.000000,1.000000,3.222520,3.219839,3.227882,0.999584,0.998339,1.000832
sweep,short,ldc2,47,17,negative-source,selected64,6,366.463,2.829,1.000832,0.974858,1.002502,3.222520,3.214477,3.305630,1.000001,0.974047,1.002502
sweep,short,ldc2,47,17,negative-source,vector16store,6,366.463,0.250,1.000416,0.999169,1.001664,3.222520,3.217158,3.225201,1.000000,1.000000,1.000000
sweep,short,ldc2,47,17,negative-source,cpp-approved-execution,6,113.720,0.000,3.222520,3.219839,3.227882,1.000000,1.000000,1.000000,3.222520,3.217158,3.225201
sweep,short,ldc2,47,17,padded,original,6,147.866,1.031,1.000000,1.000000,1.000000,1.300268,1.297587,1.305630,1.000000,0.997947,1.002066
sweep,short,ldc2,47,17,padded,selected64,6,148.171,0.823,0.998971,0.995885,1.002058,1.302949,1.300268,1.304000,1.000000,0.997942,1.000000
sweep,short,ldc2,47,17,padded,vector16store,6,147.866,0.825,1.000000,0.997938,1.002058,1.300268,1.300268,1.304000,1.000000,1.000000,1.000000
sweep,short,ldc2,47,17,padded,cpp-approved-execution,6,113.720,0.536,1.300268,1.297587,1.305630,1.000000,1.000000,1.000000,1.300268,1.300268,1.304000
sweep,short,ldc2,47,17,repeated-source,original,6,147.256,0.621,1.000000,1.000000,1.000000,1.294906,1.292225,1.300268,1.003106,1.000000,1.004149
sweep,short,ldc2,47,17,repeated-source,selected64,6,147.561,0.207,0.997934,0.997930,1.002066,1.297587,1.294906,1.297587,1.002066,1.000000,1.002070
sweep,short,ldc2,47,17,repeated-source,vector16store,6,147.713,0.413,0.996905,0.995868,1.000000,1.298928,1.294906,1.300268,1.000000,1.000000,1.000000
sweep,short,ldc2,47,17,repeated-source,cpp-approved-execution,6,113.720,0.000,1.294906,1.292225,1.300268,1.000000,1.000000,1.000000,1.298928,1.294906,1.300268
sweep,short,ldc2,47,17,universal,original,6,1835.976,8.452,1.000000,1.000000,1.000000,4.082712,4.028475,4.373559,0.998339,0.984499,1.020532
sweep,short,ldc2,47,17,universal,selected64,6,1839.482,7.375,1.003560,0.985406,1.004472,4.090508,4.058305,4.360000,1.000414,0.988902,1.005638
sweep,short,ldc2,47,17,universal,vector16store,6,1832.927,8.150,1.001663,0.979881,1.015745,4.075932,4.047458,4.379661,1.000000,1.000000,1.000000
sweep,short,ldc2,47,17,universal,cpp-approved-execution,6,449.695,0.000,4.082712,4.028475,4.373559,1.000000,1.000000,1.000000,4.075932,4.047458,4.379661
sweep,short,ldc2,47,128,contiguous,original,6,762.791,0.915,1.000000,1.000000,1.000000,1.583533,1.569378,1.597087,1.000000,0.996933,1.003049
sweep,short,ldc2,47,128,contiguous,selected64,6,762.791,0.915,1.000000,0.996960,1.000000,1.583533,1.569378,1.597087,1.000000,0.996933,1.003049
sweep,short,ldc2,47,128,contiguous,vector16store,6,762.791,1.220,1.000000,0.996960,1.003077,1.583533,1.574163,1.597087,1.000000,1.000000,1.000000
sweep,short,ldc2,47,128,contiguous,cpp-approved-execution,6,480.233,1.453,1.583533,1.569378,1.597087,1.000000,1.000000,1.000000,1.583533,1.574163,1.597087
sweep,short,ldc2,47,128,negative-both,original,6,2484.884,0.749,1.000000,1.000000,1.000000,2.891749,2.876011,2.902439,1.000935,0.993482,1.013121
sweep,short,ldc2,47,128,negative-both,selected64,6,2486.047,0.842,0.998603,0.995331,1.008451,2.889203,2.870620,2.910569,1.001405,0.994398,1.010280
sweep,short,ldc2,47,128,negative-both,vector16store,6,2487.209,1.496,0.999069,0.987049,1.006560,2.894448,2.876011,2.913747,1.000000,1.000000,1.000000
sweep,short,ldc2,47,128,negative-both,cpp-approved-execution,6,860.465,0.541,2.891749,2.876011,2.902439,1.000000,1.000000,1.000000,2.894448,2.876011,2.913747
sweep,short,ldc2,47,128,negative-source,original,6,2476.744,7.418,1.000000,1.000000,1.000000,2.873315,2.840000,3.031830,0.999062,0.993001,1.000940
sweep,short,ldc2,47,128,negative-source,selected64,6,2475.581,6.764,1.001409,1.000000,1.007048,2.869272,2.840000,3.010610,1.000469,1.000000,1.000940
sweep,short,ldc2,47,128,negative-source,vector16store,6,2477.907,6.757,1.000939,0.999061,1.007048,2.871796,2.842667,3.010610,1.000000,1.000000,1.000000
sweep,short,ldc2,47,128,negative-source,cpp-approved-execution,6,862.791,1.887,2.873315,2.840000,3.031830,1.000000,1.000000,1.000000,2.871796,2.842667,3.010610
sweep,short,ldc2,47,128,padded,original,6,844.186,0.826,1.000000,1.000000,1.000000,0.979817,0.978378,0.986486,1.000000,0.997260,1.000000
sweep,short,ldc2,47,128,padded,selected64,6,843.023,0.828,1.002755,1.000000,1.002770,0.978378,0.975676,0.983784,1.002755,1.000000,1.002770
sweep,short,ldc2,47,128,padded,vector16store,6,844.186,0.826,1.000000,1.000000,1.002747,0.979759,0.975871,0.986486,1.000000,1.000000,1.000000
sweep,short,ldc2,47,128,padded,cpp-approved-execution,6,860.465,0.811,0.979817,0.978378,0.986486,1.000000,1.000000,1.000000,0.979759,0.975871,0.986486
sweep,short,ldc2,47,128,repeated-source,original,6,832.558,1.117,1.000000,1.000000,1.000000,0.972826,0.972752,0.975410,1.001397,0.997199,1.005587
sweep,short,ldc2,47,128,repeated-source,selected64,6,833.721,0.558,0.998607,0.994429,1.002778,0.974185,0.970350,0.978202,0.999996,0.994413,1.002793
sweep,short,ldc2,47,128,repeated-source,vector16store,6,833.721,1.395,0.998607,0.994444,1.002809,0.974261,0.970109,0.978261,1.000000,1.000000,1.000000
sweep,short,ldc2,47,128,repeated-source,cpp-approved-execution,6,855.814,1.359,0.972826,0.972752,0.975410,1.000000,1.000000,1.000000,0.974261,0.970109,0.978261
sweep,short,ldc2,47,128,universal,original,6,13879.070,5.462,1.000000,1.000000,1.000000,4.151657,4.074409,4.298124,0.996706,0.988405,1.055472
sweep,short,ldc2,47,128,universal,selected64,6,13823.256,5.148,1.002458,0.991253,1.013548,4.133519,4.073018,4.282835,0.999641,0.985870,1.069771
sweep,short,ldc2,47,128,universal,vector16store,6,13867.442,7.647,1.003309,0.947443,1.011731,4.148194,4.075800,4.395964,1.000000,1.000000,1.000000
sweep,short,ldc2,47,128,universal,cpp-approved-execution,6,3344.186,0.139,4.151657,4.074409,4.298124,1.000000,1.000000,1.000000,4.148194,4.075800,4.395964
sweep,short,ldc2,63,1,contiguous,original,6,25.183,5.914,1.000000,1.000000,1.000000,2.576441,2.566416,2.719298,1.030644,1.003687,1.034884
sweep,short,ldc2,63,1,contiguous,selected64,6,25.232,3.290,0.997087,0.993217,1.019737,2.585522,2.581454,2.666667,1.025219,1.023496,1.030068
sweep,short,ldc2,63,1,contiguous,vector16store,6,25.903,3.016,0.970268,0.966292,0.996327,2.656679,2.649123,2.729323,1.000000,1.000000,1.000000
sweep,short,ldc2,63,1,contiguous,cpp-approved-execution,6,9.741,0.752,2.576441,2.566416,2.719298,1.000000,1.000000,1.000000,2.656679,2.649123,2.729323
sweep,short,ldc2,63,1,negative-both,original,6,44.751,6.765,1.000000,1.000000,1.000000,4.464720,4.451220,4.753659,1.007933,0.944587,1.016438
sweep,short,ldc2,63,1,negative-both,selected64,6,44.971,0.923,0.992677,0.988679,1.059815,4.492081,4.482927,4.513382,1.002176,0.994609,1.007580
sweep,short,ldc2,63,1,negative-both,vector16store,6,45.032,1.084,0.992132,0.983827,1.058664,4.495122,4.489051,4.527981,1.000000,1.000000,1.000000
sweep,short,ldc2,63,1,negative-both,cpp-approved-execution,6,10.010,0.244,4.464720,4.451220,4.753659,1.000000,1.000000,1.000000,4.495122,4.489051,4.527981
sweep,short,ldc2,63,1,negative-source,original,6,44.641,6.508,1.000000,1.000000,1.000000,4.459756,4.453659,4.743902,1.009847,1.002729,1.062979
sweep,short,ldc2,63,1,negative-source,selected64,6,45.056,0.975,0.992408,0.985984,1.047388,4.501220,4.485366,4.529268,1.001355,0.992453,1.060851
sweep,short,ldc2,63,1,negative-source,vector16store,6,45.068,7.205,0.990256,0.940752,0.997278,4.502439,4.480488,4.804878,1.000000,1.000000,1.000000
sweep,short,ldc2,63,1,negative-source,cpp-approved-execution,6,10.010,0.000,4.459756,4.453659,4.743902,1.000000,1.000000,1.000000,4.502439,4.480488,4.804878
sweep,short,ldc2,63,1,padded,original,6,25.159,1.747,1.000000,1.000000,1.000000,2.513415,2.479419,2.541463,1.029582,1.023992,1.040039
sweep,short,ldc2,63,1,padded,selected64,6,25.317,0.771,0.995649,0.986513,1.002887,2.521951,2.513317,2.534146,1.026493,1.021215,1.027158
sweep,short,ldc2,63,1,padded,vector16store,6,25.916,0.754,0.971270,0.961502,0.976570,2.582927,2.578692,2.602439,1.000000,1.000000,1.000000
sweep,short,ldc2,63,1,padded,cpp-approved-execution,6,10.010,0.732,2.513415,2.479419,2.541463,1.000000,1.000000,1.000000,2.582927,2.578692,2.602439
sweep,short,ldc2,63,1,repeated-source,original,6,25.134,2.623,1.000000,1.000000,1.000000,2.510976,2.492683,2.558537,1.031558,1.017159,1.037182
sweep,short,ldc2,63,1,repeated-source,selected64,6,25.269,1.256,0.993727,0.990310,1.003828,2.524390,2.517073,2.548780,1.025617,1.018304,1.028046
sweep,short,ldc2,63,1,repeated-source,vector16store,6,25.903,0.943,0.969413,0.964151,0.983130,2.587805,2.578049,2.602439,1.000000,1.000000,1.000000
sweep,short,ldc2,63,1,repeated-source,cpp-approved-execution,6,10.010,0.000,2.510976,2.492683,2.558537,1.000000,1.000000,1.000000,2.587805,2.578049,2.602439
sweep,short,ldc2,63,1,universal,original,6,184.314,2.384,1.000000,1.000000,1.000000,5.024692,4.990053,5.109416,1.003713,0.986372,1.013554
sweep,short,ldc2,63,1,universal,selected64,6,184.668,2.671,1.002194,0.976684,1.017968,5.045758,4.985411,5.119363,1.003977,0.984974,1.018918
sweep,short,ldc2,63,1,universal,vector16store,6,185.376,2.081,0.996302,0.986627,1.013816,5.041114,5.002653,5.144957,1.000000,1.000000,1.000000
sweep,short,ldc2,63,1,universal,cpp-approved-execution,6,36.816,0.729,5.024692,4.990053,5.109416,1.000000,1.000000,1.000000,5.041114,5.002653,5.144957
sweep,short,ldc2,63,17,contiguous,original,6,132.787,0.617,1.000000,1.000000,1.000000,1.488532,1.486239,1.495413,1.003086,1.003067,1.003086
sweep,short,ldc2,63,17,contiguous,selected64,6,132.787,0.617,1.000000,1.000000,1.000000,1.488532,1.486239,1.495413,1.003086,1.003067,1.003086
sweep,short,ldc2,63,17,contiguous,vector16store,6,133.197,0.615,0.996923,0.996923,0.996942,1.493119,1.490826,1.500000,1.000000,1.000000,1.000000
sweep,short,ldc2,63,17,contiguous,cpp-approved-execution,6,89.344,0.459,1.488532,1.486239,1.495413,1.000000,1.000000,1.000000,1.493119,1.490826,1.500000
sweep,short,ldc2,63,17,negative-both,original,6,478.279,0.171,1.000000,1.000000,1.000000,3.547112,3.544073,3.550152,0.999572,0.999143,1.002573
sweep,short,ldc2,63,17,negative-both,selected64,6,478.484,0.257,0.999572,0.998289,1.000000,3.548632,3.544073,3.553191,0.999143,0.997434,1.002573
sweep,short,ldc2,63,17,negative-both,vector16store,6,478.074,0.257,1.000429,0.997434,1.000858,3.545593,3.544073,3.553191,1.000000,1.000000,1.000000
sweep,short,ldc2,63,17,negative-both,cpp-approved-execution,6,134.836,0.000,3.547112,3.544073,3.550152,1.000000,1.000000,1.000000,3.545593,3.544073,3.553191
sweep,short,ldc2,63,17,negative-source,original,6,483.197,1.018,1.000000,1.000000,1.000000,3.547502,3.545181,3.567976,1.000000,0.999145,1.000847
sweep,short,ldc2,63,17,negative-source,selected64,6,482.787,1.188,1.000425,0.998309,1.001695,3.544499,3.542169,3.567976,1.000000,0.998309,1.002542
sweep,short,ldc2,63,17,negative-source,vector16store,6,482.992,1.188,1.000000,0.999154,1.000855,3.549004,3.542169,3.570997,1.000000,1.000000,1.000000
sweep,short,ldc2,63,17,negative-source,cpp-approved-execution,6,135.861,0.905,3.547502,3.545181,3.567976,1.000000,1.000000,1.000000,3.549004,3.542169,3.570997
sweep,short,ldc2,63,17,padded,original,6,171.926,10.489,1.000000,1.000000,1.000000,1.282339,1.278287,1.284404,1.001193,0.997613,1.006494
sweep,short,ldc2,63,17,padded,selected64,6,171.721,10.263,1.000000,0.997613,1.002387,1.281346,1.281346,1.284404,1.002387,0.997613,1.006494
sweep,short,ldc2,63,17,padded,vector16store,6,172.131,11.190,0.998810,0.993548,1.002392,1.284404,1.278287,1.291667,1.000000,1.000000,1.000000
sweep,short,ldc2,63,17,padded,cpp-approved-execution,6,134.016,10.092,1.282339,1.278287,1.284404,1.000000,1.000000,1.000000,1.284404,1.278287,1.291667
sweep,short,ldc2,63,17,repeated-source,original,6,170.492,0.962,1.000000,1.000000,1.000000,1.272589,1.269113,1.285276,1.001193,0.997596,1.004808
sweep,short,ldc2,63,17,repeated-source,selected64,6,170.082,1.205,1.001205,0.997619,1.002410,1.271060,1.269113,1.288344,1.001205,1.000000,1.007229
sweep,short,ldc2,63,17,repeated-source,vector16store,6,170.492,1.202,0.998810,0.995215,1.002410,1.274540,1.269113,1.288344,1.000000,1.000000,1.000000
sweep,short,ldc2,63,17,repeated-source,cpp-approved-execution,6,133.811,0.306,1.272589,1.269113,1.285276,1.000000,1.000000,1.000000,1.274540,1.269113,1.288344
sweep,short,ldc2,63,17,universal,original,6,2447.131,3.350,1.000000,1.000000,1.000000,4.099550,4.067215,4.207275,0.997325,0.964437,1.010455
sweep,short,ldc2,63,17,universal,selected64,6,2452.459,2.958,0.998998,0.980691,1.006073,4.105664,4.072752,4.197115,0.997169,0.970294,1.003685
sweep,short,ldc2,63,17,universal,vector16store,6,2441.803,1.343,1.002686,0.989653,1.036874,4.090628,4.057653,4.109739,1.000000,1.000000,1.000000
sweep,short,ldc2,63,17,universal,cpp-approved-execution,6,597.131,0.137,4.099550,4.067215,4.207275,1.000000,1.000000,1.000000,4.090628,4.057653,4.109739
sweep,short,ldc2,63,128,contiguous,original,6,929.688,1.008,1.000000,1.000000,1.000000,1.397644,1.386047,1.405660,1.000000,0.996644,1.000000
sweep,short,ldc2,63,128,contiguous,selected64,6,929.688,1.008,1.000000,1.000000,1.000000,1.397644,1.386047,1.405660,1.000000,0.996644,1.000000
sweep,short,ldc2,63,128,contiguous,vector16store,6,928.125,1.010,1.000000,1.000000,1.003367,1.397644,1.386047,1.400943,1.000000,1.000000,1.000000
sweep,short,ldc2,63,128,contiguous,cpp-approved-execution,6,662.500,1.415,1.397644,1.386047,1.405660,1.000000,1.000000,1.000000,1.397644,1.386047,1.400943
sweep,short,ldc2,63,128,negative-both,original,6,3306.250,0.945,1.000000,1.000000,1.000000,3.254217,3.242331,3.258462,1.000473,0.999055,1.000946
sweep,short,ldc2,63,128,negative-both,selected64,6,3304.688,0.757,1.000000,1.000000,1.001878,3.252308,3.242331,3.258462,1.000946,0.999056,1.001878
sweep,short,ldc2,63,128,negative-both,vector16store,6,3306.250,0.945,0.999528,0.999055,1.000946,3.254217,3.245399,3.258462,1.000000,1.000000,1.000000
sweep,short,ldc2,63,128,negative-both,cpp-approved-execution,6,1015.625,0.923,3.254217,3.242331,3.258462,1.000000,1.000000,1.000000,3.254217,3.245399,3.258462
sweep,short,ldc2,63,128,negative-source,original,6,3310.938,0.661,1.000000,1.000000,1.000000,3.295950,3.291925,3.299065,1.000472,0.999057,1.000945
sweep,short,ldc2,63,128,negative-source,selected64,6,3310.938,0.661,1.000000,0.998113,1.000945,3.295950,3.288820,3.302181,1.000472,0.999057,1.001890
sweep,short,ldc2,63,128,negative-source,vector16store,6,3310.938,0.566,0.999528,0.999056,1.000944,3.298140,3.288820,3.302181,1.000000,1.000000,1.000000
sweep,short,ldc2,63,128,negative-source,cpp-approved-execution,6,1004.688,0.622,3.295950,3.291925,3.299065,1.000000,1.000000,1.000000,3.298140,3.288820,3.302181
sweep,short,ldc2,63,128,padded,original,6,1006.250,0.621,1.000000,1.000000,1.000000,1.000000,0.996904,1.003115,1.000000,0.996894,1.000000
sweep,short,ldc2,63,128,padded,selected64,6,1003.125,0.623,1.003110,1.000000,1.006250,0.996899,0.993808,1.000000,1.001558,1.000000,1.003125
sweep,short,ldc2,63,128,padded,vector16store,6,1004.688,0.311,1.000000,1.000000,1.003115,1.000000,0.996904,1.000000,1.000000,1.000000,1.000000
sweep,short,ldc2,63,128,padded,cpp-approved-execution,6,1004.688,0.622,1.000000,0.996904,1.003115,1.000000,1.000000,1.000000,1.000000,0.996904,1.000000
sweep,short,ldc2,63,128,repeated-source,original,6,984.375,0.635,1.000000,1.000000,1.000000,0.984375,0.981424,0.987500,1.000000,1.000000,1.003155
sweep,short,ldc2,63,128,repeated-source,selected64,6,984.375,0.635,1.000000,0.996835,1.003175,0.984375,0.981424,0.987500,1.000000,0.996835,1.003175
sweep,short,ldc2,63,128,repeated-source,vector16store,6,984.375,0.952,1.000000,0.996855,1.000000,0.984375,0.984375,0.987500,1.000000,1.000000,1.000000
sweep,short,ldc2,63,128,repeated-source,cpp-approved-execution,6,1000.000,0.938,0.984375,0.981424,0.987500,1.000000,1.000000,1.000000,0.984375,0.984375,0.987500
sweep,short,ldc2,63,128,universal,original,6,18448.438,6.555,1.000000,1.000000,1.000000,4.098100,3.916397,4.342897,0.997611,0.951183,1.008398
sweep,short,ldc2,63,128,universal,selected64,6,18525.000,4.504,1.002573,0.990102,1.023079,4.121681,3.869086,4.244927,0.999576,0.962814,1.002473
sweep,short,ldc2,63,128,universal,vector16store,6,18393.750,5.657,1.002395,0.991672,1.051322,4.110336,3.725211,4.255423,1.000000,1.000000,1.000000
sweep,short,ldc2,63,128,universal,cpp-approved-execution,6,4468.750,7.972,4.098100,3.916397,4.342897,1.000000,1.000000,1.000000,4.110336,3.725211,4.255423
sweep,short,ldc2,64,1,contiguous,original,6,23.352,1.568,1.000000,1.000000,1.000000,3.253401,3.221088,3.272109,1.035470,1.032225,1.042239
sweep,short,ldc2,64,1,contiguous,selected64,6,23.303,0.943,1.001571,0.997893,1.007330,3.246599,3.227891,3.258503,1.038215,1.035565,1.040042
sweep,short,ldc2,64,1,contiguous,vector16store,6,24.158,0.910,0.965746,0.959473,0.968781,3.365646,3.357143,3.387755,1.000000,1.000000,1.000000
sweep,short,ldc2,64,1,contiguous,cpp-approved-execution,6,7.178,0.000,3.253401,3.221088,3.272109,1.000000,1.000000,1.000000,3.365646,3.357143,3.387755
sweep,short,ldc2,64,1,negative-both,original,6,44.641,7.110,1.000000,1.000000,1.000000,5.890509,5.848387,6.247588,1.002187,0.931549,1.067834
sweep,short,ldc2,64,1,negative-both,selected64,6,44.702,1.256,0.995365,0.989177,1.061169,5.887460,5.874598,5.961290,0.998634,0.988531,1.056277
sweep,short,ldc2,64,1,negative-both,vector16store,6,44.580,7.777,0.997823,0.936475,1.073481,5.880832,5.819936,6.296774,1.000000,1.000000,1.000000
sweep,short,ldc2,64,1,negative-both,cpp-approved-execution,6,7.581,0.322,5.890509,5.848387,6.247588,1.000000,1.000000,1.000000,5.880832,5.819936,6.296774
sweep,short,ldc2,64,1,negative-source,original,6,44.507,1.097,1.000000,1.000000,1.000000,5.871180,5.836013,5.919355,0.996184,0.994521,1.012121
sweep,short,ldc2,64,1,negative-source,selected64,6,44.714,0.983,0.996730,0.985893,1.000000,5.904839,5.868167,5.938710,0.994005,0.991309,1.004923
sweep,short,ldc2,64,1,negative-source,vector16store,6,44.617,1.368,1.003832,0.988024,1.005510,5.887278,5.836013,5.906752,1.000000,1.000000,1.000000
sweep,short,ldc2,64,1,negative-source,cpp-approved-execution,6,7.581,0.322,5.871180,5.836013,5.919355,1.000000,1.000000,1.000000,5.887278,5.836013,5.906752
sweep,short,ldc2,64,1,padded,original,6,23.206,1.683,1.000000,1.000000,1.000000,3.059677,3.051282,3.096463,1.040525,1.032393,1.043295
sweep,short,ldc2,64,1,padded,selected64,6,23.230,1.787,0.997895,0.994753,1.002105,3.067628,3.044872,3.109325,1.037314,1.029990,1.043158
sweep,short,ldc2,64,1,padded,vector16store,6,24.133,1.012,0.961053,0.958502,0.968623,3.183871,3.176282,3.202572,1.000000,1.000000,1.000000
sweep,short,ldc2,64,1,padded,cpp-approved-execution,6,7.581,0.644,3.059677,3.051282,3.096463,1.000000,1.000000,1.000000,3.183871,3.176282,3.202572
sweep,short,ldc2,64,1,repeated-source,original,6,23.413,1.668,1.000000,1.000000,1.000000,3.088431,3.054839,3.100000,1.036636,1.032191,1.042664
sweep,short,ldc2,64,1,repeated-source,selected64,6,23.364,0.940,1.001049,0.992662,1.006270,3.082258,3.064516,3.093548,1.037579,1.034591,1.045929
sweep,short,ldc2,64,1,repeated-source,vector16store,6,24.231,1.511,0.964660,0.959082,0.968813,3.191336,3.183871,3.232258,1.000000,1.000000,1.000000
sweep,short,ldc2,64,1,repeated-source,cpp-approved-execution,6,7.568,0.645,3.088431,3.054839,3.100000,1.000000,1.000000,1.000000,3.191336,3.183871,3.232258
sweep,short,ldc2,64,1,universal,original,6,186.890,4.455,1.000000,1.000000,1.000000,5.001961,4.835358,5.066013,1.008183,0.989163,1.018011
sweep,short,ldc2,64,1,universal,selected64,6,187.952,4.053,0.998368,0.985894,1.013733,5.008497,4.834751,5.089533,1.001504,0.991329,1.018809
sweep,short,ldc2,64,1,universal,vector16store,6,188.025,5.570,0.991890,0.982308,1.010956,5.012745,4.914338,5.098039,1.000000,1.000000,1.000000
sweep,short,ldc2,64,1,universal,cpp-approved-execution,6,37.354,8.301,5.001961,4.835358,5.066013,1.000000,1.000000,1.000000,5.012745,4.914338,5.098039
sweep,short,ldc2,64,17,contiguous,original,6,114.792,1.089,1.000000,1.000000,1.000000,1.319811,1.315789,1.323810,1.001818,1.000000,1.003636
sweep,short,ldc2,64,17,contiguous,selected64,6,114.792,1.452,1.000000,1.000000,1.003650,1.319811,1.311005,1.323810,1.001818,1.000000,1.007299
sweep,short,ldc2,64,17,contiguous,vector16store,6,115.000,0.725,0.998188,0.996377,1.000000,1.320574,1.319048,1.326923,1.000000,1.000000,1.000000
sweep,short,ldc2,64,17,contiguous,cpp-approved-execution,6,87.083,0.957,1.319811,1.315789,1.323810,1.000000,1.000000,1.000000,1.320574,1.319048,1.326923
sweep,short,ldc2,64,17,negative-both,original,6,479.167,0.957,1.000000,1.000000,1.000000,5.099813,4.931915,5.129464,1.000000,0.999131,1.009491
sweep,short,ldc2,64,17,negative-both,selected64,6,479.167,1.043,1.000000,0.999130,1.000871,5.095379,4.936170,5.133929,1.000431,0.999130,1.008621
sweep,short,ldc2,64,17,negative-both,vector16store,6,478.958,1.827,1.000000,0.990598,1.000870,5.097591,4.961538,5.129464,1.000000,1.000000,1.000000
sweep,short,ldc2,64,17,negative-both,cpp-approved-execution,6,93.958,4.878,5.099813,4.931915,5.129464,1.000000,1.000000,1.000000,5.097591,4.961538,5.129464
sweep,short,ldc2,64,17,negative-source,original,6,479.792,0.955,1.000000,1.000000,1.000000,5.122510,4.915254,5.142857,1.000862,0.999131,1.001741
sweep,short,ldc2,64,17,negative-source,selected64,6,479.583,0.869,0.999569,0.998262,1.000869,5.126974,4.919492,5.138393,1.000000,0.999131,1.000862
sweep,short,ldc2,64,17,negative-source,vector16store,6,479.583,0.956,0.999139,0.998262,1.000870,5.124752,4.919492,5.138393,1.000000,1.000000,1.000000
sweep,short,ldc2,64,17,negative-source,cpp-approved-execution,6,93.542,5.345,5.122510,4.915254,5.142857,1.000000,1.000000,1.000000,5.124752,4.919492,5.138393
sweep,short,ldc2,64,17,padded,original,6,143.958,1.158,1.000000,1.000000,1.000000,1.524336,1.517544,1.539823,1.002903,0.997110,1.011628
sweep,short,ldc2,64,17,padded,selected64,6,144.375,1.443,0.995702,0.991354,1.002899,1.528761,1.521930,1.548673,1.001441,0.994236,1.005780
sweep,short,ldc2,64,17,padded,vector16store,6,144.583,0.865,0.997106,0.988506,1.002899,1.528761,1.526316,1.539823,1.000000,1.000000,1.000000
sweep,short,ldc2,64,17,padded,cpp-approved-execution,6,94.167,0.885,1.524336,1.517544,1.539823,1.000000,1.000000,1.000000,1.528761,1.526316,1.539823
sweep,short,ldc2,64,17,repeated-source,original,6,143.542,0.871,1.000000,1.000000,1.000000,1.537946,1.535714,1.542222,1.004356,1.000000,1.008721
sweep,short,ldc2,64,17,repeated-source,selected64,6,143.542,1.451,0.998551,0.994269,1.002907,1.537946,1.535714,1.551111,1.002903,0.997135,1.008721
sweep,short,ldc2,64,17,repeated-source,vector16store,6,144.167,0.867,0.995665,0.991354,1.000000,1.544643,1.540179,1.549107,1.000000,1.000000,1.000000
sweep,short,ldc2,64,17,repeated-source,cpp-approved-execution,6,93.333,0.446,1.537946,1.535714,1.542222,1.000000,1.000000,1.000000,1.544643,1.540179,1.549107
sweep,short,ldc2,64,17,universal,original,6,2482.292,7.134,1.000000,1.000000,1.000000,4.094502,4.079038,4.371134,1.002687,0.991824,1.015333
sweep,short,ldc2,64,17,universal,selected64,6,2485.208,8.484,0.999667,0.983642,1.012108,4.099313,4.030241,4.378007,0.999927,0.990267,1.027626
sweep,short,ldc2,64,17,universal,vector16store,6,2497.292,5.990,0.997323,0.984899,1.008244,4.117826,4.088660,4.335395,1.000000,1.000000,1.000000
sweep,short,ldc2,64,17,universal,cpp-approved-execution,6,606.250,0.069,4.094502,4.079038,4.371134,1.000000,1.000000,1.000000,4.117826,4.088660,4.335395
sweep,short,ldc2,64,128,contiguous,original,6,765.625,1.633,1.000000,1.000000,1.000000,1.129032,1.118721,1.148148,1.004057,1.000000,1.004082
sweep,short,ldc2,64,128,contiguous,selected64,6,767.188,1.629,1.000000,0.995935,1.000000,1.129331,1.118721,1.148148,1.002016,1.000000,1.004082
sweep,short,ldc2,64,128,contiguous,vector16store,6,768.750,2.033,0.995959,0.995935,1.000000,1.131635,1.123288,1.152778,1.000000,1.000000,1.000000
sweep,short,ldc2,64,128,contiguous,cpp-approved-execution,6,678.125,1.843,1.129032,1.118721,1.148148,1.000000,1.000000,1.000000,1.131635,1.123288,1.152778
sweep,short,ldc2,64,128,negative-both,original,6,3345.312,1.588,1.000000,1.000000,1.000000,4.512658,4.425620,4.555085,1.000000,0.998158,1.001871
sweep,short,ldc2,64,128,negative-both,selected64,6,3346.875,1.494,0.999534,0.998143,1.001873,4.510549,4.429752,4.563559,1.000467,0.998143,1.001873
sweep,short,ldc2,64,128,negative-both,vector16store,6,3346.875,1.307,1.000000,0.998133,1.001845,4.516878,4.425620,4.555085,1.000000,1.000000,1.000000
sweep,short,ldc2,64,128,negative-both,cpp-approved-execution,6,740.625,2.532,4.512658,4.425620,4.555085,1.000000,1.000000,1.000000,4.516878,4.425620,4.555085
sweep,short,ldc2,64,128,negative-source,original,6,3337.500,0.375,1.000000,1.000000,1.000000,4.436592,4.431535,4.450000,1.000000,1.000000,1.001878
sweep,short,ldc2,64,128,negative-source,selected64,6,3337.500,0.281,1.000000,0.998127,1.000000,4.438676,4.431535,4.450000,1.000000,0.998127,1.000938
sweep,short,ldc2,64,128,negative-source,vector16store,6,3337.500,0.281,1.000000,0.998126,1.000000,4.438676,4.431535,4.450000,1.000000,1.000000,1.000000
sweep,short,ldc2,64,128,negative-source,cpp-approved-execution,6,751.562,0.416,4.436592,4.431535,4.450000,1.000000,1.000000,1.000000,4.438676,4.431535,4.450000
sweep,short,ldc2,64,128,padded,original,6,820.312,1.143,1.000000,1.000000,1.000000,1.100840,1.100000,1.108787,1.000000,1.000000,1.003802
sweep,short,ldc2,64,128,padded,selected64,6,818.750,1.527,1.000000,1.000000,1.003831,1.100840,1.096639,1.108787,1.000000,1.000000,1.007634
sweep,short,ldc2,64,128,padded,vector16store,6,821.875,1.141,1.000000,0.996212,1.000000,1.100840,1.100000,1.109244,1.000000,1.000000,1.000000
sweep,short,ldc2,64,128,padded,cpp-approved-execution,6,743.750,0.840,1.100840,1.100000,1.108787,1.000000,1.000000,1.000000,1.100840,1.100000,1.109244
sweep,short,ldc2,64,128,repeated-source,original,6,804.688,1.553,1.000000,1.000000,1.000000,1.111596,1.098291,1.116883,1.000000,0.996124,1.003891
sweep,short,ldc2,64,128,repeated-source,selected64,6,803.125,1.556,1.000000,1.000000,1.003891,1.111354,1.098291,1.112554,1.001938,0.996169,1.003891
sweep,short,ldc2,64,128,repeated-source,vector16store,6,806.250,1.163,1.000000,0.996124,1.003891,1.112312,1.102564,1.116379,1.000000,1.000000,1.000000
sweep,short,ldc2,64,128,repeated-source,cpp-approved-execution,6,725.000,1.724,1.111596,1.098291,1.116883,1.000000,1.000000,1.000000,1.112312,1.102564,1.116379
sweep,short,ldc2,64,128,universal,original,6,18860.938,1.707,1.000000,1.000000,1.000000,4.158448,4.115093,4.186079,0.999422,0.992806,1.010406
sweep,short,ldc2,64,128,universal,selected64,6,18867.188,2.037,0.998750,0.991161,1.003635,4.162355,4.131125,4.204405,0.998108,0.991313,1.010573
sweep,short,ldc2,64,128,universal,vector16store,6,18881.250,3.029,1.000578,0.989701,1.007246,4.165454,4.095238,4.215713,1.000000,1.000000,1.000000
sweep,short,ldc2,64,128,universal,cpp-approved-execution,6,4534.375,0.276,4.158448,4.115093,4.186079,1.000000,1.000000,1.000000,4.165454,4.095238,4.215713
sweep,short,ldc2,65,1,contiguous,original,6,23.611,0.525,1.000000,1.000000,1.000000,3.012658,3.003155,3.015823,1.046219,1.040795,1.048319
sweep,short,ldc2,65,1,contiguous,selected64,6,23.723,0.627,0.995819,0.992701,1.000000,3.022122,3.015773,3.034810,1.041819,1.039625,1.043022
sweep,short,ldc2,65,1,contiguous,vector16store,6,24.702,0.402,0.955823,0.953908,0.960804,3.148500,3.138801,3.155063,1.000000,1.000000,1.000000
sweep,short,ldc2,65,1,contiguous,cpp-approved-execution,6,7.837,0.316,3.012658,3.003155,3.015823,1.000000,1.000000,1.000000,3.148500,3.138801,3.155063
sweep,short,ldc2,65,1,negative-both,original,6,45.375,2.350,1.000000,1.000000,1.000000,5.586266,5.542683,5.691131,1.003268,0.976357,1.014819
sweep,short,ldc2,65,1,negative-both,selected64,6,45.325,0.930,1.003020,0.993443,1.012514,5.574038,5.551829,5.620795,1.008211,0.988575,1.015376
sweep,short,ldc2,65,1,negative-both,vector16store,6,45.610,1.849,0.996745,0.985398,1.024216,5.609756,5.551829,5.660550,1.000000,1.000000,1.000000
sweep,short,ldc2,65,1,negative-both,cpp-approved-execution,6,8.123,0.305,5.586266,5.542683,5.691131,1.000000,1.000000,1.000000,5.609756,5.551829,5.660550
sweep,short,ldc2,65,1,negative-source,original,6,45.362,1.312,1.000000,1.000000,1.000000,5.589921,5.556575,5.611621,1.004665,0.995640,1.102118
sweep,short,ldc2,65,1,negative-source,selected64,6,45.325,1.915,0.999728,0.990850,1.003840,5.584098,5.567073,5.647416,1.003561,0.998907,1.092034
sweep,short,ldc2,65,1,negative-source,vector16store,6,45.437,11.081,0.995357,0.907344,1.004379,5.593888,5.584098,6.167173,1.000000,1.000000,1.000000
sweep,short,ldc2,65,1,negative-source,cpp-approved-execution,6,8.110,0.612,5.589921,5.556575,5.611621,1.000000,1.000000,1.000000,5.593888,5.584098,6.167173
sweep,short,ldc2,65,1,padded,original,6,23.760,0.731,1.000000,1.000000,1.000000,2.929664,2.905488,2.935780,1.039770,1.035417,1.042797
sweep,short,ldc2,65,1,padded,selected64,6,23.772,0.939,0.996870,0.993743,1.001045,2.928135,2.923780,2.954128,1.035974,1.028986,1.043887
sweep,short,ldc2,65,1,padded,vector16store,6,24.678,0.804,0.961751,0.958959,0.965795,3.042813,3.021341,3.055046,1.000000,1.000000,1.000000
sweep,short,ldc2,65,1,padded,cpp-approved-execution,6,8.110,0.306,2.929664,2.905488,2.935780,1.000000,1.000000,1.000000,3.042813,3.021341,3.055046
sweep,short,ldc2,65,1,repeated-source,original,6,23.698,1.779,1.000000,1.000000,1.000000,2.922018,2.908257,2.960245,1.041108,1.033058,1.042061
sweep,short,ldc2,65,1,repeated-source,selected64,6,23.760,0.731,0.997390,0.991667,1.010438,2.929664,2.923547,2.944954,1.037617,1.033333,1.044652
sweep,short,ldc2,65,1,repeated-source,vector16store,6,24.640,1.610,0.960516,0.959637,0.968000,3.038226,3.027523,3.076453,1.000000,1.000000,1.000000
sweep,short,ldc2,65,1,repeated-source,cpp-approved-execution,6,8.110,0.000,2.922018,2.908257,2.960245,1.000000,1.000000,1.000000,3.038226,3.027523,3.076453
sweep,short,ldc2,65,1,universal,original,6,190.278,3.193,1.000000,1.000000,1.000000,5.029777,4.975131,5.135471,0.997067,0.989678,1.029823
sweep,short,ldc2,65,1,universal,selected64,6,190.055,2.258,1.006426,0.988043,1.009260,5.018979,4.975131,5.088351,0.998505,0.991812,1.035649
sweep,short,ldc2,65,1,universal,vector16store,6,189.720,3.177,1.002944,0.971040,1.010430,5.022682,4.993455,5.152487,1.000000,1.000000,1.000000
sweep,short,ldc2,65,1,universal,cpp-approved-execution,6,37.897,0.654,5.029777,4.975131,5.135471,1.000000,1.000000,1.000000,5.022682,4.993455,5.152487
sweep,short,ldc2,65,17,contiguous,original,6,120.042,23.199,1.000000,1.000000,1.000000,1.364510,1.272727,1.373206,1.000000,0.996491,1.002857
sweep,short,ldc2,65,17,contiguous,selected64,6,120.675,23.427,0.998575,0.993031,1.000000,1.367788,1.276364,1.373206,0.998258,0.989547,1.000000
sweep,short,ldc2,65,17,contiguous,vector16store,6,119.831,23.592,1.000000,0.997151,1.003521,1.362118,1.276364,1.368421,1.000000,1.000000,1.000000
sweep,short,ldc2,65,17,contiguous,cpp-approved-execution,6,88.186,32.057,1.364510,1.272727,1.373206,1.000000,1.000000,1.000000,1.362118,1.276364,1.368421
sweep,short,ldc2,65,17,negative-both,original,6,486.498,0.087,1.000000,1.000000,1.000000,4.822176,4.764463,4.824268,0.999133,0.998265,1.000867
sweep,short,ldc2,65,17,negative-both,selected64,6,486.076,0.087,1.000868,1.000000,1.001738,4.817992,4.760331,4.820084,1.000000,0.999132,1.001736
sweep,short,ldc2,65,17,negative-both,vector16store,6,486.076,0.260,1.000868,0.999133,1.001738,4.815900,4.768595,4.824268,1.000000,1.000000,1.000000
sweep,short,ldc2,65,17,negative-both,cpp-approved-execution,6,100.844,1.255,4.822176,4.764463,4.824268,1.000000,1.000000,1.000000,4.815900,4.768595,4.824268
sweep,short,ldc2,65,17,negative-source,original,6,486.709,0.780,1.000000,1.000000,1.000000,4.727459,4.702041,4.764463,0.999567,0.999133,1.000867
sweep,short,ldc2,65,17,negative-source,selected64,6,486.287,0.781,1.000867,1.000000,1.001736,4.721311,4.697959,4.764463,1.000865,0.999133,1.001736
sweep,short,ldc2,65,17,negative-source,vector16store,6,486.709,0.780,1.000433,0.999133,1.000868,4.727459,4.702041,4.760331,1.000000,1.000000,1.000000
sweep,short,ldc2,65,17,negative-source,cpp-approved-execution,6,102.954,1.639,4.727459,4.702041,4.764463,1.000000,1.000000,1.000000,4.727459,4.702041,4.760331
sweep,short,ldc2,65,17,padded,original,6,152.321,0.554,1.000000,1.000000,1.000000,1.495851,1.485597,1.504167,1.002770,1.000000,1.005571
sweep,short,ldc2,65,17,padded,selected64,6,152.110,0.832,1.000000,0.994490,1.002778,1.493776,1.485597,1.512500,1.002774,0.997245,1.005556
sweep,short,ldc2,65,17,padded,vector16store,6,152.743,0.276,0.997238,0.994460,1.000000,1.500000,1.489712,1.508333,1.000000,1.000000,1.000000
sweep,short,ldc2,65,17,padded,cpp-approved-execution,6,101.688,1.245,1.495851,1.485597,1.504167,1.000000,1.000000,1.000000,1.500000,1.489712,1.508333
sweep,short,ldc2,65,17,repeated-source,original,6,150.633,0.560,1.000000,1.000000,1.000000,1.463115,1.459016,1.473251,1.005594,1.000000,1.008403
sweep,short,ldc2,65,17,repeated-source,selected64,6,150.422,0.561,1.002801,0.997207,1.002809,1.461066,1.459016,1.469136,1.004213,1.002793,1.011236
sweep,short,ldc2,65,17,repeated-source,vector16store,6,151.266,0.837,0.994437,0.991667,1.000000,1.472281,1.463115,1.475410,1.000000,1.000000,1.000000
sweep,short,ldc2,65,17,repeated-source,cpp-approved-execution,6,102.954,0.410,1.463115,1.459016,1.473251,1.000000,1.000000,1.000000,1.472281,1.463115,1.475410
sweep,short,ldc2,65,17,universal,original,6,2540.084,9.585,1.000000,1.000000,1.000000,3.781309,3.739590,4.509253,0.998296,0.994224,1.000665
sweep,short,ldc2,65,17,universal,selected64,6,2569.198,9.410,0.997576,0.982522,1.015905,3.813415,3.749528,4.479424,0.994814,0.981869,1.010037
sweep,short,ldc2,65,17,universal,vector16store,6,2538.397,9.192,1.001707,0.999336,1.005810,3.775645,3.742076,4.483208,1.000000,1.000000,1.000000
sweep,short,ldc2,65,17,universal,cpp-approved-execution,6,670.464,9.503,3.781309,3.739590,4.509253,1.000000,1.000000,1.000000,3.775645,3.742076,4.483208
sweep,short,ldc2,65,128,contiguous,original,6,804.839,0.802,1.000000,1.000000,1.000000,1.163555,1.153488,1.173709,1.000000,0.995968,1.000000
sweep,short,ldc2,65,128,contiguous,selected64,6,806.452,1.200,1.000000,0.996000,1.004049,1.162791,1.153488,1.173709,1.000000,0.996000,1.000000
sweep,short,ldc2,65,128,contiguous,vector16store,6,803.226,1.205,1.000000,1.000000,1.004049,1.162791,1.153488,1.169014,1.000000,1.000000,1.000000
sweep,short,ldc2,65,128,contiguous,cpp-approved-execution,6,690.323,0.935,1.163555,1.153488,1.173709,1.000000,1.000000,1.000000,1.162791,1.153488,1.169014
sweep,short,ldc2,65,128,negative-both,original,6,3408.065,0.568,1.000000,1.000000,1.000000,4.323770,4.287449,4.336066,0.999054,0.996219,1.003799
sweep,short,ldc2,65,128,negative-both,selected64,6,3403.226,0.379,1.000947,0.998104,1.002844,4.321721,4.283401,4.331967,1.000474,0.997162,1.001896
sweep,short,ldc2,65,128,negative-both,vector16store,6,3404.839,0.379,1.000947,0.996216,1.003795,4.319672,4.283401,4.327869,1.000000,1.000000,1.000000
sweep,short,ldc2,65,128,negative-both,cpp-approved-execution,6,787.097,1.230,4.323770,4.287449,4.336066,1.000000,1.000000,1.000000,4.319672,4.283401,4.327869
sweep,short,ldc2,65,128,negative-source,original,6,3396.774,0.475,1.000000,1.000000,1.000000,4.318281,4.280488,4.323770,1.001427,0.997156,1.008547
sweep,short,ldc2,65,128,negative-source,selected64,6,3395.161,0.285,1.000950,0.999049,1.002852,4.313525,4.284553,4.325103,1.001425,1.000000,1.008547
sweep,short,ldc2,65,128,negative-source,vector16store,6,3400.000,0.949,0.998575,0.991525,1.002852,4.315574,4.292683,4.352459,1.000000,1.000000,1.000000
sweep,short,ldc2,65,128,negative-source,cpp-approved-execution,6,787.097,1.230,4.318281,4.280488,4.323770,1.000000,1.000000,1.000000,4.315574,4.292683,4.352459
sweep,short,ldc2,65,128,padded,original,6,854.839,1.132,1.000000,1.000000,1.000000,1.086243,1.077236,1.094650,1.000000,1.000000,1.003788
sweep,short,ldc2,65,128,padded,selected64,6,854.839,1.132,1.000000,1.000000,1.000000,1.086243,1.077236,1.094650,1.000000,1.000000,1.003788
sweep,short,ldc2,65,128,padded,vector16store,6,854.839,1.132,1.000000,0.996226,1.000000,1.086243,1.077236,1.098765,1.000000,1.000000,1.000000
sweep,short,ldc2,65,128,padded,cpp-approved-execution,6,788.710,1.227,1.086243,1.077236,1.094650,1.000000,1.000000,1.000000,1.086243,1.077236,1.098765
sweep,short,ldc2,65,128,repeated-source,original,6,840.323,0.768,1.000000,1.000000,1.000000,1.078675,1.074074,1.082645,1.000000,1.000000,1.000000
sweep,short,ldc2,65,128,repeated-source,selected64,6,838.710,0.769,1.000000,1.000000,1.003846,1.076609,1.074074,1.082645,1.000000,1.000000,1.003846
sweep,short,ldc2,65,128,repeated-source,vector16store,6,840.323,0.768,1.000000,1.000000,1.000000,1.078675,1.074074,1.082645,1.000000,1.000000,1.000000
sweep,short,ldc2,65,128,repeated-source,cpp-approved-execution,6,780.645,0.826,1.078675,1.074074,1.082645,1.000000,1.000000,1.000000,1.078675,1.074074,1.082645
sweep,short,ldc2,65,128,universal,original,6,19037.097,3.474,1.000000,1.000000,1.000000,3.995297,3.673790,4.152067,0.998645,0.983544,1.006883
sweep,short,ldc2,65,128,universal,selected64,6,18946.774,2.128,1.004767,0.995546,1.013819,3.995160,3.652420,4.159776,1.002728,0.993430,1.006711
sweep,short,ldc2,65,128,universal,vector16store,6,18996.774,1.138,1.001357,0.993164,1.016731,4.006025,3.676933,4.132446,1.000000,1.000000,1.000000
sweep,short,ldc2,65,128,universal,cpp-approved-execution,6,4740.323,11.909,3.995297,3.673790,4.152067,1.000000,1.000000,1.000000,4.006025,3.676933,4.132446
sweep,short,ldc2,95,1,contiguous,original,6,27.854,2.602,1.000000,1.000000,1.000000,2.311281,1.740909,2.347305,1.022760,1.015306,1.027487
sweep,short,ldc2,95,1,contiguous,selected64,6,28.126,1.289,0.992265,0.984576,1.002558,2.324324,1.768182,2.341317,1.015484,1.007712,1.018065
sweep,short,ldc2,95,1,contiguous,vector16store,6,28.525,1.652,0.977747,0.973248,0.984925,2.363363,1.781818,2.383234,1.000000,1.000000,1.000000
sweep,short,ldc2,95,1,contiguous,cpp-approved-execution,6,12.070,32.432,2.311281,1.740909,2.347305,1.000000,1.000000,1.000000,2.363363,1.781818,2.383234
sweep,short,ldc2,95,1,negative-both,original,6,56.995,1.145,1.000000,1.000000,1.000000,4.674107,4.663690,4.717262,1.010188,1.000631,1.012763
sweep,short,ldc2,95,1,negative-both,selected64,6,57.811,0.439,0.984976,0.982445,0.993730,4.747024,4.736686,4.758929,0.994983,0.992495,0.996252
sweep,short,ldc2,95,1,negative-both,vector16store,6,57.521,0.567,0.989915,0.987398,0.999369,4.721726,4.718935,4.726190,1.000000,1.000000,1.000000
sweep,short,ldc2,95,1,negative-both,cpp-approved-execution,6,12.178,0.595,4.674107,4.663690,4.717262,1.000000,1.000000,1.000000,4.721726,4.718935,4.726190
sweep,short,ldc2,95,1,negative-source,original,6,57.140,1.015,1.000000,1.000000,1.000000,4.691964,4.675595,4.723214,1.007611,1.001260,1.014004
sweep,short,ldc2,95,1,negative-source,selected64,6,57.956,0.813,0.987179,0.980649,0.993108,4.758929,4.741071,4.779762,0.992828,0.989388,1.000000
sweep,short,ldc2,95,1,negative-source,vector16store,6,57.611,0.503,0.992448,0.986190,0.998741,4.730655,4.717262,4.741071,1.000000,1.000000,1.000000
sweep,short,ldc2,95,1,negative-source,cpp-approved-execution,6,12.178,0.000,4.691964,4.675595,4.723214,1.000000,1.000000,1.000000,4.730655,4.717262,4.741071
sweep,short,ldc2,95,1,padded,original,6,27.872,3.121,1.000000,1.000000,1.000000,2.288690,2.282738,2.354167,1.018843,1.016905,1.022164
sweep,short,ldc2,95,1,padded,selected64,6,28.054,2.584,0.993544,0.992238,1.000000,2.303571,2.294643,2.354167,1.013575,1.010336,1.017699
sweep,short,ldc2,95,1,padded,vector16store,6,28.416,2.934,0.981506,0.978316,0.983376,2.333333,2.327381,2.395833,1.000000,1.000000,1.000000
sweep,short,ldc2,95,1,padded,cpp-approved-execution,6,12.178,0.000,2.288690,2.282738,2.354167,1.000000,1.000000,1.000000,2.333333,2.327381,2.395833
sweep,short,ldc2,95,1,repeated-source,original,6,27.981,1.295,1.000000,1.000000,1.000000,2.297619,2.291667,2.321429,1.019481,1.014212,1.025707
sweep,short,ldc2,95,1,repeated-source,selected64,6,28.108,1.547,0.994223,0.992268,1.005155,2.308036,2.294643,2.330357,1.016185,1.011598,1.021907
sweep,short,ldc2,95,1,repeated-source,vector16store,6,28.452,1.656,0.980892,0.974937,0.985987,2.336310,2.336310,2.375000,1.000000,1.000000,1.000000
sweep,short,ldc2,95,1,repeated-source,cpp-approved-execution,6,12.178,0.000,2.297619,2.291667,2.321429,1.000000,1.000000,1.000000,2.336310,2.336310,2.375000
sweep,short,ldc2,95,1,universal,original,6,258.137,3.314,1.000000,1.000000,1.000000,4.763052,4.720884,4.878849,1.003700,0.970366,1.011930
sweep,short,ldc2,95,1,universal,selected64,6,258.518,4.094,0.999160,0.974942,1.022013,4.774096,4.719545,4.914993,0.994532,0.982841,1.019225
sweep,short,ldc2,95,1,universal,vector16store,6,258.065,2.121,0.996333,0.988211,1.030539,4.765730,4.729585,4.830656,1.000000,1.000000,1.000000
sweep,short,ldc2,95,1,universal,cpp-approved-execution,6,54.150,0.201,4.763052,4.720884,4.878849,1.000000,1.000000,1.000000,4.765730,4.729585,4.830656
sweep,short,ldc2,95,17,contiguous,original,6,179.012,2.414,1.000000,1.000000,1.000000,1.380952,1.373206,1.400000,1.001730,0.996564,1.020906
sweep,short,ldc2,95,17,contiguous,selected64,6,178.704,2.073,0.998305,0.986348,1.006920,1.381864,1.376190,1.404762,1.003425,0.986348,1.013841
sweep,short,ldc2,95,17,contiguous,vector16store,6,179.012,2.414,0.998276,0.979522,1.003448,1.380952,1.376190,1.409524,1.000000,1.000000,1.000000
sweep,short,ldc2,95,17,contiguous,cpp-approved-execution,6,129.630,0.476,1.380952,1.373206,1.400000,1.000000,1.000000,1.000000,1.380952,1.376190,1.409524
sweep,short,ldc2,95,17,negative-both,original,6,680.556,0.091,1.000000,1.000000,1.000000,3.965827,3.964029,3.967626,1.000907,1.000000,1.000907
sweep,short,ldc2,95,17,negative-both,selected64,6,680.247,0.363,1.000454,0.997285,1.000908,3.964029,3.960432,3.974820,1.000907,0.998190,1.001817
sweep,short,ldc2,95,17,negative-both,vector16store,6,680.864,0.091,0.999094,0.999093,1.000000,3.967626,3.967626,3.971223,1.000000,1.000000,1.000000
sweep,short,ldc2,95,17,negative-both,cpp-approved-execution,6,171.605,0.000,3.965827,3.964029,3.967626,1.000000,1.000000,1.000000,3.967626,3.967626,3.971223
sweep,short,ldc2,95,17,negative-source,original,6,685.185,0.901,1.000000,1.000000,1.000000,3.992806,3.989209,3.996429,1.000447,0.999100,1.000902
sweep,short,ldc2,95,17,negative-source,selected64,6,685.185,0.811,1.000000,0.999099,1.000901,3.992806,3.989209,3.996403,1.000000,1.000000,1.001789
sweep,short,ldc2,95,17,negative-source,vector16store,6,685.185,0.991,0.999554,0.999099,1.000901,3.992806,3.989209,4.000000,1.000000,1.000000,1.000000
sweep,short,ldc2,95,17,negative-source,cpp-approved-execution,6,171.605,0.719,3.992806,3.989209,3.996429,1.000000,1.000000,1.000000,3.992806,3.989209,4.000000
sweep,short,ldc2,95,17,padded,original,6,205.864,0.600,1.000000,1.000000,1.000000,1.199640,1.197842,1.205036,1.001502,0.997015,1.003003
sweep,short,ldc2,95,17,padded,selected64,6,206.173,0.599,0.997010,0.997006,1.000000,1.201439,1.201439,1.208633,1.000000,0.994048,1.000000
sweep,short,ldc2,95,17,padded,vector16store,6,206.173,0.000,0.998503,0.997006,1.002994,1.201439,1.201439,1.201439,1.000000,1.000000,1.000000
sweep,short,ldc2,95,17,padded,cpp-approved-execution,6,171.605,0.000,1.199640,1.197842,1.205036,1.000000,1.000000,1.000000,1.201439,1.201439,1.201439
sweep,short,ldc2,95,17,repeated-source,original,6,205.247,0.301,1.000000,1.000000,1.000000,1.194245,1.193548,1.197842,1.000000,1.000000,1.003012
sweep,short,ldc2,95,17,repeated-source,selected64,6,205.556,0.601,0.998503,0.996997,1.000000,1.197842,1.194245,1.197842,1.000000,0.997006,1.000000
sweep,short,ldc2,95,17,repeated-source,vector16store,6,205.556,0.300,1.000000,0.996997,1.000000,1.197842,1.193548,1.197842,1.000000,1.000000,1.000000
sweep,short,ldc2,95,17,repeated-source,cpp-approved-execution,6,171.605,0.360,1.194245,1.193548,1.197842,1.000000,1.000000,1.000000,1.197842,1.193548,1.197842
sweep,short,ldc2,95,17,universal,original,6,3670.062,3.330,1.000000,1.000000,1.000000,4.114533,4.053979,4.191003,1.003610,0.992479,1.011134
sweep,short,ldc2,95,17,universal,selected64,6,3672.222,2.942,0.994033,0.986195,1.007264,4.116955,4.096886,4.217993,1.000503,0.992125,1.005536
sweep,short,ldc2,95,17,universal,vector16store,6,3674.074,2.319,0.996429,0.988989,1.007578,4.119031,4.089273,4.184775,1.000000,1.000000,1.000000
sweep,short,ldc2,95,17,universal,cpp-approved-execution,6,891.975,0.000,4.114533,4.053979,4.191003,1.000000,1.000000,1.000000,4.119031,4.089273,4.184775
sweep,short,ldc2,95,128,contiguous,original,6,1257.143,1.515,1.000000,1.000000,1.000000,1.280873,1.275362,1.283654,0.996212,0.992509,1.000000
sweep,short,ldc2,95,128,contiguous,selected64,6,1257.143,1.515,1.000000,1.000000,1.003802,1.276699,1.275362,1.283654,0.998106,0.992509,1.000000
sweep,short,ldc2,95,128,contiguous,vector16store,6,1252.381,0.760,1.003802,1.000000,1.007547,1.276031,1.270531,1.276699,1.000000,1.000000,1.000000
sweep,short,ldc2,95,128,contiguous,cpp-approved-execution,6,983.333,0.969,1.280873,1.275362,1.283654,1.000000,1.000000,1.000000,1.276031,1.270531,1.276699
sweep,short,ldc2,95,128,negative-both,original,6,4950.000,1.058,1.000000,1.000000,1.000000,3.582789,3.518644,3.629758,1.000000,0.988561,1.001925
sweep,short,ldc2,95,128,negative-both,selected64,6,4947.619,0.674,1.000000,0.999038,1.011572,3.581059,3.518644,3.600000,1.000000,0.998084,1.000964
sweep,short,ldc2,95,128,negative-both,vector16store,6,4947.619,0.481,1.000000,0.998079,1.011572,3.582777,3.518644,3.593103,1.000000,1.000000,1.000000
sweep,short,ldc2,95,128,negative-both,cpp-approved-execution,6,1383.333,2.065,3.582789,3.518644,3.629758,1.000000,1.000000,1.000000,3.582777,3.518644,3.593103
sweep,short,ldc2,95,128,negative-source,original,6,4888.095,0.097,1.000000,1.000000,1.000000,3.703971,3.690647,3.707581,0.999026,0.999025,1.000975
sweep,short,ldc2,95,128,negative-source,selected64,6,4885.714,0.195,1.000487,1.000000,1.000976,3.702166,3.690647,3.703971,1.000000,0.999025,1.001951
sweep,short,ldc2,95,128,negative-source,vector16store,6,4885.714,0.195,1.000975,0.999026,1.000976,3.703971,3.687050,3.707581,1.000000,1.000000,1.000000
sweep,short,ldc2,95,128,negative-source,cpp-approved-execution,6,1319.048,0.361,3.703971,3.690647,3.707581,1.000000,1.000000,1.000000,3.703971,3.687050,3.707581
sweep,short,ldc2,95,128,padded,original,6,1376.190,1.038,1.000000,1.000000,1.000000,1.041438,1.028470,1.043321,1.000000,0.996540,1.000000
sweep,short,ldc2,95,128,padded,selected64,6,1371.429,1.042,1.000000,1.000000,1.003472,1.039711,1.024911,1.043321,1.000000,0.996540,1.003472
sweep,short,ldc2,95,128,padded,vector16store,6,1373.810,1.040,1.000000,1.000000,1.003472,1.039711,1.028470,1.043321,1.000000,1.000000,1.000000
sweep,short,ldc2,95,128,padded,cpp-approved-execution,6,1319.048,1.444,1.041438,1.028470,1.043321,1.000000,1.000000,1.000000,1.039711,1.028470,1.043321
sweep,short,ldc2,95,128,repeated-source,original,6,1342.857,0.355,1.000000,1.000000,1.000000,1.018051,1.010753,1.018116,1.000000,1.000000,1.000000
sweep,short,ldc2,95,128,repeated-source,selected64,6,1338.095,1.068,1.003559,0.996466,1.003571,1.014440,1.010791,1.018051,1.003559,0.996466,1.003571
sweep,short,ldc2,95,128,repeated-source,vector16store,6,1342.857,0.355,1.000000,1.000000,1.000000,1.018051,1.010753,1.018116,1.000000,1.000000,1.000000
sweep,short,ldc2,95,128,repeated-source,cpp-approved-execution,6,1319.048,1.083,1.018051,1.010753,1.018116,1.000000,1.000000,1.000000,1.018051,1.010753,1.018116
sweep,short,ldc2,95,128,universal,original,6,27578.571,14.970,1.000000,1.000000,1.000000,4.132358,4.046329,4.667618,1.013799,0.937806,1.034678
sweep,short,ldc2,95,128,universal,selected64,6,27716.667,6.907,0.997379,0.985204,1.066145,4.151547,4.088382,4.378031,1.004447,0.987875,1.027096
sweep,short,ldc2,95,128,universal,vector16store,6,28028.571,7.373,0.986391,0.966484,1.066319,4.199778,4.070664,4.377318,1.000000,1.000000,1.000000
sweep,short,ldc2,95,128,universal,cpp-approved-execution,6,6676.190,0.143,4.132358,4.046329,4.667618,1.000000,1.000000,1.000000,4.199778,4.070664,4.377318
sweep,short,ldc2,127,1,contiguous,original,6,30.475,0.477,1.000000,1.000000,1.000000,2.121417,2.118243,2.128378,1.015114,1.007962,1.020635
sweep,short,ldc2,127,1,contiguous,selected64,6,30.620,0.633,0.995261,0.993661,0.998410,2.131535,2.125000,2.138514,1.009491,1.006319,1.015798
sweep,short,ldc2,127,1,contiguous,vector16store,6,30.887,1.569,0.985112,0.979782,0.992101,2.153455,2.138514,2.172297,1.000000,1.000000,1.000000
sweep,short,ldc2,127,1,contiguous,cpp-approved-execution,6,14.341,0.338,2.121417,2.118243,2.128378,1.000000,1.000000,1.000000,2.153455,2.138514,2.172297
sweep,short,ldc2,127,1,negative-both,original,6,68.169,2.132,1.000000,1.000000,1.000000,4.658940,4.652318,4.751656,1.006040,1.001394,1.009964
sweep,short,ldc2,127,1,negative-both,selected64,6,68.871,2.251,0.991607,0.985975,0.994358,4.706954,4.678808,4.784768,0.997232,0.992275,1.000708
sweep,short,ldc2,127,1,negative-both,vector16store,6,68.653,1.694,0.993997,0.990134,0.998608,4.692053,4.678808,4.758278,1.000000,1.000000,1.000000
sweep,short,ldc2,127,1,negative-both,cpp-approved-execution,6,14.632,0.000,4.658940,4.652318,4.751656,1.000000,1.000000,1.000000,4.692053,4.678808,4.758278
sweep,short,ldc2,127,1,negative-source,original,6,68.241,2.343,1.000000,1.000000,1.000000,4.663907,4.649007,4.758278,1.006035,1.004175,1.009259
sweep,short,ldc2,127,1,negative-source,selected64,6,69.089,1.683,0.990171,0.983894,0.997224,4.721854,4.692053,4.771523,0.997190,0.990196,1.001388
sweep,short,ldc2,127,1,negative-source,vector16store,6,68.653,2.047,0.994001,0.990826,0.995842,4.692053,4.682119,4.778146,1.000000,1.000000,1.000000
sweep,short,ldc2,127,1,negative-source,cpp-approved-execution,6,14.632,0.000,4.663907,4.649007,4.758278,1.000000,1.000000,1.000000,4.692053,4.682119,4.778146
sweep,short,ldc2,127,1,padded,original,6,30.475,1.431,1.000000,1.000000,1.000000,2.082781,2.072848,2.102649,1.013436,1.009494,1.015974
sweep,short,ldc2,127,1,padded,selected64,6,30.572,0.475,0.996043,0.993651,1.003160,2.089404,2.086093,2.096026,1.009509,1.007899,1.017378
sweep,short,ldc2,127,1,padded,vector16store,6,30.862,1.413,0.986743,0.984277,0.990596,2.109272,2.102649,2.132450,1.000000,1.000000,1.000000
sweep,short,ldc2,127,1,padded,cpp-approved-execution,6,14.632,0.000,2.082781,2.072848,2.102649,1.000000,1.000000,1.000000,2.109272,2.102649,2.132450
sweep,short,ldc2,127,1,repeated-source,original,6,30.475,1.749,1.000000,1.000000,1.000000,2.082781,2.069536,2.105960,1.015949,1.007862,1.017600
sweep,short,ldc2,127,1,repeated-source,selected64,6,30.378,0.638,1.001595,0.996810,1.007924,2.076159,2.076159,2.089404,1.016668,1.012759,1.019139
sweep,short,ldc2,127,1,repeated-source,vector16store,6,30.935,0.940,0.984301,0.982704,0.992200,2.114238,2.102649,2.122517,1.000000,1.000000,1.000000
sweep,short,ldc2,127,1,repeated-source,cpp-approved-execution,6,14.632,0.000,2.082781,2.069536,2.105960,1.000000,1.000000,1.000000,2.114238,2.102649,2.122517
sweep,short,ldc2,127,1,universal,original,6,331.444,2.880,1.000000,1.000000,1.000000,4.644201,4.589831,4.723390,1.000810,0.973446,1.011190
sweep,short,ldc2,127,1,universal,selected64,6,329.675,3.071,1.006756,0.994220,1.019611,4.611664,4.550508,4.708163,1.004887,0.985528,1.012164
sweep,short,ldc2,127,1,universal,vector16store,6,329.167,3.179,0.999190,0.988934,1.027278,4.604539,4.570847,4.733333,1.000000,1.000000,1.000000
sweep,short,ldc2,127,1,universal,cpp-approved-execution,6,71.463,0.407,4.644201,4.589831,4.723390,1.000000,1.000000,1.000000,4.604539,4.570847,4.733333
sweep,short,ldc2,127,17,contiguous,original,6,214.876,0.385,1.000000,1.000000,1.000000,1.220657,1.214953,1.231132,1.001923,0.996169,1.007692
sweep,short,ldc2,127,17,contiguous,selected64,6,215.702,0.000,0.996169,0.996169,1.000000,1.225352,1.219626,1.231132,1.000000,0.996169,1.003831
sweep,short,ldc2,127,17,contiguous,vector16store,6,215.702,0.766,0.998084,0.992366,1.003846,1.225352,1.219626,1.230047,1.000000,1.000000,1.000000
sweep,short,ldc2,127,17,contiguous,cpp-approved-execution,6,176.033,0.939,1.220657,1.214953,1.231132,1.000000,1.000000,1.000000,1.225352,1.219626,1.230047
sweep,short,ldc2,127,17,negative-both,original,6,892.975,0.278,1.000000,1.000000,1.000000,4.108365,4.102662,4.114068,0.999075,0.998150,1.000927
sweep,short,ldc2,127,17,negative-both,selected64,6,891.736,0.463,1.000464,0.999077,1.001854,4.102662,4.098859,4.117871,1.000000,0.998153,1.000927
sweep,short,ldc2,127,17,negative-both,vector16store,6,892.562,0.278,1.000925,0.999074,1.001854,4.106464,4.098859,4.110266,1.000000,1.000000,1.000000
sweep,short,ldc2,127,17,negative-both,cpp-approved-execution,6,217.355,0.000,4.108365,4.102662,4.114068,1.000000,1.000000,1.000000,4.106464,4.098859,4.110266
sweep,short,ldc2,127,17,negative-source,original,6,895.455,0.277,1.000000,1.000000,1.000000,4.135496,4.114068,4.141221,1.000923,1.000000,1.003697
sweep,short,ldc2,127,17,negative-source,selected64,6,895.041,0.092,1.000000,0.999077,1.001847,4.133588,4.117871,4.137405,1.001385,1.000000,1.002770
sweep,short,ldc2,127,17,negative-source,vector16store,6,896.694,0.276,0.999078,0.996317,1.000000,4.137405,4.121673,4.141221,1.000000,1.000000,1.000000
sweep,short,ldc2,127,17,negative-source,cpp-approved-execution,6,216.529,0.382,4.135496,4.114068,4.141221,1.000000,1.000000,1.000000,4.137405,4.121673,4.141221
sweep,short,ldc2,127,17,padded,original,6,260.331,1.905,1.000000,1.000000,1.000000,1.202290,1.197761,1.202290,1.000000,1.000000,1.003175
sweep,short,ldc2,127,17,padded,selected64,6,259.504,1.911,1.003185,1.000000,1.003185,1.198473,1.194030,1.202290,1.003185,1.003125,1.003185
sweep,short,ldc2,127,17,padded,vector16store,6,260.331,1.905,1.000000,0.996835,1.000000,1.202290,1.197761,1.206107,1.000000,1.000000,1.000000
sweep,short,ldc2,127,17,padded,cpp-approved-execution,6,216.529,2.290,1.202290,1.197761,1.202290,1.000000,1.000000,1.000000,1.202290,1.197761,1.206107
sweep,short,ldc2,127,17,repeated-source,original,6,261.570,2.528,1.000000,1.000000,1.000000,1.201149,1.181481,1.215909,0.998433,0.996815,1.000000
sweep,short,ldc2,127,17,repeated-source,selected64,6,261.570,2.844,1.000000,0.996815,1.006410,1.201149,1.181481,1.215909,1.000000,0.996815,1.003205
sweep,short,ldc2,127,17,repeated-source,vector16store,6,260.744,2.536,1.001572,1.000000,1.003195,1.199234,1.177778,1.215909,1.000000,1.000000,1.000000
sweep,short,ldc2,127,17,repeated-source,cpp-approved-execution,6,217.355,3.422,1.201149,1.181481,1.215909,1.000000,1.000000,1.000000,1.199234,1.177778,1.215909
sweep,short,ldc2,127,17,universal,original,6,4896.694,5.941,1.000000,1.000000,1.000000,4.123173,4.047321,4.292276,1.004581,0.958820,1.025764
sweep,short,ldc2,127,17,universal,selected64,6,4894.215,4.880,1.000124,0.963505,1.040661,4.121086,4.032011,4.224306,0.997889,0.988328,1.023300
sweep,short,ldc2,127,17,universal,vector16store,6,4893.802,2.888,0.995449,0.974884,1.042949,4.120738,4.105080,4.221140,1.000000,1.000000,1.000000
sweep,short,ldc2,127,17,universal,cpp-approved-execution,6,1187.603,0.209,4.123173,4.047321,4.292276,1.000000,1.000000,1.000000,4.120738,4.105080,4.221140
sweep,short,ldc2,127,128,contiguous,original,6,1615.625,1.161,1.000000,1.000000,1.000000,1.229118,1.223810,1.238095,0.996146,0.996124,1.000000
sweep,short,ldc2,127,128,contiguous,selected64,6,1615.625,1.161,1.000000,1.000000,1.000000,1.229118,1.223810,1.238095,0.996146,0.996124,1.000000
sweep,short,ldc2,127,128,contiguous,vector16store,6,1609.375,0.777,1.003868,1.000000,1.003891,1.226190,1.222749,1.233333,1.000000,1.000000,1.000000
sweep,short,ldc2,127,128,contiguous,cpp-approved-execution,6,1312.500,0.952,1.229118,1.223810,1.238095,1.000000,1.000000,1.000000,1.226190,1.222749,1.233333
sweep,short,ldc2,127,128,negative-both,original,6,6556.250,0.667,1.000000,1.000000,1.000000,3.878017,3.849817,3.907407,1.000000,0.993365,1.000000
sweep,short,ldc2,127,128,negative-both,selected64,6,6550.000,0.668,1.000953,0.994313,1.006679,3.881481,3.846154,3.892989,1.000000,0.994313,1.000954
sweep,short,ldc2,127,128,negative-both,vector16store,6,6556.250,0.191,1.000000,1.000000,1.006679,3.876165,3.846154,3.885185,1.000000,1.000000,1.000000
sweep,short,ldc2,127,128,negative-both,cpp-approved-execution,6,1690.625,1.109,3.878017,3.849817,3.907407,1.000000,1.000000,1.000000,3.876165,3.846154,3.885185
sweep,short,ldc2,127,128,negative-source,original,6,6484.375,0.193,1.000000,1.000000,1.000000,3.904135,3.883895,3.913208,1.000000,0.999037,1.000964
sweep,short,ldc2,127,128,negative-source,selected64,6,6481.250,0.000,1.000482,1.000000,1.001929,3.898496,3.883895,3.913208,1.000482,1.000000,1.002893
sweep,short,ldc2,127,128,negative-source,vector16store,6,6484.375,0.289,1.000000,0.999037,1.000964,3.906015,3.883895,3.916981,1.000000,1.000000,1.000000
sweep,short,ldc2,127,128,negative-source,cpp-approved-execution,6,1662.500,0.752,3.904135,3.883895,3.913208,1.000000,1.000000,1.000000,3.906015,3.883895,3.916981
sweep,short,ldc2,127,128,padded,original,6,1703.125,0.734,1.000000,1.000000,1.000000,1.030246,1.026415,1.033962,1.000000,0.996350,1.003676
sweep,short,ldc2,127,128,padded,selected64,6,1700.000,0.735,1.000000,1.000000,1.003676,1.030132,1.026415,1.030303,1.000000,1.000000,1.003676
sweep,short,ldc2,127,128,padded,vector16store,6,1706.250,0.733,1.000000,0.996337,1.003663,1.030189,1.030075,1.030303,1.000000,1.000000,1.000000
sweep,short,ldc2,127,128,padded,cpp-approved-execution,6,1656.250,0.755,1.030246,1.026415,1.033962,1.000000,1.000000,1.000000,1.030189,1.030075,1.030303
sweep,short,ldc2,127,128,repeated-source,original,6,1681.250,0.743,1.000000,1.000000,1.000000,1.022727,1.018939,1.022814,1.000000,1.000000,1.003717
sweep,short,ldc2,127,128,repeated-source,selected64,6,1681.250,0.743,1.000000,1.000000,1.003717,1.020869,1.018939,1.022814,1.000000,1.000000,1.003717
sweep,short,ldc2,127,128,repeated-source,vector16store,6,1684.375,0.742,1.000000,0.996296,1.000000,1.022727,1.018939,1.026616,1.000000,1.000000,1.000000
sweep,short,ldc2,127,128,repeated-source,cpp-approved-execution,6,1646.875,0.380,1.022727,1.018939,1.022814,1.000000,1.000000,1.000000,1.022727,1.018939,1.026616
sweep,short,ldc2,127,128,universal,original,6,37050.000,5.145,1.000000,1.000000,1.000000,4.142582,4.087535,4.295105,1.003981,0.961902,1.032380
sweep,short,ldc2,127,128,universal,selected64,6,37053.125,3.913,1.010503,0.982991,1.023155,4.148141,4.035664,4.197902,1.009268,0.984175,1.028245
sweep,short,ldc2,127,128,universal,vector16store,6,37109.375,2.560,0.996041,0.968636,1.039607,4.155007,4.118550,4.227495,1.000000,1.000000,1.000000
sweep,short,ldc2,127,128,universal,cpp-approved-execution,6,8937.500,0.420,4.142582,4.087535,4.295105,1.000000,1.000000,1.000000,4.155007,4.118550,4.227495
sweep,short,ldc2,128,1,contiguous,original,6,28.687,0.851,1.000000,1.000000,1.000000,2.465411,2.453782,2.474790,1.028862,1.023850,1.030822
sweep,short,ldc2,128,1,contiguous,selected64,6,28.662,0.852,1.000000,0.994889,1.001704,2.466387,2.462185,2.474790,1.026405,1.023850,1.029010
sweep,short,ldc2,128,1,contiguous,vector16store,6,29.443,0.829,0.971947,0.970100,0.976705,2.533613,2.525210,2.546218,1.000000,1.000000,1.000000
sweep,short,ldc2,128,1,contiguous,cpp-approved-execution,6,11.621,0.420,2.465411,2.453782,2.474790,1.000000,1.000000,1.000000,2.533613,2.525210,2.546218
sweep,short,ldc2,128,1,negative-both,original,6,70.288,1.389,1.000000,1.000000,1.000000,5.899590,5.566406,5.922131,1.010060,1.006935,1.088827
sweep,short,ldc2,128,1,negative-both,selected64,6,70.703,0.414,0.994818,0.982759,0.997928,5.932377,5.664062,5.934426,1.003454,0.998621,1.086565
sweep,short,ldc2,128,1,negative-both,vector16store,6,70.923,8.330,0.990040,0.918419,0.993113,5.952869,5.656250,6.430328,1.000000,1.000000,1.000000
sweep,short,ldc2,128,1,negative-both,cpp-approved-execution,6,11.914,4.918,5.899590,5.566406,5.922131,1.000000,1.000000,1.000000,5.952869,5.656250,6.430328
sweep,short,ldc2,128,1,negative-source,original,6,69.019,2.122,1.000000,1.000000,1.000000,5.793033,5.733607,5.856557,1.004599,0.999300,1.010007
sweep,short,ldc2,128,1,negative-source,selected64,6,68.896,0.850,1.002480,0.988693,1.008469,5.782787,5.758197,5.807377,1.007092,0.998587,1.007829
sweep,short,ldc2,128,1,negative-source,vector16store,6,69.336,1.056,0.995423,0.990092,1.000700,5.819672,5.790984,5.852459,1.000000,1.000000,1.000000
sweep,short,ldc2,128,1,negative-source,cpp-approved-execution,6,11.914,0.000,5.793033,5.733607,5.856557,1.000000,1.000000,1.000000,5.819672,5.790984,5.852459
sweep,short,ldc2,128,1,padded,original,6,28.662,0.511,1.000000,1.000000,1.000000,2.405738,2.401639,2.413934,1.022961,1.017007,1.025597
sweep,short,ldc2,128,1,padded,selected64,6,28.662,0.681,1.001704,0.998299,1.006849,2.405738,2.393443,2.409836,1.023891,1.018707,1.029110
sweep,short,ldc2,128,1,padded,vector16store,6,29.346,0.666,0.977555,0.975042,0.983278,2.463115,2.450820,2.467213,1.000000,1.000000,1.000000
sweep,short,ldc2,128,1,padded,cpp-approved-execution,6,11.914,0.000,2.405738,2.401639,2.413934,1.000000,1.000000,1.000000,2.463115,2.450820,2.467213
sweep,short,ldc2,128,1,repeated-source,original,6,28.516,2.226,1.000000,1.000000,1.000000,2.393443,2.385246,2.438525,1.029110,1.025210,1.034247
sweep,short,ldc2,128,1,repeated-source,selected64,6,28.564,1.709,0.999147,0.996587,1.003373,2.397541,2.389344,2.430328,1.028889,1.025597,1.034247
sweep,short,ldc2,128,1,repeated-source,vector16store,6,29.419,1.992,0.971714,0.966887,0.975410,2.469262,2.450820,2.500000,1.000000,1.000000,1.000000
sweep,short,ldc2,128,1,repeated-source,cpp-approved-execution,6,11.914,0.000,2.393443,2.385246,2.438525,1.000000,1.000000,1.000000,2.469262,2.450820,2.500000
sweep,short,ldc2,128,1,universal,original,6,329.932,1.273,1.000000,1.000000,1.000000,4.539661,4.305927,4.588475,1.001788,0.998079,1.014217
sweep,short,ldc2,128,1,universal,selected64,6,329.541,0.919,0.998736,0.987293,1.004601,4.566102,4.297642,4.588475,1.001183,0.994113,1.007860
sweep,short,ldc2,128,1,universal,vector16store,6,330.005,0.932,0.998218,0.985982,1.001925,4.572203,4.305290,4.594576,1.000000,1.000000,1.000000
sweep,short,ldc2,128,1,universal,cpp-approved-execution,6,72.021,6.373,4.539661,4.305927,4.588475,1.000000,1.000000,1.000000,4.572203,4.305290,4.594576
sweep,short,ldc2,128,17,contiguous,original,6,207.083,2.012,1.000000,1.000000,1.000000,1.183778,1.145455,1.191388,0.998016,0.995984,1.008097
sweep,short,ldc2,128,17,contiguous,selected64,6,206.667,1.613,1.004016,0.995968,1.004049,1.179004,1.140909,1.186603,1.002016,1.000000,1.012146
sweep,short,ldc2,128,17,contiguous,vector16store,6,207.917,1.202,1.001992,0.991968,1.004032,1.182893,1.140909,1.196172,1.000000,1.000000,1.000000
sweep,short,ldc2,128,17,contiguous,cpp-approved-execution,6,175.417,5.226,1.183778,1.145455,1.191388,1.000000,1.000000,1.000000,1.182893,1.140909,1.196172
sweep,short,ldc2,128,17,negative-both,original,6,899.583,0.741,1.000000,1.000000,1.000000,5.046729,4.936364,5.070423,0.999540,0.998148,1.000928
sweep,short,ldc2,128,17,negative-both,selected64,6,899.167,1.297,1.000000,0.994505,1.001855,5.044393,4.963636,5.065728,1.000000,0.993590,1.000928
sweep,short,ldc2,128,17,negative-both,vector16store,6,899.167,0.649,1.000461,0.999073,1.001855,5.042056,4.931818,5.070423,1.000000,1.000000,1.000000
sweep,short,ldc2,128,17,negative-both,cpp-approved-execution,6,178.333,3.271,5.046729,4.936364,5.070423,1.000000,1.000000,1.000000,5.042056,4.931818,5.070423
sweep,short,ldc2,128,17,negative-source,original,6,902.500,0.554,1.000000,1.000000,1.000000,5.032558,4.945455,5.055814,1.000000,0.999080,1.000924
sweep,short,ldc2,128,17,negative-source,selected64,6,902.500,0.554,0.999079,0.999077,1.002768,5.037209,4.950000,5.041860,0.999541,0.999077,1.001845
sweep,short,ldc2,128,17,negative-source,vector16store,6,902.917,0.554,1.000000,0.999077,1.000921,5.034884,4.945455,5.051163,1.000000,1.000000,1.000000
sweep,short,ldc2,128,17,negative-source,cpp-approved-execution,6,179.167,2.326,5.032558,4.945455,5.055814,1.000000,1.000000,1.000000,5.034884,4.945455,5.051163
sweep,short,ldc2,128,17,padded,original,6,236.667,0.704,1.000000,1.000000,1.000000,1.323256,1.320930,1.333333,0.998239,0.992982,1.000000
sweep,short,ldc2,128,17,padded,selected64,6,235.833,0.707,1.003540,1.000000,1.007092,1.318605,1.316279,1.323944,1.001767,0.996479,1.007092
sweep,short,ldc2,128,17,padded,vector16store,6,235.833,0.353,1.001767,1.000000,1.007067,1.318605,1.316279,1.333333,1.000000,1.000000,1.000000
sweep,short,ldc2,128,17,padded,cpp-approved-execution,6,179.167,0.930,1.323256,1.320930,1.333333,1.000000,1.000000,1.000000,1.318605,1.316279,1.333333
sweep,short,ldc2,128,17,repeated-source,original,6,235.000,0.355,1.000000,1.000000,1.000000,1.323944,1.317757,1.330189,1.000000,0.996454,1.003559
sweep,short,ldc2,128,17,repeated-source,selected64,6,234.583,0.710,1.000000,0.996466,1.003559,1.319249,1.317757,1.334906,1.000000,0.996466,1.003559
sweep,short,ldc2,128,17,repeated-source,vector16store,6,235.000,0.355,1.000000,0.996454,1.003559,1.323944,1.317757,1.330189,1.000000,1.000000,1.000000
sweep,short,ldc2,128,17,repeated-source,cpp-approved-execution,6,177.500,0.939,1.323944,1.317757,1.330189,1.000000,1.000000,1.000000,1.323944,1.317757,1.330189
sweep,short,ldc2,128,17,universal,original,6,4945.833,12.064,1.000000,1.000000,1.000000,4.137336,4.098258,4.427875,0.998182,0.987578,1.016674
sweep,short,ldc2,128,17,universal,selected64,6,4983.333,12.809,0.999222,0.988386,1.008056,4.170153,4.065505,4.432753,0.999756,0.976108,1.016212
sweep,short,ldc2,128,17,universal,vector16store,6,4919.167,14.111,1.001822,0.983599,1.012579,4.113589,4.096234,4.422300,1.000000,1.000000,1.000000
sweep,short,ldc2,128,17,universal,cpp-approved-execution,6,1195.833,8.362,4.137336,4.098258,4.427875,1.000000,1.000000,1.000000,4.113589,4.096234,4.422300
sweep,short,ldc2,128,128,contiguous,original,6,1456.250,0.429,1.000000,1.000000,1.000000,1.096477,1.093897,1.103774,1.004283,1.000000,1.004292
sweep,short,ldc2,128,128,contiguous,selected64,6,1456.250,0.429,1.000000,1.000000,1.004292,1.096477,1.093897,1.103774,1.004292,1.000000,1.004292
sweep,short,ldc2,128,128,contiguous,vector16store,6,1462.500,0.855,0.995736,0.995726,1.000000,1.101183,1.093897,1.108491,1.000000,1.000000,1.000000
sweep,short,ldc2,128,128,contiguous,cpp-approved-execution,6,1328.125,0.471,1.096477,1.093897,1.103774,1.000000,1.000000,1.000000,1.101183,1.093897,1.108491
sweep,short,ldc2,128,128,negative-both,original,6,6606.250,0.378,1.000000,1.000000,1.000000,4.615721,4.593074,4.615721,1.000000,0.998110,1.000943
sweep,short,ldc2,128,128,negative-both,selected64,6,6606.250,0.568,1.000000,0.998119,1.000946,4.615721,4.595652,4.620087,0.999057,0.999054,1.000000
sweep,short,ldc2,128,128,negative-both,vector16store,6,6606.250,0.568,1.000000,0.999058,1.001894,4.613537,4.591304,4.615721,1.000000,1.000000,1.000000
sweep,short,ldc2,128,128,negative-both,cpp-approved-execution,6,1431.250,0.873,4.615721,4.593074,4.615721,1.000000,1.000000,1.000000,4.613537,4.591304,4.615721
sweep,short,ldc2,128,128,negative-source,original,6,6534.375,0.287,1.000000,1.000000,1.000000,4.543478,4.508621,4.567686,1.000000,0.999044,1.000957
sweep,short,ldc2,128,128,negative-source,selected64,6,6534.375,0.383,1.000000,0.998092,1.000957,4.545652,4.517241,4.563319,1.000000,0.998092,1.000000
sweep,short,ldc2,128,128,negative-source,vector16store,6,6534.375,0.287,1.000000,0.999044,1.000957,4.545652,4.508621,4.563319,1.000000,1.000000,1.000000
sweep,short,ldc2,128,128,negative-source,cpp-approved-execution,6,1437.500,1.304,4.543478,4.508621,4.567686,1.000000,1.000000,1.000000,4.545652,4.508621,4.563319
sweep,short,ldc2,128,128,padded,original,6,1543.750,0.810,1.000000,1.000000,1.000000,1.078604,1.073913,1.083333,1.000000,0.995968,1.004032
sweep,short,ldc2,128,128,padded,selected64,6,1543.750,0.810,1.000000,0.995951,1.004065,1.078604,1.073913,1.083333,1.000000,0.995951,1.004065
sweep,short,ldc2,128,128,padded,vector16store,6,1543.750,1.215,1.000000,0.995984,1.004049,1.078947,1.073913,1.083333,1.000000,1.000000,1.000000
sweep,short,ldc2,128,128,padded,cpp-approved-execution,6,1431.250,0.873,1.078604,1.073913,1.083333,1.000000,1.000000,1.000000,1.078947,1.073913,1.083333
sweep,short,ldc2,128,128,repeated-source,original,6,1531.250,1.633,1.000000,1.000000,1.000000,1.079277,1.069869,1.084071,1.000000,0.995918,1.004115
sweep,short,ldc2,128,128,repeated-source,selected64,6,1528.125,1.227,1.002033,1.000000,1.004098,1.077084,1.069869,1.079646,1.002041,0.995918,1.004115
sweep,short,ldc2,128,128,repeated-source,vector16store,6,1528.125,0.818,1.000000,0.995902,1.004098,1.079297,1.065502,1.084071,1.000000,1.000000,1.000000
sweep,short,ldc2,128,128,repeated-source,cpp-approved-execution,6,1418.750,1.322,1.079277,1.069869,1.084071,1.000000,1.000000,1.000000,1.079297,1.065502,1.084071
sweep,short,ldc2,128,128,universal,original,6,37578.125,2.412,1.000000,1.000000,1.000000,4.189895,4.142259,4.243375,1.002950,0.987205,1.018145
sweep,short,ldc2,128,128,universal,selected64,6,37543.750,7.358,1.003225,0.961803,1.021496,4.188982,4.055091,4.357242,1.006120,0.949497,1.026002
sweep,short,ldc2,128,128,universal,vector16store,6,37771.875,3.425,0.997125,0.982178,1.012961,4.214435,4.120642,4.264993,1.000000,1.000000,1.000000
sweep,short,ldc2,128,128,universal,cpp-approved-execution,6,8962.500,0.139,4.189895,4.142259,4.243375,1.000000,1.000000,1.000000,4.214435,4.120642,4.264993
sweep,short,ldc2,129,1,contiguous,original,6,29.331,0.503,1.000000,1.000000,1.000000,2.355731,2.347826,2.359684,1.014290,1.005025,1.040404
sweep,short,ldc2,129,1,contiguous,selected64,6,29.331,0.503,0.998328,0.994975,1.001681,2.355731,2.351779,2.363636,1.012585,1.006711,1.036913
sweep,short,ldc2,129,1,contiguous,vector16store,6,29.700,2.983,0.985918,0.961165,0.995000,2.385375,2.371542,2.442688,1.000000,1.000000,1.000000
sweep,short,ldc2,129,1,contiguous,cpp-approved-execution,6,12.451,0.000,2.355731,2.347826,2.359684,1.000000,1.000000,1.000000,2.385375,2.371542,2.442688
sweep,short,ldc2,129,1,negative-both,original,6,69.267,0.853,1.000000,1.000000,1.000000,5.498047,5.460938,5.507812,1.007452,1.003554,1.010014
sweep,short,ldc2,129,1,negative-both,selected64,6,69.660,1.342,0.992263,0.987986,1.001423,5.529297,5.488281,5.562500,1.000352,0.993680,1.007807
sweep,short,ldc2,129,1,negative-both,vector16store,6,69.734,0.565,0.992603,0.990085,0.996459,5.535156,5.515625,5.546875,1.000000,1.000000,1.000000
sweep,short,ldc2,129,1,negative-both,cpp-approved-execution,6,12.598,0.000,5.498047,5.460938,5.507812,1.000000,1.000000,1.000000,5.535156,5.515625,5.546875
sweep,short,ldc2,129,1,negative-source,original,6,69.218,8.816,1.000000,1.000000,1.000000,5.494141,5.476562,5.960938,1.005690,0.931193,1.012126
sweep,short,ldc2,129,1,negative-source,selected64,6,69.562,1.415,0.992928,0.985294,1.081502,5.521484,5.500000,5.578125,1.001419,0.993680,1.007087
sweep,short,ldc2,129,1,negative-source,vector16store,6,69.734,0.706,0.994342,0.988020,1.073892,5.535156,5.511719,5.550781,1.000000,1.000000,1.000000
sweep,short,ldc2,129,1,negative-source,cpp-approved-execution,6,12.598,0.000,5.494141,5.476562,5.960938,1.000000,1.000000,1.000000,5.535156,5.511719,5.550781
sweep,short,ldc2,129,1,padded,original,6,29.405,10.209,1.000000,1.000000,1.000000,2.322266,1.932692,2.343750,1.017524,1.012214,1.018519
sweep,short,ldc2,129,1,padded,selected64,6,29.478,9.516,0.997486,0.985294,1.003063,2.328125,1.949254,2.347656,1.015088,1.003268,1.015314
sweep,short,ldc2,129,1,padded,vector16store,6,29.921,9.539,0.982778,0.981818,0.987934,2.363281,1.967949,2.382812,1.000000,1.000000,1.000000
sweep,short,ldc2,129,1,padded,cpp-approved-execution,6,12.598,30.859,2.322266,1.932692,2.343750,1.000000,1.000000,1.000000,2.363281,1.967949,2.382812
sweep,short,ldc2,129,1,repeated-source,original,6,29.232,2.020,1.000000,1.000000,1.000000,2.320312,2.312500,2.359375,1.018564,1.013445,1.034768
sweep,short,ldc2,129,1,repeated-source,selected64,6,29.306,1.679,0.998318,0.993300,1.001681,2.326172,2.316406,2.355469,1.014289,1.011745,1.036484
sweep,short,ldc2,129,1,repeated-source,vector16store,6,29.724,3.808,0.981777,0.966400,0.986733,2.359375,2.351562,2.441406,1.000000,1.000000,1.000000
sweep,short,ldc2,129,1,repeated-source,cpp-approved-execution,6,12.598,0.000,2.320312,2.312500,2.359375,1.000000,1.000000,1.000000,2.359375,2.351562,2.441406
sweep,short,ldc2,129,1,universal,original,6,333.957,66.799,1.000000,1.000000,1.000000,4.372130,4.290816,7.131729,0.995583,0.983666,1.005648
sweep,short,ldc2,129,1,universal,selected64,6,335.384,65.106,1.003630,0.979473,1.011108,4.372130,4.302934,7.082964,0.996497,0.985005,0.999557
sweep,short,ldc2,129,1,universal,vector16store,6,333.219,64.865,1.004449,0.994384,1.016605,4.327487,4.298469,7.050032,1.000000,1.000000,1.000000
sweep,short,ldc2,129,1,universal,cpp-approved-execution,6,77.165,6.378,4.372130,4.290816,7.131729,1.000000,1.000000,1.000000,4.327487,4.298469,7.050032
sweep,short,ldc2,129,17,contiguous,original,6,211.765,2.381,1.000000,1.000000,1.000000,1.194775,1.137168,1.205742,1.000000,0.996032,1.003968
sweep,short,ldc2,129,17,contiguous,selected64,6,212.185,2.376,0.998054,0.996032,1.003984,1.194787,1.137168,1.205742,0.998016,0.992218,1.007968
sweep,short,ldc2,129,17,contiguous,vector16store,6,212.605,2.372,1.000000,0.996047,1.003984,1.197145,1.137168,1.204762,1.000000,1.000000,1.000000
sweep,short,ldc2,129,17,contiguous,cpp-approved-execution,6,176.891,8.076,1.194775,1.137168,1.205742,1.000000,1.000000,1.000000,1.197145,1.137168,1.204762
sweep,short,ldc2,129,17,negative-both,original,6,907.143,0.926,1.000000,1.000000,1.000000,4.873609,4.816964,4.913636,0.999074,0.998150,1.022243
sweep,short,ldc2,129,17,negative-both,selected64,6,905.882,0.835,1.001384,0.999074,1.002783,4.871367,4.812500,4.900000,1.000464,0.999074,1.023191
sweep,short,ldc2,129,17,negative-both,vector16store,6,906.723,2.317,1.000927,0.978241,1.001854,4.891176,4.852679,4.924107,1.000000,1.000000,1.000000
sweep,short,ldc2,129,17,negative-both,cpp-approved-execution,6,186.134,1.806,4.873609,4.816964,4.913636,1.000000,1.000000,1.000000,4.891176,4.852679,4.924107
sweep,short,ldc2,129,17,negative-source,original,6,912.605,0.645,1.000000,1.000000,1.000000,4.849522,4.755459,4.922727,0.999541,0.999077,1.024007
sweep,short,ldc2,129,17,negative-source,selected64,6,912.185,0.829,1.000460,1.000000,1.001850,4.842783,4.755459,4.922727,1.000462,0.999083,1.024007
sweep,short,ldc2,129,17,negative-source,vector16store,6,914.706,2.480,1.000459,0.976555,1.000924,4.845056,4.755459,5.040909,1.000000,1.000000,1.000000
sweep,short,ldc2,129,17,negative-source,cpp-approved-execution,6,188.235,4.018,4.849522,4.755459,4.922727,1.000000,1.000000,1.000000,4.845056,4.755459,5.040909
sweep,short,ldc2,129,17,padded,original,6,242.017,0.347,1.000000,1.000000,1.000000,1.312785,1.309091,1.315068,1.001736,1.000000,1.006969
sweep,short,ldc2,129,17,padded,selected64,6,241.176,0.348,1.000000,1.000000,1.003484,1.310502,1.309091,1.315068,1.003484,1.000000,1.006969
sweep,short,ldc2,129,17,padded,vector16store,6,242.017,0.347,0.998270,0.993080,1.000000,1.315068,1.313636,1.319635,1.000000,1.000000,1.000000
sweep,short,ldc2,129,17,padded,cpp-approved-execution,6,184.034,0.457,1.312785,1.309091,1.315068,1.000000,1.000000,1.000000,1.315068,1.313636,1.319635
sweep,short,ldc2,129,17,repeated-source,original,6,241.597,2.087,1.000000,1.000000,1.000000,1.298649,1.264069,1.304545,1.001712,0.996540,1.003497
sweep,short,ldc2,129,17,repeated-source,selected64,6,241.597,1.739,1.000000,0.996516,1.003472,1.297297,1.264069,1.304545,1.000000,1.000000,1.003484
sweep,short,ldc2,129,17,repeated-source,vector16store,6,242.017,2.083,0.998294,0.996516,1.003472,1.297297,1.268398,1.309091,1.000000,1.000000,1.000000
sweep,short,ldc2,129,17,repeated-source,cpp-approved-execution,6,186.555,4.955,1.298649,1.264069,1.304545,1.000000,1.000000,1.000000,1.297297,1.268398,1.309091
sweep,short,ldc2,129,17,universal,original,6,5008.403,2.366,1.000000,1.000000,1.000000,4.143951,3.878571,4.214086,0.996128,0.965084,1.013602
sweep,short,ldc2,129,17,universal,selected64,6,4980.252,4.590,1.002540,0.968187,1.018026,4.132845,3.829870,4.293380,0.999924,0.961370,1.013943
sweep,short,ldc2,129,17,universal,vector16store,6,4971.429,3.448,1.003893,0.986581,1.036180,4.116109,3.873377,4.206272,1.000000,1.000000,1.000000
sweep,short,ldc2,129,17,universal,cpp-approved-execution,6,1205.462,7.389,4.143951,3.878571,4.214086,1.000000,1.000000,1.000000,4.116109,3.873377,4.206272
sweep,short,ldc2,129,128,contiguous,original,6,1493.333,0.893,1.000000,1.000000,1.000000,1.114714,1.108911,1.119403,1.000000,0.995556,1.000000
sweep,short,ldc2,129,128,contiguous,selected64,6,1493.333,0.893,1.000000,1.000000,1.000000,1.114714,1.108911,1.119403,1.000000,0.995556,1.000000
sweep,short,ldc2,129,128,contiguous,vector16store,6,1493.333,0.893,1.000000,1.000000,1.004464,1.114714,1.108911,1.119403,1.000000,1.000000,1.000000
sweep,short,ldc2,129,128,contiguous,cpp-approved-execution,6,1340.000,0.995,1.114714,1.108911,1.119403,1.000000,1.000000,1.000000,1.114714,1.108911,1.119403
sweep,short,ldc2,129,128,negative-both,original,6,6650.000,0.301,1.000000,1.000000,1.000000,4.571101,4.536364,4.582569,1.000000,0.998997,1.002004
sweep,short,ldc2,129,128,negative-both,selected64,6,6653.333,0.401,1.000000,0.996000,1.001004,4.571101,4.536364,4.587156,0.999500,0.997000,1.002004
sweep,short,ldc2,129,128,negative-both,vector16store,6,6650.000,0.401,1.000000,0.998000,1.001004,4.571101,4.536364,4.582569,1.000000,1.000000,1.000000
sweep,short,ldc2,129,128,negative-both,cpp-approved-execution,6,1453.333,0.917,4.571101,4.536364,4.582569,1.000000,1.000000,1.000000,4.571101,4.536364,4.582569
sweep,short,ldc2,129,128,negative-source,original,6,6580.000,0.203,1.000000,1.000000,1.000000,4.612150,4.612150,4.621495,1.000000,0.998989,1.002026
sweep,short,ldc2,129,128,negative-source,selected64,6,6580.000,0.101,1.000000,1.000000,1.001012,4.612150,4.612150,4.616822,1.000000,1.000000,1.002026
sweep,short,ldc2,129,128,negative-source,vector16store,6,6580.000,0.203,1.000000,0.997978,1.001012,4.612150,4.612150,4.621495,1.000000,1.000000,1.000000
sweep,short,ldc2,129,128,negative-source,cpp-approved-execution,6,1426.667,0.000,4.612150,4.612150,4.621495,1.000000,1.000000,1.000000,4.612150,4.612150,4.621495
sweep,short,ldc2,129,128,padded,original,6,1560.000,0.427,1.000000,1.000000,1.000000,1.091121,1.088372,1.093458,1.000000,0.995726,1.004274
sweep,short,ldc2,129,128,padded,selected64,6,1560.000,0.855,1.000000,0.995745,1.000000,1.093241,1.088372,1.098131,1.000000,0.995726,1.000000
sweep,short,ldc2,129,128,padded,vector16store,6,1560.000,0.855,1.000000,0.995745,1.004292,1.088785,1.088372,1.098131,1.000000,1.000000,1.000000
sweep,short,ldc2,129,128,padded,cpp-approved-execution,6,1426.667,0.467,1.091121,1.088372,1.093458,1.000000,1.000000,1.000000,1.088785,1.088372,1.098131
sweep,short,ldc2,129,128,repeated-source,original,6,1550.000,0.860,1.000000,1.000000,1.000000,1.091549,1.084507,1.094340,1.000000,1.000000,1.004292
sweep,short,ldc2,129,128,repeated-source,selected64,6,1546.667,0.431,1.000000,0.995690,1.004310,1.089202,1.088785,1.094340,1.000000,0.995690,1.004310
sweep,short,ldc2,129,128,repeated-source,vector16store,6,1550.000,1.290,1.000000,0.995726,1.000000,1.091549,1.084507,1.098592,1.000000,1.000000,1.000000
sweep,short,ldc2,129,128,repeated-source,cpp-approved-execution,6,1420.000,0.939,1.091549,1.084507,1.094340,1.000000,1.000000,1.000000,1.091549,1.084507,1.098592
sweep,short,ldc2,129,128,universal,original,6,37653.333,3.470,1.000000,1.000000,1.000000,4.165192,4.109963,4.248342,1.004604,0.989028,1.049239
sweep,short,ldc2,129,128,universal,selected64,6,37890.000,4.698,0.993752,0.982378,0.998387,4.191372,4.116605,4.310472,1.000352,0.971600,1.034057
sweep,short,ldc2,129,128,universal,vector16store,6,37950.000,4.954,0.995426,0.953072,1.011094,4.196459,4.116605,4.324723,1.000000,1.000000,1.000000
sweep,short,ldc2,129,128,universal,cpp-approved-execution,6,9040.000,0.147,4.165192,4.109963,4.248342,1.000000,1.000000,1.000000,4.196459,4.116605,4.324723
sweep,short,ldc2,255,1,contiguous,original,6,40.710,0.717,1.000000,1.000000,1.000000,1.751046,1.748954,1.761506,1.011919,1.009524,1.011962
sweep,short,ldc2,255,1,contiguous,selected64,6,40.661,0.239,1.001193,1.000000,1.004773,1.748954,1.748954,1.753138,1.011962,1.011933,1.016706
sweep,short,ldc2,255,1,contiguous,vector16store,6,41.148,0.709,0.988221,0.988180,0.990566,1.769874,1.769874,1.782427,1.000000,1.000000,1.000000
sweep,short,ldc2,255,1,contiguous,cpp-approved-execution,6,23.249,0.000,1.751046,1.748954,1.761506,1.000000,1.000000,1.000000,1.769874,1.769874,1.782427
sweep,short,ldc2,255,1,negative-both,original,6,118.482,0.328,1.000000,1.000000,1.000000,5.033058,5.024793,5.041322,1.003283,1.000000,1.004934
sweep,short,ldc2,255,1,negative-both,selected64,6,118.872,0.327,0.995910,0.994286,0.998363,5.049587,5.045455,5.061983,0.999591,0.996735,1.000819
sweep,short,ldc2,255,1,negative-both,vector16store,6,118.872,0.245,0.996728,0.995090,1.000000,5.049587,5.041322,5.053719,1.000000,1.000000,1.000000
sweep,short,ldc2,255,1,negative-both,cpp-approved-execution,6,23.541,0.000,5.033058,5.024793,5.041322,1.000000,1.000000,1.000000,5.049587,5.041322,5.053719
sweep,short,ldc2,255,1,negative-source,original,6,118.385,0.247,1.000000,1.000000,1.000000,5.028926,5.020661,5.033058,1.004108,1.002463,1.008210
sweep,short,ldc2,255,1,negative-source,selected64,6,118.823,0.327,0.996725,0.994272,0.997543,5.047521,5.041322,5.057851,1.000819,0.997549,1.004910
sweep,short,ldc2,255,1,negative-source,vector16store,6,118.872,0.573,0.995908,0.991857,0.997543,5.049587,5.045455,5.074380,1.000000,1.000000,1.000000
sweep,short,ldc2,255,1,negative-source,cpp-approved-execution,6,23.541,0.000,5.028926,5.020661,5.033058,1.000000,1.000000,1.000000,5.049587,5.045455,5.074380
sweep,short,ldc2,255,1,padded,original,6,40.661,1.435,1.000000,1.000000,1.000000,1.727273,1.719008,1.743802,1.013129,1.000000,1.016827
sweep,short,ldc2,255,1,padded,selected64,6,40.564,0.719,1.002398,0.997602,1.009615,1.723140,1.719008,1.731405,1.015588,1.002398,1.021635
sweep,short,ldc2,255,1,padded,vector16store,6,41.245,1.651,0.987042,0.983452,1.000000,1.752066,1.727273,1.756198,1.000000,1.000000,1.000000
sweep,short,ldc2,255,1,padded,cpp-approved-execution,6,23.541,0.000,1.727273,1.719008,1.743802,1.000000,1.000000,1.000000,1.752066,1.727273,1.756198
sweep,short,ldc2,255,1,repeated-source,original,6,40.516,1.681,1.000000,1.000000,1.000000,1.721074,1.714876,1.743802,1.014440,1.009479,1.023981
sweep,short,ldc2,255,1,repeated-source,selected64,6,40.564,0.480,0.997605,0.995204,1.011990,1.723140,1.719008,1.727273,1.013172,1.007177,1.026442
sweep,short,ldc2,255,1,repeated-source,vector16store,6,41.148,1.418,0.985765,0.976581,0.990610,1.747934,1.739669,1.764463,1.000000,1.000000,1.000000
sweep,short,ldc2,255,1,repeated-source,cpp-approved-execution,6,23.541,0.000,1.721074,1.714876,1.743802,1.000000,1.000000,1.000000,1.747934,1.739669,1.764463
sweep,short,ldc2,255,1,universal,original,6,614.835,1.566,1.000000,1.000000,1.000000,4.362307,4.340705,4.406077,0.999609,0.995427,1.006426
sweep,short,ldc2,255,1,universal,selected64,6,618.434,1.888,0.991644,0.988235,1.004276,4.393573,4.352171,4.444061,0.996302,0.988508,0.999683
sweep,short,ldc2,255,1,universal,vector16store,6,614.397,2.248,1.000393,0.993615,1.004594,4.362474,4.339323,4.434392,1.000000,1.000000,1.000000
sweep,short,ldc2,255,1,universal,cpp-approved-execution,6,140.759,0.276,4.362307,4.340705,4.406077,1.000000,1.000000,1.000000,4.362474,4.339323,4.434392
sweep,short,ldc2,255,17,contiguous,original,6,391.667,2.553,1.000000,1.000000,1.000000,1.119048,1.108491,1.137441,1.000000,0.995851,1.000000
sweep,short,ldc2,255,17,contiguous,selected64,6,391.667,2.553,1.000000,0.995851,1.000000,1.119048,1.108491,1.142180,1.000000,0.995851,1.000000
sweep,short,ldc2,255,17,contiguous,vector16store,6,391.667,2.128,1.000000,1.000000,1.004167,1.117663,1.108491,1.137441,1.000000,1.000000,1.000000
sweep,short,ldc2,255,17,contiguous,cpp-approved-execution,6,351.667,2.370,1.119048,1.108491,1.137441,1.000000,1.000000,1.000000,1.117663,1.108491,1.137441
sweep,short,ldc2,255,17,negative-both,original,6,1762.500,1.797,1.000000,1.000000,1.000000,4.653541,4.632743,4.702222,1.001418,0.997180,1.010526
sweep,short,ldc2,255,17,negative-both,selected64,6,1740.833,0.862,1.011929,1.000000,1.014382,4.634149,4.593886,4.644444,1.011968,1.002865,1.015326
sweep,short,ldc2,255,17,negative-both,vector16store,6,1763.333,1.040,0.998584,0.989583,1.002828,4.681468,4.633188,4.702222,1.000000,1.000000,1.000000
sweep,short,ldc2,255,17,negative-both,cpp-approved-execution,6,375.833,1.774,4.653541,4.632743,4.702222,1.000000,1.000000,1.000000,4.681468,4.633188,4.702222
sweep,short,ldc2,255,17,negative-source,original,6,1741.667,2.010,1.000000,1.000000,1.000000,4.640000,4.610390,4.711111,1.007656,0.996244,1.014368
sweep,short,ldc2,255,17,negative-source,selected64,6,1740.000,0.670,1.000958,0.996187,1.015326,4.640000,4.545455,4.641593,1.013410,0.998093,1.014382
sweep,short,ldc2,255,17,negative-source,vector16store,6,1764.167,1.323,0.992435,0.985836,1.003770,4.700000,4.593074,4.706667,1.000000,1.000000,1.000000
sweep,short,ldc2,255,17,negative-source,cpp-approved-execution,6,375.000,2.667,4.640000,4.610390,4.711111,1.000000,1.000000,1.000000,4.700000,4.593074,4.706667
sweep,short,ldc2,255,17,padded,original,6,432.500,0.771,1.000000,1.000000,1.000000,1.152989,1.151111,1.155556,1.000000,1.000000,1.003861
sweep,short,ldc2,255,17,padded,selected64,6,433.333,1.154,0.998092,0.996154,1.000000,1.155556,1.151111,1.159292,1.000000,0.996154,1.000000
sweep,short,ldc2,255,17,padded,vector16store,6,433.333,0.769,1.000000,0.996154,1.000000,1.155211,1.151111,1.155556,1.000000,1.000000,1.000000
sweep,short,ldc2,255,17,padded,cpp-approved-execution,6,375.000,0.444,1.152989,1.151111,1.155556,1.000000,1.000000,1.000000,1.155211,1.151111,1.155556
sweep,short,ldc2,255,17,repeated-source,original,6,434.167,3.071,1.000000,1.000000,1.000000,1.150777,1.120172,1.176211,1.000000,0.996255,1.003831
sweep,short,ldc2,255,17,repeated-source,selected64,6,434.167,3.455,1.000000,0.996269,1.003759,1.150777,1.120172,1.180617,1.000000,0.996269,1.003831
sweep,short,ldc2,255,17,repeated-source,vector16store,6,435.000,3.065,1.000000,0.996183,1.003759,1.150777,1.124464,1.176211,1.000000,1.000000,1.000000
sweep,short,ldc2,255,17,repeated-source,cpp-approved-execution,6,377.500,3.532,1.150777,1.120172,1.176211,1.000000,1.000000,1.000000,1.150777,1.124464,1.176211
sweep,short,ldc2,255,17,universal,original,6,9882.500,2.530,1.000000,1.000000,1.000000,4.059906,4.009589,4.112329,1.000823,0.997121,1.016798
sweep,short,ldc2,255,17,universal,selected64,6,9846.667,2.945,1.003556,0.995409,1.016348,4.045184,3.980137,4.099315,1.005530,1.001020,1.020054
sweep,short,ldc2,255,17,universal,vector16store,6,9900.833,2.778,0.999182,0.983479,1.002887,4.067435,4.032877,4.143053,1.000000,1.000000,1.000000
sweep,short,ldc2,255,17,universal,cpp-approved-execution,6,2433.333,0.068,4.059906,4.009589,4.112329,1.000000,1.000000,1.000000,4.067435,4.032877,4.143053
sweep,short,ldc2,255,128,contiguous,original,6,3012.500,1.245,1.000000,1.000000,1.000000,1.142180,1.136792,1.151659,0.997925,0.995833,1.000000
sweep,short,ldc2,255,128,contiguous,selected64,6,3006.250,1.247,1.000000,1.000000,1.004167,1.139810,1.136792,1.151659,1.000000,0.995833,1.000000
sweep,short,ldc2,255,128,contiguous,vector16store,6,3000.000,1.667,1.002083,1.000000,1.004184,1.139810,1.132075,1.151659,1.000000,1.000000,1.000000
sweep,short,ldc2,255,128,contiguous,cpp-approved-execution,6,2637.500,0.948,1.142180,1.136792,1.151659,1.000000,1.000000,1.000000,1.139810,1.132075,1.151659
sweep,short,ldc2,255,128,negative-both,original,6,13287.500,3.575,1.000000,1.000000,1.000000,4.365547,4.278689,4.416327,0.991982,0.966728,1.014368
sweep,short,ldc2,255,128,negative-both,selected64,6,13068.750,0.670,1.015291,1.000000,1.036398,4.288934,4.261224,4.307377,1.007178,1.000000,1.018078
sweep,short,ldc2,255,128,negative-both,vector16store,6,13168.750,2.278,1.008083,0.985836,1.034417,4.319672,4.269388,4.385246,1.000000,1.000000,1.000000
sweep,short,ldc2,255,128,negative-both,cpp-approved-execution,6,3050.000,0.820,4.365547,4.278689,4.416327,1.000000,1.000000,1.000000,4.319672,4.269388,4.385246
sweep,short,ldc2,255,128,negative-source,original,6,13318.750,3.754,1.000000,1.000000,1.000000,4.412006,4.288066,4.473029,0.993942,0.968460,1.001919
sweep,short,ldc2,255,128,negative-source,selected64,6,13025.000,0.672,1.021576,1.000961,1.038388,4.305785,4.283951,4.348548,1.001920,0.996183,1.028791
sweep,short,ldc2,255,128,negative-source,vector16store,6,13056.250,2.968,1.006105,0.998084,1.032567,4.334025,4.283951,4.429752,1.000000,1.000000,1.000000
sweep,short,ldc2,255,128,negative-source,cpp-approved-execution,6,3025.000,0.826,4.412006,4.288066,4.473029,1.000000,1.000000,1.000000,4.334025,4.283951,4.429752
sweep,short,ldc2,255,128,padded,original,6,3112.500,0.803,1.000000,1.000000,1.000000,1.059702,1.059574,1.068376,1.004008,0.995984,1.004032
sweep,short,ldc2,255,128,padded,selected64,6,3112.500,0.803,1.000000,0.995984,1.004032,1.061839,1.055319,1.068376,1.002000,1.000000,1.008065
sweep,short,ldc2,255,128,padded,vector16store,6,3118.750,1.202,0.996008,0.995984,1.004032,1.063966,1.055319,1.072650,1.000000,1.000000,1.000000
sweep,short,ldc2,255,128,padded,cpp-approved-execution,6,2931.250,0.426,1.059702,1.059574,1.068376,1.000000,1.000000,1.000000,1.063966,1.055319,1.072650
sweep,short,ldc2,255,128,repeated-source,original,6,3081.250,0.406,1.000000,1.000000,1.000000,1.048936,1.046610,1.051282,1.000000,0.995951,1.000000
sweep,short,ldc2,255,128,repeated-source,selected64,6,3075.000,0.407,1.000000,1.000000,1.004065,1.046809,1.046610,1.051282,1.000000,1.000000,1.000000
sweep,short,ldc2,255,128,repeated-source,vector16store,6,3075.000,0.407,1.000000,1.000000,1.004065,1.046809,1.046610,1.051282,1.000000,1.000000,1.000000
sweep,short,ldc2,255,128,repeated-source,cpp-approved-execution,6,2937.500,0.851,1.048936,1.046610,1.051282,1.000000,1.000000,1.000000,1.046809,1.046610,1.051282
sweep,short,ldc2,255,128,universal,original,6,74662.500,3.516,1.000000,1.000000,1.000000,4.060500,4.033265,4.190054,1.002181,0.957893,1.019362
sweep,short,ldc2,255,128,universal,selected64,6,74843.750,1.854,0.994175,0.991654,1.028767,4.072499,4.013569,4.086102,1.003423,0.985449,1.013274
sweep,short,ldc2,255,128,universal,vector16store,6,74718.750,3.597,0.997889,0.981005,1.043958,4.056675,4.013624,4.140339,1.000000,1.000000,1.000000
sweep,short,ldc2,255,128,universal,cpp-approved-execution,6,18393.750,0.544,4.060500,4.033265,4.190054,1.000000,1.000000,1.000000,4.056675,4.013624,4.140339
sweep,short,ldc2,256,1,contiguous,original,6,39.062,0.750,1.000000,1.000000,1.000000,1.886792,1.882075,1.891509,1.018700,1.010000,1.022556
sweep,short,ldc2,256,1,contiguous,selected64,6,38.965,1.003,1.001253,0.997500,1.005025,1.882075,1.877358,1.887324,1.019975,1.012531,1.022613
sweep,short,ldc2,256,1,contiguous,vector16store,6,39.746,1.474,0.981644,0.977941,0.990099,1.919811,1.905660,1.924883,1.000000,1.000000,1.000000
sweep,short,ldc2,256,1,contiguous,cpp-approved-execution,6,20.703,0.472,1.886792,1.882075,1.891509,1.000000,1.000000,1.000000,1.919811,1.905660,1.924883
sweep,short,ldc2,256,1,negative-both,original,6,118.848,0.411,1.000000,1.000000,1.000000,5.634259,5.629630,5.652778,1.006984,1.004914,1.009039
sweep,short,ldc2,256,1,negative-both,selected64,6,119.824,0.733,0.991851,0.985413,0.995922,5.680556,5.671296,5.712963,0.998778,0.992707,1.002449
sweep,short,ldc2,256,1,negative-both,vector16store,6,119.678,0.326,0.993064,0.991042,0.995110,5.673611,5.666667,5.685185,1.000000,1.000000,1.000000
sweep,short,ldc2,256,1,negative-both,cpp-approved-execution,6,21.094,0.000,5.634259,5.629630,5.652778,1.000000,1.000000,1.000000,5.673611,5.666667,5.685185
sweep,short,ldc2,256,1,negative-source,original,6,121.240,4.108,1.000000,1.000000,1.000000,5.740741,4.980695,5.800926,1.006053,1.000000,1.039484
sweep,short,ldc2,256,1,negative-source,selected64,6,121.826,3.687,0.996388,0.991994,1.001599,5.768519,4.984556,5.791667,1.001201,0.998399,1.035313
sweep,short,ldc2,256,1,negative-source,vector16store,6,122.070,4.320,0.993983,0.962016,1.000000,5.773148,5.019305,5.972222,1.000000,1.000000,1.000000
sweep,short,ldc2,256,1,negative-source,cpp-approved-execution,6,21.094,19.907,5.740741,4.980695,5.800926,1.000000,1.000000,1.000000,5.773148,5.019305,5.972222
sweep,short,ldc2,256,1,padded,original,6,38.867,1.759,1.000000,1.000000,1.000000,1.842593,1.824074,1.856481,1.016313,1.009975,1.025126
sweep,short,ldc2,256,1,padded,selected64,6,38.867,0.251,1.001256,0.989950,1.007538,1.842593,1.837963,1.842593,1.017588,1.012563,1.025126
sweep,short,ldc2,256,1,padded,vector16store,6,39.551,1.235,0.983951,0.975490,0.990123,1.875000,1.865741,1.888889,1.000000,1.000000,1.000000
sweep,short,ldc2,256,1,padded,cpp-approved-execution,6,21.094,0.000,1.842593,1.824074,1.856481,1.000000,1.000000,1.000000,1.875000,1.865741,1.888889
sweep,short,ldc2,256,1,repeated-source,original,6,39.160,3.741,1.000000,1.000000,1.000000,1.856481,1.750000,1.856481,1.012469,1.007264,1.020101
sweep,short,ldc2,256,1,repeated-source,selected64,6,39.062,2.250,1.002500,0.995000,1.009780,1.851852,1.733051,1.851852,1.015000,1.015000,1.017115
sweep,short,ldc2,256,1,repeated-source,vector16store,6,39.648,2.463,0.987685,0.980296,0.992788,1.879630,1.762712,1.879630,1.000000,1.000000,1.000000
sweep,short,ldc2,256,1,repeated-source,cpp-approved-execution,6,21.094,9.259,1.856481,1.750000,1.856481,1.000000,1.000000,1.000000,1.879630,1.762712,1.879630
sweep,short,ldc2,256,1,universal,original,6,616.113,1.030,1.000000,1.000000,1.000000,4.360055,4.346925,4.391845,1.002378,0.996211,1.010970
sweep,short,ldc2,256,1,universal,selected64,6,621.924,2.418,0.994424,0.978399,1.001433,4.401175,4.340705,4.447132,0.998054,0.978399,1.012418
sweep,short,ldc2,256,1,universal,vector16store,6,617.578,1.977,0.997630,0.989149,1.003803,4.370422,4.351071,4.437457,1.000000,1.000000,1.000000
sweep,short,ldc2,256,1,universal,cpp-approved-execution,6,141.309,0.000,4.360055,4.346925,4.391845,1.000000,1.000000,1.000000,4.370422,4.351071,4.437457
sweep,short,ldc2,256,17,contiguous,original,6,395.000,1.688,1.000000,1.000000,1.000000,1.128879,1.112676,1.138756,0.995816,0.995781,1.004237
sweep,short,ldc2,256,17,contiguous,selected64,6,395.000,1.266,1.000000,0.995781,1.004219,1.131271,1.117371,1.133971,0.997917,0.991597,1.000000
sweep,short,ldc2,256,17,contiguous,vector16store,6,395.000,1.266,1.004202,0.995781,1.004237,1.128879,1.107981,1.133971,1.000000,1.000000,1.000000
sweep,short,ldc2,256,17,contiguous,cpp-approved-execution,6,349.167,2.387,1.128879,1.112676,1.138756,1.000000,1.000000,1.000000,1.128879,1.107981,1.133971
sweep,short,ldc2,256,17,negative-both,original,6,1758.333,5.877,1.000000,1.000000,1.000000,5.040398,5.009569,5.158140,0.993868,0.977457,1.013372
sweep,short,ldc2,256,17,negative-both,selected64,6,1773.333,24.812,0.997643,0.813883,1.007266,5.090909,5.009569,6.213270,0.989930,0.798627,1.012405
sweep,short,ldc2,256,17,negative-both,vector16store,6,1755.000,3.514,1.006208,0.986805,1.023063,5.025715,4.962085,5.076555,1.000000,1.000000,1.000000
sweep,short,ldc2,256,17,negative-both,cpp-approved-execution,6,348.333,2.871,5.040398,5.009569,5.158140,1.000000,1.000000,1.000000,5.025715,4.962085,5.076555
sweep,short,ldc2,256,17,negative-source,original,6,1747.500,1.907,1.000000,1.000000,1.000000,4.964455,4.872146,5.056872,1.000954,0.981256,1.013372
sweep,short,ldc2,256,17,negative-source,selected64,6,1746.667,2.195,1.000000,0.997196,1.018130,4.964455,4.885845,4.976303,1.000478,0.986916,1.013372
sweep,short,ldc2,256,17,negative-source,vector16store,6,1755.000,1.330,0.999047,0.986805,1.019102,4.971564,4.821918,5.028436,1.000000,1.000000,1.000000
sweep,short,ldc2,256,17,negative-source,cpp-approved-execution,6,351.667,3.791,4.964455,4.872146,5.056872,1.000000,1.000000,1.000000,4.971564,4.821918,5.028436
sweep,short,ldc2,256,17,padded,original,6,423.333,0.394,1.000000,1.000000,1.000000,1.200487,1.181395,1.209524,1.000000,1.000000,1.003937
sweep,short,ldc2,256,17,padded,selected64,6,423.333,0.787,1.000000,0.996094,1.000000,1.202835,1.181395,1.209524,1.000000,0.996094,1.003937
sweep,short,ldc2,256,17,padded,vector16store,6,423.333,0.394,1.000000,0.996078,1.000000,1.200487,1.181395,1.209524,1.000000,1.000000,1.000000
sweep,short,ldc2,256,17,padded,cpp-approved-execution,6,353.333,2.358,1.200487,1.181395,1.209524,1.000000,1.000000,1.000000,1.200487,1.181395,1.209524
sweep,short,ldc2,256,17,repeated-source,original,6,423.333,2.362,1.000000,1.000000,1.000000,1.204762,1.187793,1.233333,1.001976,0.996078,1.007722
sweep,short,ldc2,256,17,repeated-source,selected64,6,424.167,2.358,1.000000,0.996063,1.000000,1.207143,1.187793,1.233333,1.000000,0.996078,1.007722
sweep,short,ldc2,256,17,repeated-source,vector16store,6,423.333,3.150,0.998031,0.992337,1.003937,1.207143,1.192488,1.242857,1.000000,1.000000,1.000000
sweep,short,ldc2,256,17,repeated-source,cpp-approved-execution,6,351.667,1.422,1.204762,1.187793,1.233333,1.000000,1.000000,1.000000,1.207143,1.192488,1.242857
sweep,short,ldc2,256,17,universal,original,6,10277.500,5.822,1.000000,1.000000,1.000000,4.197780,4.028649,4.261255,0.998329,0.974068,1.002920
sweep,short,ldc2,256,17,universal,selected64,6,10219.167,6.214,0.999774,0.991605,1.012806,4.174034,4.035471,4.295362,1.001068,0.966333,1.005910
sweep,short,ldc2,256,17,universal,vector16store,6,10176.667,5.388,1.001678,0.997088,1.026623,4.155144,4.034106,4.235414,1.000000,1.000000,1.000000
sweep,short,ldc2,256,17,universal,cpp-approved-execution,6,2443.333,0.614,4.197780,4.028649,4.261255,1.000000,1.000000,1.000000,4.155144,4.034106,4.235414
sweep,short,ldc2,256,128,contiguous,original,6,2868.750,0.871,1.000000,1.000000,1.000000,1.080189,1.079439,1.084906,1.000000,0.995652,1.004367
sweep,short,ldc2,256,128,contiguous,selected64,6,2862.500,0.873,1.000000,1.000000,1.004367,1.080189,1.075117,1.084906,1.000000,1.000000,1.004367
sweep,short,ldc2,256,128,contiguous,vector16store,6,2868.750,0.871,1.000000,0.995652,1.004367,1.080189,1.075117,1.084906,1.000000,1.000000,1.000000
sweep,short,ldc2,256,128,contiguous,cpp-approved-execution,6,2650.000,0.943,1.080189,1.079439,1.084906,1.000000,1.000000,1.000000,1.080189,1.075117,1.084906
sweep,short,ldc2,256,128,negative-both,original,6,13325.000,3.283,1.000000,1.000000,1.000000,4.577671,4.510730,4.652361,0.988836,0.967712,1.024738
sweep,short,ldc2,256,128,negative-both,selected64,6,13175.000,2.941,1.008555,0.982424,1.032381,4.508584,4.474576,4.679654,0.999524,0.972248,1.024738
sweep,short,ldc2,256,128,negative-both,vector16store,6,13212.500,2.649,1.011291,0.975859,1.033365,4.548197,4.476596,4.622318,1.000000,1.000000,1.000000
sweep,short,ldc2,256,128,negative-both,cpp-approved-execution,6,2912.500,2.146,4.577671,4.510730,4.652361,1.000000,1.000000,1.000000,4.548197,4.476596,4.622318
sweep,short,ldc2,256,128,negative-source,original,6,13106.250,2.480,1.000000,1.000000,1.000000,4.618943,4.539130,4.748879,0.993349,0.982873,1.017208
sweep,short,ldc2,256,128,negative-source,selected64,6,13012.500,1.825,1.010124,0.993352,1.016315,4.590300,4.495652,4.672646,1.005309,0.993269,1.010446
sweep,short,ldc2,256,128,negative-source,vector16store,6,13037.500,2.972,1.006696,0.983083,1.017425,4.594822,4.513043,4.713004,1.000000,1.000000,1.000000
sweep,short,ldc2,256,128,negative-source,cpp-approved-execution,6,2837.500,3.084,4.618943,4.539130,4.748879,1.000000,1.000000,1.000000,4.594822,4.513043,4.713004
sweep,short,ldc2,256,128,padded,original,6,2975.000,0.420,1.000000,1.000000,1.000000,1.077098,1.076923,1.086758,1.000000,0.995798,1.000000
sweep,short,ldc2,256,128,padded,selected64,6,2975.000,0.420,1.000000,0.995798,1.004219,1.077098,1.072398,1.086758,1.000000,0.995798,1.004219
sweep,short,ldc2,256,128,padded,vector16store,6,2975.000,0.420,1.000000,1.000000,1.004219,1.077098,1.072398,1.086758,1.000000,1.000000,1.000000
sweep,short,ldc2,256,128,padded,cpp-approved-execution,6,2756.250,0.907,1.077098,1.076923,1.086758,1.000000,1.000000,1.000000,1.077098,1.072398,1.086758
sweep,short,ldc2,256,128,repeated-source,original,6,2943.750,0.425,1.000000,1.000000,1.000000,1.077982,1.073059,1.082569,1.000000,0.995763,1.004237
sweep,short,ldc2,256,128,repeated-source,selected64,6,2943.750,0.425,1.000000,1.000000,1.000000,1.077982,1.073059,1.082569,1.000000,0.995763,1.004237
sweep,short,ldc2,256,128,repeated-source,vector16store,6,2937.500,0.851,1.000000,0.995781,1.004255,1.077982,1.073059,1.087156,1.000000,1.000000,1.000000
sweep,short,ldc2,256,128,repeated-source,cpp-approved-execution,6,2725.000,0.459,1.077982,1.073059,1.082569,1.000000,1.000000,1.000000,1.077982,1.073059,1.087156
sweep,short,ldc2,256,128,universal,original,6,73937.500,5.241,1.000000,1.000000,1.000000,3.987790,3.648114,4.158999,1.008524,0.999502,1.042488
sweep,short,ldc2,256,128,universal,selected64,6,74987.500,6.701,0.998569,0.941603,1.017595,4.059341,3.585034,4.202712,1.000251,0.981610,1.039848
sweep,short,ldc2,256,128,universal,vector16store,6,75325.000,3.634,0.991586,0.959244,1.000498,4.056292,3.727891,4.168471,1.000000,1.000000,1.000000
sweep,short,ldc2,256,128,universal,cpp-approved-execution,6,18462.500,9.682,3.987790,3.648114,4.158999,1.000000,1.000000,1.000000,4.056292,3.727891,4.168471
sweep,short,ldc2,257,1,contiguous,original,6,39.608,2.475,1.000000,1.000000,1.000000,1.853211,1.848624,1.894495,1.013452,1.009901,1.017370
sweep,short,ldc2,257,1,contiguous,selected64,6,39.657,3.214,0.998765,0.992788,1.002481,1.855505,1.848624,1.908257,1.012361,1.007212,1.014851
sweep,short,ldc2,257,1,contiguous,vector16store,6,40.147,2.686,0.986728,0.982927,0.990196,1.878440,1.871560,1.922018,1.000000,1.000000,1.000000
sweep,short,ldc2,257,1,contiguous,cpp-approved-execution,6,21.373,0.000,1.853211,1.848624,1.894495,1.000000,1.000000,1.000000,1.878440,1.871560,1.922018
sweep,short,ldc2,257,1,negative-both,original,6,119.510,1.559,1.000000,1.000000,1.000000,5.515837,5.475113,5.561086,1.004922,0.993491,1.005785
sweep,short,ldc2,257,1,negative-both,selected64,6,119.804,1.146,0.998774,0.990180,1.001645,5.529412,5.502262,5.565611,1.000410,0.992683,1.007401
sweep,short,ldc2,257,1,negative-both,vector16store,6,119.902,0.654,0.995102,0.994248,1.006552,5.533937,5.506787,5.542986,1.000000,1.000000,1.000000
sweep,short,ldc2,257,1,negative-both,cpp-approved-execution,6,21.667,0.000,5.515837,5.475113,5.561086,1.000000,1.000000,1.000000,5.533937,5.506787,5.542986
sweep,short,ldc2,257,1,negative-source,original,6,119.265,0.822,1.000000,1.000000,1.000000,5.504525,5.479638,5.524887,1.005755,1.000819,1.011561
sweep,short,ldc2,257,1,negative-source,selected64,6,119.804,0.982,0.996730,0.990998,1.002473,5.529412,5.488688,5.542986,1.002045,1.000000,1.009893
sweep,short,ldc2,257,1,negative-source,vector16store,6,120.098,0.408,0.994281,0.988571,0.999182,5.542986,5.529412,5.552036,1.000000,1.000000,1.000000
sweep,short,ldc2,257,1,negative-source,cpp-approved-execution,6,21.667,0.000,5.504525,5.479638,5.524887,1.000000,1.000000,1.000000,5.542986,5.529412,5.552036
sweep,short,ldc2,257,1,padded,original,6,39.461,1.242,1.000000,1.000000,1.000000,1.821267,1.805430,1.828054,1.014916,1.007444,1.022556
sweep,short,ldc2,257,1,padded,selected64,6,39.510,0.496,1.000000,0.990074,1.002481,1.823529,1.819005,1.828054,1.012407,1.007444,1.019900
sweep,short,ldc2,257,1,padded,vector16store,6,40.000,0.980,0.985309,0.977941,0.992611,1.846154,1.837104,1.855204,1.000000,1.000000,1.000000
sweep,short,ldc2,257,1,padded,cpp-approved-execution,6,21.667,0.000,1.821267,1.805430,1.828054,1.000000,1.000000,1.000000,1.846154,1.837104,1.855204
sweep,short,ldc2,257,1,repeated-source,original,6,39.510,0.744,1.000000,1.000000,1.000000,1.823529,1.814480,1.828054,1.016089,1.009926,1.029777
sweep,short,ldc2,257,1,repeated-source,selected64,6,39.608,0.990,0.998765,0.987685,1.000000,1.828054,1.819005,1.837104,1.012392,1.007389,1.027228
sweep,short,ldc2,257,1,repeated-source,vector16store,6,40.147,1.954,0.984167,0.971084,0.990172,1.852941,1.841629,1.877828,1.000000,1.000000,1.000000
sweep,short,ldc2,257,1,repeated-source,cpp-approved-execution,6,21.667,0.000,1.823529,1.814480,1.828054,1.000000,1.000000,1.000000,1.852941,1.841629,1.877828
sweep,short,ldc2,257,1,universal,original,6,618.480,3.931,1.000000,1.000000,1.000000,4.354161,4.043915,4.515884,0.999206,0.983401,1.018199
sweep,short,ldc2,257,1,universal,selected64,6,622.696,3.417,0.998257,0.979031,1.023798,4.357613,4.071518,4.449205,0.996831,0.976733,1.042430
sweep,short,ldc2,257,1,universal,vector16store,6,618.088,5.885,1.000795,0.982127,1.016880,4.348307,3.976788,4.598066,1.000000,1.000000,1.000000
sweep,short,ldc2,257,1,universal,cpp-approved-execution,6,141.912,10.363,4.354161,4.043915,4.515884,1.000000,1.000000,1.000000,4.348307,3.976788,4.598066
sweep,short,ldc2,257,17,contiguous,original,6,400.000,0.000,1.000000,1.000000,1.000000,1.137441,1.121495,1.137441,0.995833,0.991667,1.000000
sweep,short,ldc2,257,17,contiguous,selected64,6,400.000,0.833,1.000000,0.995851,1.004184,1.137441,1.116822,1.142180,0.995833,0.991667,1.000000
sweep,short,ldc2,257,17,contiguous,vector16store,6,398.333,0.837,1.004184,1.000000,1.008403,1.130332,1.116822,1.137441,1.000000,1.000000,1.000000
sweep,short,ldc2,257,17,contiguous,cpp-approved-execution,6,351.667,1.422,1.137441,1.121495,1.137441,1.000000,1.000000,1.000000,1.130332,1.116822,1.137441
sweep,short,ldc2,257,17,negative-both,original,6,1756.667,1.044,1.000000,1.000000,1.000000,4.964623,4.897674,4.981132,1.000000,0.989652,1.009506
sweep,short,ldc2,257,17,negative-both,selected64,6,1754.167,0.380,1.000474,0.997159,1.010456,4.962264,4.893023,4.981132,1.000474,1.000000,1.009506
sweep,short,ldc2,257,17,negative-both,vector16store,6,1757.500,0.948,1.000000,0.990584,1.010456,4.971698,4.893023,5.009434,1.000000,1.000000,1.000000
sweep,short,ldc2,257,17,negative-both,cpp-approved-execution,6,353.333,1.415,4.964623,4.897674,4.981132,1.000000,1.000000,1.000000,4.971698,4.893023,5.009434
sweep,short,ldc2,257,17,negative-source,original,6,1755.833,1.139,1.000000,1.000000,1.000000,4.920561,4.906977,4.971963,0.999050,0.988722,1.009488
sweep,short,ldc2,257,17,negative-source,selected64,6,1754.167,0.190,1.000950,0.999050,1.011407,4.915888,4.902326,4.925234,1.000000,0.999050,1.009488
sweep,short,ldc2,257,17,negative-source,vector16store,6,1753.333,1.141,1.000951,0.990602,1.011407,4.915888,4.897674,4.971963,1.000000,1.000000,1.000000
sweep,short,ldc2,257,17,negative-source,cpp-approved-execution,6,356.667,0.467,4.920561,4.906977,4.971963,1.000000,1.000000,1.000000,4.915888,4.897674,4.971963
sweep,short,ldc2,257,17,padded,original,6,428.333,0.389,1.000000,1.000000,1.000000,1.206573,1.183486,1.211268,1.000000,1.000000,1.003891
sweep,short,ldc2,257,17,padded,selected64,6,428.333,0.389,1.000000,1.000000,1.003891,1.206573,1.183486,1.206573,1.001946,1.000000,1.003891
sweep,short,ldc2,257,17,padded,vector16store,6,430.000,0.388,1.000000,0.996124,1.000000,1.206573,1.183486,1.211268,1.000000,1.000000,1.000000
sweep,short,ldc2,257,17,padded,cpp-approved-execution,6,355.000,2.347,1.206573,1.183486,1.211268,1.000000,1.000000,1.000000,1.206573,1.183486,1.211268
sweep,short,ldc2,257,17,repeated-source,original,6,430.000,3.101,1.000000,1.000000,1.000000,1.199531,1.160714,1.217593,1.000000,0.996198,1.000000
sweep,short,ldc2,257,17,repeated-source,selected64,6,430.000,2.326,1.000000,0.996094,1.003817,1.201878,1.160714,1.212963,1.000000,0.996094,1.000000
sweep,short,ldc2,257,17,repeated-source,vector16store,6,430.000,2.713,1.000000,1.000000,1.003817,1.199531,1.160714,1.212963,1.000000,1.000000,1.000000
sweep,short,ldc2,257,17,repeated-source,cpp-approved-execution,6,357.500,5.128,1.199531,1.160714,1.217593,1.000000,1.000000,1.000000,1.199531,1.160714,1.212963
sweep,short,ldc2,257,17,universal,original,6,9916.667,3.765,1.000000,1.000000,1.000000,4.035250,3.955133,4.107410,1.004046,0.984277,1.047439
sweep,short,ldc2,257,17,universal,selected64,6,10103.333,7.555,0.983526,0.941801,0.995463,4.109861,4.048299,4.359864,0.988419,0.951943,1.005279
sweep,short,ldc2,257,17,universal,vector16store,6,9953.333,3.449,0.996015,0.954710,1.015974,4.044403,4.010204,4.150340,1.000000,1.000000,1.000000
sweep,short,ldc2,257,17,universal,cpp-approved-execution,6,2451.667,0.612,4.035250,3.955133,4.107410,1.000000,1.000000,1.000000,4.044403,4.010204,4.150340
sweep,short,ldc2,257,128,contiguous,original,6,2912.500,0.429,1.000000,1.000000,1.000000,1.096244,1.093458,1.099057,1.000000,0.995708,1.000000
sweep,short,ldc2,257,128,contiguous,selected64,6,2912.500,0.858,1.000000,1.000000,1.004310,1.093897,1.093458,1.099057,1.000000,0.995726,1.004292
sweep,short,ldc2,257,128,contiguous,vector16store,6,2912.500,0.858,1.000000,1.000000,1.004310,1.094118,1.088785,1.099057,1.000000,1.000000,1.000000
sweep,short,ldc2,257,128,contiguous,cpp-approved-execution,6,2662.500,0.939,1.096244,1.093458,1.099057,1.000000,1.000000,1.000000,1.094118,1.088785,1.099057
sweep,short,ldc2,257,128,negative-both,original,6,13175.000,2.372,1.000000,1.000000,1.000000,4.694901,4.634361,4.786667,1.000000,0.975859,1.010456
sweep,short,ldc2,257,128,negative-both,selected64,6,13181.250,0.853,0.999056,0.994340,1.024738,4.686002,4.629956,4.718750,1.000950,0.992453,1.006629
sweep,short,ldc2,257,128,negative-both,vector16store,6,13162.500,1.140,1.000001,0.989652,1.024738,4.679187,4.638767,4.709821,1.000000,1.000000,1.000000
sweep,short,ldc2,257,128,negative-both,cpp-approved-execution,6,2812.500,1.333,4.694901,4.634361,4.786667,1.000000,1.000000,1.000000,4.679187,4.638767,4.709821
sweep,short,ldc2,257,128,negative-source,original,6,13037.500,0.767,1.000000,1.000000,1.000000,4.683857,4.677130,4.696833,1.000478,0.996165,1.016299
sweep,short,ldc2,257,128,negative-source,selected64,6,12987.500,0.481,1.004818,0.999038,1.007707,4.659193,4.650224,4.701357,1.007222,0.999038,1.017274
sweep,short,ldc2,257,128,negative-source,vector16store,6,13075.000,2.103,0.999522,0.983962,1.003850,4.695950,4.659193,4.753363,1.000000,1.000000,1.000000
sweep,short,ldc2,257,128,negative-source,cpp-approved-execution,6,2787.500,0.897,4.683857,4.677130,4.696833,1.000000,1.000000,1.000000,4.695950,4.659193,4.753363
sweep,short,ldc2,257,128,padded,original,6,2987.500,0.837,1.000000,1.000000,1.000000,1.091534,1.090909,1.096330,1.000000,1.000000,1.000000
sweep,short,ldc2,257,128,padded,selected64,6,2987.500,0.837,1.000000,1.000000,1.000000,1.091534,1.090909,1.096330,1.000000,1.000000,1.000000
sweep,short,ldc2,257,128,padded,vector16store,6,2987.500,0.837,1.000000,1.000000,1.000000,1.091534,1.090909,1.096330,1.000000,1.000000,1.000000
sweep,short,ldc2,257,128,padded,cpp-approved-execution,6,2731.250,0.915,1.091534,1.090909,1.096330,1.000000,1.000000,1.000000,1.091534,1.090909,1.096330
sweep,short,ldc2,257,128,repeated-source,original,6,2950.000,1.271,1.000000,1.000000,1.000000,1.092379,1.087963,1.096774,1.000000,0.995798,1.004255
sweep,short,ldc2,257,128,repeated-source,selected64,6,2950.000,0.847,1.000000,1.000000,1.004219,1.092166,1.087963,1.092593,1.000000,1.000000,1.004255
sweep,short,ldc2,257,128,repeated-source,vector16store,6,2950.000,0.847,1.000000,0.995763,1.004219,1.092379,1.087963,1.092593,1.000000,1.000000,1.000000
sweep,short,ldc2,257,128,repeated-source,cpp-approved-execution,6,2700.000,0.463,1.092379,1.087963,1.096774,1.000000,1.000000,1.000000,1.092379,1.087963,1.092593
sweep,short,ldc2,257,128,universal,original,6,75006.250,1.433,1.000000,1.000000,1.000000,4.056459,3.725767,4.075778,1.002971,0.999333,1.019920
sweep,short,ldc2,257,128,universal,selected64,6,75106.250,3.245,1.000505,0.974188,1.005868,4.040903,3.749080,4.176271,1.003267,0.975325,1.021623
sweep,short,ldc2,257,128,universal,vector16store,6,75643.750,2.462,0.997041,0.980469,1.000667,4.065027,3.743558,4.156969,1.000000,1.000000,1.000000
sweep,short,ldc2,257,128,universal,cpp-approved-execution,6,18475.000,10.487,4.056459,3.725767,4.075778,1.000000,1.000000,1.000000,4.065027,3.743558,4.156969
sweep,short,ldc2,511,1,contiguous,original,6,61.404,2.222,1.000000,1.000000,1.000000,1.466203,1.407895,1.471963,1.009524,1.006231,1.012739
sweep,short,ldc2,511,1,contiguous,selected64,6,61.404,1.587,1.000000,0.996825,1.003125,1.467442,1.403509,1.471963,1.009449,1.006329,1.009524
sweep,short,ldc2,511,1,contiguous,vector16store,6,61.988,1.887,0.990566,0.987421,0.993808,1.479070,1.416667,1.485981,1.000000,1.000000,1.000000
sweep,short,ldc2,511,1,contiguous,cpp-approved-execution,6,41.910,6.512,1.466203,1.407895,1.471963,1.000000,1.000000,1.000000,1.479070,1.416667,1.485981
sweep,short,ldc2,511,1,negative-both,original,6,217.154,0.449,1.000000,1.000000,1.000000,5.205607,5.196262,5.219626,1.001795,0.999105,1.001799
sweep,short,ldc2,511,1,negative-both,selected64,6,217.251,0.359,0.998656,0.998205,1.000898,5.207944,5.205607,5.224299,1.000000,0.998211,1.001794
sweep,short,ldc2,511,1,negative-both,vector16store,6,217.349,0.269,0.998208,0.998205,1.000896,5.210280,5.205607,5.219626,1.000000,1.000000,1.000000
sweep,short,ldc2,511,1,negative-both,cpp-approved-execution,6,41.715,0.000,5.205607,5.196262,5.219626,1.000000,1.000000,1.000000,5.210280,5.205607,5.219626
sweep,short,ldc2,511,1,negative-source,original,6,217.057,0.629,1.000000,1.000000,1.000000,5.203271,5.196262,5.228972,1.001347,0.999106,1.003597
sweep,short,ldc2,511,1,negative-source,selected64,6,217.251,0.179,0.999103,0.998205,1.002688,5.207944,5.205607,5.214953,1.000449,0.999103,1.001795
sweep,short,ldc2,511,1,negative-source,vector16store,6,217.349,0.359,0.998655,0.996416,1.000894,5.210280,5.205607,5.224299,1.000000,1.000000,1.000000
sweep,short,ldc2,511,1,negative-source,cpp-approved-execution,6,41.715,0.000,5.203271,5.196262,5.228972,1.000000,1.000000,1.000000,5.210280,5.205607,5.224299
sweep,short,ldc2,511,1,padded,original,6,61.501,0.634,1.000000,1.000000,1.000000,1.473191,1.471963,1.476636,1.009509,1.006309,1.009524
sweep,short,ldc2,511,1,padded,selected64,6,61.598,0.316,0.998418,0.996835,1.000000,1.476636,1.474419,1.476636,1.006329,1.006309,1.009494
sweep,short,ldc2,511,1,padded,vector16store,6,61.988,0.314,0.990581,0.990566,0.993730,1.485981,1.483721,1.490654,1.000000,1.000000,1.000000
sweep,short,ldc2,511,1,padded,cpp-approved-execution,6,41.715,0.467,1.473191,1.471963,1.476636,1.000000,1.000000,1.000000,1.485981,1.483721,1.490654
sweep,short,ldc2,511,1,repeated-source,original,6,61.209,1.274,1.000000,1.000000,1.000000,1.467290,1.462617,1.474419,1.009569,1.003175,1.015924
sweep,short,ldc2,511,1,repeated-source,selected64,6,61.209,0.318,1.000000,0.996815,1.006349,1.467290,1.465116,1.471963,1.009554,1.006349,1.015924
sweep,short,ldc2,511,1,repeated-source,vector16store,6,61.891,1.260,0.990521,0.984326,0.996835,1.483645,1.476636,1.490654,1.000000,1.000000,1.000000
sweep,short,ldc2,511,1,repeated-source,cpp-approved-execution,6,41.715,0.467,1.467290,1.462617,1.474419,1.000000,1.000000,1.000000,1.483645,1.476636,1.490654
sweep,short,ldc2,511,1,universal,original,6,1196.199,19.050,1.000000,1.000000,1.000000,4.211736,4.078114,4.958819,0.999126,0.970711,1.049657
sweep,short,ldc2,511,1,universal,selected64,6,1193.080,19.835,0.998693,0.972695,1.058411,4.193757,4.169526,5.002745,0.997383,0.974623,1.052925
sweep,short,ldc2,511,1,universal,vector16store,6,1206.238,18.455,1.000876,0.952692,1.030173,4.245601,4.086195,4.948524,1.000000,1.000000,1.000000
sweep,short,ldc2,511,1,universal,cpp-approved-execution,6,284.016,1.922,4.211736,4.078114,4.958819,1.000000,1.000000,1.000000,4.245601,4.086195,4.948524
sweep,short,ldc2,511,17,contiguous,original,6,790.000,1.688,1.000000,1.000000,1.000000,1.105140,1.093023,1.111628,1.000000,0.995816,1.004219
sweep,short,ldc2,511,17,contiguous,selected64,6,788.333,1.691,1.000000,1.000000,1.004237,1.105140,1.093023,1.111628,1.000000,0.995816,1.004237
sweep,short,ldc2,511,17,contiguous,vector16store,6,790.000,1.266,1.000000,0.995798,1.004202,1.104890,1.093023,1.112150,1.000000,1.000000,1.000000
sweep,short,ldc2,511,17,contiguous,cpp-approved-execution,6,715.000,0.466,1.105140,1.093023,1.111628,1.000000,1.000000,1.000000,1.104890,1.093023,1.112150
sweep,short,ldc2,511,17,negative-both,original,6,3503.333,0.476,1.000000,1.000000,1.000000,4.557491,4.466102,4.565217,0.999049,0.996205,1.008580
sweep,short,ldc2,511,17,negative-both,selected64,6,3500.000,1.429,1.000476,0.991533,1.000954,4.558696,4.504237,4.575758,1.000000,0.987770,1.008580
sweep,short,ldc2,511,17,negative-both,vector16store,6,3501.667,0.952,1.000952,0.991493,1.003810,4.553153,4.449153,4.600000,1.000000,1.000000,1.000000
sweep,short,ldc2,511,17,negative-both,cpp-approved-execution,6,768.333,2.603,4.557491,4.466102,4.565217,1.000000,1.000000,1.000000,4.553153,4.449153,4.600000
sweep,short,ldc2,511,17,negative-source,original,6,3508.333,0.190,1.000000,1.000000,1.000000,4.654867,4.554113,4.663717,0.999526,0.997148,1.002852
sweep,short,ldc2,511,17,negative-source,selected64,6,3503.333,1.047,1.001427,0.991517,1.002854,4.648230,4.549784,4.694690,1.000951,0.991517,1.003806
sweep,short,ldc2,511,17,negative-source,vector16store,6,3508.333,0.570,1.000475,0.997156,1.002860,4.649020,4.567100,4.659292,1.000000,1.000000,1.000000
sweep,short,ldc2,511,17,negative-source,cpp-approved-execution,6,753.333,2.212,4.654867,4.554113,4.663717,1.000000,1.000000,1.000000,4.649020,4.567100,4.659292
sweep,short,ldc2,511,17,padded,original,6,826.667,1.613,1.000000,1.000000,1.000000,1.134083,1.127854,1.137615,1.000000,0.995968,1.004049
sweep,short,ldc2,511,17,padded,selected64,6,825.000,1.616,1.000000,0.995984,1.004049,1.134387,1.127854,1.137615,1.000000,0.995984,1.004049
sweep,short,ldc2,511,17,padded,vector16store,6,826.667,1.613,1.000000,0.995968,1.004049,1.132724,1.132420,1.137615,1.000000,1.000000,1.000000
sweep,short,ldc2,511,17,padded,cpp-approved-execution,6,730.000,1.370,1.134083,1.127854,1.137615,1.000000,1.000000,1.000000,1.132724,1.132420,1.137615
sweep,short,ldc2,511,17,repeated-source,original,6,816.667,3.265,1.000000,1.000000,1.000000,1.129035,1.125000,1.139535,1.000000,0.995918,1.004098
sweep,short,ldc2,511,17,repeated-source,selected64,6,816.667,2.857,1.002000,0.995918,1.004098,1.127315,1.121076,1.139535,1.000000,1.000000,1.004082
sweep,short,ldc2,511,17,repeated-source,vector16store,6,816.667,3.265,1.000000,0.995918,1.004098,1.129035,1.125000,1.139535,1.000000,1.000000,1.000000
sweep,short,ldc2,511,17,repeated-source,cpp-approved-execution,6,720.000,3.704,1.129035,1.125000,1.139535,1.000000,1.000000,1.000000,1.129035,1.125000,1.139535
sweep,short,ldc2,511,17,universal,original,6,19868.333,2.751,1.000000,1.000000,1.000000,4.124913,4.045675,4.159170,1.001837,0.984027,1.041738
sweep,short,ldc2,511,17,universal,selected64,6,19816.667,1.514,1.000511,0.981696,1.012637,4.114187,4.086505,4.148789,1.003447,0.996462,1.022670
sweep,short,ldc2,511,17,universal,vector16store,6,19978.333,2.937,0.998170,0.959934,1.016233,4.147751,4.092734,4.214533,1.000000,1.000000,1.000000
sweep,short,ldc2,511,17,universal,cpp-approved-execution,6,4816.667,0.000,4.124913,4.045675,4.159170,1.000000,1.000000,1.000000,4.147751,4.092734,4.214533
sweep,short,ldc2,511,128,contiguous,original,6,5812.500,0.430,1.000000,1.000000,1.000000,1.104637,1.101896,1.109524,1.000000,0.997854,1.002151
sweep,short,ldc2,511,128,contiguous,selected64,6,5812.500,0.215,0.998927,0.997849,1.002151,1.107016,1.101896,1.107143,0.998927,0.997849,1.002151
sweep,short,ldc2,511,128,contiguous,vector16store,6,5812.500,0.430,1.000000,0.997854,1.002151,1.104637,1.104265,1.107143,1.000000,1.000000,1.000000
sweep,short,ldc2,511,128,contiguous,cpp-approved-execution,6,5256.250,0.476,1.104637,1.101896,1.109524,1.000000,1.000000,1.000000,1.104637,1.104265,1.107143
sweep,short,ldc2,511,128,negative-both,original,6,26381.250,7.060,1.000000,1.000000,1.000000,4.329213,4.282209,4.624742,0.991258,0.929113,0.999045
sweep,short,ldc2,511,128,negative-both,selected64,6,26125.000,0.574,1.010292,1.002387,1.072692,4.300101,4.259714,4.311340,0.999999,0.996652,1.002869
sweep,short,ldc2,511,128,negative-both,vector16store,6,26100.000,0.670,1.008832,1.000956,1.076296,4.293217,4.267894,4.323711,1.000000,1.000000,1.000000
sweep,short,ldc2,511,128,negative-both,cpp-approved-execution,6,6081.250,0.822,4.329213,4.282209,4.624742,1.000000,1.000000,1.000000,4.293217,4.267894,4.323711
sweep,short,ldc2,511,128,negative-source,original,6,25981.250,1.203,1.000000,1.000000,1.000000,4.362041,4.252049,4.418947,1.000240,0.997600,1.047642
sweep,short,ldc2,511,128,negative-source,selected64,6,25950.000,0.723,1.000000,0.997125,1.011079,4.368318,4.252049,4.371308,1.000000,0.997600,1.059249
sweep,short,ldc2,511,128,negative-source,vector16store,6,25968.750,6.017,0.999760,0.954525,1.002406,4.360982,4.256148,4.629474,1.000000,1.000000,1.000000
sweep,short,ldc2,511,128,negative-source,cpp-approved-execution,6,5956.250,2.938,4.362041,4.252049,4.418947,1.000000,1.000000,1.000000,4.360982,4.256148,4.629474
sweep,short,ldc2,511,128,padded,original,6,5950.000,2.101,1.000000,1.000000,1.000000,1.078140,1.074661,1.092551,1.001046,0.989669,1.002110
sweep,short,ldc2,511,128,padded,selected64,6,5962.500,2.935,0.998952,0.973415,1.006237,1.079365,1.074661,1.108844,1.000000,0.973415,1.004193
sweep,short,ldc2,511,128,padded,vector16store,6,5956.250,0.839,0.998956,0.997895,1.010438,1.079455,1.074661,1.081264,1.000000,1.000000,1.000000
sweep,short,ldc2,511,128,padded,cpp-approved-execution,6,5525.000,0.679,1.078140,1.074661,1.092551,1.000000,1.000000,1.000000,1.079455,1.074661,1.081264
sweep,short,ldc2,511,128,repeated-source,original,6,5912.500,0.423,1.000000,1.000000,1.000000,1.065315,1.063063,1.067720,1.000000,0.997881,1.002114
sweep,short,ldc2,511,128,repeated-source,selected64,6,5912.500,0.423,1.000000,0.997890,1.002119,1.065315,1.063063,1.069977,1.000000,0.997881,1.000000
sweep,short,ldc2,511,128,repeated-source,vector16store,6,5912.500,0.634,1.000000,0.997890,1.002123,1.065315,1.060811,1.069977,1.000000,1.000000,1.000000
sweep,short,ldc2,511,128,repeated-source,cpp-approved-execution,6,5550.000,0.450,1.065315,1.063063,1.067720,1.000000,1.000000,1.000000,1.065315,1.060811,1.069977
sweep,short,ldc2,511,128,universal,original,6,149500.000,3.344,1.000000,1.000000,1.000000,3.991038,3.866537,4.086582,0.998410,0.967937,1.012577
sweep,short,ldc2,511,128,universal,selected64,6,149518.750,2.617,0.998573,0.992217,1.023953,4.002468,3.871595,4.094515,0.993624,0.991122,1.010615
sweep,short,ldc2,511,128,universal,vector16store,6,149012.500,1.409,1.001593,0.987579,1.033125,3.971596,3.837224,4.137979,1.000000,1.000000,1.000000
sweep,short,ldc2,511,128,universal,cpp-approved-execution,6,37618.750,6.247,3.991038,3.866537,4.086582,1.000000,1.000000,1.000000,3.971596,3.837224,4.137979
sweep,short,ldc2,512,1,contiguous,original,6,60.059,0.325,1.000000,1.000000,1.000000,1.518522,1.512315,1.524752,1.006504,1.003247,1.009772
sweep,short,ldc2,512,1,contiguous,selected64,6,59.961,0.326,1.003257,1.000000,1.003268,1.513583,1.512315,1.519802,1.009772,1.006515,1.009804
sweep,short,ldc2,512,1,contiguous,vector16store,6,60.547,0.323,0.993538,0.990323,0.996764,1.528398,1.522167,1.534653,1.000000,1.000000,1.000000
sweep,short,ldc2,512,1,contiguous,cpp-approved-execution,6,39.551,0.494,1.518522,1.512315,1.524752,1.000000,1.000000,1.000000,1.528398,1.522167,1.534653
sweep,short,ldc2,512,1,negative-both,original,6,216.797,1.622,1.000000,1.000000,1.000000,5.522388,5.495050,5.579208,1.001352,1.000900,1.110914
sweep,short,ldc2,512,1,negative-both,selected64,6,216.797,0.541,1.000901,0.999099,1.011670,5.518620,5.490099,5.522388,1.002255,1.000901,1.123878
sweep,short,ldc2,512,1,negative-both,vector16store,6,217.090,12.686,0.998650,0.900160,0.999101,5.529851,5.527363,6.198020,1.000000,1.000000,1.000000
sweep,short,ldc2,512,1,negative-both,cpp-approved-execution,6,39.258,0.498,5.522388,5.495050,5.579208,1.000000,1.000000,1.000000,5.529851,5.527363,6.198020
sweep,short,ldc2,512,1,negative-source,original,6,216.895,0.270,1.000000,1.000000,1.000000,5.550000,5.495050,5.560000,1.001800,1.000899,1.002703
sweep,short,ldc2,512,1,negative-source,selected64,6,216.992,0.090,0.999550,0.999099,1.000900,5.552500,5.500000,5.555000,1.001351,1.000900,1.002700
sweep,short,ldc2,512,1,negative-source,vector16store,6,217.285,0.270,0.998203,0.997305,0.999102,5.557500,5.509901,5.570000,1.000000,1.000000,1.000000
sweep,short,ldc2,512,1,negative-source,cpp-approved-execution,6,39.062,1.000,5.550000,5.495050,5.560000,1.000000,1.000000,1.000000,5.557500,5.509901,5.570000
sweep,short,ldc2,512,1,padded,original,6,59.766,0.327,1.000000,1.000000,1.000000,1.522388,1.517413,1.522388,1.009804,1.006536,1.009836
sweep,short,ldc2,512,1,padded,selected64,6,59.766,0.654,1.000000,0.996743,1.003279,1.522388,1.517413,1.527363,1.008170,1.006515,1.013115
sweep,short,ldc2,512,1,padded,vector16store,6,60.254,0.324,0.990291,0.990260,0.993506,1.534826,1.532338,1.537313,1.000000,1.000000,1.000000
sweep,short,ldc2,512,1,padded,cpp-approved-execution,6,39.258,0.000,1.522388,1.517413,1.522388,1.000000,1.000000,1.000000,1.534826,1.532338,1.537313
sweep,short,ldc2,512,1,repeated-source,original,6,59.766,0.327,1.000000,1.000000,1.000000,1.500000,1.495098,1.507389,1.009804,1.009804,1.013115
sweep,short,ldc2,512,1,repeated-source,selected64,6,59.766,0.327,0.998371,0.996732,1.000000,1.500000,1.500000,1.512315,1.009804,1.006515,1.009804
sweep,short,ldc2,512,1,repeated-source,vector16store,6,60.352,0.000,0.990291,0.987055,0.990291,1.514706,1.514706,1.522167,1.000000,1.000000,1.000000
sweep,short,ldc2,512,1,repeated-source,cpp-approved-execution,6,39.844,0.490,1.500000,1.495098,1.507389,1.000000,1.000000,1.000000,1.514706,1.514706,1.522167
sweep,short,ldc2,512,1,universal,original,6,1194.238,1.864,1.000000,1.000000,1.000000,4.196637,3.854962,4.234729,0.997233,0.988187,1.010403
sweep,short,ldc2,512,1,universal,selected64,6,1192.773,1.719,1.002129,0.985838,1.015899,4.191489,3.877863,4.216198,1.001473,0.984633,1.012256
sweep,short,ldc2,512,1,universal,vector16store,6,1194.434,2.028,1.002776,0.989704,1.011954,4.197323,3.868321,4.218943,1.000000,1.000000,1.000000
sweep,short,ldc2,512,1,universal,cpp-approved-execution,6,284.570,7.893,4.196637,3.854962,4.234729,1.000000,1.000000,1.000000,4.197323,3.868321,4.218943
sweep,short,ldc2,512,17,contiguous,original,6,783.333,1.702,1.000000,1.000000,1.000000,1.083357,1.077982,1.101852,1.004255,1.000000,1.004274
sweep,short,ldc2,512,17,contiguous,selected64,6,783.333,1.277,1.000000,0.995763,1.004274,1.085470,1.078341,1.097222,1.004246,1.000000,1.004274
sweep,short,ldc2,512,17,contiguous,vector16store,6,785.000,1.274,0.995763,0.995745,1.000000,1.087986,1.082569,1.101852,1.000000,1.000000,1.000000
sweep,short,ldc2,512,17,contiguous,cpp-approved-execution,6,721.667,1.386,1.083357,1.077982,1.101852,1.000000,1.000000,1.000000,1.087986,1.082569,1.101852
sweep,short,ldc2,512,17,negative-both,original,6,3513.333,0.380,1.000000,1.000000,1.000000,4.482979,4.405858,4.493617,0.999053,0.998106,1.001899
sweep,short,ldc2,512,17,negative-both,selected64,6,3511.667,0.380,1.000475,0.998104,1.001898,4.480851,4.414226,4.485106,1.000000,0.999054,1.000000
sweep,short,ldc2,512,17,negative-both,vector16store,6,3511.667,0.285,1.000948,0.998104,1.001898,4.480851,4.414226,4.485106,1.000000,1.000000,1.000000
sweep,short,ldc2,512,17,negative-both,cpp-approved-execution,6,783.333,1.702,4.482979,4.405858,4.493617,1.000000,1.000000,1.000000,4.480851,4.414226,4.485106
sweep,short,ldc2,512,17,negative-source,original,6,3521.667,0.284,1.000000,1.000000,1.000000,4.727078,4.656388,4.735426,0.999527,0.998110,1.000000
sweep,short,ldc2,512,17,negative-source,selected64,6,3516.667,0.284,1.001421,0.999054,1.003795,4.715907,4.651982,4.739910,1.000948,0.999054,1.001898
sweep,short,ldc2,512,17,negative-source,vector16store,6,3520.000,0.379,1.000474,1.000000,1.001894,4.720372,4.656388,4.735426,1.000000,1.000000,1.000000
sweep,short,ldc2,512,17,negative-source,cpp-approved-execution,6,745.000,1.790,4.727078,4.656388,4.735426,1.000000,1.000000,1.000000,4.720372,4.656388,4.735426
sweep,short,ldc2,512,17,padded,original,6,828.333,0.805,1.000000,1.000000,1.000000,1.139584,1.127273,1.147465,1.000000,1.000000,1.000000
sweep,short,ldc2,512,17,padded,selected64,6,826.667,0.403,1.002008,1.000000,1.004032,1.137300,1.126697,1.142857,1.002008,1.000000,1.004032
sweep,short,ldc2,512,17,padded,vector16store,6,828.333,0.805,1.000000,1.000000,1.000000,1.139584,1.127273,1.147465,1.000000,1.000000,1.000000
sweep,short,ldc2,512,17,padded,cpp-approved-execution,6,728.333,1.831,1.139584,1.127273,1.147465,1.000000,1.000000,1.000000,1.139584,1.127273,1.147465
sweep,short,ldc2,512,17,repeated-source,original,6,815.000,1.636,1.000000,1.000000,1.000000,1.129032,1.117647,1.134884,1.000000,0.995951,1.004115
sweep,short,ldc2,512,17,repeated-source,selected64,6,816.667,1.224,1.000000,0.995902,1.000000,1.129032,1.117647,1.134884,1.000000,0.995951,1.000000
sweep,short,ldc2,512,17,repeated-source,vector16store,6,816.667,0.816,1.000000,0.995902,1.004065,1.129032,1.113122,1.134884,1.000000,1.000000,1.000000
sweep,short,ldc2,512,17,repeated-source,cpp-approved-execution,6,723.333,2.765,1.129032,1.117647,1.134884,1.000000,1.000000,1.000000,1.129032,1.113122,1.134884
sweep,short,ldc2,512,17,universal,original,6,20293.333,3.367,1.000000,1.000000,1.000000,4.210219,4.104354,4.246026,0.996577,0.969055,1.009917
sweep,short,ldc2,512,17,universal,selected64,6,20296.667,2.004,1.001971,0.983040,1.006388,4.208017,4.138217,4.222529,0.995165,0.973973,1.011255
sweep,short,ldc2,512,17,universal,vector16store,6,20091.667,3.418,1.003435,0.990180,1.031933,4.165515,4.089150,4.231513,1.000000,1.000000,1.000000
sweep,short,ldc2,512,17,universal,cpp-approved-execution,6,4823.333,0.138,4.210219,4.104354,4.246026,1.000000,1.000000,1.000000,4.165515,4.089150,4.231513
sweep,short,ldc2,512,128,contiguous,original,6,5681.250,0.660,1.000000,1.000000,1.000000,1.075829,1.070588,1.082938,0.998899,0.993435,1.004405
sweep,short,ldc2,512,128,contiguous,selected64,6,5675.000,0.441,1.002205,0.997802,1.006608,1.073373,1.068235,1.075829,1.002200,1.000000,1.002203
sweep,short,ldc2,512,128,contiguous,vector16store,6,5687.500,0.659,1.001104,0.995614,1.006608,1.075561,1.070588,1.078199,1.000000,1.000000,1.000000
sweep,short,ldc2,512,128,contiguous,cpp-approved-execution,6,5281.250,0.710,1.075829,1.070588,1.082938,1.000000,1.000000,1.000000,1.075561,1.070588,1.078199
sweep,short,ldc2,512,128,negative-both,original,6,26331.250,7.501,1.000000,1.000000,1.000000,4.422584,4.345833,4.645963,1.004336,0.948307,1.065134
sweep,short,ldc2,512,128,negative-both,selected64,6,26650.000,8.161,0.998358,0.922193,1.052039,4.427866,4.377358,4.737395,0.995275,0.932361,1.065134
sweep,short,ldc2,512,128,negative-both,vector16store,6,26543.750,6.452,0.995727,0.938849,1.054511,4.410190,4.384454,4.662474,1.000000,1.000000,1.000000
sweep,short,ldc2,512,128,negative-both,cpp-approved-execution,6,5981.250,1.463,4.422584,4.345833,4.645963,1.000000,1.000000,1.000000,4.410190,4.384454,4.662474
sweep,short,ldc2,512,128,negative-source,original,6,26056.250,6.237,1.000000,1.000000,1.000000,4.481741,4.406780,4.732334,0.998800,0.995475,0.999520
sweep,short,ldc2,512,128,negative-source,selected64,6,26037.500,0.240,1.001200,1.000000,1.060970,4.467313,4.406780,4.498920,0.999760,0.999038,1.056169
sweep,short,ldc2,512,128,negative-source,vector16store,6,26031.250,5.858,1.001202,1.000480,1.004545,4.478513,4.402542,4.710921,1.000000,1.000000,1.000000
sweep,short,ldc2,512,128,negative-source,cpp-approved-execution,6,5831.250,1.929,4.481741,4.406780,4.732334,1.000000,1.000000,1.000000,4.478513,4.402542,4.710921
sweep,short,ldc2,512,128,padded,original,6,5793.750,0.863,1.000000,1.000000,1.000000,1.083040,1.076744,1.091335,1.001078,0.995708,1.006479
sweep,short,ldc2,512,128,padded,selected64,6,5787.500,0.432,1.000000,0.997845,1.006479,1.081871,1.076744,1.086651,1.002160,1.000000,1.004310
sweep,short,ldc2,512,128,padded,vector16store,6,5800.000,0.862,0.998925,0.993562,1.004310,1.084014,1.079070,1.091335,1.000000,1.000000,1.000000
sweep,short,ldc2,512,128,padded,cpp-approved-execution,6,5343.750,0.702,1.083040,1.076744,1.091335,1.000000,1.000000,1.000000,1.084014,1.079070,1.091335
sweep,short,ldc2,512,128,repeated-source,original,6,5775.000,0.866,1.000000,1.000000,1.000000,1.071840,1.066975,1.076923,1.000000,0.995690,1.002165
sweep,short,ldc2,512,128,repeated-source,selected64,6,5781.250,0.432,1.001080,0.997840,1.004320,1.070682,1.064665,1.079254,1.000000,0.997840,1.002169
sweep,short,ldc2,512,128,repeated-source,vector16store,6,5775.000,0.433,1.000000,0.997840,1.004329,1.069525,1.066975,1.076923,1.000000,1.000000,1.000000
sweep,short,ldc2,512,128,repeated-source,cpp-approved-execution,6,5400.000,0.926,1.071840,1.066975,1.076923,1.000000,1.000000,1.000000,1.069525,1.066975,1.076923
sweep,short,ldc2,512,128,universal,original,6,149087.500,2.750,1.000000,1.000000,1.000000,4.102961,4.056597,4.210055,1.001482,0.983805,1.022464
sweep,short,ldc2,512,128,universal,selected64,6,149468.750,3.379,0.997365,0.968737,1.011289,4.110499,4.076372,4.239325,0.997692,0.977012,1.019039
sweep,short,ldc2,512,128,universal,vector16store,6,150662.500,2.779,0.998528,0.978029,1.016462,4.149766,4.073986,4.193194,1.000000,1.000000,1.000000
sweep,short,ldc2,512,128,universal,cpp-approved-execution,6,36312.500,1.033,4.102961,4.056597,4.210055,1.000000,1.000000,1.000000,4.149766,4.073986,4.193194
sweep,short,ldc2,513,1,contiguous,original,6,60.470,10.356,1.000000,1.000000,1.000000,1.511011,1.507317,1.671569,1.009709,0.961877,1.009709
sweep,short,ldc2,513,1,contiguous,selected64,6,60.568,10.662,0.998538,0.996774,1.000000,1.513451,1.507317,1.676471,1.006462,0.959064,1.009709
sweep,short,ldc2,513,1,contiguous,vector16store,6,61.057,5.449,0.990385,0.990385,1.039634,1.523231,1.521951,1.607843,1.000000,1.000000,1.000000
sweep,short,ldc2,513,1,contiguous,cpp-approved-execution,6,40.020,0.489,1.511011,1.507317,1.671569,1.000000,1.000000,1.000000,1.523231,1.521951,1.607843
sweep,short,ldc2,513,1,negative-both,original,6,217.906,0.269,1.000000,1.000000,1.000000,5.471784,5.446078,5.487685,1.005390,1.000000,1.012601
sweep,short,ldc2,513,1,negative-both,selected64,6,217.906,0.269,0.999551,0.996413,1.001799,5.471759,5.455882,5.487685,1.004941,0.999102,1.012590
sweep,short,ldc2,513,1,negative-both,vector16store,6,218.982,1.162,0.994646,0.987556,1.000000,5.503658,5.455882,5.546798,1.000000,1.000000,1.000000
sweep,short,ldc2,513,1,negative-both,cpp-approved-execution,6,39.824,0.491,5.471784,5.446078,5.487685,1.000000,1.000000,1.000000,5.503658,5.455882,5.546798
sweep,short,ldc2,513,1,negative-source,original,6,217.808,0.270,1.000000,1.000000,1.000000,5.482759,5.450980,5.492611,1.006295,0.998206,1.012579
sweep,short,ldc2,513,1,negative-source,selected64,6,217.710,0.090,1.000449,0.999102,1.002698,5.480296,5.450980,5.482759,1.005840,1.000000,1.013477
sweep,short,ldc2,513,1,negative-source,vector16store,6,218.982,1.430,0.993773,0.987578,1.001797,5.512315,5.455882,5.556650,1.000000,1.000000,1.000000
sweep,short,ldc2,513,1,negative-source,cpp-approved-execution,6,39.726,0.493,5.482759,5.450980,5.492611,1.000000,1.000000,1.000000,5.512315,5.455882,5.556650
sweep,short,ldc2,513,1,padded,original,6,60.176,0.976,1.000000,1.000000,1.000000,1.514778,1.504902,1.527094,1.009756,1.006452,1.019544
sweep,short,ldc2,513,1,padded,selected64,6,60.078,0.651,1.000000,0.996753,1.009772,1.512315,1.509804,1.522167,1.011401,1.006472,1.019544
sweep,short,ldc2,513,1,padded,vector16store,6,60.861,0.965,0.990338,0.980831,0.993590,1.532020,1.519608,1.541872,1.000000,1.000000,1.000000
sweep,short,ldc2,513,1,padded,cpp-approved-execution,6,39.726,0.493,1.514778,1.504902,1.527094,1.000000,1.000000,1.000000,1.532020,1.519608,1.541872
sweep,short,ldc2,513,1,repeated-source,original,6,60.274,0.325,1.000000,1.000000,1.000000,1.495146,1.487923,1.495146,1.009740,1.009740,1.013029
sweep,short,ldc2,513,1,repeated-source,selected64,6,60.470,0.324,0.996764,0.993528,1.000000,1.500000,1.492754,1.500000,1.006472,1.006472,1.009740
sweep,short,ldc2,513,1,repeated-source,vector16store,6,60.861,0.322,0.990354,0.987138,0.990354,1.509709,1.502415,1.514563,1.000000,1.000000,1.000000
sweep,short,ldc2,513,1,repeated-source,cpp-approved-execution,6,40.313,0.485,1.495146,1.487923,1.495146,1.000000,1.000000,1.000000,1.509709,1.502415,1.514563
sweep,short,ldc2,513,1,universal,original,6,1196.575,16.420,1.000000,1.000000,1.000000,4.196637,4.161423,4.864791,1.000247,0.980882,1.003414
sweep,short,ldc2,513,1,universal,selected64,6,1200.587,17.751,0.998745,0.971885,1.020232,4.210707,4.121918,4.877831,0.996025,0.971246,1.023715
sweep,short,ldc2,513,1,universal,vector16store,6,1190.900,18.207,0.999754,0.996598,1.019490,4.165302,4.120110,4.880577,1.000000,1.000000,1.000000
sweep,short,ldc2,513,1,universal,cpp-approved-execution,6,285.127,0.343,4.196637,4.161423,4.864791,1.000000,1.000000,1.000000,4.165302,4.120110,4.880577
sweep,short,ldc2,513,17,contiguous,original,6,766.667,0.435,1.000000,1.000000,1.000000,1.062500,1.055046,1.065116,1.000000,0.995652,1.000000
sweep,short,ldc2,513,17,contiguous,selected64,6,763.333,0.437,1.002183,1.000000,1.004367,1.060185,1.050459,1.065116,1.000000,1.000000,1.004367
sweep,short,ldc2,513,17,contiguous,vector16store,6,765.000,0.436,1.000000,1.000000,1.004367,1.062500,1.055046,1.065116,1.000000,1.000000,1.000000
sweep,short,ldc2,513,17,contiguous,cpp-approved-execution,6,720.000,1.389,1.062500,1.055046,1.065116,1.000000,1.000000,1.000000,1.062500,1.055046,1.065116
sweep,short,ldc2,513,17,negative-both,original,6,3513.333,0.380,1.000000,1.000000,1.000000,4.734850,4.718750,4.773756,1.000000,0.998108,1.000000
sweep,short,ldc2,513,17,negative-both,selected64,6,3511.667,0.190,1.000475,1.000000,1.002852,4.734850,4.705357,4.764706,1.000474,1.000000,1.001901
sweep,short,ldc2,513,17,negative-both,vector16store,6,3513.333,0.190,1.000000,1.000000,1.001896,4.734850,4.709821,4.769231,1.000000,1.000000,1.000000
sweep,short,ldc2,513,17,negative-both,cpp-approved-execution,6,741.667,1.348,4.734850,4.718750,4.773756,1.000000,1.000000,1.000000,4.734850,4.709821,4.769231
sweep,short,ldc2,513,17,negative-source,original,6,3523.333,0.284,1.000000,1.000000,1.000000,4.904899,4.835616,4.916279,0.999054,0.998111,1.000000
sweep,short,ldc2,513,17,negative-source,selected64,6,3520.000,0.379,1.001891,1.000947,1.002846,4.895607,4.826484,4.911628,1.000946,1.000000,1.001898
sweep,short,ldc2,513,17,negative-source,vector16store,6,3521.667,0.284,1.000947,1.000000,1.001892,4.902573,4.826484,4.911628,1.000000,1.000000,1.000000
sweep,short,ldc2,513,17,negative-source,cpp-approved-execution,6,718.333,1.856,4.904899,4.835616,4.916279,1.000000,1.000000,1.000000,4.902573,4.826484,4.911628
sweep,short,ldc2,513,17,padded,original,6,806.667,1.240,1.000000,1.000000,1.000000,1.143525,1.136792,1.152381,0.995885,0.995868,1.004149
sweep,short,ldc2,513,17,padded,selected64,6,806.667,0.413,1.000000,0.995868,1.004115,1.141509,1.140845,1.152381,0.997934,0.995868,1.000000
sweep,short,ldc2,513,17,padded,vector16store,6,805.000,0.828,1.004132,0.995868,1.004149,1.141509,1.136792,1.147619,1.000000,1.000000,1.000000
sweep,short,ldc2,513,17,padded,cpp-approved-execution,6,706.667,1.415,1.143525,1.136792,1.152381,1.000000,1.000000,1.000000,1.141509,1.136792,1.147619
sweep,short,ldc2,513,17,repeated-source,original,6,795.000,1.677,1.000000,1.000000,1.000000,1.136364,1.131455,1.149038,0.997925,0.995816,1.004219
sweep,short,ldc2,513,17,repeated-source,selected64,6,793.333,1.261,1.000000,1.000000,1.004202,1.136364,1.126761,1.149038,1.000000,0.995816,1.004219
sweep,short,ldc2,513,17,repeated-source,vector16store,6,793.333,1.261,1.002083,0.995798,1.004202,1.136364,1.126761,1.144231,1.000000,1.000000,1.000000
sweep,short,ldc2,513,17,repeated-source,cpp-approved-execution,6,696.667,2.392,1.136364,1.131455,1.149038,1.000000,1.000000,1.000000,1.136364,1.126761,1.144231
sweep,short,ldc2,513,17,universal,original,6,19905.000,3.500,1.000000,1.000000,1.000000,4.118276,4.053793,4.197931,1.007689,0.997828,1.082635
sweep,short,ldc2,513,17,universal,selected64,6,19858.333,3.609,1.000864,0.984036,1.013318,4.108621,4.042069,4.190345,1.004629,0.989961,1.097053
sweep,short,ldc2,513,17,universal,vector16store,6,19893.333,11.009,0.992372,0.923672,1.002176,4.115862,4.091724,4.544828,1.000000,1.000000,1.000000
sweep,short,ldc2,513,17,universal,cpp-approved-execution,6,4833.333,0.000,4.118276,4.053793,4.197931,1.000000,1.000000,1.000000,4.115862,4.091724,4.544828
sweep,short,ldc2,513,128,contiguous,original,6,5550.000,0.225,1.000000,1.000000,1.000000,1.047114,1.044706,1.049645,0.997748,0.997748,1.006742
sweep,short,ldc2,513,128,contiguous,selected64,6,5543.750,0.225,1.002255,1.000000,1.002257,1.044759,1.044706,1.047281,1.000000,0.997748,1.009009
sweep,short,ldc2,513,128,contiguous,vector16store,6,5537.500,1.129,1.002257,0.993304,1.002257,1.046046,1.042353,1.054118,1.000000,1.000000,1.000000
sweep,short,ldc2,513,128,contiguous,cpp-approved-execution,6,5306.250,0.471,1.047114,1.044706,1.049645,1.000000,1.000000,1.000000,1.046046,1.042353,1.054118
sweep,short,ldc2,513,128,negative-both,original,6,26168.750,0.669,1.000000,1.000000,1.000000,4.498925,4.455508,4.509636,0.999521,0.990503,1.011933
sweep,short,ldc2,513,128,negative-both,selected64,6,26168.750,1.194,1.000000,0.993824,1.009588,4.494624,4.466809,4.507495,0.999283,0.992399,1.011933
sweep,short,ldc2,513,128,negative-both,vector16store,6,26137.500,1.626,1.000480,0.988208,1.009588,4.482853,4.457627,4.559140,1.000000,1.000000,1.000000
sweep,short,ldc2,513,128,negative-both,cpp-approved-execution,6,5825.000,1.502,4.498925,4.455508,4.509636,1.000000,1.000000,1.000000,4.482853,4.457627,4.559140
sweep,short,ldc2,513,128,negative-source,original,6,26081.250,0.527,1.000000,1.000000,1.000000,4.559564,4.528261,4.602198,1.000240,0.996178,1.002865
sweep,short,ldc2,513,128,negative-source,selected64,6,26081.250,0.288,1.000720,0.998563,1.003356,4.558469,4.526087,4.589011,1.000480,0.998083,1.005747
sweep,short,ldc2,513,128,negative-source,vector16store,6,26075.000,0.815,0.999760,0.997143,1.003837,4.558469,4.530435,4.615385,1.000000,1.000000,1.000000
sweep,short,ldc2,513,128,negative-source,cpp-approved-execution,6,5718.750,1.093,4.559564,4.528261,4.602198,1.000000,1.000000,1.000000,4.558469,4.530435,4.615385
sweep,short,ldc2,513,128,padded,original,6,5837.500,2.141,1.000000,1.000000,1.000000,1.101655,1.099057,1.125296,0.998932,0.978992,1.006438
sweep,short,ldc2,513,128,padded,selected64,6,5831.250,0.857,1.001064,0.997859,1.021459,1.101655,1.098824,1.105882,1.000000,0.995745,1.004283
sweep,short,ldc2,513,128,padded,vector16store,6,5837.500,0.642,1.001071,0.993603,1.021459,1.101655,1.098824,1.106132,1.000000,1.000000,1.000000
sweep,short,ldc2,513,128,padded,cpp-approved-execution,6,5293.750,0.472,1.101655,1.099057,1.125296,1.000000,1.000000,1.000000,1.101655,1.098824,1.106132
sweep,short,ldc2,513,128,repeated-source,original,6,5793.750,1.510,1.000000,1.000000,1.000000,1.091765,1.087059,1.098361,1.000000,0.991471,1.008658
sweep,short,ldc2,513,128,repeated-source,selected64,6,5793.750,3.020,1.000000,0.974790,1.010776,1.090588,1.086651,1.120000,1.000000,0.974790,1.006479
sweep,short,ldc2,513,128,repeated-source,vector16store,6,5800.000,0.862,1.000000,0.991416,1.008602,1.091765,1.087059,1.096471,1.000000,1.000000,1.000000
sweep,short,ldc2,513,128,repeated-source,cpp-approved-execution,6,5312.500,0.706,1.091765,1.087059,1.098361,1.000000,1.000000,1.000000,1.091765,1.087059,1.096471
sweep,short,ldc2,513,128,universal,original,6,149356.250,2.009,1.000000,1.000000,1.000000,4.089206,3.896687,4.161512,1.001095,0.997077,1.018938
sweep,short,ldc2,513,128,universal,selected64,6,149943.750,2.709,0.992768,0.986719,0.999750,4.116518,3.918662,4.217526,0.998207,0.986747,1.013224
sweep,short,ldc2,513,128,universal,vector16store,6,149625.000,3.759,0.998914,0.981414,1.002932,4.077715,3.970482,4.222680,1.000000,1.000000,1.000000
sweep,short,ldc2,513,128,universal,cpp-approved-execution,6,36443.750,4.802,4.089206,3.896687,4.161512,1.000000,1.000000,1.000000,4.077715,3.970482,4.222680
sweep,short,ldc2,2048,1,contiguous,original,6,196.484,1.988,1.000000,1.000000,1.000000,1.180751,1.172897,1.190698,1.003976,0.996032,1.003984
sweep,short,ldc2,2048,1,contiguous,selected64,6,196.094,1.594,1.001992,0.996032,1.008000,1.176056,1.172897,1.188679,1.003992,1.000000,1.007968
sweep,short,ldc2,2048,1,contiguous,vector16store,6,196.875,1.984,0.996040,0.996032,1.003984,1.182671,1.177570,1.190698,1.000000,1.000000,1.000000
sweep,short,ldc2,2048,1,contiguous,cpp-approved-execution,6,166.797,1.405,1.180751,1.172897,1.190698,1.000000,1.000000,1.000000,1.182671,1.177570,1.190698
sweep,short,ldc2,2048,1,negative-both,original,6,814.062,0.480,1.000000,1.000000,1.000000,4.857835,4.510823,4.892019,1.000000,0.999040,1.002879
sweep,short,ldc2,2048,1,negative-both,selected64,6,814.062,0.864,1.000000,0.993333,1.000961,4.857835,4.510823,4.906542,1.000000,0.993333,1.002879
sweep,short,ldc2,2048,1,negative-both,vector16store,6,814.453,0.671,1.000000,0.997129,1.000961,4.864812,4.510823,4.887324,1.000000,1.000000,1.000000
sweep,short,ldc2,2048,1,negative-both,cpp-approved-execution,6,167.578,8.392,4.857835,4.510823,4.892019,1.000000,1.000000,1.000000,4.864812,4.510823,4.887324
sweep,short,ldc2,2048,1,negative-source,original,6,814.062,1.440,1.000000,1.000000,1.000000,4.879024,4.510823,4.938389,1.000960,0.997159,1.021947
sweep,short,ldc2,2048,1,negative-source,selected64,6,814.453,0.959,1.000478,0.999040,1.004757,4.865113,4.510823,4.943128,1.001911,0.999041,1.022923
sweep,short,ldc2,2048,1,negative-source,vector16store,6,815.234,2.779,0.999041,0.978525,1.002849,4.874416,4.519481,4.938389,1.000000,1.000000,1.000000
sweep,short,ldc2,2048,1,negative-source,cpp-approved-execution,6,167.969,9.302,4.879024,4.510823,4.938389,1.000000,1.000000,1.000000,4.874416,4.519481,4.938389
sweep,short,ldc2,2048,1,padded,original,6,196.484,2.386,1.000000,1.000000,1.000000,1.172495,1.117904,1.177570,1.003945,0.996032,1.008000
sweep,short,ldc2,2048,1,padded,selected64,6,196.094,2.390,0.998054,0.996016,1.003984,1.170170,1.122271,1.177570,1.000000,1.000000,1.007968
sweep,short,ldc2,2048,1,padded,vector16store,6,196.875,2.381,0.996070,0.992063,1.003984,1.172495,1.122271,1.182243,1.000000,1.000000,1.000000
sweep,short,ldc2,2048,1,padded,cpp-approved-execution,6,167.578,6.993,1.172495,1.117904,1.177570,1.000000,1.000000,1.000000,1.172495,1.122271,1.182243
sweep,short,ldc2,2048,1,repeated-source,original,6,196.484,1.988,1.000000,1.000000,1.000000,1.172897,1.117904,1.177570,1.001953,0.996032,1.003984
sweep,short,ldc2,2048,1,repeated-source,selected64,6,196.484,1.590,1.000000,0.996032,1.003984,1.172897,1.113537,1.177570,1.000000,1.000000,1.007843
sweep,short,ldc2,2048,1,repeated-source,vector16store,6,196.875,2.381,0.998054,0.996032,1.003984,1.175234,1.122271,1.177570,1.000000,1.000000,1.000000
sweep,short,ldc2,2048,1,repeated-source,cpp-approved-execution,6,167.188,7.009,1.172897,1.117904,1.177570,1.000000,1.000000,1.000000,1.175234,1.122271,1.177570
sweep,short,ldc2,2048,1,universal,original,6,4625.391,5.760,1.000000,1.000000,1.000000,4.143107,4.088873,4.318436,1.005327,0.998706,1.013349
sweep,short,ldc2,2048,1,universal,selected64,6,4616.016,4.722,1.000834,0.989836,1.006040,4.134710,4.130161,4.316341,1.004066,0.999191,1.012081
sweep,short,ldc2,2048,1,universal,vector16store,6,4643.750,4.341,0.994702,0.986827,1.001295,4.159552,4.141358,4.312849,1.000000,1.000000,1.000000
sweep,short,ldc2,2048,1,universal,cpp-approved-execution,6,1116.406,0.210,4.143107,4.088873,4.318436,1.000000,1.000000,1.000000,4.159552,4.141358,4.312849
sweep,short,ldc2,2048,17,contiguous,original,6,3025.000,0.826,1.000000,1.000000,1.000000,1.070641,1.066079,1.070796,1.000000,1.000000,1.004149
sweep,short,ldc2,2048,17,contiguous,selected64,6,3025.000,0.413,1.000000,0.995868,1.000000,1.070796,1.066079,1.075221,1.000000,0.995885,1.000000
sweep,short,ldc2,2048,17,contiguous,vector16store,6,3025.000,0.413,1.000000,0.995868,1.000000,1.070796,1.066079,1.070796,1.000000,1.000000,1.000000
sweep,short,ldc2,2048,17,contiguous,cpp-approved-execution,6,2825.000,0.442,1.070641,1.066079,1.070796,1.000000,1.000000,1.000000,1.070796,1.066079,1.070796
sweep,short,ldc2,2048,17,negative-both,original,6,14031.250,3.742,1.000000,1.000000,1.000000,4.817539,4.782609,4.855319,0.996494,0.991870,0.999091
sweep,short,ldc2,2048,17,negative-both,selected64,6,13968.750,3.400,1.003554,1.001761,1.006364,4.795965,4.773913,4.829787,1.000441,0.998182,1.000911
sweep,short,ldc2,2048,17,negative-both,vector16store,6,13956.250,3.403,1.003521,1.000910,1.008197,4.795910,4.773913,4.825532,1.000000,1.000000,1.000000
sweep,short,ldc2,2048,17,negative-both,cpp-approved-execution,6,2906.250,2.581,4.817539,4.782609,4.855319,1.000000,1.000000,1.000000,4.795910,4.773913,4.825532
sweep,short,ldc2,2048,17,negative-source,original,6,13762.500,0.182,1.000000,1.000000,1.000000,4.801756,4.786957,4.828947,0.999092,0.998185,1.005450
sweep,short,ldc2,2048,17,negative-source,selected64,6,13762.500,0.091,1.000454,1.000000,1.001817,4.797408,4.786957,4.828947,1.000000,0.999092,1.005450
sweep,short,ldc2,2048,17,negative-source,vector16store,6,13756.250,0.636,1.000909,0.994580,1.001818,4.810107,4.782609,4.834061,1.000000,1.000000,1.000000
sweep,short,ldc2,2048,17,negative-source,cpp-approved-execution,6,2868.750,0.871,4.801756,4.786957,4.828947,1.000000,1.000000,1.000000,4.810107,4.782609,4.834061
sweep,short,ldc2,2048,17,padded,original,6,3075.000,0.813,1.000000,1.000000,1.000000,1.088496,1.083333,1.093333,0.997976,0.991935,1.004065
sweep,short,ldc2,2048,17,padded,selected64,6,3075.000,0.407,1.004073,1.000000,1.008130,1.086283,1.078947,1.088889,1.000000,1.000000,1.008163
sweep,short,ldc2,2048,17,padded,vector16store,6,3075.000,0.813,1.002033,0.995951,1.008130,1.088496,1.078947,1.092920,1.000000,1.000000,1.000000
sweep,short,ldc2,2048,17,padded,cpp-approved-execution,6,2825.000,1.327,1.088496,1.083333,1.093333,1.000000,1.000000,1.000000,1.088496,1.078947,1.092920
sweep,short,ldc2,2048,17,repeated-source,original,6,3062.500,2.041,1.000000,1.000000,1.000000,1.079646,1.074561,1.096916,1.000000,0.987952,1.016393
sweep,short,ldc2,2048,17,repeated-source,selected64,6,3062.500,0.816,1.000000,0.991870,1.016327,1.079471,1.078947,1.088496,1.002041,1.000000,1.008130
sweep,short,ldc2,2048,17,repeated-source,vector16store,6,3068.750,1.629,1.000000,0.983871,1.012195,1.081673,1.078947,1.097345,1.000000,1.000000,1.000000
sweep,short,ldc2,2048,17,repeated-source,cpp-approved-execution,6,2831.250,0.883,1.079646,1.074561,1.096916,1.000000,1.000000,1.000000,1.081673,1.078947,1.097345
sweep,short,ldc2,2048,17,universal,original,6,80156.250,3.805,1.000000,1.000000,1.000000,4.217405,4.175000,4.282001,0.994149,0.983232,1.003462
sweep,short,ldc2,2048,17,universal,selected64,6,80100.000,1.404,1.004675,0.986034,1.024405,4.192556,4.179987,4.239789,0.997571,0.989448,1.017099
sweep,short,ldc2,2048,17,universal,vector16store,6,79687.500,3.545,1.005887,0.996550,1.017054,4.188570,4.155921,4.251462,1.000000,1.000000,1.000000
sweep,short,ldc2,2048,17,universal,cpp-approved-execution,6,19006.250,1.381,4.217405,4.175000,4.282001,1.000000,1.000000,1.000000,4.188570,4.155921,4.251462
sweep,short,ldc2,2048,128,contiguous,original,6,23025.000,1.683,1.000000,1.000000,1.000000,1.069646,1.065268,1.080186,1.000271,0.984400,1.045306
sweep,short,ldc2,2048,128,contiguous,selected64,6,23075.000,1.192,0.998911,0.988643,1.004322,1.074773,1.067905,1.077771,0.998375,0.988655,1.043597
sweep,short,ldc2,2048,128,contiguous,vector16store,6,23031.250,4.613,0.999729,0.956658,1.015847,1.071536,1.063335,1.116618,1.000000,1.000000,1.000000
sweep,short,ldc2,2048,128,contiguous,cpp-approved-execution,6,21481.250,0.466,1.069646,1.065268,1.080186,1.000000,1.000000,1.000000,1.071536,1.063335,1.116618
sweep,short,ldc2,2048,128,negative-both,original,6,107506.250,1.674,1.000000,1.000000,1.000000,4.395655,4.336190,4.473873,0.999127,0.990114,1.003024
sweep,short,ldc2,2048,128,negative-both,selected64,6,107418.750,2.397,1.001924,0.986575,1.009646,4.386678,4.323085,4.491291,1.001050,0.976822,1.012435
sweep,short,ldc2,2048,128,negative-both,vector16store,6,107675.000,2.310,1.000875,0.996985,1.009985,4.388709,4.337198,4.453893,1.000000,1.000000,1.000000
sweep,short,ldc2,2048,128,negative-both,cpp-approved-execution,6,24487.500,1.633,4.395655,4.336190,4.473873,1.000000,1.000000,1.000000,4.388709,4.337198,4.453893
sweep,short,ldc2,2048,128,negative-source,original,6,107650.000,4.320,1.000000,1.000000,1.000000,4.466952,4.237787,4.645196,0.999003,0.986918,1.001502
sweep,short,ldc2,2048,128,negative-source,selected64,6,106568.750,4.246,1.002984,0.991522,1.018872,4.415252,4.236790,4.684917,1.000235,0.993011,1.005544
sweep,short,ldc2,2048,128,negative-source,vector16store,6,107006.250,3.750,1.001000,0.998500,1.013255,4.439128,4.239781,4.652174,1.000000,1.000000,1.000000
sweep,short,ldc2,2048,128,negative-source,cpp-approved-execution,6,24443.750,7.313,4.466952,4.237787,4.645196,1.000000,1.000000,1.000000,4.439128,4.239781,4.652174
sweep,short,ldc2,2048,128,padded,original,6,23537.500,2.071,1.000000,1.000000,1.000000,1.085212,1.079083,1.102445,1.014870,0.981704,1.078975
sweep,short,ldc2,2048,128,padded,selected64,6,23556.250,8.119,0.998410,0.929738,1.024090,1.087527,1.075417,1.164841,1.003472,0.991094,1.075532
sweep,short,ldc2,2048,128,padded,vector16store,6,23887.500,7.535,0.985491,0.926805,1.018637,1.100721,1.081174,1.171495,1.000000,1.000000,1.000000
sweep,short,ldc2,2048,128,padded,cpp-approved-execution,6,21693.750,1.556,1.085212,1.079083,1.102445,1.000000,1.000000,1.000000,1.100721,1.081174,1.171495
sweep,short,ldc2,2048,128,repeated-source,original,6,23268.750,1.128,1.000000,1.000000,1.000000,1.073101,1.065668,1.085366,0.997046,0.986089,1.011296
sweep,short,ldc2,2048,128,repeated-source,selected64,6,23137.500,2.161,1.004848,0.988830,1.013008,1.069792,1.064199,1.081703,0.999460,0.998913,1.009189
sweep,short,ldc2,2048,128,repeated-source,vector16store,6,23231.250,2.260,1.002983,0.988830,1.014107,1.071956,1.063042,1.081703,1.000000,1.000000,1.000000
sweep,short,ldc2,2048,128,repeated-source,cpp-approved-execution,6,21656.250,1.385,1.073101,1.065668,1.085366,1.000000,1.000000,1.000000,1.071956,1.063042,1.081703
sweep,short,ldc2,2048,128,universal,original,6,603487.500,4.913,1.000000,1.000000,1.000000,4.139032,4.073499,4.310597,0.996085,0.967694,1.023388
sweep,short,ldc2,2048,128,universal,selected64,6,612150.000,3.992,0.995958,0.962290,1.010118,4.196370,4.136477,4.267418,0.992471,0.960648,1.001537
sweep,short,ldc2,2048,128,universal,vector16store,6,601468.750,2.523,1.003935,0.977147,1.033384,4.141893,4.066548,4.208351,1.000000,1.000000,1.000000
sweep,short,ldc2,2048,128,universal,cpp-approved-execution,6,145512.500,1.692,4.139032,4.073499,4.310597,1.000000,1.000000,1.000000,4.141893,4.066548,4.208351
sweep,short,ldc2,2048,512,contiguous,original,6,93987.500,7.115,1.000000,1.000000,1.000000,1.079376,1.035204,1.143122,1.001194,0.941022,1.012185
sweep,short,ldc2,2048,512,contiguous,selected64,6,94331.250,1.391,0.995426,0.985727,1.051504,1.080821,1.050193,1.087130,0.992578,0.989132,1.013259
sweep,short,ldc2,2048,512,contiguous,vector16store,6,94137.500,2.218,0.998813,0.987961,1.062674,1.075776,1.038779,1.091402,1.000000,1.000000,1.000000
sweep,short,ldc2,2048,512,contiguous,cpp-approved-execution,6,87518.750,4.670,1.079376,1.035204,1.143122,1.000000,1.000000,1.000000,1.075776,1.038779,1.091402
sweep,short,ldc2,2048,512,negative-both,original,6,443206.250,4.425,1.000000,1.000000,1.000000,4.085840,3.433032,4.322635,0.993257,0.982181,1.005823
sweep,short,ldc2,2048,512,negative-both,selected64,6,437987.500,6.493,1.000883,0.957230,1.029511,4.070104,3.586422,4.280005,0.996732,0.951779,1.011677
sweep,short,ldc2,2048,512,negative-both,vector16store,6,437856.250,3.500,1.006790,0.994211,1.018142,4.089051,3.413481,4.245610,1.000000,1.000000,1.000000
sweep,short,ldc2,2048,512,negative-both,cpp-approved-execution,6,106831.250,23.682,4.085840,3.433032,4.322635,1.000000,1.000000,1.000000,4.089051,3.413481,4.245610
sweep,short,ldc2,2048,512,negative-source,original,6,432962.500,6.277,1.000000,1.000000,1.000000,4.389014,4.208952,4.447262,1.005023,0.992377,1.061959
sweep,short,ldc2,2048,512,negative-source,selected64,6,432887.500,22.746,0.991201,0.864691,1.015365,4.449259,4.292893,4.867579,0.993000,0.918267,1.022801
sweep,short,ldc2,2048,512,negative-source,vector16store,6,431893.750,13.230,0.995007,0.941656,1.007682,4.418065,4.371816,4.469736,1.000000,1.000000,1.000000
sweep,short,ldc2,2048,512,negative-source,cpp-approved-execution,6,98243.750,11.896,4.389014,4.208952,4.447262,1.000000,1.000000,1.000000,4.418065,4.371816,4.469736
sweep,short,ldc2,2048,512,padded,original,6,95843.750,2.713,1.000000,1.000000,1.000000,1.086557,1.068705,1.110844,0.993929,0.971367,0.997784
sweep,short,ldc2,2048,512,padded,selected64,6,95825.000,4.253,1.003144,0.964394,1.023180,1.085548,1.046284,1.125939,0.999017,0.957977,1.002995
sweep,short,ldc2,2048,512,padded,vector16store,6,95412.500,1.192,1.006108,1.002221,1.029477,1.081736,1.039069,1.093442,1.000000,1.000000,1.000000
sweep,short,ldc2,2048,512,padded,cpp-approved-execution,6,88325.000,4.911,1.086557,1.068705,1.110844,1.000000,1.000000,1.000000,1.081736,1.039069,1.093442
sweep,short,ldc2,2048,512,repeated-source,original,6,95137.500,10.038,1.000000,1.000000,1.000000,1.087955,1.067360,1.175666,0.985794,0.904305,1.009747
sweep,short,ldc2,2048,512,repeated-source,selected64,6,94443.750,1.522,1.014272,0.999605,1.104211,1.066247,1.061436,1.092657,0.999403,0.996314,1.014155
sweep,short,ldc2,2048,512,repeated-source,vector16store,6,94431.250,2.621,1.014410,0.990347,1.105822,1.065927,1.059591,1.108124,1.000000,1.000000,1.000000
sweep,short,ldc2,2048,512,repeated-source,cpp-approved-execution,6,88331.250,2.731,1.087955,1.067360,1.175666,1.000000,1.000000,1.000000,1.065927,1.059591,1.108124
sweep,short,ldc2,2048,512,universal,original,6,2426081.250,1.521,1.000000,1.000000,1.000000,4.083400,3.982178,4.143876,1.003463,0.991425,1.011590
sweep,short,ldc2,2048,512,universal,selected64,6,2430343.750,2.996,0.995860,0.970490,1.010704,4.096733,4.071881,4.147602,0.997847,0.977086,1.005025
sweep,short,ldc2,2048,512,universal,vector16store,6,2419400.000,1.974,0.996560,0.988543,1.008649,4.070726,4.009243,4.153252,1.000000,1.000000,1.000000
sweep,short,ldc2,2048,512,universal,cpp-approved-execution,6,594756.250,3.321,4.083400,3.982178,4.143876,1.000000,1.000000,1.000000,4.070726,4.009243,4.153252
sweep,long,dmd,31,17,contiguous,original,6,397.314,12.695,1.000000,1.000000,1.000000,9.105971,8.641299,10.072431,0.673932,0.624255,0.692182
sweep,long,dmd,31,17,contiguous,selected64,6,463.965,8.167,0.882572,0.826245,0.942868,10.706559,9.767962,11.259050,0.586672,0.558023,0.597853
sweep,long,dmd,31,17,contiguous,vector16store,6,268.884,3.241,1.483841,1.444707,1.601909,6.206643,5.839808,6.355418,1.000000,1.000000,1.000000
sweep,long,dmd,31,17,contiguous,cpp-approved-execution,6,43.469,6.234,9.105971,8.641299,10.072431,1.000000,1.000000,1.000000,6.206643,5.839808,6.355418
sweep,long,dmd,31,17,negative-both,original,6,512.732,8.737,1.000000,1.000000,1.000000,5.357611,4.934080,5.566401,0.667234,0.644762,0.800370
sweep,long,dmd,31,17,negative-both,selected64,6,531.726,7.553,0.958203,0.905377,1.002381,5.506350,5.360388,5.817365,0.643294,0.616947,0.763564
sweep,long,dmd,31,17,negative-both,vector16store,6,342.419,17.753,1.498731,1.249422,1.550959,3.586384,3.490137,4.094147,1.000000,1.000000,1.000000
sweep,long,dmd,31,17,negative-both,cpp-approved-execution,6,96.716,3.231,5.357611,4.934080,5.566401,1.000000,1.000000,1.000000,3.586384,3.490137,4.094147
sweep,long,dmd,31,17,negative-source,original,6,520.190,10.701,1.000000,1.000000,1.000000,5.469462,5.152950,5.845581,0.663334,0.629573,0.692693
sweep,long,dmd,31,17,negative-source,selected64,6,544.092,8.530,0.957983,0.900611,1.055349,5.699452,5.289526,5.938335,0.633944,0.623702,0.664419
sweep,long,dmd,31,17,negative-source,vector16store,6,345.337,2.276,1.508258,1.443642,1.588377,3.629753,3.514464,3.703751,1.000000,1.000000,1.000000
sweep,long,dmd,31,17,negative-source,cpp-approved-execution,6,95.020,3.649,5.469462,5.152950,5.845581,1.000000,1.000000,1.000000,3.629753,3.514464,3.703751
sweep,long,dmd,31,17,padded,original,6,514.758,8.362,1.000000,1.000000,1.000000,5.415315,5.023567,5.612539,0.668692,0.646860,0.712465
sweep,long,dmd,31,17,padded,selected64,6,537.085,5.718,0.958413,0.892251,0.997534,5.652364,5.271149,5.781146,0.643741,0.623263,0.667875
sweep,long,dmd,31,17,padded,vector16store,6,346.484,2.227,1.495924,1.403579,1.545931,3.638618,3.520466,3.675058,1.000000,1.000000,1.000000
sweep,long,dmd,31,17,padded,cpp-approved-execution,6,95.044,3.571,5.415315,5.023567,5.612539,1.000000,1.000000,1.000000,3.638618,3.520466,3.675058
sweep,long,dmd,31,17,repeated-source,original,6,522.668,14.583,1.000000,1.000000,1.000000,5.470766,5.048878,5.548818,0.660437,0.622689,0.703151
sweep,long,dmd,31,17,repeated-source,selected64,6,539.673,21.393,0.957832,0.899669,0.975385,5.678143,5.298005,6.097183,0.635421,0.560214,0.670087
sweep,long,dmd,31,17,repeated-source,vector16store,6,345.178,4.074,1.514178,1.422169,1.605938,3.604830,3.415728,3.643463,1.000000,1.000000,1.000000
sweep,long,dmd,31,17,repeated-source,cpp-approved-execution,6,95.056,9.452,5.470766,5.048878,5.548818,1.000000,1.000000,1.000000,3.604830,3.415728,3.643463
sweep,long,dmd,31,17,universal,original,6,4583.276,1.804,1.000000,1.000000,1.000000,14.907611,14.696832,14.985295,1.003306,1.001132,1.008772
sweep,long,dmd,31,17,universal,selected64,6,4594.861,2.479,0.994687,0.985767,1.004134,14.939538,14.731425,15.137109,0.999529,0.987065,1.007711
sweep,long,dmd,31,17,universal,vector16store,6,4594.019,1.239,0.996705,0.991304,0.998869,14.925861,14.766963,15.033517,1.000000,1.000000,1.000000
sweep,long,dmd,31,17,universal,cpp-approved-execution,6,308.362,1.726,14.907611,14.696832,14.985295,1.000000,1.000000,1.000000,14.925861,14.766963,15.033517
sweep,long,dmd,63,1,contiguous,original,6,80.042,20.589,1.000000,1.000000,1.000000,7.778073,7.523697,9.123223,0.886002,0.783896,0.926521
sweep,long,dmd,63,1,contiguous,selected64,6,86.780,19.862,0.905140,0.810059,1.133687,8.426605,8.047393,9.706161,0.830321,0.706299,0.903540
sweep,long,dmd,63,1,contiguous,vector16store,6,71.948,6.210,1.128951,1.079307,1.275679,6.991858,6.824645,7.275534,1.000000,1.000000,1.000000
sweep,long,dmd,63,1,contiguous,cpp-approved-execution,6,10.303,0.237,7.778073,7.523697,9.123223,1.000000,1.000000,1.000000,6.991858,6.824645,7.275534
sweep,long,dmd,63,1,negative-both,original,6,79.993,24.660,1.000000,1.000000,1.000000,7.575710,7.351039,9.217090,0.891236,0.728389,0.937091
sweep,long,dmd,63,1,negative-both,selected64,6,83.484,33.660,0.956969,0.719824,1.171756,7.906405,7.844907,10.509259,0.844276,0.669824,0.887873
sweep,long,dmd,63,1,negative-both,vector16store,6,70.752,5.590,1.122348,1.067132,1.372893,6.700563,6.648961,7.039352,1.000000,1.000000,1.000000
sweep,long,dmd,63,1,negative-both,cpp-approved-execution,6,10.559,0.231,7.575710,7.351039,9.217090,1.000000,1.000000,1.000000,6.700563,6.648961,7.039352
sweep,long,dmd,63,1,negative-source,original,6,87.634,20.616,1.000000,1.000000,1.000000,8.299616,7.397229,9.106236,0.809041,0.728887,0.935061
sweep,long,dmd,63,1,negative-source,selected64,6,83.752,15.654,0.954906,0.942613,1.145555,7.931772,7.847575,9.087760,0.845978,0.729606,0.881834
sweep,long,dmd,63,1,negative-source,vector16store,6,70.886,4.443,1.236154,1.069449,1.371955,6.713375,6.630485,6.928406,1.000000,1.000000,1.000000
sweep,long,dmd,63,1,negative-source,cpp-approved-execution,6,10.571,0.231,8.299616,7.397229,9.106236,1.000000,1.000000,1.000000,6.713375,6.630485,6.928406
sweep,long,dmd,63,1,padded,original,6,78.552,29.308,1.000000,1.000000,1.000000,7.430716,7.321016,9.520833,0.903205,0.699733,0.933457
sweep,long,dmd,63,1,padded,selected64,6,93.469,29.359,0.830353,0.709006,1.211487,8.852304,7.858796,10.436490,0.754330,0.639743,0.850689
sweep,long,dmd,63,1,padded,vector16store,6,70.691,5.180,1.107169,1.071286,1.429117,6.694819,6.618938,6.965358,1.000000,1.000000,1.000000
sweep,long,dmd,63,1,padded,cpp-approved-execution,6,10.559,0.231,7.430716,7.321016,9.520833,1.000000,1.000000,1.000000,6.694819,6.618938,6.965358
sweep,long,dmd,63,1,repeated-source,original,6,79.089,3.766,1.000000,1.000000,1.000000,7.481524,7.393519,7.658199,0.893803,0.868763,0.905473
sweep,long,dmd,63,1,repeated-source,selected64,6,83.459,6.494,0.952362,0.887195,0.975294,7.894919,7.819861,8.351852,0.843706,0.796888,0.860012
sweep,long,dmd,63,1,repeated-source,vector16store,6,70.349,1.527,1.118839,1.104396,1.151062,6.662438,6.635104,6.725173,1.000000,1.000000,1.000000
sweep,long,dmd,63,1,repeated-source,cpp-approved-execution,6,10.571,0.231,7.481524,7.393519,7.658199,1.000000,1.000000,1.000000,6.662438,6.635104,6.725173
sweep,long,dmd,63,1,universal,original,6,653.345,4.533,1.000000,1.000000,1.000000,17.485108,17.320705,18.101175,0.999105,0.981898,1.034353
sweep,long,dmd,63,1,universal,selected64,6,656.421,5.140,0.996252,0.978357,1.000264,17.567431,17.327451,18.206919,0.997172,0.976195,1.014357
sweep,long,dmd,63,1,universal,vector16store,6,655.334,4.962,1.000913,0.966788,1.018436,17.532658,17.313072,18.171783,1.000000,1.000000,1.000000
sweep,long,dmd,63,1,universal,cpp-approved-execution,6,37.378,0.131,17.485108,17.320705,18.101175,1.000000,1.000000,1.000000,17.532658,17.313072,18.171783
sweep,long,dmd,63,17,contiguous,original,6,926.489,14.422,1.000000,1.000000,1.000000,10.124215,8.731988,10.515718,0.419551,0.396849,0.489756
sweep,long,dmd,63,17,contiguous,selected64,6,912.561,5.781,1.001476,0.914378,1.017410,10.109627,9.549646,10.335772,0.406808,0.403448,0.498283
sweep,long,dmd,63,17,contiguous,vector16store,6,370.178,27.007,2.384515,2.041833,2.519847,4.109079,3.906971,5.150136,1.000000,1.000000,1.000000
sweep,long,dmd,63,17,contiguous,cpp-approved-execution,6,91.577,3.439,10.124215,8.731988,10.515718,1.000000,1.000000,1.000000,4.109079,3.906971,5.150136
sweep,long,dmd,63,17,negative-both,original,6,940.625,16.640,1.000000,1.000000,1.000000,6.795838,6.370409,7.406971,0.483726,0.467032,0.585519
sweep,long,dmd,63,17,negative-both,selected64,6,994.446,12.589,0.948086,0.898701,0.995070,7.101112,6.836598,7.495472,0.455223,0.442223,0.578605
sweep,long,dmd,63,17,negative-both,vector16store,6,442.712,40.891,2.067902,1.707887,2.141183,3.173947,3.133764,4.336921,1.000000,1.000000,1.000000
sweep,long,dmd,63,17,negative-both,cpp-approved-execution,6,139.636,5.000,6.795838,6.370409,7.406971,1.000000,1.000000,1.000000,3.173947,3.133764,4.336921
sweep,long,dmd,63,17,negative-source,original,6,957.300,10.971,1.000000,1.000000,1.000000,6.797427,6.759831,7.650760,0.474562,0.467216,0.607645
sweep,long,dmd,63,17,negative-source,selected64,6,989.880,8.664,0.976605,0.931663,1.013688,7.124436,6.865719,7.547453,0.474867,0.443365,0.566120
sweep,long,dmd,63,17,negative-source,vector16store,6,463.770,31.833,2.107283,1.645699,2.140337,3.347895,3.180619,4.117386,1.000000,1.000000,1.000000
sweep,long,dmd,63,17,negative-source,cpp-approved-execution,6,138.940,4.674,6.797427,6.759831,7.650760,1.000000,1.000000,1.000000,3.347895,3.180619,4.117386
sweep,long,dmd,63,17,padded,original,6,956.091,4.813,1.000000,1.000000,1.000000,6.805815,6.734800,7.032798,0.468046,0.455106,0.476736
sweep,long,dmd,63,17,padded,selected64,6,991.748,6.757,0.949632,0.932643,0.980273,7.173530,7.071416,7.397461,0.446570,0.432671,0.452127
sweep,long,dmd,63,17,padded,vector16store,6,443.665,5.541,2.136596,2.097596,2.197289,3.209792,3.160643,3.233582,1.000000,1.000000,1.000000
sweep,long,dmd,63,17,padded,cpp-approved-execution,6,138.354,5.647,6.805815,6.734800,7.032798,1.000000,1.000000,1.000000,3.209792,3.160643,3.233582
sweep,long,dmd,63,17,repeated-source,original,6,962.207,2.324,1.000000,1.000000,1.000000,7.008969,6.795929,7.215583,0.466620,0.457578,0.597534
sweep,long,dmd,63,17,repeated-source,selected64,6,993.970,6.760,0.969605,0.925103,0.975863,7.305865,7.014266,7.601895,0.453733,0.435233,0.552781
sweep,long,dmd,63,17,repeated-source,vector16store,6,444.629,29.870,2.143109,1.673544,2.185421,3.233093,3.157968,4.202181,1.000000,1.000000,1.000000
sweep,long,dmd,63,17,repeated-source,cpp-approved-execution,6,137.524,4.296,7.008969,6.795929,7.215583,1.000000,1.000000,1.000000,3.233093,3.157968,4.202181
sweep,long,dmd,63,17,universal,original,6,9185.632,4.458,1.000000,1.000000,1.000000,14.751933,14.602288,14.897380,1.006924,1.000998,1.010063
sweep,long,dmd,63,17,universal,selected64,6,9247.144,6.273,0.994105,0.985107,1.008046,14.842008,14.625142,14.943557,1.003042,0.991722,1.010056
sweep,long,dmd,63,17,universal,vector16store,6,9275.134,4.496,0.993124,0.990038,0.999003,14.862008,14.700351,15.037774,1.000000,1.000000,1.000000
sweep,long,dmd,63,17,universal,cpp-approved-execution,6,623.682,5.946,14.751933,14.602288,14.897380,1.000000,1.000000,1.000000,14.862008,14.700351,15.037774
sweep,long,dmd,63,128,contiguous,original,6,6599.327,3.399,1.000000,1.000000,1.000000,9.452275,9.223708,9.779833,0.384023,0.368702,0.422276
sweep,long,dmd,63,128,contiguous,selected64,6,6637.260,3.803,0.985872,0.959556,1.017051,9.587729,9.436527,9.759177,0.374649,0.366244,0.416758
sweep,long,dmd,63,128,contiguous,vector16store,6,2488.317,13.660,2.604028,2.368122,2.712216,3.606056,3.511711,3.995457,1.000000,1.000000,1.000000
sweep,long,dmd,63,128,contiguous,cpp-approved-execution,6,697.163,2.524,9.452275,9.223708,9.779833,1.000000,1.000000,1.000000,3.606056,3.511711,3.995457
sweep,long,dmd,63,128,negative-both,original,6,6652.548,7.591,1.000000,1.000000,1.000000,6.334128,6.225174,6.431240,0.386418,0.378597,0.494949
sweep,long,dmd,63,128,negative-both,selected64,6,6820.096,8.998,0.982479,0.953622,0.997710,6.408180,6.356877,6.627300,0.381715,0.367396,0.481437
sweep,long,dmd,63,128,negative-both,vector16store,6,2531.731,36.776,2.587939,2.020412,2.641332,2.446847,2.434847,3.081141,1.000000,1.000000,1.000000
sweep,long,dmd,63,128,negative-both,cpp-approved-execution,6,1036.971,8.577,6.334128,6.225174,6.431240,1.000000,1.000000,1.000000,2.446847,2.434847,3.081141
sweep,long,dmd,63,128,negative-source,original,6,6719.952,8.006,1.000000,1.000000,1.000000,6.490281,6.186582,6.754796,0.385758,0.371552,0.477205
sweep,long,dmd,63,128,negative-source,selected64,6,6811.394,6.204,0.977947,0.940077,0.998306,6.619805,6.519418,6.994197,0.373553,0.370923,0.458282
sweep,long,dmd,63,128,negative-source,vector16store,6,2528.173,25.547,2.593682,2.095536,2.691412,2.460005,2.438131,3.051550,1.000000,1.000000,1.000000
sweep,long,dmd,63,128,negative-source,cpp-approved-execution,6,1034.087,1.813,6.490281,6.186582,6.754796,1.000000,1.000000,1.000000,2.460005,2.438131,3.051550
sweep,long,dmd,63,128,padded,original,6,6709.856,5.913,1.000000,1.000000,1.000000,6.454060,6.199237,6.591167,0.391545,0.374891,0.551766
sweep,long,dmd,63,128,padded,selected64,6,6759.038,6.399,0.980827,0.939368,1.007764,6.553509,6.395963,6.915763,0.383767,0.372975,0.518311
sweep,long,dmd,63,128,padded,vector16store,6,2575.817,45.049,2.553985,1.812363,2.667441,2.473582,2.431215,3.584518,1.000000,1.000000,1.000000
sweep,long,dmd,63,128,padded,cpp-approved-execution,6,1032.644,2.393,6.454060,6.199237,6.591167,1.000000,1.000000,1.000000,2.473582,2.431215,3.584518
sweep,long,dmd,63,128,repeated-source,original,6,6584.087,6.937,1.000000,1.000000,1.000000,6.313052,6.103325,6.702977,0.394123,0.368240,0.526084
sweep,long,dmd,63,128,repeated-source,selected64,6,6817.981,4.461,0.962875,0.917427,1.027583,6.583422,6.480207,6.654229,0.380723,0.374831,0.482644
sweep,long,dmd,63,128,repeated-source,vector16store,6,2594.375,32.496,2.537957,1.900836,2.715617,2.486310,2.450116,3.210864,1.000000,1.000000,1.000000
sweep,long,dmd,63,128,repeated-source,cpp-approved-execution,6,1038.077,2.482,6.313052,6.103325,6.702977,1.000000,1.000000,1.000000,2.486310,2.450116,3.210864
sweep,long,dmd,63,128,universal,original,6,69020.865,2.882,1.000000,1.000000,1.000000,15.007089,13.895134,15.085229,1.002486,1.000788,1.006676
sweep,long,dmd,63,128,universal,selected64,6,68759.615,4.311,1.003706,0.991961,1.007368,14.960781,13.934946,15.096629,1.006202,0.998553,1.011433
sweep,long,dmd,63,128,universal,vector16store,6,69147.692,3.334,0.997520,0.993369,0.999213,15.053526,13.914789,15.182169,1.000000,1.000000,1.000000
sweep,long,dmd,63,128,universal,cpp-approved-execution,6,4587.596,8.589,15.007089,13.895134,15.085229,1.000000,1.000000,1.000000,15.053526,13.914789,15.182169
sweep,long,dmd,64,1,contiguous,original,6,82.104,24.442,1.000000,1.000000,1.000000,10.710191,10.194268,12.812102,0.794681,0.663684,0.865922
sweep,long,dmd,64,1,contiguous,selected64,6,65.674,10.520,1.204569,1.185556,1.502802,8.562102,8.496815,9.398089,0.997396,0.905117,1.045727
sweep,long,dmd,64,1,contiguous,vector16store,6,65.479,4.884,1.260296,1.154839,1.506742,8.541401,8.441270,8.885350,1.000000,1.000000,1.000000
sweep,long,dmd,64,1,contiguous,cpp-approved-execution,6,7.666,0.318,10.710191,10.194268,12.812102,1.000000,1.000000,1.000000,8.541401,8.441270,8.885350
sweep,long,dmd,64,1,negative-both,original,6,79.016,2.595,1.000000,1.000000,1.000000,9.897554,9.798165,10.055046,0.838160,0.810523,0.911746
sweep,long,dmd,64,1,negative-both,selected64,6,67.859,6.152,1.169640,1.133145,1.223013,8.500000,8.159021,8.681957,0.991544,0.936950,1.098054
sweep,long,dmd,64,1,negative-both,vector16store,6,66.064,10.126,1.193307,1.096796,1.233771,8.275229,8.134557,8.972477,1.000000,1.000000,1.000000
sweep,long,dmd,64,1,negative-both,cpp-approved-execution,6,7.983,0.000,9.897554,9.798165,10.055046,1.000000,1.000000,1.000000,8.275229,8.134557,8.972477
sweep,long,dmd,64,1,negative-source,original,6,78.906,6.807,1.000000,1.000000,1.000000,9.883792,9.740061,10.412844,0.827405,0.781204,0.968662
sweep,long,dmd,64,1,negative-source,selected64,6,65.710,16.942,1.202111,1.023741,1.272897,8.230887,8.137615,9.532110,0.994061,0.983376,0.996263
sweep,long,dmd,64,1,negative-source,vector16store,6,65.039,16.592,1.208631,1.032352,1.280075,8.146789,8.100917,9.452599,1.000000,1.000000,1.000000
sweep,long,dmd,64,1,negative-source,cpp-approved-execution,6,7.983,0.000,9.883792,9.740061,10.412844,1.000000,1.000000,1.000000,8.146789,8.100917,9.452599
sweep,long,dmd,64,1,padded,original,6,80.823,17.006,1.000000,1.000000,1.000000,10.123853,9.773700,11.495413,0.806688,0.705773,0.839800
sweep,long,dmd,64,1,padded,selected64,6,65.417,1.232,1.237667,1.183568,1.401566,8.194190,8.162080,8.262997,0.994214,0.983716,1.003372
sweep,long,dmd,64,1,padded,vector16store,6,64.966,1.165,1.240682,1.190760,1.416887,8.137615,8.113150,8.207951,1.000000,1.000000,1.000000
sweep,long,dmd,64,1,padded,cpp-approved-execution,6,7.983,0.000,10.123853,9.773700,11.495413,1.000000,1.000000,1.000000,8.137615,8.113150,8.207951
sweep,long,dmd,64,1,repeated-source,original,6,81.921,12.964,1.000000,1.000000,1.000000,10.246438,9.721713,11.018293,0.797823,0.735473,0.869727
sweep,long,dmd,64,1,repeated-source,selected64,6,65.320,6.541,1.250638,1.134013,1.346498,8.181677,8.159021,8.667683,0.995885,0.986282,1.002990
sweep,long,dmd,64,1,repeated-source,vector16store,6,65.161,5.470,1.255826,1.149786,1.359669,8.162080,8.103659,8.548780,1.000000,1.000000,1.000000
sweep,long,dmd,64,1,repeated-source,cpp-approved-execution,6,7.983,0.306,10.246438,9.721713,11.018293,1.000000,1.000000,1.000000,8.162080,8.103659,8.548780
sweep,long,dmd,64,1,universal,original,6,669.104,29.577,1.000000,1.000000,1.000000,17.292337,16.684399,22.416613,0.995378,0.973960,1.022379
sweep,long,dmd,64,1,universal,selected64,6,666.724,31.517,0.999478,0.982142,1.015905,17.398905,16.423192,22.824211,1.002686,0.957061,1.022417
sweep,long,dmd,64,1,universal,vector16store,6,672.070,25.490,1.004712,0.978111,1.026736,17.636832,16.469815,21.844173,1.000000,1.000000,1.000000
sweep,long,dmd,64,1,universal,cpp-approved-execution,6,37.915,7.727,17.292337,16.684399,22.416613,1.000000,1.000000,1.000000,17.636832,16.469815,21.844173
sweep,long,dmd,64,17,contiguous,original,6,900.391,11.003,1.000000,1.000000,1.000000,9.952323,9.448397,10.474163,0.311151,0.296286,0.335881
sweep,long,dmd,64,17,contiguous,selected64,6,284.790,3.943,3.153086,2.996838,3.368145,3.131281,3.109437,3.235167,0.993436,0.974836,1.026139
sweep,long,dmd,64,17,contiguous,vector16store,6,284.290,4.981,3.213890,2.977244,3.375119,3.136339,3.031192,3.252657,1.000000,1.000000,1.000000
sweep,long,dmd,64,17,contiguous,cpp-approved-execution,6,90.369,3.080,9.952323,9.448397,10.474163,1.000000,1.000000,1.000000,3.136339,3.031192,3.252657
sweep,long,dmd,64,17,negative-both,original,6,967.163,6.727,1.000000,1.000000,1.000000,10.115455,9.728123,10.497703,0.376719,0.361305,0.439768
sweep,long,dmd,64,17,negative-both,selected64,6,360.339,32.928,2.628997,2.120431,2.750563,3.771018,3.676530,4.950740,0.996518,0.766562,1.032311
sweep,long,dmd,64,17,negative-both,vector16store,6,357.971,22.084,2.654511,2.273925,2.767742,3.763029,3.663242,4.563062,1.000000,1.000000,1.000000
sweep,long,dmd,64,17,negative-both,cpp-approved-execution,6,95.764,3.518,10.115455,9.728123,10.497703,1.000000,1.000000,1.000000,3.763029,3.663242,4.563062
sweep,long,dmd,64,17,negative-source,original,6,967.358,7.874,1.000000,1.000000,1.000000,10.041680,9.041398,10.689549,0.373825,0.351505,0.554106
sweep,long,dmd,64,17,negative-source,selected64,6,360.974,2.868,2.670879,2.614490,2.825648,3.770843,3.404324,3.809057,0.995493,0.981507,1.471625
sweep,long,dmd,64,17,negative-source,vector16store,6,359.460,48.575,2.675098,1.804710,2.844911,3.748022,3.707145,5.009890,1.000000,1.000000,1.000000
sweep,long,dmd,64,17,negative-source,cpp-approved-execution,6,96.350,11.250,10.041680,9.041398,10.689549,1.000000,1.000000,1.000000,3.748022,3.707145,5.009890
sweep,long,dmd,64,17,padded,original,6,992.822,5.053,1.000000,1.000000,1.000000,10.303564,10.024384,10.456875,0.361618,0.352539,0.453168
sweep,long,dmd,64,17,padded,selected64,6,363.794,11.825,2.736174,2.468607,2.785336,3.767095,3.642893,4.172002,0.988572,0.884782,1.262226
sweep,long,dmd,64,17,padded,vector16store,6,356.238,29.380,2.765408,2.206686,2.836568,3.705193,3.613569,4.671301,1.000000,1.000000,1.000000
sweep,long,dmd,64,17,padded,cpp-approved-execution,6,96.179,2.335,10.303564,10.024384,10.456875,1.000000,1.000000,1.000000,3.705193,3.613569,4.671301
sweep,long,dmd,64,17,repeated-source,original,6,977.966,5.887,1.000000,1.000000,1.000000,10.234307,9.908129,10.524793,0.366592,0.357897,0.377898
sweep,long,dmd,64,17,repeated-source,selected64,6,359.521,6.410,2.714456,2.560049,2.773566,3.792574,3.744039,3.929130,0.992020,0.943000,1.001298
sweep,long,dmd,64,17,repeated-source,vector16store,6,357.410,1.660,2.727888,2.646220,2.794104,3.755523,3.705170,3.813857,1.000000,1.000000,1.000000
sweep,long,dmd,64,17,repeated-source,cpp-approved-execution,6,94.568,2.685,10.234307,9.908129,10.524793,1.000000,1.000000,1.000000,3.755523,3.705170,3.813857
sweep,long,dmd,64,17,universal,original,6,9380.750,4.394,1.000000,1.000000,1.000000,15.041121,14.702840,15.110777,0.997953,0.994193,1.011745
sweep,long,dmd,64,17,universal,selected64,6,9279.883,4.236,1.009511,0.996654,1.018008,14.894100,14.442758,15.124922,1.007935,1.003920,1.013649
sweep,long,dmd,64,17,universal,vector16store,6,9351.807,4.154,1.002051,0.988391,1.005841,14.982035,14.639884,15.251372,1.000000,1.000000,1.000000
sweep,long,dmd,64,17,universal,cpp-approved-execution,6,623.425,3.152,15.041121,14.702840,15.110777,1.000000,1.000000,1.000000,14.982035,14.639884,15.251372
sweep,long,dmd,64,128,contiguous,original,6,6683.252,5.249,1.000000,1.000000,1.000000,9.510354,9.002333,9.694830,0.275236,0.266869,0.355085
sweep,long,dmd,64,128,contiguous,selected64,6,1815.820,28.208,3.624669,2.932734,3.739646,2.583936,2.517909,3.305731,0.992496,0.789556,1.327891
sweep,long,dmd,64,128,contiguous,vector16store,6,1815.186,33.076,3.634171,2.816230,3.747151,2.593911,2.517360,3.395491,1.000000,1.000000,1.000000
sweep,long,dmd,64,128,contiguous,cpp-approved-execution,6,702.197,2.086,9.510354,9.002333,9.694830,1.000000,1.000000,1.000000,2.593911,2.517360,3.395491
sweep,long,dmd,64,128,negative-both,original,6,6806.738,3.158,1.000000,1.000000,1.000000,8.835095,8.545899,9.064038,0.296168,0.271305,0.427741
sweep,long,dmd,64,128,negative-both,selected64,6,1916.650,10.761,3.529662,3.184197,3.645186,2.509865,2.442264,2.683848,1.023305,0.976686,1.492202
sweep,long,dmd,64,128,negative-both,vector16store,6,2003.467,52.989,3.380976,2.337864,3.685888,2.617112,2.415295,3.729854,1.000000,1.000000,1.000000
sweep,long,dmd,64,128,negative-both,cpp-approved-execution,6,770.898,3.395,8.835095,8.545899,9.064038,1.000000,1.000000,1.000000,2.617112,2.415295,3.729854
sweep,long,dmd,64,128,negative-source,original,6,6786.328,61.088,1.000000,1.000000,1.000000,8.788880,8.382550,13.843865,0.285459,0.176693,0.294366
sweep,long,dmd,64,128,negative-source,selected64,6,1906.055,17.819,3.499794,3.107965,5.611590,2.469227,2.414604,2.885037,0.990021,0.842137,1.049524
sweep,long,dmd,64,128,negative-source,vector16store,6,1884.326,6.774,3.503217,3.397131,5.659523,2.441682,2.380817,2.599645,1.000000,1.000000,1.000000
sweep,long,dmd,64,128,negative-source,cpp-approved-execution,6,772.852,2.628,8.788880,8.382550,13.843865,1.000000,1.000000,1.000000,2.441682,2.380817,2.599645
sweep,long,dmd,64,128,padded,original,6,6773.047,7.009,1.000000,1.000000,1.000000,8.729081,8.381332,9.014413,0.278577,0.274015,0.330384
sweep,long,dmd,64,128,padded,selected64,6,1894.531,25.753,3.490674,2.869383,3.621389,2.489258,2.437239,3.008302,0.987632,0.804177,1.131956
sweep,long,dmd,64,128,padded,vector16store,6,1873.584,19.160,3.589803,3.026780,3.649440,2.449801,2.419207,2.791334,1.000000,1.000000,1.000000
sweep,long,dmd,64,128,padded,cpp-approved-execution,6,767.578,4.784,8.729081,8.381332,9.014413,1.000000,1.000000,1.000000,2.449801,2.419207,2.791334
sweep,long,dmd,64,128,repeated-source,original,6,6637.793,21.168,1.000000,1.000000,1.000000,8.906020,8.486248,10.023866,0.285935,0.266735,0.393935
sweep,long,dmd,64,128,repeated-source,selected64,6,1898.291,49.618,3.425495,2.762201,3.701117,2.548695,2.510898,3.628941,0.987098,0.971382,1.088127
sweep,long,dmd,64,128,repeated-source,vector16store,6,1868.896,65.474,3.497319,2.538491,3.749039,2.496299,2.478204,3.948750,1.000000,1.000000,1.000000
sweep,long,dmd,64,128,repeated-source,cpp-approved-execution,6,746.875,4.759,8.906020,8.486248,10.023866,1.000000,1.000000,1.000000,2.496299,2.478204,3.948750
sweep,long,dmd,64,128,universal,original,6,70344.141,1.891,1.000000,1.000000,1.000000,14.962280,14.354367,14.998294,1.002316,0.994713,1.007780
sweep,long,dmd,64,128,universal,selected64,6,70196.338,1.922,1.002812,0.991147,1.006473,14.892465,14.316911,15.132260,1.001802,0.998414,1.008801
sweep,long,dmd,64,128,universal,vector16store,6,70100.586,1.906,0.997695,0.992280,1.005315,14.921510,14.352028,15.114985,1.000000,1.000000,1.000000
sweep,long,dmd,64,128,universal,cpp-approved-execution,6,4701.221,6.215,14.962280,14.354367,14.998294,1.000000,1.000000,1.000000,14.921510,14.352028,15.114985
sweep,long,dmd,65,1,contiguous,original,6,83.337,14.970,1.000000,1.000000,1.000000,10.159226,9.580357,11.068249,0.780914,0.714745,0.829450
sweep,long,dmd,65,1,contiguous,selected64,6,66.125,4.394,1.263306,1.149095,1.382506,8.061012,8.005935,8.383929,0.983754,0.943557,0.988889
sweep,long,dmd,65,1,contiguous,vector16store,6,65.137,0.450,1.281161,1.205618,1.399100,7.930060,7.910714,7.946429,1.000000,1.000000,1.000000
sweep,long,dmd,65,1,contiguous,cpp-approved-execution,6,8.203,0.298,10.159226,9.580357,11.068249,1.000000,1.000000,1.000000,7.930060,7.910714,7.946429
sweep,long,dmd,65,1,negative-both,original,6,80.139,22.178,1.000000,1.000000,1.000000,9.246479,9.070423,11.121127,0.821905,0.678808,0.878843
sweep,long,dmd,65,1,negative-both,selected64,6,66.370,4.819,1.203693,1.161598,1.456827,7.657746,7.597183,7.966197,0.989259,0.942362,1.035055
sweep,long,dmd,65,1,negative-both,vector16store,6,65.527,8.271,1.216759,1.137859,1.473171,7.560563,7.507042,8.132394,1.000000,1.000000,1.000000
sweep,long,dmd,65,1,negative-both,cpp-approved-execution,6,8.667,0.000,9.246479,9.070423,11.121127,1.000000,1.000000,1.000000,7.560563,7.507042,8.132394
sweep,long,dmd,65,1,negative-source,original,6,80.383,19.985,1.000000,1.000000,1.000000,9.274648,9.022535,10.876056,0.832535,0.690236,0.851852
sweep,long,dmd,65,1,negative-source,selected64,6,67.273,19.379,1.192494,0.995674,1.423148,7.761972,7.611268,9.115493,0.986935,0.826947,1.021856
sweep,long,dmd,65,1,negative-source,vector16store,6,65.430,6.978,1.201157,1.173913,1.448780,7.549296,7.507042,8.033803,1.000000,1.000000,1.000000
sweep,long,dmd,65,1,negative-source,cpp-approved-execution,6,8.667,0.000,9.274648,9.022535,10.876056,1.000000,1.000000,1.000000,7.549296,7.507042,8.033803
sweep,long,dmd,65,1,padded,original,6,81.042,10.604,1.000000,1.000000,1.000000,9.350704,9.118310,10.109859,0.819300,0.741711,0.827309
sweep,long,dmd,65,1,padded,selected64,6,66.223,1.253,1.222850,1.194906,1.327293,7.640845,7.616901,7.712676,0.988435,0.984467,1.019528
sweep,long,dmd,65,1,padded,vector16store,6,65.723,3.900,1.220583,1.208738,1.348234,7.583099,7.498592,7.794366,1.000000,1.000000,1.000000
sweep,long,dmd,65,1,padded,cpp-approved-execution,6,8.667,0.000,9.350704,9.118310,10.109859,1.000000,1.000000,1.000000,7.583099,7.498592,7.794366
sweep,long,dmd,65,1,repeated-source,original,6,82.593,22.199,1.000000,1.000000,1.000000,9.098592,6.939096,10.433803,0.791136,0.670861,0.845629
sweep,long,dmd,65,1,repeated-source,selected64,6,66.162,5.720,1.249303,1.127578,1.458884,7.629577,5.316306,8.059155,0.986144,0.953513,0.991882
sweep,long,dmd,65,1,repeated-source,vector16store,6,65.283,2.319,1.266676,1.182551,1.490623,7.532394,5.237721,7.684507,1.000000,1.000000,1.000000
sweep,long,dmd,65,1,repeated-source,cpp-approved-execution,6,8.667,43.380,9.098592,6.939096,10.433803,1.000000,1.000000,1.000000,7.532394,5.237721,7.684507
sweep,long,dmd,65,1,universal,original,6,667.151,3.597,1.000000,1.000000,1.000000,17.329030,17.177030,17.812063,1.002722,0.999490,1.029143
sweep,long,dmd,65,1,universal,selected64,6,680.530,6.673,0.978451,0.940558,1.011053,17.692449,17.233651,18.374603,0.980188,0.967969,1.010819
sweep,long,dmd,65,1,universal,vector16store,6,672.437,3.387,0.997286,0.971682,1.000510,17.476485,17.234772,17.838095,1.000000,1.000000,1.000000
sweep,long,dmd,65,1,universal,cpp-approved-execution,6,38.464,0.635,17.329030,17.177030,17.812063,1.000000,1.000000,1.000000,17.476485,17.234772,17.838095
sweep,long,dmd,65,17,contiguous,original,6,926.929,6.566,1.000000,1.000000,1.000000,9.733040,9.231934,10.458482,0.316289,0.307273,0.334711
sweep,long,dmd,65,17,contiguous,selected64,6,293.396,3.420,3.122449,2.993357,3.240205,3.186144,2.933594,3.308393,0.988122,0.985440,1.006843
sweep,long,dmd,65,17,contiguous,vector16store,6,289.807,2.746,3.161931,2.987650,3.254433,3.159105,2.893066,3.331033,1.000000,1.000000,1.000000
sweep,long,dmd,65,17,contiguous,cpp-approved-execution,6,91.711,12.618,9.733040,9.231934,10.458482,1.000000,1.000000,1.000000,3.159105,2.893066,3.331033
sweep,long,dmd,65,17,negative-both,original,6,979.883,6.251,1.000000,1.000000,1.000000,9.384522,8.909465,9.833807,0.377502,0.359242,0.387483
sweep,long,dmd,65,17,negative-both,selected64,6,371.729,36.924,2.577480,1.990744,2.735540,3.599571,3.482167,4.901425,0.981184,0.748146,1.002398
sweep,long,dmd,65,17,negative-both,vector16store,6,367.334,3.569,2.649043,2.580760,2.783639,3.550684,3.411294,3.666983,1.000000,1.000000,1.000000
sweep,long,dmd,65,17,negative-both,cpp-approved-execution,6,103.040,3.886,9.384522,8.909465,9.833807,1.000000,1.000000,1.000000,3.550684,3.411294,3.666983
sweep,long,dmd,65,17,negative-source,original,6,992.139,7.938,1.000000,1.000000,1.000000,9.349722,8.720000,9.736743,0.379527,0.362528,0.400140
sweep,long,dmd,65,17,negative-source,selected64,6,374.841,7.666,2.621274,2.459803,2.748381,3.578330,3.446595,3.741913,0.990483,0.919809,1.077429
sweep,long,dmd,65,17,negative-source,vector16store,6,368.372,10.127,2.635631,2.499123,2.758406,3.453665,3.431364,3.896064,1.000000,1.000000,1.000000
sweep,long,dmd,65,17,negative-source,cpp-approved-execution,6,106.262,3.607,9.349722,8.720000,9.736743,1.000000,1.000000,1.000000,3.453665,3.431364,3.896064
sweep,long,dmd,65,17,padded,original,6,1005.554,12.356,1.000000,1.000000,1.000000,9.542294,8.872158,10.299141,0.377032,0.348589,0.402797
sweep,long,dmd,65,17,padded,selected64,6,373.157,20.799,2.550105,2.370370,2.824230,3.609491,3.525754,4.075585,0.982871,0.892773,0.993967
sweep,long,dmd,65,17,padded,vector16store,6,366.431,14.871,2.652299,2.482638,2.868704,3.565609,3.458575,3.945429,1.000000,1.000000,1.000000
sweep,long,dmd,65,17,padded,cpp-approved-execution,6,105.212,6.799,9.542294,8.872158,10.299141,1.000000,1.000000,1.000000,3.565609,3.458575,3.945429
sweep,long,dmd,65,17,repeated-source,original,6,977.344,9.567,1.000000,1.000000,1.000000,9.280481,8.736044,9.532680,0.377483,0.355989,0.398049
sweep,long,dmd,65,17,repeated-source,selected64,6,383.582,26.427,2.540529,1.975891,2.773155,3.624701,3.437486,4.421319,0.959007,0.786501,0.987213
sweep,long,dmd,65,17,repeated-source,vector16store,6,366.992,5.262,2.649125,2.512255,2.809073,3.491567,3.393532,3.628208,1.000000,1.000000,1.000000
sweep,long,dmd,65,17,repeated-source,cpp-approved-execution,6,106.091,3.843,9.280481,8.736044,9.532680,1.000000,1.000000,1.000000,3.491567,3.393532,3.628208
sweep,long,dmd,65,17,universal,original,6,9566.492,1.778,1.000000,1.000000,1.000000,13.958781,13.729567,14.746345,0.999142,0.992931,1.006867
sweep,long,dmd,65,17,universal,selected64,6,9586.829,4.302,0.997825,0.981407,1.017089,14.025085,13.721026,14.715904,0.999934,0.975312,1.009899
sweep,long,dmd,65,17,universal,vector16store,6,9547.571,1.817,1.000860,0.993180,1.007120,13.866096,13.784889,14.713698,1.000000,1.000000,1.000000
sweep,long,dmd,65,17,universal,cpp-approved-execution,6,684.888,5.928,13.958781,13.729567,14.746345,1.000000,1.000000,1.000000,13.866096,13.784889,14.713698
sweep,long,dmd,65,128,contiguous,original,6,6580.506,6.960,1.000000,1.000000,1.000000,9.208957,9.063944,9.554815,0.281692,0.269927,0.294807
sweep,long,dmd,65,128,contiguous,selected64,6,1875.694,2.623,3.543829,3.365971,3.698970,2.628150,2.553897,2.692817,0.994685,0.974006,1.002467
sweep,long,dmd,65,128,contiguous,vector16store,6,1853.274,2.072,3.550011,3.392051,3.704708,2.584999,2.560197,2.672113,1.000000,1.000000,1.000000
sweep,long,dmd,65,128,contiguous,cpp-approved-execution,6,714.881,2.789,9.208957,9.063944,9.554815,1.000000,1.000000,1.000000,2.584999,2.560197,2.672113
sweep,long,dmd,65,128,negative-both,original,6,6688.145,4.885,1.000000,1.000000,1.000000,8.238278,7.954002,8.386534,0.291303,0.283826,0.299594
sweep,long,dmd,65,128,negative-both,selected64,6,1991.369,2.247,3.370814,3.273429,3.442174,2.445777,2.404879,2.470588,0.979589,0.965828,0.991123
sweep,long,dmd,65,128,negative-both,vector16store,6,1949.008,1.420,3.432980,3.337856,3.523284,2.404635,2.346834,2.428185,1.000000,1.000000,1.000000
sweep,long,dmd,65,128,negative-both,cpp-approved-execution,6,808.730,3.202,8.238278,7.954002,8.386534,1.000000,1.000000,1.000000,2.404635,2.346834,2.428185
sweep,long,dmd,65,128,negative-source,original,6,6883.433,4.881,1.000000,1.000000,1.000000,8.484420,8.202688,8.654559,0.281689,0.274183,0.299677
sweep,long,dmd,65,128,negative-source,selected64,6,1984.177,14.785,3.472593,2.943660,3.539929,2.454435,2.435407,2.786561,0.972785,0.882147,0.981966
sweep,long,dmd,65,128,negative-source,vector16store,6,1938.988,4.006,3.550031,3.336928,3.647205,2.389954,2.372929,2.458155,1.000000,1.000000,1.000000
sweep,long,dmd,65,128,negative-source,cpp-approved-execution,6,808.879,1.079,8.484420,8.202688,8.654559,1.000000,1.000000,1.000000,2.389954,2.372929,2.458155
sweep,long,dmd,65,128,padded,original,6,6918.800,5.460,1.000000,1.000000,1.000000,8.603124,8.293980,8.688965,0.287592,0.276340,0.355481
sweep,long,dmd,65,128,padded,selected64,6,1981.796,37.084,3.462741,2.577709,3.530820,2.465621,2.444677,3.357028,0.976877,0.916327,1.026188
sweep,long,dmd,65,128,padded,vector16store,6,1943.552,28.636,3.477212,2.813088,3.618730,2.420770,2.385288,3.076137,1.000000,1.000000,1.000000
sweep,long,dmd,65,128,padded,cpp-approved-execution,6,805.208,1.281,8.603124,8.293980,8.688965,1.000000,1.000000,1.000000,2.420770,2.385288,3.076137
sweep,long,dmd,65,128,repeated-source,original,6,6864.831,4.967,1.000000,1.000000,1.000000,8.498328,8.253076,8.760000,0.281639,0.278865,0.292393
sweep,long,dmd,65,128,repeated-source,selected64,6,1979.117,2.747,3.474665,3.354050,3.493029,2.461118,2.429501,2.527453,0.980709,0.966529,0.983433
sweep,long,dmd,65,128,repeated-source,vector16store,6,1939.931,1.964,3.550647,3.420057,3.585965,2.413640,2.389250,2.464303,1.000000,1.000000,1.000000
sweep,long,dmd,65,128,repeated-source,cpp-approved-execution,6,802.480,1.348,8.498328,8.253076,8.760000,1.000000,1.000000,1.000000,2.413640,2.389250,2.464303
sweep,long,dmd,65,128,universal,original,6,70910.913,2.367,1.000000,1.000000,1.000000,13.523672,13.359766,13.680641,0.998168,0.992573,1.007575
sweep,long,dmd,65,128,universal,selected64,6,70917.659,1.844,1.000659,0.996392,1.005644,13.510866,13.284787,13.667858,0.999713,0.988992,1.006797
sweep,long,dmd,65,128,universal,vector16store,6,70629.216,1.234,1.001837,0.992482,1.007483,13.523432,13.279132,13.637776,1.000000,1.000000,1.000000
sweep,long,dmd,65,128,universal,cpp-approved-execution,6,5229.216,3.627,13.523672,13.359766,13.680641,1.000000,1.000000,1.000000,13.523432,13.279132,13.637776
sweep,long,dmd,256,128,contiguous,original,6,25672.852,7.918,1.000000,1.000000,1.000000,9.487934,9.275847,10.036674,0.246029,0.236867,0.252408
sweep,long,dmd,256,128,contiguous,selected64,6,6447.852,32.399,4.081162,3.055833,4.222209,2.363035,2.324117,3.035456,0.989782,0.753820,1.065718
sweep,long,dmd,256,128,contiguous,vector16store,6,6299.609,11.019,4.064586,3.961845,4.221773,2.325090,2.288186,2.533333,1.000000,1.000000,1.000000
sweep,long,dmd,256,128,contiguous,cpp-approved-execution,6,2719.141,2.054,9.487934,9.275847,10.036674,1.000000,1.000000,1.000000,2.325090,2.288186,2.533333
sweep,long,dmd,256,128,negative-both,original,6,26808.398,7.640,1.000000,1.000000,1.000000,8.907311,8.268771,9.018464,0.245197,0.240065,0.259746
sweep,long,dmd,256,128,negative-both,selected64,6,6683.984,26.650,4.044105,3.220999,4.130091,2.201404,2.116086,2.720046,0.999456,0.785966,1.016718
sweep,long,dmd,256,128,negative-both,vector16store,6,6625.586,3.231,4.078441,3.849915,4.165532,2.175465,2.137865,2.214314,1.000000,1.000000,1.000000
sweep,long,dmd,256,128,negative-both,cpp-approved-execution,6,3049.023,3.767,8.907311,8.268771,9.018464,1.000000,1.000000,1.000000,2.175465,2.137865,2.214314
sweep,long,dmd,256,128,negative-source,original,6,26646.484,3.533,1.000000,1.000000,1.000000,9.091652,8.406530,9.320171,0.241933,0.231736,0.255537
sweep,long,dmd,256,128,negative-source,selected64,6,6454.883,47.535,4.120231,2.799588,4.262599,2.210392,2.186499,3.226644,0.989712,0.677047,1.009921
sweep,long,dmd,256,128,negative-source,vector16store,6,6421.289,6.369,4.133374,3.913326,4.315256,2.186808,2.148180,2.230707,1.000000,1.000000,1.000000
sweep,long,dmd,256,128,negative-source,cpp-approved-execution,6,2929.883,7.813,9.091652,8.406530,9.320171,1.000000,1.000000,1.000000,2.186808,2.148180,2.230707
sweep,long,dmd,256,128,padded,original,6,26696.289,5.927,1.000000,1.000000,1.000000,9.445434,9.165906,9.803233,0.245227,0.232986,0.381901
sweep,long,dmd,256,128,padded,selected64,6,6466.016,4.972,4.103323,3.970506,4.246941,2.294692,2.244850,2.377369,0.989376,0.977924,1.574795
sweep,long,dmd,256,128,padded,vector16store,6,6383.398,64.921,4.077935,2.618477,4.292096,2.267311,2.247489,3.743868,1.000000,1.000000,1.000000
sweep,long,dmd,256,128,padded,cpp-approved-execution,6,2815.039,1.291,9.445434,9.165906,9.803233,1.000000,1.000000,1.000000,2.267311,2.247489,3.743868
sweep,long,dmd,256,128,repeated-source,original,6,26726.758,12.414,1.000000,1.000000,1.000000,9.417649,8.708791,9.854878,0.243785,0.225261,0.306683
sweep,long,dmd,256,128,repeated-source,selected64,6,6408.008,9.888,4.115576,3.931391,4.311635,2.274746,2.172502,2.411653,1.009103,0.920497,1.229385
sweep,long,dmd,256,128,repeated-source,vector16store,6,6443.164,28.949,4.102084,3.260693,4.439297,2.285478,2.219919,2.670841,1.000000,1.000000,1.000000
sweep,long,dmd,256,128,repeated-source,cpp-approved-execution,6,2819.336,9.519,9.417649,8.708791,9.854878,1.000000,1.000000,1.000000,2.285478,2.219919,2.670841
sweep,long,dmd,256,128,universal,original,6,280484.766,2.981,1.000000,1.000000,1.000000,14.539225,14.398955,14.772609,1.005199,0.988130,1.014969
sweep,long,dmd,256,128,universal,selected64,6,280458.008,3.333,0.999031,0.992498,1.010295,14.604924,14.337308,14.761486,1.002795,0.996918,1.012704
sweep,long,dmd,256,128,universal,vector16store,6,282087.695,4.535,0.994834,0.985251,1.012013,14.662780,14.347066,14.833947,1.000000,1.000000,1.000000
sweep,long,dmd,256,128,universal,cpp-approved-execution,6,19227.734,3.437,14.539225,14.398955,14.772609,1.000000,1.000000,1.000000,14.662780,14.347066,14.833947
sweep,long,dmd,2048,512,contiguous,original,6,871225.000,6.745,1.000000,1.000000,1.000000,9.825903,9.526782,10.129425,0.228178,0.216545,0.357248
sweep,long,dmd,2048,512,contiguous,selected64,6,196343.750,89.957,4.334546,2.439842,4.616201,2.241393,2.144064,4.151672,0.994813,0.871630,0.999614
sweep,long,dmd,2048,512,contiguous,vector16store,6,195481.250,66.036,4.382972,2.799173,4.617984,2.232470,2.126346,3.618721,1.000000,1.000000,1.000000
sweep,long,dmd,2048,512,contiguous,cpp-approved-execution,6,88556.250,5.138,9.825903,9.526782,10.129425,1.000000,1.000000,1.000000,2.232470,2.126346,3.618721
sweep,long,dmd,2048,512,negative-both,original,6,881025.000,6.111,1.000000,1.000000,1.000000,8.066372,7.225042,8.419036,0.241984,0.231183,0.383140
sweep,long,dmd,2048,512,negative-both,selected64,6,239212.500,61.467,3.690141,2.550296,4.274877,2.254770,1.690117,3.135194,0.978041,0.627130,1.175545
sweep,long,dmd,2048,512,negative-both,vector16store,6,211325.000,69.922,4.133586,2.610011,4.325570,1.960201,1.937142,3.060362,1.000000,1.000000,1.000000
sweep,long,dmd,2048,512,negative-both,cpp-approved-execution,6,108268.750,19.431,8.066372,7.225042,8.419036,1.000000,1.000000,1.000000,1.960201,1.937142,3.060362
sweep,long,dmd,2048,512,negative-source,original,6,879781.250,4.335,1.000000,1.000000,1.000000,8.990332,8.573483,9.004869,0.228596,0.222761,0.229231
sweep,long,dmd,2048,512,negative-source,selected64,6,204481.250,62.200,4.328827,2.692196,4.432488,2.079764,1.934237,3.315311,0.987683,0.614655,1.004041
sweep,long,dmd,2048,512,negative-source,vector16store,6,201500.000,1.607,4.374529,4.362406,4.489108,2.056345,1.909841,2.064198,1.000000,1.000000,1.000000
sweep,long,dmd,2048,512,negative-source,cpp-approved-execution,6,97793.750,9.395,8.990332,8.573483,9.004869,1.000000,1.000000,1.000000,2.056345,1.909841,2.064198
sweep,long,dmd,2048,512,padded,original,6,877112.500,7.052,1.000000,1.000000,1.000000,9.821124,9.623021,10.370185,0.224452,0.217110,0.313831
sweep,long,dmd,2048,512,padded,selected64,6,213293.750,31.717,4.117205,3.368466,4.655117,2.383717,2.216089,2.923667,0.979333,0.755311,1.065587
sweep,long,dmd,2048,512,padded,vector16store,6,197468.750,40.076,4.455295,3.186431,4.605966,2.224896,2.191507,3.115423,1.000000,1.000000,1.000000
sweep,long,dmd,2048,512,padded,cpp-approved-execution,6,88418.750,3.096,9.821124,9.623021,10.370185,1.000000,1.000000,1.000000,2.224896,2.191507,3.115423
sweep,long,dmd,2048,512,repeated-source,original,6,875912.500,5.196,1.000000,1.000000,1.000000,9.847736,8.646310,9.960977,0.223902,0.215522,0.230525
sweep,long,dmd,2048,512,repeated-source,selected64,6,197931.250,80.962,4.433534,2.477743,4.627535,2.208057,1.964767,3.820755,0.986474,0.571182,1.009788
sweep,long,dmd,2048,512,repeated-source,vector16store,6,196350.000,4.367,4.466659,4.337924,4.639888,2.189587,1.917048,2.241633,1.000000,1.000000,1.000000
sweep,long,dmd,2048,512,repeated-source,cpp-approved-execution,6,90062.500,14.879,9.847736,8.646310,9.960977,1.000000,1.000000,1.000000,2.189587,1.917048,2.241633
sweep,long,dmd,2048,512,universal,original,6,9010400.000,6.172,1.000000,1.000000,1.000000,15.147938,14.579888,15.537940,1.001411,0.948637,1.021034
sweep,long,dmd,2048,512,universal,selected64,6,8990256.250,2.548,1.001109,0.985955,1.057816,15.048467,14.574246,15.317869,1.000119,0.993733,1.021429
sweep,long,dmd,2048,512,universal,vector16store,6,8979587.500,4.888,0.998633,0.979400,1.054145,14.976863,14.739858,15.364299,1.000000,1.000000,1.000000
sweep,long,dmd,2048,512,universal,cpp-approved-execution,6,597656.250,6.774,15.147938,14.579888,15.537940,1.000000,1.000000,1.000000,14.976863,14.739858,15.364299
sweep,long,ldc2,31,17,contiguous,original,6,96.326,3.371,1.000000,1.000000,1.000000,2.239212,2.217687,2.300683,1.002425,0.970297,1.041720
sweep,long,ldc2,31,17,contiguous,selected64,6,96.606,3.386,0.995231,0.962315,1.027206,2.245158,2.209342,2.310757,0.998220,0.971605,1.008114
sweep,long,ldc2,31,17,contiguous,vector16store,6,95.947,3.817,0.997581,0.959951,1.030612,2.233436,2.208779,2.316448,1.000000,1.000000,1.000000
sweep,long,ldc2,31,17,contiguous,cpp-approved-execution,6,43.018,1.192,2.239212,2.217687,2.300683,1.000000,1.000000,1.000000,2.233436,2.208779,2.316448
sweep,long,ldc2,31,17,negative-both,original,6,269.641,1.684,1.000000,1.000000,1.000000,2.839406,2.742255,2.879070,0.993325,0.972088,1.005033
sweep,long,ldc2,31,17,negative-both,selected64,6,267.847,1.440,1.005005,0.998360,1.018464,2.829716,2.728872,2.835659,0.995167,0.990037,1.007569
sweep,long,ldc2,31,17,negative-both,vector16store,6,266.479,3.216,1.006743,0.994992,1.028714,2.806331,2.737546,2.825581,1.000000,1.000000,1.000000
sweep,long,ldc2,31,17,negative-both,cpp-approved-execution,6,94.482,4.264,2.839406,2.742255,2.879070,1.000000,1.000000,1.000000,2.806331,2.737546,2.825581
sweep,long,ldc2,31,17,negative-source,original,6,270.032,0.434,1.000000,1.000000,1.000000,2.813013,2.741679,2.863824,0.995741,0.992682,1.006406
sweep,long,ldc2,31,17,negative-source,selected64,6,270.984,3.811,0.996938,0.969260,1.009578,2.826787,2.746931,2.942119,0.994683,0.963815,1.002189
sweep,long,ldc2,31,17,negative-source,vector16store,6,268.469,1.637,1.004279,0.993635,1.007372,2.795214,2.733731,2.882171,1.000000,1.000000,1.000000
sweep,long,ldc2,31,17,negative-source,cpp-approved-execution,6,95.886,3.972,2.813013,2.741679,2.863824,1.000000,1.000000,1.000000,2.795214,2.733731,2.882171
sweep,long,ldc2,31,17,padded,original,6,133.325,1.447,1.000000,1.000000,1.000000,1.393952,1.358612,1.412145,0.993410,0.988508,1.000737
sweep,long,ldc2,31,17,padded,selected64,6,132.532,2.137,1.007090,0.994844,1.025713,1.378424,1.344734,1.404178,0.997977,0.994854,1.018018
sweep,long,ldc2,31,17,padded,vector16store,6,132.361,0.443,1.006635,0.999263,1.011626,1.393459,1.342999,1.402842,1.000000,1.000000,1.000000
sweep,long,ldc2,31,17,padded,cpp-approved-execution,6,94.910,4.244,1.393952,1.358612,1.412145,1.000000,1.000000,1.000000,1.393459,1.342999,1.402842
sweep,long,ldc2,31,17,repeated-source,original,6,132.678,7.268,1.000000,1.000000,1.000000,1.401938,1.352646,1.445194,0.998160,0.993607,1.018913
sweep,long,ldc2,31,17,repeated-source,selected64,6,132.605,3.590,1.002680,0.982332,1.062018,1.387325,1.331740,1.407905,1.001756,0.997431,1.055229
sweep,long,ldc2,31,17,repeated-source,vector16store,6,132.556,6.133,1.001844,0.981438,1.006434,1.400646,1.363934,1.435955,1.000000,1.000000,1.000000
sweep,long,ldc2,31,17,repeated-source,cpp-approved-execution,6,95.789,3.441,1.401938,1.352646,1.445194,1.000000,1.000000,1.000000,1.400646,1.363934,1.435955
sweep,long,ldc2,31,17,universal,original,6,1238.843,12.971,1.000000,1.000000,1.000000,4.104185,4.038713,4.598490,0.997592,0.990910,1.024080
sweep,long,ldc2,31,17,universal,selected64,6,1240.796,12.471,1.000527,0.995894,1.005412,4.110613,4.038551,4.573736,0.998118,0.991826,1.023427
sweep,long,ldc2,31,17,universal,vector16store,6,1234.045,12.118,1.002415,0.976486,1.009173,4.089174,4.034035,4.556692,1.000000,1.000000,1.000000
sweep,long,ldc2,31,17,universal,cpp-approved-execution,6,301.758,0.874,4.104185,4.038713,4.598490,1.000000,1.000000,1.000000,4.089174,4.034035,4.556692
sweep,long,ldc2,63,1,contiguous,original,6,25.122,1.652,1.000000,1.000000,1.000000,2.578947,2.573935,2.616541,1.028185,1.021073,1.032132
sweep,long,ldc2,63,1,contiguous,selected64,6,25.195,0.678,0.996606,0.993250,1.008696,2.586466,2.581454,2.598997,1.027644,1.019286,1.029952
sweep,long,ldc2,63,1,contiguous,vector16store,6,25.867,0.849,0.972592,0.968868,0.979362,2.655388,2.649123,2.671679,1.000000,1.000000,1.000000
sweep,long,ldc2,63,1,contiguous,cpp-approved-execution,6,9.741,0.000,2.578947,2.573935,2.616541,1.000000,1.000000,1.000000,2.655388,2.649123,2.671679
sweep,long,ldc2,63,1,negative-both,original,6,44.751,6.819,1.000000,1.000000,1.000000,4.470732,4.443902,4.737226,1.013968,0.948125,1.081754
sweep,long,ldc2,63,1,negative-both,selected64,6,44.995,1.248,0.995389,0.984914,1.056430,4.495122,4.470732,4.526829,1.001622,0.996744,1.077089
sweep,long,ldc2,63,1,negative-both,vector16store,6,45.227,8.691,0.986233,0.924424,1.054713,4.513415,4.480488,4.873171,1.000000,1.000000,1.000000
sweep,long,ldc2,63,1,negative-both,cpp-approved-execution,6,10.010,0.244,4.470732,4.443902,4.737226,1.000000,1.000000,1.000000,4.513415,4.480488,4.873171
sweep,long,ldc2,63,1,negative-source,original,6,44.690,0.765,1.000000,1.000000,1.000000,4.464634,4.451220,4.485366,1.017769,1.015847,1.031539
sweep,long,ldc2,63,1,negative-source,selected64,6,44.934,1.250,0.994027,0.990307,0.998914,4.489024,4.473171,4.529268,1.013341,1.008681,1.021540
sweep,long,ldc2,63,1,negative-source,vector16store,6,45.496,2.039,0.982541,0.969425,0.984400,4.545122,4.534146,4.626829,1.000000,1.000000,1.000000
sweep,long,ldc2,63,1,negative-source,cpp-approved-execution,6,10.010,0.000,4.464634,4.451220,4.485366,1.000000,1.000000,1.000000,4.545122,4.534146,4.626829
sweep,long,ldc2,63,1,padded,original,6,25.073,1.168,1.000000,1.000000,1.000000,2.504878,2.497561,2.526829,1.033074,1.027027,1.034180
sweep,long,ldc2,63,1,padded,selected64,6,25.171,0.485,0.996120,0.994175,1.001934,2.514634,2.509756,2.521951,1.028142,1.027158,1.034014
sweep,long,ldc2,63,1,padded,vector16store,6,25.879,0.472,0.967985,0.966950,0.973684,2.585366,2.582927,2.595122,1.000000,1.000000,1.000000
sweep,long,ldc2,63,1,padded,cpp-approved-execution,6,10.010,0.000,2.504878,2.497561,2.526829,1.000000,1.000000,1.000000,2.585366,2.582927,2.595122
sweep,long,ldc2,63,1,repeated-source,original,6,25.146,0.583,1.000000,1.000000,1.000000,2.512195,2.504878,2.519512,1.032054,1.027106,1.034080
sweep,long,ldc2,63,1,repeated-source,selected64,6,25.244,0.484,0.997094,0.991313,1.000000,2.521951,2.514634,2.526829,1.027066,1.025097,1.032008
sweep,long,ldc2,63,1,repeated-source,vector16store,6,25.916,0.377,0.968941,0.967043,0.973610,2.589024,2.585366,2.595122,1.000000,1.000000,1.000000
sweep,long,ldc2,63,1,repeated-source,cpp-approved-execution,6,10.010,0.000,2.512195,2.504878,2.519512,1.000000,1.000000,1.000000,2.589024,2.585366,2.595122
sweep,long,ldc2,63,1,universal,original,6,185.608,3.999,1.000000,1.000000,1.000000,5.014920,4.611078,5.055040,1.003219,0.969201,1.015348
sweep,long,ldc2,63,1,universal,selected64,6,184.521,1.932,1.001217,0.996027,1.034369,5.001658,4.457867,5.074271,1.003160,0.996557,1.011500
sweep,long,ldc2,63,1,universal,vector16store,6,185.217,2.834,0.996799,0.984884,1.031777,5.020557,4.469063,5.132626,1.000000,1.000000,1.000000
sweep,long,ldc2,63,1,universal,cpp-approved-execution,6,36.816,12.533,5.014920,4.611078,5.055040,1.000000,1.000000,1.000000,5.020557,4.469063,5.132626
sweep,long,ldc2,63,17,contiguous,original,6,136.011,0.467,1.000000,1.000000,1.000000,1.475225,1.452183,1.522820,1.000360,0.996958,1.021185
sweep,long,ldc2,63,17,contiguous,selected64,6,136.047,0.502,1.000358,0.996953,1.003061,1.474540,1.450364,1.525007,1.000807,0.995161,1.024311
sweep,long,ldc2,63,17,contiguous,vector16store,6,136.182,2.420,0.999644,0.979255,1.003052,1.489571,1.447765,1.526373,1.000000,1.000000,1.000000
sweep,long,ldc2,63,17,contiguous,cpp-approved-execution,6,92.200,5.005,1.475225,1.452183,1.522820,1.000000,1.000000,1.000000,1.489571,1.447765,1.526373
sweep,long,ldc2,63,17,negative-both,original,6,489.001,9.796,1.000000,1.000000,1.000000,3.542723,3.431282,3.797365,1.009392,0.997763,1.037314
sweep,long,ldc2,63,17,negative-both,selected64,6,488.525,10.575,0.999579,0.942704,1.009690,3.536689,3.528172,3.817646,1.001457,0.977880,1.029870
sweep,long,ldc2,63,17,negative-both,vector16store,6,502.051,9.390,0.990805,0.964028,1.002242,3.593098,3.530652,3.788872,1.000000,1.000000,1.000000
sweep,long,ldc2,63,17,negative-both,cpp-approved-execution,6,138.147,3.906,3.542723,3.431282,3.797365,1.000000,1.000000,1.000000,3.593098,3.530652,3.788872
sweep,long,ldc2,63,17,negative-source,original,6,490.259,2.186,1.000000,1.000000,1.000000,3.528486,3.502979,3.590829,1.000976,0.984479,1.017625
sweep,long,ldc2,63,17,negative-source,selected64,6,493.860,4.864,0.993829,0.957970,1.013843,3.548400,3.501052,3.685127,0.998879,0.960355,1.006489
sweep,long,ldc2,63,17,negative-source,vector16store,6,488.989,3.889,0.999025,0.982680,1.015765,3.537063,3.506134,3.578069,1.000000,1.000000,1.000000
sweep,long,ldc2,63,17,negative-source,cpp-approved-execution,6,138.647,2.712,3.528486,3.502979,3.590829,1.000000,1.000000,1.000000,3.537063,3.506134,3.578069
sweep,long,ldc2,63,17,padded,original,6,176.721,5.333,1.000000,1.000000,1.000000,1.302727,1.230491,1.351021,0.999289,0.963607,1.030333
sweep,long,ldc2,63,17,padded,selected64,6,175.671,0.403,1.007444,0.984034,1.039210,1.295650,1.184063,1.316597,1.003960,0.998190,1.015303
sweep,long,ldc2,63,17,padded,vector16store,6,176.379,1.855,1.000733,0.970560,1.037767,1.304286,1.185710,1.321298,1.000000,1.000000,1.000000
sweep,long,ldc2,63,17,padded,cpp-approved-execution,6,135.400,10.765,1.302727,1.230491,1.351021,1.000000,1.000000,1.000000,1.304286,1.185710,1.321298
sweep,long,ldc2,63,17,repeated-source,original,6,173.645,0.844,1.000000,1.000000,1.000000,1.267863,1.253504,1.300895,0.998455,0.991894,1.003946
sweep,long,ldc2,63,17,repeated-source,selected64,6,173.206,0.803,1.001270,0.998598,1.010879,1.266080,1.240014,1.302720,1.001695,0.995936,1.004940
sweep,long,ldc2,63,17,repeated-source,vector16store,6,173.560,0.380,1.001548,0.996070,1.008172,1.268162,1.243343,1.297426,1.000000,1.000000,1.000000
sweep,long,ldc2,63,17,repeated-source,cpp-approved-execution,6,137.036,4.115,1.267863,1.253504,1.300895,1.000000,1.000000,1.000000,1.268162,1.243343,1.297426
sweep,long,ldc2,63,17,universal,original,6,2519.250,12.217,1.000000,1.000000,1.000000,4.027822,3.893996,4.526858,0.998503,0.993040,1.002798
sweep,long,ldc2,63,17,universal,selected64,6,2534.729,12.318,0.997173,0.992919,1.006298,4.016865,3.913946,4.537601,0.998027,0.986007,0.999871
sweep,long,ldc2,63,17,universal,vector16store,6,2513.806,12.515,1.001500,0.997210,1.007009,4.013331,3.904892,4.534915,1.000000,1.000000,1.000000
sweep,long,ldc2,63,17,universal,cpp-approved-execution,6,615.295,6.777,4.027822,3.893996,4.526858,1.000000,1.000000,1.000000,4.013331,3.904892,4.534915
sweep,long,ldc2,63,128,contiguous,original,6,945.865,31.666,1.000000,1.000000,1.000000,1.401095,1.376662,1.832456,0.995883,0.769714,1.018835
sweep,long,ldc2,63,128,contiguous,selected64,6,946.538,2.093,0.999138,0.976314,1.311482,1.399333,1.379180,1.428408,0.995826,0.992898,1.009467
sweep,long,ldc2,63,128,contiguous,vector16store,6,943.654,1.691,1.004135,0.981513,1.299183,1.400306,1.369386,1.420842,1.000000,1.000000,1.000000
sweep,long,ldc2,63,128,contiguous,cpp-approved-execution,6,675.288,2.278,1.401095,1.376662,1.832456,1.000000,1.000000,1.000000,1.400306,1.369386,1.420842
sweep,long,ldc2,63,128,negative-both,original,6,3388.173,4.376,1.000000,1.000000,1.000000,3.274340,3.221330,3.396960,0.997986,0.963793,1.015792
sweep,long,ldc2,63,128,negative-both,selected64,6,3370.192,4.194,1.002553,0.995776,1.010102,3.264897,3.234995,3.392671,0.998457,0.965011,1.026053
sweep,long,ldc2,63,128,negative-both,vector16store,6,3370.577,3.121,1.002022,0.984454,1.037568,3.266398,3.224931,3.354511,1.000000,1.000000,1.000000
sweep,long,ldc2,63,128,negative-both,cpp-approved-execution,6,1030.913,3.013,3.274340,3.221330,3.396960,1.000000,1.000000,1.000000,3.266398,3.224931,3.354511
sweep,long,ldc2,63,128,negative-source,original,6,3388.990,0.845,1.000000,1.000000,1.000000,3.293514,3.261043,3.330726,0.999148,0.995493,1.016072
sweep,long,ldc2,63,128,negative-source,selected64,6,3384.087,3.992,0.999862,0.967207,1.007713,3.300218,3.287619,3.371608,0.999010,0.982752,1.015400
sweep,long,ldc2,63,128,negative-source,vector16store,6,3382.452,2.141,1.000853,0.984182,1.004528,3.299536,3.286023,3.367285,1.000000,1.000000,1.000000
sweep,long,ldc2,63,128,negative-source,cpp-approved-execution,6,1024.663,1.764,3.293514,3.261043,3.330726,1.000000,1.000000,1.000000,3.299536,3.286023,3.367285
sweep,long,ldc2,63,128,padded,original,6,1019.087,1.293,1.000000,1.000000,1.000000,0.989456,0.981420,1.011246,1.006280,0.984861,1.014956
sweep,long,ldc2,63,128,padded,selected64,6,1022.115,1.392,0.998867,0.989083,1.012489,0.991237,0.983629,1.005819,1.001545,0.985537,1.013428
sweep,long,ldc2,63,128,padded,vector16store,6,1028.269,1.711,0.993778,0.985264,1.015371,0.996017,0.985543,1.003852,1.000000,1.000000,1.000000
sweep,long,ldc2,63,128,padded,cpp-approved-execution,6,1029.135,2.597,0.989456,0.981420,1.011246,1.000000,1.000000,1.000000,0.996017,0.985543,1.003852
sweep,long,ldc2,63,128,repeated-source,original,6,1005.673,27.995,1.000000,1.000000,1.000000,0.976932,0.970044,1.233219,0.998208,0.796096,1.016496
sweep,long,ldc2,63,128,repeated-source,selected64,6,999.038,14.206,1.006938,1.003561,1.126427,0.971064,0.966602,1.094806,1.006151,0.896744,1.020115
sweep,long,ldc2,63,128,repeated-source,vector16store,6,1013.413,2.220,1.001845,0.983772,1.256130,0.982115,0.968004,0.991775,1.000000,1.000000,1.000000
sweep,long,ldc2,63,128,repeated-source,cpp-approved-execution,6,1029.760,1.354,0.976932,0.970044,1.233219,1.000000,1.000000,1.000000,0.982115,0.968004,0.991775
sweep,long,ldc2,63,128,universal,original,6,18781.587,8.613,1.000000,1.000000,1.000000,4.046907,3.983889,4.215421,0.999124,0.988677,1.026005
sweep,long,ldc2,63,128,universal,selected64,6,18729.615,7.119,0.999904,0.995088,1.011767,4.055159,3.938371,4.174693,1.003481,0.993974,1.020965
sweep,long,ldc2,63,128,universal,vector16store,6,18803.558,7.260,1.000903,0.974654,1.011453,4.084922,3.939597,4.190057,1.000000,1.000000,1.000000
sweep,long,ldc2,63,128,universal,cpp-approved-execution,6,4655.673,4.438,4.046907,3.983889,4.215421,1.000000,1.000000,1.000000,4.084922,3.939597,4.190057
sweep,long,ldc2,64,1,contiguous,original,6,23.169,1.897,1.000000,1.000000,1.000000,3.227891,3.217687,3.278912,1.040573,1.029046,1.044397
sweep,long,ldc2,64,1,contiguous,selected64,6,23.181,1.159,0.998946,0.995789,1.005214,3.229592,3.224490,3.261905,1.040021,1.034411,1.042194
sweep,long,ldc2,64,1,contiguous,vector16store,6,24.121,0.506,0.961012,0.957490,0.971774,3.360544,3.357143,3.374150,1.000000,1.000000,1.000000
sweep,long,ldc2,64,1,contiguous,cpp-approved-execution,6,7.178,0.000,3.227891,3.217687,3.278912,1.000000,1.000000,1.000000,3.360544,3.357143,3.374150
sweep,long,ldc2,64,1,negative-both,original,6,44.446,0.934,1.000000,1.000000,1.000000,5.869355,5.855305,5.903537,1.002183,0.992312,1.089560
sweep,long,ldc2,64,1,negative-both,selected64,6,44.727,0.600,0.995623,0.991290,1.000545,5.903387,5.890323,5.912903,0.998906,0.983669,1.084199
sweep,long,ldc2,64,1,negative-both,vector16store,6,44.592,9.636,0.997822,0.917801,1.007748,5.891935,5.810289,6.396774,1.000000,1.000000,1.000000
sweep,long,ldc2,64,1,negative-both,cpp-approved-execution,6,7.568,0.323,5.869355,5.855305,5.903537,1.000000,1.000000,1.000000,5.891935,5.810289,6.396774
sweep,long,ldc2,64,1,negative-source,original,6,44.604,1.423,1.000000,1.000000,1.000000,5.875998,5.839228,5.941935,1.003293,0.988518,1.080874
sweep,long,ldc2,64,1,negative-source,selected64,6,44.653,7.272,1.001370,0.928425,1.003815,5.898387,5.861736,6.289389,0.999727,0.934049,1.083836
sweep,long,ldc2,64,1,negative-source,vector16store,6,44.653,9.295,0.996725,0.925177,1.011615,5.890525,5.813505,6.380645,1.000000,1.000000,1.000000
sweep,long,ldc2,64,1,negative-source,cpp-approved-execution,6,7.581,0.322,5.875998,5.839228,5.941935,1.000000,1.000000,1.000000,5.890525,5.813505,6.380645
sweep,long,ldc2,64,1,padded,original,6,23.279,3.985,1.000000,1.000000,1.000000,3.070740,3.064516,3.187097,1.037717,1.035602,1.043158
sweep,long,ldc2,64,1,padded,selected64,6,23.254,3.465,1.002628,0.996852,1.005086,3.069355,3.057692,3.170968,1.039411,1.037855,1.043744
sweep,long,ldc2,64,1,padded,vector16store,6,24.170,3.939,0.963654,0.958628,0.965622,3.188110,3.183871,3.309677,1.000000,1.000000,1.000000
sweep,long,ldc2,64,1,padded,cpp-approved-execution,6,7.568,0.645,3.070740,3.064516,3.187097,1.000000,1.000000,1.000000,3.188110,3.183871,3.309677
sweep,long,ldc2,64,1,repeated-source,original,6,23.242,1.050,1.000000,1.000000,1.000000,3.066129,3.045016,3.083871,1.039310,1.035565,1.043295
sweep,long,ldc2,64,1,repeated-source,selected64,6,23.230,0.736,1.000523,0.997893,1.002103,3.067742,3.051447,3.080645,1.039853,1.036649,1.041096
sweep,long,ldc2,64,1,repeated-source,vector16store,6,24.146,0.607,0.962177,0.958502,0.965657,3.190323,3.175719,3.193548,1.000000,1.000000,1.000000
sweep,long,ldc2,64,1,repeated-source,cpp-approved-execution,6,7.568,0.968,3.066129,3.045016,3.083871,1.000000,1.000000,1.000000,3.190323,3.175719,3.193548
sweep,long,ldc2,64,1,universal,original,6,188.000,3.039,1.000000,1.000000,1.000000,5.033007,4.971895,5.158553,1.003267,0.998442,1.020639
sweep,long,ldc2,64,1,universal,selected64,6,187.085,1.762,1.007002,0.993340,1.022561,5.008497,4.930065,5.044737,1.015398,1.003777,1.027647
sweep,long,ldc2,64,1,universal,vector16store,6,188.953,2.442,0.996747,0.979778,1.001560,5.058497,5.026797,5.184211,1.000000,1.000000,1.000000
sweep,long,ldc2,64,1,universal,cpp-approved-execution,6,37.354,0.654,5.033007,4.971895,5.158553,1.000000,1.000000,1.000000,5.058497,5.026797,5.184211
sweep,long,ldc2,64,17,contiguous,original,6,117.322,4.599,1.000000,1.000000,1.000000,1.290479,1.242993,1.351503,1.006661,0.972978,1.025239
sweep,long,ldc2,64,17,contiguous,selected64,6,117.297,3.518,1.003845,0.979171,1.021272,1.298805,1.249679,1.349536,1.006036,0.983368,1.029994
sweep,long,ldc2,64,17,contiguous,vector16store,6,118.005,1.469,0.993387,0.975383,1.027772,1.308783,1.228894,1.357966,1.000000,1.000000,1.000000
sweep,long,ldc2,64,17,contiguous,cpp-approved-execution,6,90.417,9.127,1.290479,1.242993,1.351503,1.000000,1.000000,1.000000,1.308783,1.228894,1.357966
sweep,long,ldc2,64,17,negative-both,original,6,488.428,2.049,1.000000,1.000000,1.000000,5.182684,4.365964,5.307331,0.995952,0.974193,1.009030
sweep,long,ldc2,64,17,negative-both,selected64,6,488.489,1.189,1.001828,0.987625,1.016438,5.192652,4.303571,5.281569,0.997772,0.989159,1.005749
sweep,long,ldc2,64,17,negative-both,vector16store,6,487.427,1.503,1.004067,0.991051,1.026491,5.169987,4.328313,5.224314,1.000000,1.000000,1.000000
sweep,long,ldc2,64,17,negative-both,cpp-approved-execution,6,94.092,21.354,5.182684,4.365964,5.307331,1.000000,1.000000,1.000000,5.169987,4.328313,5.224314
sweep,long,ldc2,64,17,negative-source,original,6,489.844,4.226,1.000000,1.000000,1.000000,5.118170,4.974440,5.226810,1.001420,0.972400,1.024241
sweep,long,ldc2,64,17,negative-source,selected64,6,492.065,3.374,0.996063,0.973211,1.028943,5.132676,5.016066,5.216357,1.000097,0.985393,1.002295
sweep,long,ldc2,64,17,negative-source,vector16store,6,492.737,3.077,0.998596,0.976333,1.028384,5.136177,4.942795,5.214528,1.000000,1.000000,1.000000
sweep,long,ldc2,64,17,negative-source,cpp-approved-execution,6,96.777,7.089,5.118170,4.974440,5.226810,1.000000,1.000000,1.000000,5.136177,4.942795,5.214528
sweep,long,ldc2,64,17,padded,original,6,146.960,4.801,1.000000,1.000000,1.000000,1.552194,1.519419,1.562921,1.001578,0.986374,1.040511
sweep,long,ldc2,64,17,padded,selected64,6,147.375,5.616,1.000159,0.951536,1.020802,1.543363,1.515159,1.619270,1.002463,0.990083,1.022324
sweep,long,ldc2,64,17,padded,vector16store,6,147.888,2.922,0.998424,0.961066,1.013814,1.559499,1.519168,1.603212,1.000000,1.000000,1.000000
sweep,long,ldc2,64,17,padded,cpp-approved-execution,6,94.385,3.802,1.552194,1.519419,1.562921,1.000000,1.000000,1.000000,1.559499,1.519168,1.603212
sweep,long,ldc2,64,17,repeated-source,original,6,146.667,1.015,1.000000,1.000000,1.000000,1.563352,1.514315,1.568372,1.000086,0.990798,1.006822
sweep,long,ldc2,64,17,repeated-source,selected64,6,146.533,1.833,0.999339,0.988235,1.016878,1.559878,1.521155,1.574074,1.002766,0.982270,1.023122
sweep,long,ldc2,64,17,repeated-source,vector16store,6,146.826,2.328,0.999919,0.993224,1.009287,1.564720,1.500380,1.579071,1.000000,1.000000,1.000000
sweep,long,ldc2,64,17,repeated-source,cpp-approved-execution,6,93.835,2.992,1.563352,1.514315,1.568372,1.000000,1.000000,1.000000,1.564720,1.500380,1.579071
sweep,long,ldc2,64,17,universal,original,6,2560.254,6.411,1.000000,1.000000,1.000000,4.101696,3.994008,4.326463,0.999914,0.977211,1.010830
sweep,long,ldc2,64,17,universal,selected64,6,2554.443,7.265,0.996942,0.990030,1.013013,4.079343,4.027366,4.370031,0.995581,0.980231,1.008669
sweep,long,ldc2,64,17,universal,vector16store,6,2523.816,6.324,1.000092,0.989286,1.023321,4.076268,3.947748,4.338338,1.000000,1.000000,1.000000
sweep,long,ldc2,64,17,universal,cpp-approved-execution,6,618.396,4.031,4.101696,3.994008,4.326463,1.000000,1.000000,1.000000,4.076268,3.947748,4.338338
sweep,long,ldc2,64,128,contiguous,original,6,787.988,1.301,1.000000,1.000000,1.000000,1.133717,1.124033,1.139280,1.001734,0.988022,1.022520
sweep,long,ldc2,64,128,contiguous,selected64,6,786.914,1.700,0.998754,0.991524,1.009097,1.132297,1.125580,1.140559,0.999941,0.993981,1.021114
sweep,long,ldc2,64,128,contiguous,vector16store,6,789.062,2.129,0.998270,0.977976,1.012123,1.134754,1.125633,1.149346,1.000000,1.000000,1.000000
sweep,long,ldc2,64,128,contiguous,cpp-approved-execution,6,694.287,1.294,1.133717,1.124033,1.139280,1.000000,1.000000,1.000000,1.134754,1.125633,1.149346
sweep,long,ldc2,64,128,negative-both,original,6,3421.875,6.324,1.000000,1.000000,1.000000,4.571171,4.492197,4.676092,1.000799,0.975678,1.012578
sweep,long,ldc2,64,128,negative-both,selected64,6,3450.635,3.025,0.996835,0.983203,1.027858,4.574155,4.510641,4.636718,0.997072,0.985000,1.002858
sweep,long,ldc2,64,128,negative-both,vector16store,6,3422.070,3.781,0.999203,0.987579,1.024929,4.562498,4.490907,4.616175,1.000000,1.000000,1.000000
sweep,long,ldc2,64,128,negative-both,cpp-approved-execution,6,754.004,3.652,4.571171,4.492197,4.676092,1.000000,1.000000,1.000000,4.562498,4.490907,4.616175
sweep,long,ldc2,64,128,negative-source,original,6,3403.027,4.167,1.000000,1.000000,1.000000,4.380694,4.274960,4.403061,1.001307,0.985288,1.013597
sweep,long,ldc2,64,128,negative-source,selected64,6,3417.627,2.755,0.997135,0.988697,1.012313,4.371705,4.323831,4.421019,0.998997,0.994931,1.002681
sweep,long,ldc2,64,128,negative-source,vector16store,6,3410.889,2.336,0.998695,0.986585,1.014932,4.375807,4.314085,4.415708,1.000000,1.000000,1.000000
sweep,long,ldc2,64,128,negative-source,cpp-approved-execution,6,777.051,4.223,4.380694,4.274960,4.403061,1.000000,1.000000,1.000000,4.375807,4.314085,4.415708
sweep,long,ldc2,64,128,padded,original,6,835.498,3.144,1.000000,1.000000,1.000000,1.098204,0.956856,1.112587,1.001525,0.992557,1.123616
sweep,long,ldc2,64,128,padded,selected64,6,833.887,3.338,1.002884,0.978231,1.010340,1.094266,0.978149,1.103605,1.005526,0.998832,1.099157
sweep,long,ldc2,64,128,padded,vector16store,6,836.035,13.024,0.998480,0.889983,1.007499,1.099877,1.075139,1.112207,1.000000,1.000000,1.000000
sweep,long,ldc2,64,128,padded,cpp-approved-execution,6,760.986,15.515,1.098204,0.956856,1.112587,1.000000,1.000000,1.000000,1.099877,1.075139,1.112207
sweep,long,ldc2,64,128,repeated-source,original,6,822.168,2.304,1.000000,1.000000,1.000000,1.109618,1.059776,1.124190,0.999160,0.994256,1.049647
sweep,long,ldc2,64,128,repeated-source,selected64,6,820.898,2.831,0.999042,0.983337,1.022291,1.105699,1.077735,1.124685,1.003371,0.987512,1.055733
sweep,long,ldc2,64,128,repeated-source,vector16store,6,823.389,7.140,1.000842,0.952701,1.005778,1.108624,1.085646,1.180003,1.000000,1.000000,1.000000
sweep,long,ldc2,64,128,repeated-source,cpp-approved-execution,6,738.232,5.503,1.109618,1.059776,1.124190,1.000000,1.000000,1.000000,1.108624,1.085646,1.180003
sweep,long,ldc2,64,128,universal,original,6,19015.332,6.708,1.000000,1.000000,1.000000,4.091625,3.986940,4.299793,1.004849,0.995190,1.018424
sweep,long,ldc2,64,128,universal,selected64,6,19032.227,6.416,1.004618,0.984036,1.007439,4.075612,3.961082,4.280536,1.004517,0.999667,1.016692
sweep,long,ldc2,64,128,universal,vector16store,6,19211.426,5.761,0.995185,0.981909,1.004833,4.101084,4.019329,4.279111,1.000000,1.000000,1.000000
sweep,long,ldc2,64,128,universal,cpp-approved-execution,6,4655.322,5.825,4.091625,3.986940,4.299793,1.000000,1.000000,1.000000,4.101084,4.019329,4.279111
sweep,long,ldc2,65,1,contiguous,original,6,23.669,0.928,1.000000,1.000000,1.000000,3.020249,3.003106,3.040498,1.042916,1.036923,1.047521
sweep,long,ldc2,65,1,contiguous,selected64,6,23.718,0.823,0.998457,0.993834,1.002064,3.021807,3.018692,3.043614,1.039612,1.034943,1.049536
sweep,long,ldc2,65,1,contiguous,vector16store,6,24.719,0.988,0.958852,0.954635,0.964392,3.154206,3.127329,3.168224,1.000000,1.000000,1.000000
sweep,long,ldc2,65,1,contiguous,cpp-approved-execution,6,7.837,0.312,3.020249,3.003106,3.040498,1.000000,1.000000,1.000000,3.154206,3.127329,3.168224
sweep,long,ldc2,65,1,negative-both,original,6,45.520,2.253,1.000000,1.000000,1.000000,5.579333,5.231198,5.684685,1.001342,0.993133,1.032481
sweep,long,ldc2,65,1,negative-both,selected64,6,45.312,4.149,1.001077,0.973561,1.022138,5.566066,5.373259,5.579580,1.007974,0.994114,1.015119
sweep,long,ldc2,65,1,negative-both,vector16store,6,45.789,4.852,0.998698,0.968540,1.006915,5.587087,5.401114,5.645646,1.000000,1.000000,1.000000
sweep,long,ldc2,65,1,negative-both,cpp-approved-execution,6,8.130,7.808,5.579333,5.231198,5.684685,1.000000,1.000000,1.000000,5.587087,5.401114,5.645646
sweep,long,ldc2,65,1,negative-source,original,6,45.801,2.132,1.000000,1.000000,1.000000,5.633634,5.585586,5.705706,1.004013,0.982068,1.025668
sweep,long,ldc2,65,1,negative-source,selected64,6,45.044,8.564,1.008672,0.941471,1.029875,5.540541,5.528529,6.003003,1.010693,0.944472,1.041825
sweep,long,ldc2,65,1,negative-source,vector16store,6,45.862,3.673,0.996003,0.974974,1.018260,5.641141,5.567568,5.774775,1.000000,1.000000,1.000000
sweep,long,ldc2,65,1,negative-source,cpp-approved-execution,6,8.130,0.000,5.633634,5.585586,5.705706,1.000000,1.000000,1.000000,5.641141,5.567568,5.774775
sweep,long,ldc2,65,1,padded,original,6,23.914,1.429,1.000000,1.000000,1.000000,2.941441,2.909910,2.951952,1.034693,1.032553,1.046440
sweep,long,ldc2,65,1,padded,selected64,6,23.718,1.235,1.004630,0.988787,1.012358,2.917417,2.909910,2.945946,1.044799,1.028542,1.046440
sweep,long,ldc2,65,1,padded,vector16store,6,24.744,0.691,0.966471,0.955621,0.968473,3.043544,3.030030,3.051051,1.000000,1.000000,1.000000
sweep,long,ldc2,65,1,padded,cpp-approved-execution,6,8.130,0.000,2.941441,2.909910,2.951952,1.000000,1.000000,1.000000,3.043544,3.030030,3.051051
sweep,long,ldc2,65,1,repeated-source,original,6,23.645,1.859,1.000000,1.000000,1.000000,2.908408,2.900901,2.946108,1.043910,1.033537,1.052795
sweep,long,ldc2,65,1,repeated-source,selected64,6,23.730,1.132,0.998452,0.990779,1.004111,2.918919,2.909910,2.934132,1.041174,1.037755,1.047374
sweep,long,ldc2,65,1,repeated-source,vector16store,6,24.744,0.691,0.957943,0.949853,0.967552,3.043476,3.033033,3.054054,1.000000,1.000000,1.000000
sweep,long,ldc2,65,1,repeated-source,cpp-approved-execution,6,8.130,0.300,2.908408,2.900901,2.946108,1.000000,1.000000,1.000000,3.043476,3.033033,3.054054
sweep,long,ldc2,65,1,universal,original,6,192.078,4.055,1.000000,1.000000,1.000000,5.067629,4.967160,5.172569,0.991524,0.982892,1.055396
sweep,long,ldc2,65,1,universal,selected64,6,189.648,1.596,1.013133,0.981550,1.028685,5.003542,4.983892,5.060528,0.996522,0.985367,1.085670
sweep,long,ldc2,65,1,universal,vector16store,6,189.209,10.013,1.008595,0.947511,1.017406,4.990341,4.962629,5.459111,1.000000,1.000000,1.000000
sweep,long,ldc2,65,1,universal,cpp-approved-execution,6,37.903,0.064,5.067629,4.967160,5.172569,1.000000,1.000000,1.000000,4.990341,4.962629,5.459111
sweep,long,ldc2,65,17,contiguous,original,6,120.520,7.556,1.000000,1.000000,1.000000,1.362943,1.320107,1.459161,1.007072,0.971634,1.025183
sweep,long,ldc2,65,17,contiguous,selected64,6,123.010,4.962,0.979638,0.975822,1.029836,1.387106,1.352815,1.428532,0.995924,0.976809,1.026385
sweep,long,ldc2,65,17,contiguous,vector16store,6,122.815,4.175,0.993084,0.975436,1.029194,1.383486,1.353351,1.417770,1.000000,1.000000,1.000000
sweep,long,ldc2,65,17,contiguous,cpp-approved-execution,6,88.538,3.888,1.362943,1.320107,1.459161,1.000000,1.000000,1.000000,1.383486,1.353351,1.417770
sweep,long,ldc2,65,17,negative-both,original,6,497.278,5.666,1.000000,1.000000,1.000000,4.860647,4.745822,4.948533,0.995909,0.985374,1.031145
sweep,long,ldc2,65,17,negative-both,selected64,6,493.237,4.366,1.007216,0.996679,1.013483,4.864655,4.682683,4.904242,1.001998,0.996575,1.034305
sweep,long,ldc2,65,17,negative-both,vector16store,6,495.398,3.943,1.004141,0.969795,1.014843,4.869820,4.688951,5.072485,1.000000,1.000000,1.000000
sweep,long,ldc2,65,17,negative-both,cpp-approved-execution,6,101.453,7.099,4.860647,4.745822,4.948533,1.000000,1.000000,1.000000,4.869820,4.688951,5.072485
sweep,long,ldc2,65,17,negative-source,original,6,494.775,4.002,1.000000,1.000000,1.000000,4.739708,4.661975,4.978184,0.996632,0.975900,1.007241
sweep,long,ldc2,65,17,negative-source,selected64,6,494.812,3.375,1.001584,0.998320,1.022733,4.697144,4.669820,4.938819,0.997528,0.993398,1.015269
sweep,long,ldc2,65,17,negative-source,vector16store,6,492.480,5.270,1.003382,0.992812,1.024695,4.680801,4.653669,5.014228,1.000000,1.000000,1.000000
sweep,long,ldc2,65,17,negative-source,cpp-approved-execution,6,105.298,2.898,4.739708,4.661975,4.978184,1.000000,1.000000,1.000000,4.680801,4.653669,5.014228
sweep,long,ldc2,65,17,padded,original,6,154.761,1.104,1.000000,1.000000,1.000000,1.510875,1.478583,1.520535,1.000000,0.999053,1.020971
sweep,long,ldc2,65,17,padded,selected64,6,154.724,4.323,0.999053,0.979542,1.014293,1.502921,1.466775,1.552292,1.003315,0.979542,1.029228
sweep,long,ldc2,65,17,padded,vector16store,6,155.664,2.321,1.000000,0.979459,1.000948,1.511268,1.478120,1.533254,1.000000,1.000000,1.000000
sweep,long,ldc2,65,17,padded,cpp-approved-execution,6,102.307,3.317,1.510875,1.478583,1.520535,1.000000,1.000000,1.000000,1.511268,1.478120,1.533254
sweep,long,ldc2,65,17,repeated-source,original,6,154.382,2.910,1.000000,1.000000,1.000000,1.466274,1.434783,1.505106,1.015125,0.990294,1.024500
sweep,long,ldc2,65,17,repeated-source,selected64,6,154.102,3.375,1.004843,0.979988,1.011872,1.461457,1.439824,1.532573,1.006347,0.998264,1.033210
sweep,long,ldc2,65,17,repeated-source,vector16store,6,155.566,2.119,0.985134,0.976086,1.009801,1.478788,1.460448,1.535901,1.000000,1.000000,1.000000
sweep,long,ldc2,65,17,repeated-source,cpp-approved-execution,6,105.627,3.883,1.466274,1.434783,1.505106,1.000000,1.000000,1.000000,1.478788,1.460448,1.535901
sweep,long,ldc2,65,17,universal,original,6,2552.930,13.664,1.000000,1.000000,1.000000,3.756085,3.695185,4.143560,1.000599,0.984955,1.017269
sweep,long,ldc2,65,17,universal,selected64,6,2590.308,13.946,0.988460,0.958180,1.016843,3.862370,3.642727,4.172216,0.986847,0.965521,1.005650
sweep,long,ldc2,65,17,universal,vector16store,6,2565.527,12.063,0.999406,0.983024,1.015275,3.793623,3.663307,4.081221,1.000000,1.000000,1.000000
sweep,long,ldc2,65,17,universal,cpp-approved-execution,6,685.010,9.053,3.756085,3.695185,4.143560,1.000000,1.000000,1.000000,3.793623,3.663307,4.081221
sweep,long,ldc2,65,128,contiguous,original,6,822.768,6.535,1.000000,1.000000,1.000000,1.176387,1.146674,1.226150,0.999026,0.987084,1.003717
sweep,long,ldc2,65,128,contiguous,selected64,6,817.956,3.529,1.007216,0.997809,1.027631,1.165963,1.148483,1.193182,1.000546,0.996714,1.019114
sweep,long,ldc2,65,128,contiguous,vector16store,6,818.403,5.382,1.000975,0.996297,1.013085,1.171168,1.145700,1.211139,1.000000,1.000000,1.000000
sweep,long,ldc2,65,128,contiguous,cpp-approved-execution,6,703.075,2.526,1.176387,1.146674,1.226150,1.000000,1.000000,1.000000,1.171168,1.145700,1.211139
sweep,long,ldc2,65,128,negative-both,original,6,3485.417,4.867,1.000000,1.000000,1.000000,4.318416,4.217722,4.464023,1.006669,0.987057,1.026891
sweep,long,ldc2,65,128,negative-both,selected64,6,3471.577,6.467,0.995570,0.980882,1.017686,4.321671,4.228844,4.551028,1.003838,0.996513,1.022503
sweep,long,ldc2,65,128,negative-both,vector16store,6,3507.044,7.352,0.993390,0.973813,1.013113,4.331808,4.214458,4.584068,1.000000,1.000000,1.000000
sweep,long,ldc2,65,128,negative-both,cpp-approved-execution,6,806.944,2.496,4.318416,4.217722,4.464023,1.000000,1.000000,1.000000,4.331808,4.214458,4.584068
sweep,long,ldc2,65,128,negative-source,original,6,3487.748,2.227,1.000000,1.000000,1.000000,4.305612,4.280318,4.355793,0.999539,0.983240,1.022090
sweep,long,ldc2,65,128,negative-source,selected64,6,3514.931,3.923,0.997812,0.985706,1.013225,4.332916,4.224450,4.411635,0.997352,0.984488,1.009153
sweep,long,ldc2,65,128,negative-source,vector16store,6,3467.212,4.544,1.000461,0.978387,1.017045,4.305413,4.229613,4.452013,1.000000,1.000000,1.000000
sweep,long,ldc2,65,128,negative-source,cpp-approved-execution,6,807.540,2.334,4.305612,4.280318,4.355793,1.000000,1.000000,1.000000,4.305413,4.229613,4.452013
sweep,long,ldc2,65,128,padded,original,6,875.446,32.795,1.000000,1.000000,1.000000,1.092843,1.085693,1.439743,1.002950,0.783689,1.056595
sweep,long,ldc2,65,128,padded,selected64,6,876.736,7.853,1.002043,0.938178,1.278962,1.094097,1.080974,1.164127,1.002001,0.991275,1.015303
sweep,long,ldc2,65,128,padded,vector16store,6,884.177,6.945,0.997060,0.946436,1.276017,1.103367,1.080104,1.153970,1.000000,1.000000,1.000000
sweep,long,ldc2,65,128,padded,cpp-approved-execution,6,800.298,0.521,1.092843,1.085693,1.439743,1.000000,1.000000,1.000000,1.103367,1.080104,1.153970
sweep,long,ldc2,65,128,repeated-source,original,6,868.254,2.765,1.000000,1.000000,1.000000,1.093725,1.066691,1.097042,0.995419,0.982328,1.005980
sweep,long,ldc2,65,128,repeated-source,selected64,6,857.093,2.593,1.009764,0.989555,1.018226,1.077741,1.074869,1.091348,1.000174,0.984963,1.016965
sweep,long,ldc2,65,128,repeated-source,vector16store,6,853.671,3.893,1.004602,0.994056,1.017990,1.075372,1.061742,1.103602,1.000000,1.000000,1.000000
sweep,long,ldc2,65,128,repeated-source,cpp-approved-execution,6,795.486,1.222,1.093725,1.066691,1.097042,1.000000,1.000000,1.000000,1.075372,1.061742,1.103602
sweep,long,ldc2,65,128,universal,original,6,19496.329,2.214,1.000000,1.000000,1.000000,3.778988,3.704981,3.875827,0.995936,0.986464,1.007725
sweep,long,ldc2,65,128,universal,selected64,6,19384.573,3.129,1.006907,1.004727,1.014054,3.745613,3.653633,3.857301,1.002816,0.994456,1.012565
sweep,long,ldc2,65,128,universal,vector16store,6,19491.369,3.118,1.004081,0.992334,1.013721,3.774355,3.654831,3.905769,1.000000,1.000000,1.000000
sweep,long,ldc2,65,128,universal,cpp-approved-execution,6,5169.147,5.312,3.778988,3.704981,3.875827,1.000000,1.000000,1.000000,3.774355,3.654831,3.905769
sweep,long,ldc2,256,128,contiguous,original,6,2943.555,18.964,1.000000,1.000000,1.000000,1.088033,1.077333,1.252636,1.000336,0.895847,1.009813
sweep,long,ldc2,256,128,contiguous,selected64,6,2936.133,30.080,1.000865,0.914127,1.017574,1.086203,1.059977,1.370308,1.000263,0.818919,1.027560
sweep,long,ldc2,256,128,contiguous,vector16store,6,2946.289,6.695,0.999665,0.990282,1.116262,1.088324,1.078629,1.122171,1.000000,1.000000,1.000000
sweep,long,ldc2,256,128,contiguous,cpp-approved-execution,6,2709.570,3.301,1.088033,1.077333,1.252636,1.000000,1.000000,1.000000,1.088324,1.078629,1.122171
sweep,long,ldc2,256,128,negative-both,original,6,13928.320,3.926,1.000000,1.000000,1.000000,4.614829,4.507142,4.708269,1.005515,0.980291,1.030204
sweep,long,ldc2,256,128,negative-both,selected64,6,13972.656,4.456,0.994688,0.974527,1.006678,4.651573,4.579307,4.743650,1.000163,0.972980,1.013969
sweep,long,ldc2,256,128,negative-both,vector16store,6,13893.164,5.657,0.994529,0.970682,1.020105,4.633467,4.572517,4.720557,1.000000,1.000000,1.000000
sweep,long,ldc2,256,128,negative-both,cpp-approved-execution,6,3001.172,5.766,4.614829,4.507142,4.708269,1.000000,1.000000,1.000000,4.633467,4.572517,4.720557
sweep,long,ldc2,256,128,negative-source,original,6,13614.453,6.195,1.000000,1.000000,1.000000,4.712257,4.665941,4.855145,0.996248,0.952299,1.016436
sweep,long,ldc2,256,128,negative-source,selected64,6,13663.281,3.668,1.003025,0.988921,1.022249,4.725715,4.656953,4.790047,0.992811,0.973486,1.022323
sweep,long,ldc2,256,128,negative-source,vector16store,6,13568.555,4.834,1.003767,0.983830,1.050091,4.694839,4.607223,4.834297,1.000000,1.000000,1.000000
sweep,long,ldc2,256,128,negative-source,cpp-approved-execution,6,2892.969,2.498,4.712257,4.665941,4.855145,1.000000,1.000000,1.000000,4.694839,4.607223,4.834297
sweep,long,ldc2,256,128,padded,original,6,3027.539,77.879,1.000000,1.000000,1.000000,1.084763,1.079944,1.922067,0.994441,0.573972,0.998968
sweep,long,ldc2,256,128,padded,selected64,6,3022.266,75.908,1.000131,0.685491,1.783104,1.082710,1.077933,1.745464,0.996893,0.593778,1.023452
sweep,long,ldc2,256,128,padded,vector16store,6,3019.531,4.929,1.005592,1.001033,1.742246,1.078871,1.036417,1.103212,1.000000,1.000000,1.000000
sweep,long,ldc2,256,128,padded,cpp-approved-execution,6,2798.047,9.368,1.084763,1.079944,1.922067,1.000000,1.000000,1.000000,1.078871,1.036417,1.103212
sweep,long,ldc2,256,128,repeated-source,original,6,3026.758,3.962,1.000000,1.000000,1.000000,1.083468,1.070097,1.114294,0.999221,0.965348,3.469531
sweep,long,ldc2,256,128,repeated-source,selected64,6,3001.562,3.943,1.000798,0.998440,1.020839,1.078906,1.067455,1.111949,0.999675,0.985464,3.466483
sweep,long,ldc2,256,128,repeated-source,vector16store,6,2996.875,260.076,1.000782,0.288223,1.035896,1.076940,1.067733,3.854551,1.000000,1.000000,1.000000
sweep,long,ldc2,256,128,repeated-source,cpp-approved-execution,6,2790.234,1.120,1.083468,1.070097,1.114294,1.000000,1.000000,1.000000,1.076940,1.067733,3.854551
sweep,long,ldc2,256,128,universal,original,6,76423.438,5.174,1.000000,1.000000,1.000000,4.044599,3.925664,4.075685,0.991231,0.983341,1.026289
sweep,long,ldc2,256,128,universal,selected64,6,76251.172,5.938,1.004372,0.994264,1.018814,3.985453,3.948313,4.077349,0.999451,0.977700,1.033447
sweep,long,ldc2,256,128,universal,vector16store,6,75834.961,9.543,1.008893,0.974385,1.016942,3.983267,3.860265,4.149564,1.000000,1.000000,1.000000
sweep,long,ldc2,256,128,universal,cpp-approved-execution,6,18949.805,5.263,4.044599,3.925664,4.075685,1.000000,1.000000,1.000000,3.983267,3.860265,4.149564
sweep,long,ldc2,2048,512,contiguous,original,6,94018.750,1.968,1.000000,1.000000,1.000000,1.080133,1.067172,1.087391,1.000469,0.993390,1.016152
sweep,long,ldc2,2048,512,contiguous,selected64,6,94825.000,4.416,0.988272,0.970929,1.001066,1.086121,1.074772,1.119949,0.990444,0.976732,0.998407
sweep,long,ldc2,2048,512,contiguous,vector16store,6,93943.750,3.606,0.999535,0.984104,1.006654,1.075678,1.073059,1.104955,1.000000,1.000000,1.000000
sweep,long,ldc2,2048,512,contiguous,cpp-approved-execution,6,87306.250,0.759,1.080133,1.067172,1.087391,1.000000,1.000000,1.000000,1.075678,1.073059,1.104955
sweep,long,ldc2,2048,512,negative-both,original,6,438387.500,4.853,1.000000,1.000000,1.000000,4.158417,4.048687,4.403171,0.995352,0.964543,1.001038
sweep,long,ldc2,2048,512,negative-both,selected64,6,438568.750,4.825,0.999784,0.992392,1.039489,4.189297,4.050321,4.277791,0.996081,0.964517,1.011801
sweep,long,ldc2,2048,512,negative-both,vector16store,6,436343.750,1.997,1.004681,0.998963,1.036760,4.125315,4.052890,4.285887,1.000000,1.000000,1.000000
sweep,long,ldc2,2048,512,negative-both,cpp-approved-execution,6,105681.250,3.584,4.158417,4.048687,4.403171,1.000000,1.000000,1.000000,4.125315,4.052890,4.285887
sweep,long,ldc2,2048,512,negative-source,original,6,431018.750,5.580,1.000000,1.000000,1.000000,4.411815,4.370408,4.625788,1.002068,0.975659,1.025941
sweep,long,ldc2,2048,512,negative-source,selected64,6,429312.500,7.815,0.995790,0.962119,1.012591,4.421652,4.316063,4.729765,0.997845,0.954210,1.026656
sweep,long,ldc2,2048,512,negative-source,vector16store,6,433437.500,4.026,0.997952,0.974715,1.024949,4.472081,4.325437,4.533530,1.000000,1.000000,1.000000
sweep,long,ldc2,2048,512,negative-source,cpp-approved-execution,6,97287.500,2.094,4.411815,4.370408,4.625788,1.000000,1.000000,1.000000,4.472081,4.325437,4.533530
sweep,long,ldc2,2048,512,padded,original,6,95550.000,4.448,1.000000,1.000000,1.000000,1.088513,1.076594,1.106932,1.004189,0.994168,1.017514
sweep,long,ldc2,2048,512,padded,selected64,6,95812.500,1.970,1.000400,0.989772,1.022999,1.087437,1.076514,1.102344,1.008395,0.991739,1.027937
sweep,long,ldc2,2048,512,padded,vector16store,6,97175.000,4.476,0.995828,0.982787,1.005866,1.102445,1.078733,1.109634,1.000000,1.000000,1.000000
sweep,long,ldc2,2048,512,padded,cpp-approved-execution,6,87943.750,2.175,1.088513,1.076594,1.106932,1.000000,1.000000,1.000000,1.102445,1.078733,1.109634
sweep,long,ldc2,2048,512,repeated-source,original,6,94218.750,3.940,1.000000,1.000000,1.000000,1.064261,1.041022,1.100427,1.015202,0.993367,1.233382
sweep,long,ldc2,2048,512,repeated-source,selected64,6,94450.000,86.316,0.996414,0.538050,1.016046,1.070632,1.061242,1.934807,0.999396,0.663621,1.092858
sweep,long,ldc2,2048,512,repeated-source,vector16store,6,94443.750,23.930,0.985082,0.810779,1.006677,1.069986,1.062278,1.283978,1.000000,1.000000,1.000000
sweep,long,ldc2,2048,512,repeated-source,cpp-approved-execution,6,88143.750,3.120,1.064261,1.041022,1.100427,1.000000,1.000000,1.000000,1.069986,1.062278,1.283978
sweep,long,ldc2,2048,512,universal,original,6,2420325.000,3.105,1.000000,1.000000,1.000000,4.094240,4.071993,4.115099,1.003938,0.994013,1.011461
sweep,long,ldc2,2048,512,universal,selected64,6,2439837.500,4.406,0.991984,0.985875,1.002954,4.131812,4.083619,4.149010,0.998117,0.990621,1.003209
sweep,long,ldc2,2048,512,universal,vector16store,6,2431568.750,4.230,0.996081,0.988669,1.006023,4.105545,4.080211,4.155806,1.000000,1.000000,1.000000
sweep,long,ldc2,2048,512,universal,cpp-approved-execution,6,589462.500,3.261,4.094240,4.071993,4.115099,1.000000,1.000000,1.000000,4.105545,4.080211,4.155806
