compiler,width,height,layout,form,processes,ns_per_call,process_spread_pct,original_over_form_median,original_over_form_min,original_over_form_max,form_over_cpp_median,form_over_cpp_min,form_over_cpp_max,unconditional_over_form_median,unconditional_over_form_min,unconditional_over_form_max
dmd,1,1,contiguous,original,6,51.929,4.890,1.000000,1.000000,1.000000,14.770833,14.548611,15.270833,1.068286,1.031833,1.084487
dmd,1,1,contiguous,selected64,6,52.856,0.970,0.982630,0.973061,1.014767,15.034722,14.951389,15.097222,1.051998,1.042318,1.064263
dmd,1,1,contiguous,vector16store,6,55.432,2.114,0.936079,0.922095,0.969149,15.767361,15.694444,16.027778,1.000000,1.000000,1.000000
dmd,1,1,contiguous,cpp-approved-execution,6,3.516,0.000,14.770833,14.548611,15.270833,1.000000,1.000000,1.000000,15.767361,15.694444,16.027778
dmd,1,1,negative-both,original,6,52.051,3.799,1.000000,1.000000,1.000000,11.340426,11.232804,11.723404,1.076085,1.061502,1.090290
dmd,1,1,negative-both,selected64,6,52.600,4.827,0.988616,0.977817,0.993065,11.446809,11.407407,11.989362,1.062041,1.051139,1.077674
dmd,1,1,negative-both,vector16store,6,56.104,6.179,0.929297,0.917187,0.942061,12.191489,12.026596,12.781915,1.000000,1.000000,1.000000
dmd,1,1,negative-both,cpp-approved-execution,6,4.590,0.532,11.340426,11.232804,11.723404,1.000000,1.000000,1.000000,12.191489,12.026596,12.781915
dmd,1,1,negative-source,original,6,51.489,1.991,1.000000,1.000000,1.000000,11.171958,11.005291,11.287234,1.097745,1.074953,1.123928
dmd,1,1,negative-source,selected64,6,52.588,6.128,0.974768,0.928446,0.986059,11.427108,11.354497,12.052910,1.057853,1.024583,1.104554
dmd,1,1,negative-source,vector16store,6,56.616,4.787,0.910984,0.889737,0.930274,12.302263,11.989418,12.643617,1.000000,1.000000,1.000000
dmd,1,1,negative-source,cpp-approved-execution,6,4.614,0.529,11.171958,11.005291,11.287234,1.000000,1.000000,1.000000,12.302263,11.989418,12.643617
dmd,1,1,padded,original,6,52.051,23.358,1.000000,1.000000,1.000000,11.310256,11.169312,13.804233,1.066121,1.058302,1.089690
dmd,1,1,padded,selected64,6,52.686,33.225,0.983281,0.910328,0.995349,11.427080,11.370370,15.164021,1.048831,0.991975,1.057209
dmd,1,1,padded,vector16store,6,55.444,25.936,0.937982,0.917693,0.944910,12.047858,11.925926,15.042328,1.000000,1.000000,1.000000
dmd,1,1,padded,cpp-approved-execution,6,4.614,0.529,11.310256,11.169312,13.804233,1.000000,1.000000,1.000000,12.047858,11.925926,15.042328
dmd,1,1,repeated-source,original,6,52.124,6.323,1.000000,1.000000,1.000000,11.356383,11.190476,11.904762,1.081856,1.056560,1.127556
dmd,1,1,repeated-source,selected64,6,52.600,14.621,0.986077,0.917618,1.009359,11.445612,11.367021,12.973545,1.060911,1.034666,1.111111
dmd,1,1,repeated-source,vector16store,6,56.104,11.706,0.924485,0.886874,0.946468,12.190800,12.063830,13.423280,1.000000,1.000000,1.000000
dmd,1,1,repeated-source,cpp-approved-execution,6,4.590,0.532,11.356383,11.190476,11.904762,1.000000,1.000000,1.000000,12.190800,12.063830,13.423280
dmd,1,1,universal,original,6,127.917,8.283,1.000000,1.000000,1.000000,39.394737,38.819549,42.082707,0.995402,0.942112,1.006494
dmd,1,1,universal,selected64,6,127.197,2.495,1.011803,0.996911,1.057434,39.172932,38.819549,39.796992,1.000580,0.982890,1.017422
dmd,1,1,universal,vector16store,6,127.441,2.088,1.004670,0.993548,1.061445,39.248120,38.827068,39.646617,1.000000,1.000000,1.000000
dmd,1,1,universal,cpp-approved-execution,6,3.247,0.000,39.394737,38.819549,42.082707,1.000000,1.000000,1.000000,39.248120,38.827068,39.646617
dmd,1,17,contiguous,original,6,69.067,6.999,1.000000,1.000000,1.000000,14.145000,13.930000,14.920000,2.211552,2.080933,2.295415
dmd,1,17,contiguous,selected64,6,71.106,4.910,0.996809,0.957862,1.013587,14.562500,14.005000,14.720000,2.164507,2.078794,2.304287
dmd,1,17,contiguous,vector16store,6,151.074,8.387,0.452173,0.435651,0.480554,30.940000,30.340000,32.935000,1.000000,1.000000,1.000000
dmd,1,17,contiguous,cpp-approved-execution,6,4.883,0.000,14.145000,13.930000,14.920000,1.000000,1.000000,1.000000,30.940000,30.340000,32.935000
dmd,1,17,negative-both,original,6,150.574,3.405,1.000000,1.000000,1.000000,4.952093,4.916264,5.081255,1.530745,1.494459,1.586062
dmd,1,17,negative-both,selected64,6,151.514,5.092,0.990932,0.969010,1.017725,4.985913,4.964800,5.222222,1.517026,1.499030,1.576861
dmd,1,17,negative-both,vector16store,6,231.226,5.744,0.653309,0.630493,0.669139,7.622547,7.463768,7.901771,1.000000,1.000000,1.000000
dmd,1,17,negative-both,cpp-approved-execution,6,30.322,0.644,4.952093,4.916264,5.081255,1.000000,1.000000,1.000000,7.622547,7.463768,7.901771
dmd,1,17,negative-source,original,6,150.842,3.431,1.000000,1.000000,1.000000,4.974638,4.929147,5.099839,1.518152,1.505905,1.531852
dmd,1,17,negative-source,selected64,6,151.587,3.656,0.999802,0.980955,1.018275,4.999195,4.890499,5.073269,1.517137,1.477226,1.547100
dmd,1,17,negative-source,vector16store,6,228.772,3.724,0.658701,0.652804,0.664052,7.544686,7.494364,7.775362,1.000000,1.000000,1.000000
dmd,1,17,negative-source,cpp-approved-execution,6,30.322,0.000,4.974638,4.929147,5.099839,1.000000,1.000000,1.000000,7.544686,7.494364,7.775362
dmd,1,17,padded,original,6,148.254,11.906,1.000000,1.000000,1.000000,4.887324,4.801287,5.382944,1.517679,1.485578,1.556803
dmd,1,17,padded,selected64,6,149.011,2.064,0.997553,0.976440,1.101399,4.912272,4.828502,4.929952,1.525345,1.501878,1.636214
dmd,1,17,padded,vector16store,6,226.245,8.028,0.658901,0.642342,0.673139,7.458344,7.404187,7.996782,1.000000,1.000000,1.000000
dmd,1,17,padded,cpp-approved-execution,6,30.334,0.080,4.887324,4.801287,5.382944,1.000000,1.000000,1.000000,7.458344,7.404187,7.996782
dmd,1,17,repeated-source,original,6,147.705,3.289,1.000000,1.000000,1.000000,4.871176,4.789855,4.950081,1.531161,1.524036,1.568331
dmd,1,17,repeated-source,selected64,6,147.620,3.291,1.004119,0.981197,1.021941,4.866405,4.770531,4.930757,1.539653,1.510715,1.569726
dmd,1,17,repeated-source,vector16store,6,226.245,4.079,0.653101,0.637621,0.656152,7.458344,7.435588,7.739936,1.000000,1.000000,1.000000
dmd,1,17,repeated-source,cpp-approved-execution,6,30.322,0.081,4.871176,4.789855,4.950081,1.000000,1.000000,1.000000,7.458344,7.435588,7.739936
dmd,1,17,universal,original,6,272.302,2.618,1.000000,1.000000,1.000000,13.916794,13.749383,14.244361,1.010725,0.984605,1.041403
dmd,1,17,universal,selected64,6,272.937,1.628,0.995472,0.990455,1.013644,13.963705,13.801235,14.161452,1.009700,0.994991,1.031463
dmd,1,17,universal,vector16store,6,274.451,4.875,0.989425,0.960243,1.015636,14.060684,13.732099,14.607009,1.000000,1.000000,1.000000
dmd,1,17,universal,cpp-approved-execution,6,19.507,1.502,13.916794,13.749383,14.244361,1.000000,1.000000,1.000000,14.060684,13.732099,14.607009
dmd,1,128,contiguous,original,6,177.832,3.515,1.000000,1.000000,1.000000,14.568000,14.556000,15.068000,4.308069,4.151314,4.857731
dmd,1,128,contiguous,selected64,6,179.395,5.035,0.994144,0.948698,0.998145,14.725566,14.620000,15.360000,4.282154,4.080729,4.823289
dmd,1,128,contiguous,vector16store,6,767.798,13.050,0.232123,0.205857,0.240888,62.956000,62.540000,70.748000,1.000000,1.000000,1.000000
dmd,1,128,contiguous,cpp-approved-execution,6,12.207,0.400,14.568000,14.556000,15.068000,1.000000,1.000000,1.000000,62.956000,62.540000,70.748000
dmd,1,128,negative-both,original,6,269.312,8.830,1.000000,1.000000,1.000000,1.228409,1.185209,1.328241,2.952973,2.739513,3.058899
dmd,1,128,negative-both,selected64,6,271.753,3.809,0.997009,0.974708,1.061972,1.239187,1.187173,1.255358,2.910993,2.883938,3.053840
dmd,1,128,negative-both,vector16store,6,792.212,3.495,0.338671,0.326915,0.365028,3.623844,3.512473,3.666366,1.000000,1.000000,1.000000
dmd,1,128,negative-both,cpp-approved-execution,6,220.410,3.345,1.228409,1.185209,1.328241,1.000000,1.000000,1.000000,3.623844,3.512473,3.666366
dmd,1,128,negative-source,original,6,274.561,6.705,1.000000,1.000000,1.000000,1.222836,1.206275,1.248033,2.950812,2.728150,3.063211
dmd,1,128,negative-source,selected64,6,273.438,10.214,0.996486,0.935156,1.044771,1.221504,1.173380,1.334572,2.900785,2.850292,3.000903
dmd,1,128,negative-source,vector16store,6,800.635,9.075,0.338914,0.326455,0.366549,3.617950,3.344477,3.822990,1.000000,1.000000,1.000000
dmd,1,128,negative-source,cpp-approved-execution,6,222.925,8.411,1.222836,1.206275,1.248033,1.000000,1.000000,1.000000,3.617950,3.344477,3.822990
dmd,1,128,padded,original,6,271.582,11.758,1.000000,1.000000,1.000000,1.210613,1.183403,1.308964,2.950990,2.636137,3.019209
dmd,1,128,padded,selected64,6,269.312,4.406,1.015648,0.973316,1.057479,1.214603,1.164384,1.237815,2.937942,2.787660,3.029502
dmd,1,128,padded,vector16store,6,789.258,5.438,0.338876,0.331213,0.379343,3.559598,3.450609,3.598854,1.000000,1.000000,1.000000
dmd,1,128,padded,cpp-approved-execution,6,221.875,5.436,1.210613,1.183403,1.308964,1.000000,1.000000,1.000000,3.559598,3.450609,3.598854
dmd,1,128,repeated-source,original,6,266.797,1.757,1.000000,1.000000,1.000000,1.218312,1.132721,1.246953,3.036343,2.935673,3.796979
dmd,1,128,repeated-source,selected64,6,267.920,0.929,0.999012,0.987807,1.004589,1.216688,1.146703,1.241309,3.031271,2.947523,3.750682
dmd,1,128,repeated-source,vector16store,6,811.914,27.339,0.329361,0.263367,0.340637,3.735034,3.537547,4.300918,1.000000,1.000000,1.000000
dmd,1,128,repeated-source,cpp-approved-execution,6,219.141,8.066,1.218312,1.132721,1.246953,1.000000,1.000000,1.000000,3.735034,3.537547,4.300918
dmd,1,128,universal,original,6,1213.574,8.703,1.000000,1.000000,1.000000,8.584879,8.183734,9.361762,1.005679,0.946311,1.017945
dmd,1,128,universal,selected64,6,1217.969,3.183,0.997668,0.974667,1.065436,8.683765,8.135002,8.909853,1.001787,0.990290,1.027329
dmd,1,128,universal,vector16store,6,1228.809,3.052,0.994364,0.982372,1.056735,8.653163,8.142246,8.859140,1.000000,1.000000,1.000000
dmd,1,128,universal,cpp-approved-execution,6,140.259,6.127,8.584879,8.183734,9.361762,1.000000,1.000000,1.000000,8.653163,8.142246,8.859140
dmd,7,1,contiguous,original,6,56.567,4.618,1.000000,1.000000,1.000000,10.436937,10.409910,10.891892,1.023531,0.982630,1.074427
dmd,7,1,contiguous,selected64,6,56.885,3.176,0.994417,0.967042,1.038660,10.495495,10.463964,10.797297,1.019350,0.999583,1.064751
dmd,7,1,contiguous,vector16store,6,57.996,4.925,0.977010,0.930729,1.017677,10.700450,10.657658,11.184685,1.000000,1.000000,1.000000
dmd,7,1,contiguous,cpp-approved-execution,6,5.420,0.000,10.436937,10.409910,10.891892,1.000000,1.000000,1.000000,10.700450,10.657658,11.184685
dmd,7,1,negative-both,original,6,56.982,14.996,1.000000,1.000000,1.000000,9.848101,9.781513,11.154167,1.017365,0.893911,1.020172
dmd,7,1,negative-both,selected64,6,56.958,12.559,1.000430,0.996575,1.047170,9.839662,9.815126,10.937500,1.017581,0.911619,1.018423
dmd,7,1,negative-both,vector16store,6,57.959,0.842,0.982937,0.980227,1.118679,10.012658,9.970833,10.029536,1.000000,1.000000,1.000000
dmd,7,1,negative-both,cpp-approved-execution,6,5.786,1.266,9.848101,9.781513,11.154167,1.000000,1.000000,1.000000,10.012658,9.970833,10.029536
dmd,7,1,negative-source,original,6,57.568,10.645,1.000000,1.000000,1.000000,9.970402,9.810127,10.869198,1.011655,0.940606,1.018495
dmd,7,1,negative-source,selected64,6,57.043,3.124,1.010731,0.995717,1.076023,9.871308,9.793249,10.101266,1.019173,1.012114,1.024380
dmd,7,1,negative-source,vector16store,6,58.154,2.561,0.988499,0.981841,1.063145,10.084469,9.966245,10.223629,1.000000,1.000000,1.000000
dmd,7,1,negative-source,cpp-approved-execution,6,5.786,0.422,9.970402,9.810127,10.869198,1.000000,1.000000,1.000000,10.084469,9.966245,10.223629
dmd,7,1,padded,original,6,56.506,5.141,1.000000,1.000000,1.000000,9.765823,9.746835,10.248945,1.028773,0.974887,1.086695
dmd,7,1,padded,selected64,6,56.885,0.901,0.993791,0.986775,1.044282,9.831224,9.801688,9.890295,1.021469,1.009812,1.080666
dmd,7,1,padded,vector16store,6,58.069,7.063,0.972059,0.920221,1.025760,10.035865,9.974684,10.683544,1.000000,1.000000,1.000000
dmd,7,1,padded,cpp-approved-execution,6,5.786,0.000,9.765823,9.746835,10.248945,1.000000,1.000000,1.000000,10.035865,9.974684,10.683544
dmd,7,1,repeated-source,original,6,56.482,4.668,1.000000,1.000000,1.000000,9.782289,9.734177,10.233051,1.023567,0.978468,1.085566
dmd,7,1,repeated-source,selected64,6,56.873,0.773,0.994840,0.988462,1.039604,9.843551,9.797468,9.873418,1.017404,1.013248,1.079038
dmd,7,1,repeated-source,vector16store,6,57.861,6.287,0.976978,0.921178,1.022006,10.006329,9.970464,10.644068,1.000000,1.000000,1.000000
dmd,7,1,repeated-source,cpp-approved-execution,6,5.786,0.422,9.782289,9.734177,10.233051,1.000000,1.000000,1.000000,10.006329,9.970464,10.644068
dmd,7,1,universal,original,6,188.232,2.646,1.000000,1.000000,1.000000,28.822321,28.333333,29.206767,1.009643,1.001034,1.029347
dmd,7,1,universal,selected64,6,187.561,1.432,0.998908,0.982850,1.008987,28.795880,28.675373,29.270677,1.008070,0.998958,1.027100
dmd,7,1,universal,vector16store,6,189.075,4.248,0.990452,0.971489,0.998967,28.951479,28.827068,30.063910,1.000000,1.000000,1.000000
dmd,7,1,universal,cpp-approved-execution,6,6.519,0.749,28.822321,28.333333,29.206767,1.000000,1.000000,1.000000,28.951479,28.827068,30.063910
dmd,7,17,contiguous,original,6,112.579,9.238,1.000000,1.000000,1.000000,8.318792,8.308725,9.077181,1.272944,1.169316,1.283118
dmd,7,17,contiguous,selected64,6,112.398,9.455,1.001820,0.916112,1.092488,8.305369,8.295302,9.080537,1.278796,1.159276,1.285194
dmd,7,17,contiguous,vector16store,6,143.847,1.263,0.785582,0.779352,0.855201,10.629195,10.526846,10.661074,1.000000,1.000000,1.000000
dmd,7,17,contiguous,cpp-approved-execution,6,13.533,0.000,8.318792,8.308725,9.077181,1.000000,1.000000,1.000000,10.629195,10.526846,10.661074
dmd,7,17,negative-both,original,6,198.865,11.989,1.000000,1.000000,1.000000,3.667329,3.278891,4.055225,1.133301,1.030379,1.181968
dmd,7,17,negative-both,selected64,6,202.157,7.840,0.967699,0.943790,1.127569,3.767995,3.405239,3.824129,1.117212,1.085989,1.161824
dmd,7,17,negative-both,vector16store,6,225.613,2.556,0.882567,0.846047,0.970516,4.199848,3.770416,4.265930,1.000000,1.000000,1.000000
dmd,7,17,negative-both,cpp-approved-execution,6,53.451,10.450,3.667329,3.278891,4.055225,1.000000,1.000000,1.000000,4.199848,3.770416,4.265930
dmd,7,17,negative-source,original,6,196.549,5.938,1.000000,1.000000,1.000000,3.678689,3.571070,3.830795,1.148546,1.118686,1.185159
dmd,7,17,negative-source,selected64,6,196.276,11.407,1.001661,0.907584,1.074259,3.642387,3.565990,3.999150,1.150317,1.075632,1.203084
dmd,7,17,negative-source,vector16store,6,227.498,2.914,0.870680,0.843769,0.893906,4.259779,4.117893,4.301614,1.000000,1.000000,1.000000
dmd,7,17,negative-source,cpp-approved-execution,6,53.451,1.784,3.678689,3.571070,3.830795,1.000000,1.000000,1.000000,4.259779,4.117893,4.301614
dmd,7,17,padded,original,6,202.248,8.578,1.000000,1.000000,1.000000,3.697653,3.482919,3.957519,1.121911,1.067626,1.170954
dmd,7,17,padded,selected64,6,203.883,14.656,1.003748,0.879934,1.052732,3.656397,3.559783,4.139574,1.094912,1.025288,1.202138
dmd,7,17,padded,vector16store,6,226.158,3.333,0.891620,0.854004,0.936658,4.234702,3.800466,4.285351,1.000000,1.000000,1.000000
dmd,7,17,padded,cpp-approved-execution,6,53.451,9.601,3.697653,3.482919,3.957519,1.000000,1.000000,1.000000,4.234702,3.800466,4.285351
dmd,7,17,repeated-source,original,6,208.015,13.295,1.000000,1.000000,1.000000,3.895014,3.182236,4.055319,1.082559,0.998531,1.147257
dmd,7,17,repeated-source,selected64,6,196.185,22.477,1.031873,0.901500,1.121035,3.678081,3.136294,4.300509,1.107305,0.986775,1.205617
dmd,7,17,repeated-source,vector16store,6,220.686,4.959,0.923851,0.871644,1.001471,4.133231,3.650842,4.243633,1.000000,1.000000,1.000000
dmd,7,17,repeated-source,cpp-approved-execution,6,53.474,11.210,3.895014,3.182236,4.055319,1.000000,1.000000,1.000000,4.133231,3.650842,4.243633
dmd,7,17,universal,original,6,1128.179,5.515,1.000000,1.000000,1.000000,15.287692,14.044699,15.905347,0.997473,0.986707,1.008528
dmd,7,17,universal,selected64,6,1127.566,8.188,0.999677,0.968996,1.021541,15.251547,14.240115,16.414259,0.998130,0.956115,1.014348
dmd,7,17,universal,vector16store,6,1132.493,4.122,1.002540,0.991544,1.013472,15.346154,14.164470,15.757222,1.000000,1.000000,1.000000
dmd,7,17,universal,cpp-approved-execution,6,73.887,7.376,15.287692,14.044699,15.905347,1.000000,1.000000,1.000000,15.346154,14.164470,15.757222
dmd,7,128,contiguous,original,6,538.699,0.318,1.000000,1.000000,1.000000,7.784653,7.738916,7.801980,1.393833,1.390228,1.396310
dmd,7,128,contiguous,selected64,6,538.356,0.636,1.000318,0.994937,1.003822,7.774752,7.733990,7.821782,1.394211,1.389241,1.395926
dmd,7,128,contiguous,vector16store,6,750.514,0.183,0.717446,0.716173,0.719306,10.849010,10.793103,10.866337,1.000000,1.000000,1.000000
dmd,7,128,contiguous,cpp-approved-execution,6,69.178,0.495,7.784653,7.738916,7.801980,1.000000,1.000000,1.000000,10.849010,10.793103,10.866337
dmd,7,128,negative-both,original,6,616.267,1.500,1.000000,1.000000,1.000000,1.599558,1.593416,1.604590,1.346326,1.327283,1.439377
dmd,7,128,negative-both,selected64,6,567.637,0.664,1.085174,1.082983,1.093863,1.471320,1.466902,1.479537,1.462677,1.451865,1.559976
dmd,7,128,negative-both,vector16store,6,828.938,7.230,0.742766,0.694745,0.753419,2.152512,2.129744,2.298401,1.000000,1.000000,1.000000
dmd,7,128,negative-both,cpp-approved-execution,6,385.445,0.800,1.599558,1.593416,1.604590,1.000000,1.000000,1.000000,2.152512,2.129744,2.298401
dmd,7,128,negative-source,original,6,617.295,1.054,1.000000,1.000000,1.000000,1.600622,1.596273,1.608696,1.342002,1.334257,1.356309
dmd,7,128,negative-source,selected64,6,569.692,0.541,1.083887,1.077246,1.090854,1.479772,1.471213,1.481810,1.456064,1.445848,1.464501
dmd,7,128,negative-source,vector16store,6,830.479,1.526,0.745156,0.737295,0.749481,2.154591,2.131975,2.165040,1.000000,1.000000,1.000000
dmd,7,128,negative-source,cpp-approved-execution,6,385.959,0.621,1.600622,1.596273,1.608696,1.000000,1.000000,1.000000,2.154591,2.131975,2.165040
dmd,7,128,padded,original,6,613.356,4.020,1.000000,1.000000,1.000000,1.593425,1.578527,1.600713,1.352472,1.342984,1.457798
dmd,7,128,padded,selected64,6,569.692,4.088,1.075387,1.058580,1.082729,1.479328,1.474245,1.500888,1.455330,1.447447,1.543195
dmd,7,128,padded,vector16store,6,827.568,8.401,0.739389,0.685966,0.744610,2.153743,2.135879,2.316163,1.000000,1.000000,1.000000
dmd,7,128,padded,cpp-approved-execution,6,385.616,3.108,1.593425,1.578527,1.600713,1.000000,1.000000,1.000000,2.153743,2.135879,2.316163
dmd,7,128,repeated-source,original,6,609.247,1.012,1.000000,1.000000,1.000000,1.579560,1.536942,1.584889,1.347483,1.342091,1.361942
dmd,7,128,repeated-source,selected64,6,563.014,2.555,1.080900,1.058577,1.086133,1.459390,1.442440,1.483156,1.454075,1.430018,1.466097
dmd,7,128,repeated-source,vector16store,6,822.089,0.916,0.742124,0.734245,0.745106,2.132678,2.062715,2.138298,1.000000,1.000000,1.000000
dmd,7,128,repeated-source,cpp-approved-execution,6,385.788,3.728,1.579560,1.536942,1.584889,1.000000,1.000000,1.000000,2.132678,2.062715,2.138298
dmd,7,128,universal,original,6,7782.021,4.317,1.000000,1.000000,1.000000,13.834895,13.501832,14.126606,0.996907,0.986975,1.015961
dmd,7,128,universal,selected64,6,7671.062,4.580,1.005825,0.993156,1.022353,13.662504,13.452991,14.105199,1.002275,0.986491,1.022890
dmd,7,128,universal,vector16store,6,7727.055,4.955,1.003115,0.984289,1.013197,13.787415,13.504593,14.171865,1.000000,1.000000,1.000000
dmd,7,128,universal,cpp-approved-execution,6,560.445,0.794,13.834895,13.501832,14.126606,1.000000,1.000000,1.000000,13.787415,13.504593,14.171865
dmd,15,1,contiguous,original,6,59.851,3.426,1.000000,1.000000,1.000000,9.012868,8.893382,9.202206,1.041981,1.028366,1.086399
dmd,15,1,contiguous,selected64,6,60.486,4.844,0.990436,0.953960,1.004011,9.108456,8.981618,9.422794,1.032427,0.995318,1.075727
dmd,15,1,contiguous,vector16store,6,62.415,3.012,0.959710,0.920472,0.972416,9.398897,9.378676,9.661765,1.000000,1.000000,1.000000
dmd,15,1,contiguous,cpp-approved-execution,6,6.641,0.000,9.012868,8.893382,9.202206,1.000000,1.000000,1.000000,9.398897,9.378676,9.661765
dmd,15,1,negative-both,original,6,59.253,0.865,1.000000,1.000000,1.000000,8.422162,8.402778,8.440972,1.038149,1.028926,1.089308
dmd,15,1,negative-both,selected64,6,59.961,0.814,0.987375,0.984609,0.992680,8.519097,8.479310,8.572917,1.026931,1.014670,1.081334
dmd,15,1,negative-both,vector16store,6,61.511,6.708,0.963259,0.918014,0.971888,8.748264,8.645833,9.168966,1.000000,1.000000,1.000000
dmd,15,1,negative-both,cpp-approved-execution,6,7.031,0.694,8.422162,8.402778,8.440972,1.000000,1.000000,1.000000,8.748264,8.645833,9.168966
dmd,15,1,negative-source,original,6,58.972,7.079,1.000000,1.000000,1.000000,8.381944,8.356401,8.961806,1.051647,0.963580,1.089212
dmd,15,1,negative-source,selected64,6,59.583,1.762,0.989342,0.978243,1.056921,8.473958,8.439446,8.618056,1.034163,1.018428,1.075379
dmd,15,1,negative-source,vector16store,6,62.134,5.422,0.950893,0.918095,1.037797,8.836806,8.608997,9.114583,1.000000,1.000000,1.000000
dmd,15,1,negative-source,cpp-approved-execution,6,7.031,0.347,8.381944,8.356401,8.961806,1.000000,1.000000,1.000000,8.836806,8.608997,9.114583
dmd,15,1,padded,original,6,59.106,6.072,1.000000,1.000000,1.000000,8.394097,8.371528,8.881944,1.031040,0.972635,1.099461
dmd,15,1,padded,selected64,6,59.631,0.409,0.990190,0.987305,1.048790,8.480903,8.442907,8.503472,1.019676,1.018375,1.085516
dmd,15,1,padded,vector16store,6,60.828,6.663,0.969896,0.909536,1.028135,8.651042,8.605536,9.211806,1.000000,1.000000,1.000000
dmd,15,1,padded,cpp-approved-execution,6,7.031,0.347,8.394097,8.371528,8.881944,1.000000,1.000000,1.000000,8.651042,8.605536,9.211806
dmd,15,1,repeated-source,original,6,59.680,5.604,1.000000,1.000000,1.000000,8.473093,8.388889,8.864583,1.033020,0.995300,1.054560
dmd,15,1,repeated-source,selected64,6,60.339,6.110,0.989418,0.932099,1.044172,8.581597,8.475694,9.000000,1.022520,0.969907,1.039264
dmd,15,1,repeated-source,vector16store,6,61.707,3.680,0.968076,0.948263,1.004723,8.776042,8.670139,8.961938,1.000000,1.000000,1.000000
dmd,15,1,repeated-source,cpp-approved-execution,6,7.031,0.347,8.473093,8.388889,8.864583,1.000000,1.000000,1.000000,8.776042,8.670139,8.961938
dmd,15,1,universal,original,6,252.612,2.397,1.000000,1.000000,1.000000,23.304054,23.094595,23.653153,1.013457,1.001155,1.045530
dmd,15,1,universal,selected64,6,256.506,1.218,0.988965,0.976292,1.001049,23.663288,23.448198,23.736486,1.004220,0.990485,1.021919
dmd,15,1,universal,vector16store,6,256.836,3.517,0.986723,0.956453,0.998846,23.693694,23.423423,24.256757,1.000000,1.000000,1.000000
dmd,15,1,universal,cpp-approved-execution,6,10.840,0.225,23.304054,23.094595,23.653153,1.000000,1.000000,1.000000,23.693694,23.423423,24.256757
dmd,15,17,contiguous,original,6,186.527,14.602,1.000000,1.000000,1.000000,7.826531,7.800000,8.942857,1.166972,1.021451,1.384575
dmd,15,17,contiguous,selected64,6,186.284,11.123,1.001569,0.903059,1.142932,7.816327,7.804082,8.673469,1.169151,1.157158,1.250353
dmd,15,17,contiguous,vector16store,6,217.656,19.039,0.856919,0.722243,0.978999,9.132653,9.106122,10.844898,1.000000,1.000000,1.000000
dmd,15,17,contiguous,cpp-approved-execution,6,23.833,0.000,7.826531,7.800000,8.942857,1.000000,1.000000,1.000000,9.132653,9.106122,10.844898
dmd,15,17,negative-both,original,6,262.986,1.628,1.000000,1.000000,1.000000,3.571334,3.553501,3.611625,1.183043,1.125091,1.234572
dmd,15,17,negative-both,selected64,6,248.492,34.958,1.054881,0.790759,1.070059,3.374505,3.365918,4.539578,1.209282,0.962802,1.303375
dmd,15,17,negative-both,vector16store,6,311.381,7.654,0.845998,0.809997,0.888817,4.228534,4.063408,4.387054,1.000000,1.000000,1.000000
dmd,15,17,negative-both,cpp-approved-execution,6,73.638,0.132,3.571334,3.553501,3.611625,1.000000,1.000000,1.000000,4.228534,4.063408,4.387054
dmd,15,17,negative-source,original,6,268.482,25.978,1.000000,1.000000,1.000000,3.645971,3.462351,4.409511,1.126013,0.929299,1.180465
dmd,15,17,negative-source,selected64,6,250.049,22.914,1.064964,0.892407,1.320934,3.395641,3.338177,4.110818,1.206468,0.984275,1.255950
dmd,15,17,negative-source,vector16store,6,301.167,4.910,0.888219,0.847123,1.076080,4.089828,4.046174,4.252312,1.000000,1.000000,1.000000
dmd,15,17,negative-source,cpp-approved-execution,6,73.638,0.132,3.645971,3.462351,4.409511,1.000000,1.000000,1.000000,4.089828,4.046174,4.252312
dmd,15,17,padded,original,6,264.251,2.908,1.000000,1.000000,1.000000,3.586136,3.558785,3.663144,1.163640,1.121529,1.220861
dmd,15,17,padded,selected64,6,257.636,24.391,1.022584,0.850765,1.062061,3.496697,3.377807,4.225594,1.167297,1.009054,1.286273
dmd,15,17,padded,vector16store,6,307.490,6.549,0.859692,0.819094,0.891640,4.175694,4.065963,4.344782,1.000000,1.000000,1.000000
dmd,15,17,padded,cpp-approved-execution,6,73.638,0.132,3.586136,3.558785,3.663144,1.000000,1.000000,1.000000,4.175694,4.065963,4.344782
dmd,15,17,repeated-source,original,6,259.922,5.913,1.000000,1.000000,1.000000,3.527406,3.410832,3.619551,1.138355,1.107967,1.187359
dmd,15,17,repeated-source,selected64,6,249.951,16.657,1.018061,0.919863,1.094249,3.394320,3.287599,3.857332,1.179591,1.019178,1.266453
dmd,15,17,repeated-source,vector16store,6,296.109,5.913,0.878545,0.842205,0.902554,4.021136,3.931308,4.163588,1.000000,1.000000,1.000000
dmd,15,17,repeated-source,cpp-approved-execution,6,73.638,0.132,3.527406,3.410832,3.619551,1.000000,1.000000,1.000000,4.021136,3.931308,4.163588
dmd,15,17,universal,original,6,2259.241,3.772,1.000000,1.000000,1.000000,15.031209,13.787589,15.555917,1.003935,0.980564,1.032327
dmd,15,17,universal,selected64,6,2292.753,4.294,0.994209,0.971675,1.002828,15.005813,13.907518,15.602081,1.001093,0.977663,1.005963
dmd,15,17,universal,vector16store,6,2269.455,4.029,0.996082,0.968685,1.019821,15.090387,13.894988,15.253576,1.000000,1.000000,1.000000
dmd,15,17,universal,cpp-approved-execution,6,149.757,9.159,15.031209,13.787589,15.555917,1.000000,1.000000,1.000000,15.090387,13.894988,15.253576
dmd,15,128,contiguous,original,6,1093.015,0.202,1.000000,1.000000,1.000000,7.208738,7.080952,7.218447,1.194753,1.194351,1.197439
dmd,15,128,contiguous,selected64,6,1093.382,0.134,0.999328,0.997983,1.000673,7.216019,7.080952,7.223301,1.194351,1.192876,1.195155
dmd,15,128,contiguous,vector16store,6,1305.882,0.113,0.836993,0.835115,0.837275,8.618932,8.457143,8.626214,1.000000,1.000000,1.000000
dmd,15,128,contiguous,cpp-approved-execution,6,151.471,1.942,7.208738,7.080952,7.218447,1.000000,1.000000,1.000000,8.618932,8.457143,8.626214
dmd,15,128,negative-both,original,6,1180.882,1.619,1.000000,1.000000,1.000000,2.191005,2.175342,2.207934,1.182437,1.175960,1.187028
dmd,15,128,negative-both,selected64,6,1008.824,2.843,1.171155,1.167028,1.181548,1.874662,1.841096,1.891929,1.382630,1.372379,1.402530
dmd,15,128,negative-both,vector16store,6,1393.750,1.161,0.845712,0.842440,0.850369,2.590722,2.582192,2.596443,1.000000,1.000000,1.000000
dmd,15,128,negative-both,cpp-approved-execution,6,537.500,0.821,2.191005,2.175342,2.207934,1.000000,1.000000,1.000000,2.590722,2.582192,2.596443
dmd,15,128,negative-source,original,6,1185.662,2.109,1.000000,1.000000,1.000000,2.201370,2.180575,2.227086,1.181136,1.175061,1.186957
dmd,15,128,negative-source,selected64,6,1012.868,2.759,1.176081,1.160779,1.185322,1.882246,1.847945,1.889041,1.387740,1.377794,1.403262
dmd,15,128,negative-source,vector16store,6,1403.309,1.624,0.846643,0.842491,0.851019,2.602055,2.574555,2.620548,1.000000,1.000000,1.000000
dmd,15,128,negative-source,cpp-approved-execution,6,537.132,1.095,2.201370,2.180575,2.227086,1.000000,1.000000,1.000000,2.602055,2.574555,2.620548
dmd,15,128,padded,original,6,1185.294,1.675,1.000000,1.000000,1.000000,2.196179,2.173497,2.216438,1.181032,1.176143,1.189323
dmd,15,128,padded,selected64,6,1013.235,2.903,1.168727,1.158160,1.184308,1.882233,1.845628,1.893151,1.379242,1.376266,1.401925
dmd,15,128,padded,vector16store,6,1398.897,1.840,0.846718,0.840814,0.850236,2.597988,2.569672,2.606849,1.000000,1.000000,1.000000
dmd,15,128,padded,cpp-approved-execution,6,537.868,1.230,2.196179,2.173497,2.216438,1.000000,1.000000,1.000000,2.597988,2.569672,2.606849
dmd,15,128,repeated-source,original,6,1162.132,0.886,1.000000,1.000000,1.000000,2.160959,2.153425,2.172603,1.186474,1.177918,1.294864
dmd,15,128,repeated-source,selected64,6,985.662,0.597,1.176777,1.171492,1.182699,1.836301,1.826739,1.845205,1.400672,1.386043,1.523881
dmd,15,128,repeated-source,vector16store,6,1379.044,9.331,0.842834,0.772282,0.848956,2.569178,2.554036,2.797260,1.000000,1.000000,1.000000
dmd,15,128,repeated-source,cpp-approved-execution,6,536.765,0.411,2.160959,2.153425,2.172603,1.000000,1.000000,1.000000,2.569178,2.554036,2.797260
dmd,15,128,universal,original,6,16375.735,3.053,1.000000,1.000000,1.000000,14.489990,14.287109,14.710663,1.001601,0.987403,1.014357
dmd,15,128,universal,selected64,6,16141.176,1.608,1.008257,1.001872,1.035090,14.282354,14.211964,14.438802,1.009974,1.006255,1.022635
dmd,15,128,universal,vector16store,6,16339.706,2.876,0.998402,0.985847,1.012757,14.443937,14.349609,14.765625,1.000000,1.000000,1.000000
dmd,15,128,universal,cpp-approved-execution,6,1130.147,0.260,14.489990,14.287109,14.710663,1.000000,1.000000,1.000000,14.443937,14.349609,14.765625
dmd,16,1,contiguous,original,6,59.460,3.983,1.000000,1.000000,1.000000,13.737288,13.702247,14.276836,0.968590,0.930748,1.014815
dmd,16,1,contiguous,selected64,6,59.595,6.268,0.995903,0.970690,1.035656,13.788136,13.713483,14.649718,0.965815,0.905129,1.010242
dmd,16,1,contiguous,vector16store,6,57.593,5.045,1.032428,0.985401,1.074405,13.302260,13.259887,13.932203,1.000000,1.000000,1.000000
dmd,16,1,contiguous,cpp-approved-execution,6,4.321,0.565,13.737288,13.702247,14.276836,1.000000,1.000000,1.000000,13.302260,13.259887,13.932203
dmd,16,1,negative-both,original,6,59.741,1.716,1.000000,1.000000,1.000000,13.013298,12.904762,13.111111,0.968337,0.963068,0.977851
dmd,16,1,negative-both,selected64,6,60.144,8.971,0.994524,0.929831,0.997546,13.103723,12.936508,14.100529,0.962076,0.895685,0.975450
dmd,16,1,negative-both,vector16store,6,57.910,0.843,1.032706,1.022651,1.038348,12.617021,12.529101,12.680851,1.000000,1.000000,1.000000
dmd,16,1,negative-both,cpp-approved-execution,6,4.590,0.532,13.013298,12.904762,13.111111,1.000000,1.000000,1.000000,12.617021,12.529101,12.680851
dmd,16,1,negative-source,original,6,59.351,7.898,1.000000,1.000000,1.000000,12.925532,12.841270,13.857143,0.973488,0.897289,1.016454
dmd,16,1,negative-source,selected64,6,59.766,0.899,0.993669,0.987409,1.071166,12.978780,12.936508,13.095745,0.964844,0.959383,1.012705
dmd,16,1,negative-source,vector16store,6,57.764,5.114,1.027238,0.983812,1.114468,12.551756,12.433862,13.143617,1.000000,1.000000,1.000000
dmd,16,1,negative-source,cpp-approved-execution,6,4.602,0.531,12.925532,12.841270,13.857143,1.000000,1.000000,1.000000,12.551756,12.433862,13.143617
dmd,16,1,padded,original,6,59.436,5.176,1.000000,1.000000,1.000000,12.917806,12.846561,13.513228,0.972421,0.924041,0.980304
dmd,16,1,padded,selected64,6,59.583,2.909,0.997542,0.967331,1.047150,12.947020,12.904762,13.280423,0.969466,0.937849,0.979500
dmd,16,1,padded,vector16store,6,57.751,1.649,1.028371,1.020092,1.082203,12.544974,12.433862,12.707447,1.000000,1.000000,1.000000
dmd,16,1,padded,cpp-approved-execution,6,4.614,0.529,12.917806,12.846561,13.513228,1.000000,1.000000,1.000000,12.544974,12.433862,12.707447
dmd,16,1,repeated-source,original,6,59.436,7.229,1.000000,1.000000,1.000000,12.949468,12.888298,13.824468,0.967550,0.906118,1.026826
dmd,16,1,repeated-source,selected64,6,59.644,1.269,0.996725,0.991813,1.053623,12.994681,12.925926,13.154255,0.964995,0.952285,1.018420
dmd,16,1,repeated-source,vector16store,6,57.544,5.643,1.033539,0.973875,1.103609,12.537234,12.526596,13.234043,1.000000,1.000000,1.000000
dmd,16,1,repeated-source,cpp-approved-execution,6,4.590,0.532,12.949468,12.888298,13.824468,1.000000,1.000000,1.000000,12.537234,12.526596,13.234043
dmd,16,1,universal,original,6,261.218,2.766,1.000000,1.000000,1.000000,22.960300,22.688841,23.324034,1.009557,0.993652,1.047317
dmd,16,1,universal,selected64,6,264.490,2.252,0.988773,0.982073,0.993783,23.247854,23.017167,23.490364,0.996672,0.987474,1.039170
dmd,16,1,universal,vector16store,6,264.868,4.802,0.990544,0.954821,1.006389,23.256125,22.963519,24.081545,1.000000,1.000000,1.000000
dmd,16,1,universal,cpp-approved-execution,6,11.377,0.215,22.960300,22.688841,23.324034,1.000000,1.000000,1.000000,23.256125,22.963519,24.081545
dmd,16,17,contiguous,original,6,195.639,5.839,1.000000,1.000000,1.000000,8.682028,8.658986,9.165899,0.665160,0.627954,0.694430
dmd,16,17,contiguous,selected64,6,195.119,13.837,1.002395,0.880206,1.057979,8.658986,8.649770,9.847926,0.665246,0.585400,0.697018
dmd,16,17,contiguous,vector16store,6,129.855,4.878,1.503399,1.440031,1.592474,5.762673,5.751152,6.032258,1.000000,1.000000,1.000000
dmd,16,17,contiguous,cpp-approved-execution,6,22.534,0.000,8.682028,8.658986,9.165899,1.000000,1.000000,1.000000,5.762673,5.751152,6.032258
dmd,16,17,negative-both,original,6,279.335,9.368,1.000000,1.000000,1.000000,8.526090,8.199367,8.996835,0.756550,0.716145,0.789657
dmd,16,17,negative-both,selected64,6,254.206,8.660,1.092455,1.021132,1.160408,7.746835,7.715190,8.386076,0.832924,0.764906,0.844198
dmd,16,17,negative-both,vector16store,6,211.786,1.569,1.321919,1.266373,1.396365,6.458861,6.414557,6.515823,1.000000,1.000000,1.000000
dmd,16,17,negative-both,cpp-approved-execution,6,32.814,0.316,8.526090,8.199367,8.996835,1.000000,1.000000,1.000000,6.458861,6.414557,6.515823
dmd,16,17,negative-source,original,6,273.520,1.898,1.000000,1.000000,1.000000,8.348679,8.306962,8.465190,0.775436,0.760748,0.792000
dmd,16,17,negative-source,selected64,6,255.088,15.184,1.069841,0.938725,1.082041,7.786041,7.702532,8.911111,0.833640,0.728180,0.844093
dmd,16,17,negative-source,vector16store,6,212.098,2.154,1.289596,1.262626,1.314496,6.472252,6.439873,6.579114,1.000000,1.000000,1.000000
dmd,16,17,negative-source,cpp-approved-execution,6,32.814,0.316,8.348679,8.306962,8.465190,1.000000,1.000000,1.000000,6.472252,6.439873,6.579114
dmd,16,17,padded,original,6,274.143,8.598,1.000000,1.000000,1.000000,8.352848,7.991573,8.392405,0.792431,0.770076,0.838664
dmd,16,17,padded,selected64,6,255.036,7.818,1.077157,1.069444,1.077991,7.753165,7.415730,7.806962,0.849474,0.828023,0.903788
dmd,16,17,padded,vector16store,6,216.926,17.185,1.262604,1.192372,1.298574,6.575807,6.414557,6.870253,1.000000,1.000000,1.000000
dmd,16,17,padded,cpp-approved-execution,6,32.814,12.658,8.352848,7.991573,8.392405,1.000000,1.000000,1.000000,6.575807,6.414557,6.870253
dmd,16,17,repeated-source,original,6,272.118,9.197,1.000000,1.000000,1.000000,8.299483,8.161905,8.898734,0.753883,0.703058,0.805134
dmd,16,17,repeated-source,selected64,6,249.169,1.292,1.089884,1.064596,1.173133,7.597463,7.585443,7.670886,0.825235,0.816419,0.857143
dmd,16,17,repeated-source,vector16store,6,205.452,5.004,1.326519,1.242029,1.422357,6.264241,6.237342,6.571429,1.000000,1.000000,1.000000
dmd,16,17,repeated-source,cpp-approved-execution,6,32.814,0.316,8.299483,8.161905,8.898734,1.000000,1.000000,1.000000,6.264241,6.237342,6.571429
dmd,16,17,universal,original,6,2399.013,2.117,1.000000,1.000000,1.000000,15.098032,15.051047,15.281067,0.998569,0.991527,1.005878
dmd,16,17,universal,selected64,6,2392.783,2.396,1.004893,0.991934,1.012533,15.035887,14.992815,15.283019,1.003683,0.991401,1.010814
dmd,16,17,universal,vector16store,6,2401.661,1.245,1.001433,0.994157,1.008545,15.111347,15.037231,15.192559,1.000000,1.000000,1.000000
dmd,16,17,universal,cpp-approved-execution,6,159.034,0.588,15.098032,15.051047,15.281067,1.000000,1.000000,1.000000,15.111347,15.037231,15.192559
dmd,16,128,contiguous,original,6,1161.328,8.880,1.000000,1.000000,1.000000,6.976526,6.653333,7.632075,0.554509,0.508653,0.555778
dmd,16,128,contiguous,selected64,6,1162.109,0.739,0.999664,0.998656,1.088097,6.983568,6.653333,7.014151,0.553950,0.553463,0.555778
dmd,16,128,contiguous,vector16store,6,643.750,1.092,1.803398,1.799279,1.965978,3.868545,3.697778,3.886792,1.000000,1.000000,1.000000
dmd,16,128,contiguous,cpp-approved-execution,6,166.406,6.103,6.976526,6.653333,7.632075,1.000000,1.000000,1.000000,3.868545,3.697778,3.886792
dmd,16,128,negative-both,original,6,1250.781,39.913,1.000000,1.000000,1.000000,5.354620,5.034268,7.377483,0.584432,0.421005,0.594678
dmd,16,128,negative-both,selected64,6,1054.688,2.741,1.184387,1.177843,1.644280,4.500089,4.274143,4.579125,0.692966,0.686029,0.701873
dmd,16,128,negative-both,vector16store,6,730.469,3.422,1.711064,1.681582,2.375267,3.129409,2.993769,3.144295,1.000000,1.000000,1.000000
dmd,16,128,negative-both,cpp-approved-execution,6,232.812,8.054,5.354620,5.034268,7.377483,1.000000,1.000000,1.000000,3.129409,2.993769,3.144295
dmd,16,128,negative-source,original,6,1255.078,1.183,1.000000,1.000000,1.000000,5.389262,5.265574,5.447458,0.591168,0.582247,0.619613
dmd,16,128,negative-source,selected64,6,1060.938,1.694,1.182161,1.178072,1.188609,4.571727,4.465574,4.584459,0.698774,0.686676,0.730030
dmd,16,128,negative-source,vector16store,6,742.188,6.632,1.691818,1.613911,1.717484,3.161558,3.107023,3.345763,1.000000,1.000000,1.000000
dmd,16,128,negative-source,cpp-approved-execution,6,232.812,3.356,5.389262,5.265574,5.447458,1.000000,1.000000,1.000000,3.161558,3.107023,3.345763
dmd,16,128,padded,original,6,1254.688,0.872,1.000000,1.000000,1.000000,5.382176,5.292763,5.450847,0.589266,0.577930,0.608452
dmd,16,128,padded,selected64,6,1058.984,2.213,1.181456,1.176170,1.198804,4.531947,4.500000,4.620339,0.693645,0.689655,0.721976
dmd,16,128,padded,vector16store,6,737.500,5.508,1.697027,1.643514,1.730313,3.182747,3.115132,3.265101,1.000000,1.000000,1.000000
dmd,16,128,padded,cpp-approved-execution,6,232.031,3.030,5.382176,5.292763,5.450847,1.000000,1.000000,1.000000,3.182747,3.115132,3.265101
dmd,16,128,repeated-source,original,6,1232.031,0.507,1.000000,1.000000,1.000000,5.345763,5.328814,5.355932,0.583280,0.582014,0.587975
dmd,16,128,repeated-source,selected64,6,1033.984,1.133,1.192598,1.183183,1.196212,4.486441,4.464407,4.515254,0.695160,0.692943,0.701662
dmd,16,128,repeated-source,vector16store,6,717.969,1.306,1.714441,1.700753,1.718172,3.115254,3.108475,3.149153,1.000000,1.000000,1.000000
dmd,16,128,repeated-source,cpp-approved-execution,6,230.469,0.000,5.345763,5.328814,5.355932,1.000000,1.000000,1.000000,3.115254,3.108475,3.149153
dmd,16,128,universal,original,6,17349.219,1.905,1.000000,1.000000,1.000000,14.481325,14.318774,14.613577,1.004638,0.984936,1.021330
dmd,16,128,universal,selected64,6,17230.859,1.378,1.008288,0.997257,1.012336,14.374136,14.297262,14.476562,1.011253,0.995572,1.029224
dmd,16,128,universal,vector16store,6,17414.062,2.755,0.995384,0.979115,1.015295,14.535530,14.335719,14.768125,1.000000,1.000000,1.000000
dmd,16,128,universal,cpp-approved-execution,6,1198.828,0.391,14.481325,14.318774,14.613577,1.000000,1.000000,1.000000,14.535530,14.335719,14.768125
dmd,17,1,contiguous,original,6,60.217,9.852,1.000000,1.000000,1.000000,12.332500,12.235000,13.450000,0.986443,0.882528,1.022068
dmd,17,1,contiguous,selected64,6,60.278,0.405,0.999799,0.989486,1.089510,12.345000,12.315000,12.365000,0.981530,0.961118,1.014569
dmd,17,1,contiguous,vector16store,6,59.143,5.531,1.014274,0.978409,1.133109,12.112500,11.865000,12.535000,1.000000,1.000000,1.000000
dmd,17,1,contiguous,cpp-approved-execution,6,4.883,0.000,12.332500,12.235000,13.450000,1.000000,1.000000,1.000000,12.112500,11.865000,12.535000
dmd,17,1,negative-both,original,6,60.522,7.382,1.000000,1.000000,1.000000,11.748815,11.597156,12.464455,0.965413,0.915589,1.022885
dmd,17,1,negative-both,selected64,6,60.461,1.373,0.999594,0.987490,1.060056,11.736967,11.696682,11.857820,0.966821,0.960831,1.010089
dmd,17,1,negative-both,vector16store,6,58.569,5.169,1.035826,0.977627,1.092193,11.369668,11.274882,11.862559,1.000000,1.000000,1.000000
dmd,17,1,negative-both,cpp-approved-execution,6,5.151,0.000,11.748815,11.597156,12.464455,1.000000,1.000000,1.000000,11.369668,11.274882,11.862559
dmd,17,1,negative-source,original,6,60.327,3.804,1.000000,1.000000,1.000000,11.710900,11.625592,12.071090,0.973923,0.959661,1.074633
dmd,17,1,negative-source,selected64,6,60.767,4.098,0.995343,0.981684,1.006719,11.796209,11.677725,12.161137,0.969419,0.950080,1.054949
dmd,17,1,negative-source,vector16store,6,58.447,13.868,1.026793,0.930550,1.042034,11.345972,11.255924,12.829384,1.000000,1.000000,1.000000
dmd,17,1,negative-source,cpp-approved-execution,6,5.151,0.000,11.710900,11.625592,12.071090,1.000000,1.000000,1.000000,11.345972,11.255924,12.829384
dmd,17,1,padded,original,6,60.266,2.755,1.000000,1.000000,1.000000,11.671421,11.597156,11.919431,0.969509,0.939563,1.013793
dmd,17,1,padded,selected64,6,60.559,2.580,0.990223,0.977011,1.017807,11.728148,11.710900,12.014218,0.961600,0.936489,0.990488
dmd,17,1,padded,vector16store,6,58.081,5.717,1.031450,0.986395,1.064325,11.274177,11.199052,11.843602,1.000000,1.000000,1.000000
dmd,17,1,padded,cpp-approved-execution,6,5.151,0.474,11.671421,11.597156,11.919431,1.000000,1.000000,1.000000,11.274177,11.199052,11.843602
dmd,17,1,repeated-source,original,6,60.022,21.436,1.000000,1.000000,1.000000,11.651659,11.606635,14.104265,0.970876,0.853495,1.021641
dmd,17,1,repeated-source,selected64,6,60.303,0.243,0.994740,0.991498,1.203397,11.706161,11.696682,11.725118,0.987846,0.961507,1.027093
dmd,17,1,repeated-source,vector16store,6,59.619,6.839,1.029998,0.978817,1.171654,11.573460,11.246445,12.037915,1.000000,1.000000,1.000000
dmd,17,1,repeated-source,cpp-approved-execution,6,5.151,0.000,11.651659,11.606635,14.104265,1.000000,1.000000,1.000000,11.573460,11.246445,12.037915
dmd,17,1,universal,original,6,273.254,6.102,1.000000,1.000000,1.000000,22.888548,22.496933,23.942623,1.006719,0.960373,1.014693
dmd,17,1,universal,selected64,6,273.120,4.380,0.999087,0.972126,1.039040,22.924180,22.621677,23.623722,1.000662,0.986409,1.008588
dmd,17,1,universal,vector16store,6,273.328,2.733,0.993373,0.985520,1.041262,22.941598,22.676892,23.302658,1.000000,1.000000,1.000000
dmd,17,1,universal,cpp-approved-execution,6,11.926,0.205,22.888548,22.496933,23.942623,1.000000,1.000000,1.000000,22.941598,22.676892,23.302658
dmd,17,17,contiguous,original,6,204.465,9.005,1.000000,1.000000,1.000000,8.506881,8.481651,9.247706,0.671892,0.617063,0.673502
dmd,17,17,contiguous,selected64,6,209.372,4.107,0.976219,0.958031,1.088553,8.711009,8.495413,8.853211,0.656245,0.644041,0.672600
dmd,17,17,contiguous,vector16store,6,137.321,0.482,1.488335,1.484776,1.620579,5.713303,5.701835,5.729358,1.000000,1.000000,1.000000
dmd,17,17,contiguous,cpp-approved-execution,6,24.035,0.000,8.506881,8.481651,9.247706,1.000000,1.000000,1.000000,5.713303,5.701835,5.729358
dmd,17,17,negative-both,original,6,284.068,4.774,1.000000,1.000000,1.000000,6.441250,6.372500,6.680000,0.759947,0.735404,0.794037
dmd,17,17,negative-both,selected64,6,262.238,15.136,1.080776,0.978755,1.096081,5.946250,5.925000,6.825000,0.826691,0.719780,0.848993
dmd,17,17,negative-both,vector16store,6,216.759,3.561,1.315891,1.259387,1.359796,4.915000,4.885000,5.060000,1.000000,1.000000,1.000000
dmd,17,17,negative-both,cpp-approved-execution,6,44.101,0.000,6.441250,6.372500,6.680000,1.000000,1.000000,1.000000,4.915000,4.885000,5.060000
dmd,17,17,negative-source,original,6,283.517,0.972,1.000000,1.000000,1.000000,6.428750,6.420000,6.482500,0.770249,0.756267,0.814325
dmd,17,17,negative-source,selected64,6,261.963,10.185,1.081019,0.989619,1.099195,5.940000,5.897500,6.502500,0.834595,0.755094,0.880471
dmd,17,17,negative-source,vector16store,6,218.082,6.623,1.298297,1.228011,1.322285,4.945000,4.902500,5.230000,1.000000,1.000000,1.000000
dmd,17,17,negative-source,cpp-approved-execution,6,44.101,0.250,6.428750,6.420000,6.482500,1.000000,1.000000,1.000000,4.945000,4.902500,5.230000
dmd,17,17,padded,original,6,283.738,8.005,1.000000,1.000000,1.000000,6.433750,6.360000,6.875000,0.762867,0.711636,0.769654
dmd,17,17,padded,selected64,6,260.364,0.932,1.092924,1.077053,1.160338,5.903750,5.875000,5.930000,0.830544,0.825042,0.835319
dmd,17,17,padded,vector16store,6,215.877,0.460,1.310881,1.299285,1.405212,4.895000,4.892500,4.915000,1.000000,1.000000,1.000000
dmd,17,17,padded,cpp-approved-execution,6,44.101,0.000,6.433750,6.360000,6.875000,1.000000,1.000000,1.000000,4.895000,4.892500,4.915000
dmd,17,17,repeated-source,original,6,280.485,9.631,1.000000,1.000000,1.000000,6.345807,6.274314,6.885287,0.751329,0.731726,0.775903
dmd,17,17,repeated-source,selected64,6,255.899,0.948,1.097265,1.080756,1.182948,5.795252,5.765586,5.820449,0.825881,0.817869,0.872751
dmd,17,17,repeated-source,vector16store,6,210.750,7.063,1.330977,1.288821,1.366632,4.772793,4.748130,5.079800,1.000000,1.000000,1.000000
dmd,17,17,repeated-source,cpp-approved-execution,6,44.212,0.249,6.345807,6.274314,6.885287,1.000000,1.000000,1.000000,4.772793,4.748130,5.079800
dmd,17,17,universal,original,6,2554.135,3.764,1.000000,1.000000,1.000000,15.147464,14.040508,15.587270,1.005010,0.980448,1.045169
dmd,17,17,universal,selected64,6,2564.388,5.667,0.992079,0.964939,0.999654,15.175662,14.148126,15.996719,0.997468,0.946073,1.018417
dmd,17,17,universal,vector16store,6,2551.599,8.979,0.995016,0.956783,1.019942,15.130103,14.097340,16.291339,1.000000,1.000000,1.000000
dmd,17,17,universal,cpp-approved-execution,6,167.971,8.861,15.147464,14.040508,15.587270,1.000000,1.000000,1.000000,15.130103,14.097340,16.291339
dmd,17,128,contiguous,original,6,1231.667,32.544,1.000000,1.000000,1.000000,7.000000,6.687783,9.279621,0.563790,0.425945,0.565629
dmd,17,128,contiguous,selected64,6,1230.833,5.619,1.000339,0.947436,1.325660,7.000000,6.683258,7.123288,0.564320,0.533333,0.566012
dmd,17,128,contiguous,vector16store,6,694.583,0.480,1.773709,1.767943,2.347722,3.950237,3.769231,3.962085,1.000000,1.000000,1.000000
dmd,17,128,contiguous,cpp-approved-execution,6,175.833,4.739,7.000000,6.687783,9.279621,1.000000,1.000000,1.000000,3.950237,3.769231,3.962085
dmd,17,128,negative-both,original,6,1320.000,6.124,1.000000,1.000000,1.000000,4.151026,4.028061,4.422164,0.589574,0.551909,0.610619
dmd,17,128,negative-both,selected64,6,1121.250,2.750,1.184684,1.176558,1.237814,3.503923,3.362245,3.572559,0.699997,0.683161,0.719285
dmd,17,128,negative-both,vector16store,6,777.500,5.681,1.696141,1.637681,1.811892,2.426121,2.375000,2.544737,1.000000,1.000000,1.000000
dmd,17,128,negative-both,cpp-approved-execution,6,317.917,3.408,4.151026,4.028061,4.422164,1.000000,1.000000,1.000000,2.426121,2.375000,2.544737
dmd,17,128,negative-source,original,6,1327.917,5.648,1.000000,1.000000,1.000000,4.196814,4.113695,4.411609,0.586105,0.555024,0.601138
dmd,17,128,negative-source,selected64,6,1129.167,2.140,1.176990,1.171852,1.233948,3.571241,3.501292,3.588391,0.688551,0.682657,0.714500
dmd,17,128,negative-source,vector16store,6,777.917,2.785,1.706182,1.663512,1.801724,2.460394,2.390181,2.509235,1.000000,1.000000,1.000000
dmd,17,128,negative-source,cpp-approved-execution,6,315.833,2.375,4.196814,4.113695,4.411609,1.000000,1.000000,1.000000,2.460394,2.390181,2.509235
dmd,17,128,padded,original,6,1323.333,0.819,1.000000,1.000000,1.000000,4.172624,3.962594,4.192105,0.584307,0.580038,0.589050
dmd,17,128,padded,selected64,6,1127.917,2.512,1.170804,1.164474,1.184408,3.556746,3.396509,3.600000,0.687132,0.675439,0.692654
dmd,17,128,padded,vector16store,6,772.500,1.618,1.711430,1.697650,1.724026,2.434043,2.334165,2.448819,1.000000,1.000000,1.000000
dmd,17,128,padded,cpp-approved-execution,6,317.083,6.045,4.172624,3.962594,4.192105,1.000000,1.000000,1.000000,2.434043,2.334165,2.448819
dmd,17,128,repeated-source,original,6,1302.500,0.960,1.000000,1.000000,1.000000,4.134921,4.129630,4.169312,0.579065,0.574239,0.595908
dmd,17,128,repeated-source,selected64,6,1088.333,0.919,1.197172,1.190404,1.210445,3.455026,3.441799,3.473545,0.695201,0.688500,0.711994
dmd,17,128,repeated-source,vector16store,6,754.583,3.203,1.726924,1.678112,1.741436,2.395503,2.388889,2.465608,1.000000,1.000000,1.000000
dmd,17,128,repeated-source,cpp-approved-execution,6,315.000,0.000,4.134921,4.129630,4.169312,1.000000,1.000000,1.000000,2.395503,2.388889,2.465608
dmd,17,128,universal,original,6,18443.750,1.319,1.000000,1.000000,1.000000,14.506230,14.420708,14.650460,0.996208,0.987219,1.047591
dmd,17,128,universal,selected64,6,18230.833,3.241,1.010866,0.990861,1.017632,14.337577,14.243934,14.718504,1.001606,0.988944,1.066062
dmd,17,128,universal,vector16store,6,18415.000,6.041,1.003810,0.954571,1.012947,14.509490,14.300131,15.184918,1.000000,1.000000,1.000000
dmd,17,128,universal,cpp-approved-execution,6,1270.833,0.328,14.506230,14.420708,14.650460,1.000000,1.000000,1.000000,14.509490,14.300131,15.184918
dmd,23,1,contiguous,original,6,62.256,3.020,1.000000,1.000000,1.000000,9.205776,9.176895,9.454874,0.975761,0.964286,0.987853
dmd,23,1,contiguous,selected64,6,62.732,1.790,0.993557,0.977369,1.017087,9.276173,9.245487,9.411552,0.973081,0.942463,1.001553
dmd,23,1,contiguous,vector16store,6,60.901,4.891,1.024847,1.012297,1.037037,9.005415,8.870036,9.310469,1.000000,1.000000,1.000000
dmd,23,1,contiguous,cpp-approved-execution,6,6.763,0.000,9.205776,9.176895,9.454874,1.000000,1.000000,1.000000,9.005415,8.870036,9.310469
dmd,23,1,negative-both,original,6,62.524,1.562,1.000000,1.000000,1.000000,8.892361,8.836806,8.975694,0.971746,0.958607,1.008984
dmd,23,1,negative-both,selected64,6,62.573,1.990,0.998241,0.983902,1.010160,8.899306,8.881944,9.059028,0.967799,0.950172,1.008197
dmd,23,1,negative-both,vector16store,6,60.547,4.516,1.029086,0.991096,1.043180,8.611111,8.579861,8.968750,1.000000,1.000000,1.000000
dmd,23,1,negative-both,cpp-approved-execution,6,7.031,0.000,8.892361,8.836806,8.975694,1.000000,1.000000,1.000000,8.611111,8.579861,8.968750
dmd,23,1,negative-source,original,6,62.122,6.485,1.000000,1.000000,1.000000,8.835069,8.812500,9.385417,0.969339,0.908250,1.020883
dmd,23,1,negative-source,selected64,6,62.427,0.352,0.995503,0.990246,1.057926,8.878472,8.868056,8.899306,0.965766,0.960861,1.013693
dmd,23,1,negative-source,vector16store,6,60.303,5.506,1.031638,0.979545,1.101018,8.576389,8.524306,8.996528,1.000000,1.000000,1.000000
dmd,23,1,negative-source,cpp-approved-execution,6,7.031,0.000,8.835069,8.812500,9.385417,1.000000,1.000000,1.000000,8.576389,8.524306,8.996528
dmd,23,1,padded,original,6,62.134,2.908,1.000000,1.000000,1.000000,8.836806,8.777778,9.034722,0.974351,0.956188,1.132681
dmd,23,1,padded,selected64,6,62.695,6.893,0.989839,0.934870,0.993762,8.916667,8.875000,9.489583,0.963329,0.948171,1.058910
dmd,23,1,padded,vector16store,6,60.632,17.475,1.026326,0.882861,1.045820,8.623264,8.541667,10.048611,1.000000,1.000000,1.000000
dmd,23,1,padded,cpp-approved-execution,6,7.031,0.000,8.836806,8.777778,9.034722,1.000000,1.000000,1.000000,8.623264,8.541667,10.048611
dmd,23,1,repeated-source,original,6,62.170,3.377,1.000000,1.000000,1.000000,8.842014,8.788927,9.118056,0.975441,0.953578,1.001965
dmd,23,1,repeated-source,selected64,6,62.512,3.984,0.992971,0.988333,1.011346,8.890625,8.840830,9.225694,0.971429,0.954084,0.993762
dmd,23,1,repeated-source,vector16store,6,60.779,3.374,1.025182,0.998038,1.048682,8.640625,8.559028,8.850694,1.000000,1.000000,1.000000
dmd,23,1,repeated-source,cpp-approved-execution,6,7.031,0.347,8.842014,8.788927,9.118056,1.000000,1.000000,1.000000,8.640625,8.559028,8.850694
dmd,23,1,universal,original,6,320.703,1.424,1.000000,1.000000,1.000000,21.152979,21.009662,21.310789,1.009144,0.997808,1.039945
dmd,23,1,universal,selected64,6,322.314,2.727,0.995860,0.980272,1.002371,21.259259,21.051530,21.631240,1.005406,0.995476,1.019430
dmd,23,1,universal,vector16store,6,322.705,3.790,0.990944,0.961589,1.002196,21.285024,21.244767,22.051530,1.000000,1.000000,1.000000
dmd,23,1,universal,cpp-approved-execution,6,15.161,0.000,21.152979,21.009662,21.310789,1.000000,1.000000,1.000000,21.285024,21.244767,22.051530
dmd,23,17,contiguous,original,6,260.522,1.318,1.000000,1.000000,1.000000,7.934091,7.872727,7.977273,0.729185,0.724729,0.732912
dmd,23,17,contiguous,selected64,6,261.493,5.594,0.996289,0.941816,1.005744,7.963636,7.913636,8.359091,0.727202,0.687874,0.731386
dmd,23,17,contiguous,vector16store,6,190.149,0.942,1.371398,1.364420,1.379827,5.790909,5.750000,5.804545,1.000000,1.000000,1.000000
dmd,23,17,contiguous,cpp-approved-execution,6,32.836,0.000,7.934091,7.872727,7.977273,1.000000,1.000000,1.000000,5.790909,5.750000,5.804545
dmd,23,17,negative-both,original,6,337.985,27.423,1.000000,1.000000,1.000000,4.556338,4.450704,5.700201,0.807902,0.644193,0.830922
dmd,23,17,negative-both,selected64,6,303.358,1.574,1.112230,1.090730,1.375911,4.089537,4.078471,4.142857,0.900887,0.886353,0.906312
dmd,23,17,negative-both,vector16store,6,272.687,0.821,1.237781,1.203482,1.552329,3.676056,3.668008,3.698189,1.000000,1.000000,1.000000
dmd,23,17,negative-both,cpp-approved-execution,6,74.179,0.000,4.556338,4.450704,5.700201,1.000000,1.000000,1.000000,3.676056,3.668008,3.698189
dmd,23,17,negative-source,original,6,340.075,21.066,1.000000,1.000000,1.000000,4.584507,4.549296,5.515091,0.802722,0.664356,0.807607
dmd,23,17,negative-source,selected64,6,303.134,1.625,1.123248,1.103650,1.340998,4.086519,4.068410,4.134809,0.900050,0.890511,0.901728
dmd,23,17,negative-source,vector16store,6,272.537,0.602,1.245767,1.238226,1.505217,3.674044,3.663984,3.686117,1.000000,1.000000,1.000000
dmd,23,17,negative-source,cpp-approved-execution,6,74.179,0.000,4.584507,4.549296,5.515091,1.000000,1.000000,1.000000,3.674044,3.663984,3.686117
dmd,23,17,padded,original,6,340.597,20.508,1.000000,1.000000,1.000000,4.591549,4.521127,5.462777,0.799172,0.668877,0.811131
dmd,23,17,padded,selected64,6,302.985,1.182,1.124415,1.106009,1.334152,4.084507,4.070423,4.118712,0.896059,0.886175,0.912722
dmd,23,17,padded,vector16store,6,271.493,2.034,1.251303,1.232847,1.495044,3.659960,3.649899,3.724346,1.000000,1.000000,1.000000
dmd,23,17,padded,cpp-approved-execution,6,74.179,0.000,4.591549,4.521127,5.462777,1.000000,1.000000,1.000000,3.659960,3.649899,3.724346
dmd,23,17,repeated-source,original,6,338.582,11.461,1.000000,1.000000,1.000000,4.564386,4.494970,5.018109,0.785982,0.714114,0.798120
dmd,23,17,repeated-source,selected64,6,298.209,0.951,1.135674,1.119261,1.242651,4.020121,4.000000,4.038229,0.892145,0.885729,0.898390
dmd,23,17,repeated-source,vector16store,6,266.045,0.617,1.272294,1.252944,1.400337,3.586519,3.571429,3.593561,1.000000,1.000000,1.000000
dmd,23,17,repeated-source,cpp-approved-execution,6,74.179,0.000,4.564386,4.494970,5.018109,1.000000,1.000000,1.000000,3.586519,3.571429,3.593561
dmd,23,17,universal,original,6,3430.373,3.864,1.000000,1.000000,1.000000,15.231624,14.576376,15.446226,0.986678,0.975350,0.995197
dmd,23,17,universal,selected64,6,3430.746,2.541,0.999668,0.996135,1.015861,15.240335,14.348794,15.501002,0.990337,0.972549,0.998721
dmd,23,17,universal,vector16store,6,3375.896,1.990,1.013528,1.004826,1.025273,15.104368,14.217069,15.167226,1.000000,1.000000,1.000000
dmd,23,17,universal,cpp-approved-execution,6,223.507,8.548,15.231624,14.576376,15.446226,1.000000,1.000000,1.000000,15.104368,14.217069,15.167226
dmd,23,128,contiguous,original,6,1647.753,0.477,1.000000,1.000000,1.000000,7.062686,6.952607,7.126214,0.666667,0.663723,0.669625
dmd,23,128,contiguous,selected64,6,1683.708,17.084,0.978704,0.851744,1.000683,7.251501,6.962085,8.314010,0.654000,0.567693,0.667120
dmd,23,128,contiguous,vector16store,6,1097.753,0.409,1.500000,1.493374,1.506653,4.708461,4.644550,4.742718,1.000000,1.000000,1.000000
dmd,23,128,contiguous,cpp-approved-execution,6,233.146,2.410,7.062686,6.952607,7.126214,1.000000,1.000000,1.000000,4.708461,4.644550,4.742718
dmd,23,128,negative-both,original,6,1912.360,34.430,1.000000,1.000000,1.000000,3.416718,3.103792,4.282000,0.630798,0.501168,0.687460
dmd,23,128,negative-both,selected64,6,1461.236,1.077,1.304928,1.194316,1.648191,2.606786,2.592000,2.622222,0.823532,0.814504,0.850539
dmd,23,128,negative-both,vector16store,6,1202.809,3.456,1.590202,1.454630,1.995340,2.145000,2.129741,2.230303,1.000000,1.000000,1.000000
dmd,23,128,negative-both,cpp-approved-execution,6,561.798,1.200,3.416718,3.103792,4.282000,1.000000,1.000000,1.000000,2.145000,2.129741,2.230303
dmd,23,128,negative-source,original,6,1750.000,15.474,1.000000,1.000000,1.000000,3.122609,3.095618,3.640244,0.686294,0.595757,0.689146
dmd,23,128,negative-source,selected64,6,1461.798,0.231,1.198538,1.192308,1.375576,2.602034,2.592814,2.646341,0.822197,0.818462,0.825385
dmd,23,128,negative-source,vector16store,6,1201.685,0.842,1.457102,1.451072,1.678538,2.137289,2.131474,2.168699,1.000000,1.000000,1.000000
dmd,23,128,negative-source,cpp-approved-execution,6,561.236,2.002,3.122609,3.095618,3.640244,1.000000,1.000000,1.000000,2.137289,2.131474,2.168699
dmd,23,128,padded,original,6,1744.944,3.992,1.000000,1.000000,1.000000,3.143725,3.127016,3.265720,0.688907,0.665217,0.694140
dmd,23,128,padded,selected64,6,1464.607,1.074,1.190640,1.181749,1.231829,2.645396,2.627016,2.659184,0.819786,0.815970,0.826687
dmd,23,128,padded,vector16store,6,1204.494,1.306,1.451582,1.440631,1.503268,2.169384,2.159919,2.182186,1.000000,1.000000,1.000000
dmd,23,128,padded,cpp-approved-execution,6,555.056,1.215,3.143725,3.127016,3.265720,1.000000,1.000000,1.000000,2.169384,2.159919,2.182186
dmd,23,128,repeated-source,original,6,1717.978,3.990,1.000000,1.000000,1.000000,3.176715,3.095142,3.301455,0.679542,0.655542,0.684107
dmd,23,128,repeated-source,selected64,6,1401.124,0.241,1.226234,1.224179,1.273456,2.591476,2.528340,2.592516,0.836137,0.832398,0.839615
dmd,23,128,repeated-source,vector16store,6,1171.910,0.863,1.471580,1.461759,1.525456,2.161123,2.117409,2.176715,1.000000,1.000000,1.000000
dmd,23,128,repeated-source,cpp-approved-execution,6,540.449,2.703,3.176715,3.095142,3.301455,1.000000,1.000000,1.000000,2.161123,2.117409,2.176715
dmd,23,128,universal,original,6,24810.674,3.695,1.000000,1.000000,1.000000,14.680670,14.539640,15.083278,1.000145,0.991928,1.008436
dmd,23,128,universal,selected64,6,24910.674,5.268,1.002519,0.957097,1.021522,14.666601,14.467058,15.311126,1.002451,0.955182,1.025448
dmd,23,128,universal,vector16store,6,24891.011,3.850,0.999859,0.991635,1.008138,14.611991,14.572951,15.141239,1.000000,1.000000,1.000000
dmd,23,128,universal,cpp-approved-execution,6,1686.517,2.265,14.680670,14.539640,15.083278,1.000000,1.000000,1.000000,14.611991,14.572951,15.141239
dmd,31,1,contiguous,original,6,67.383,7.029,1.000000,1.000000,1.000000,8.440367,8.085627,8.678899,0.980195,0.950317,1.024206
dmd,31,1,contiguous,selected64,6,65.479,5.779,1.029077,0.934276,1.060935,8.201835,8.180428,8.654434,1.007271,0.956890,1.016063
dmd,31,1,contiguous,vector16store,6,65.955,1.148,1.020422,0.976366,1.052280,8.261468,8.223242,8.318043,1.000000,1.000000,1.000000
dmd,31,1,contiguous,cpp-approved-execution,6,7.983,0.000,8.440367,8.085627,8.678899,1.000000,1.000000,1.000000,8.261468,8.223242,8.318043
dmd,31,1,negative-both,original,6,67.285,10.123,1.000000,1.000000,1.000000,8.105882,7.817647,8.638235,0.991324,0.930541,1.177103
dmd,31,1,negative-both,selected64,6,65.637,12.646,1.011838,0.894597,1.060313,7.907353,7.873529,8.873529,1.016764,0.946330,1.053033
dmd,31,1,negative-both,vector16store,6,66.675,17.173,1.009154,0.849544,1.074643,8.032353,7.964706,9.344118,1.000000,1.000000,1.000000
dmd,31,1,negative-both,cpp-approved-execution,6,8.301,0.000,8.105882,7.817647,8.638235,1.000000,1.000000,1.000000,8.032353,7.964706,9.344118
dmd,31,1,negative-source,original,6,65.479,4.139,1.000000,1.000000,1.000000,7.888235,7.811765,8.138235,1.006729,0.995663,1.025179
dmd,31,1,negative-source,selected64,6,65.491,2.908,0.994032,0.989481,1.006914,7.889706,7.879412,8.108824,1.006719,0.988030,1.017151
dmd,31,1,negative-source,vector16store,6,66.272,2.210,0.993327,0.975440,1.004356,7.983824,7.926471,8.102941,1.000000,1.000000,1.000000
dmd,31,1,negative-source,cpp-approved-execution,6,8.301,0.000,7.888235,7.811765,8.138235,1.000000,1.000000,1.000000,7.983824,7.926471,8.102941
dmd,31,1,padded,original,6,65.149,2.436,1.000000,1.000000,1.000000,7.848529,7.817647,8.008824,1.015390,0.995960,1.018811
dmd,31,1,padded,selected64,6,65.454,2.947,0.994215,0.989462,0.998504,7.885294,7.861765,8.094118,1.009891,0.985465,1.013842
dmd,31,1,padded,vector16store,6,66.138,0.997,0.984843,0.981536,1.004056,7.967647,7.897059,7.976471,1.000000,1.000000,1.000000
dmd,31,1,padded,cpp-approved-execution,6,8.301,0.000,7.848529,7.817647,8.008824,1.000000,1.000000,1.000000,7.967647,7.897059,7.976471
dmd,31,1,repeated-source,original,6,64.783,1.018,1.000000,1.000000,1.000000,7.804412,7.788235,7.867647,1.017935,1.010467,1.025207
dmd,31,1,repeated-source,selected64,6,67.078,11.392,0.968152,0.893145,0.989541,8.080882,7.873529,8.794118,0.984713,0.904013,1.007097
dmd,31,1,repeated-source,vector16store,6,65.979,1.073,0.982381,0.975413,0.989641,7.948529,7.929412,8.014706,1.000000,1.000000,1.000000
dmd,31,1,repeated-source,cpp-approved-execution,6,8.301,0.000,7.804412,7.788235,7.867647,1.000000,1.000000,1.000000,7.948529,7.929412,8.014706
dmd,31,1,universal,original,6,388.879,4.401,1.000000,1.000000,1.000000,19.935544,19.760951,20.638298,0.998145,0.964463,1.009447
dmd,31,1,universal,selected64,6,390.308,1.551,0.998614,0.983828,1.031528,20.008761,19.888611,20.198999,0.993996,0.986115,1.002643
dmd,31,1,universal,vector16store,6,388.635,1.646,1.001858,0.990641,1.036846,19.923029,19.732165,20.060075,1.000000,1.000000,1.000000
dmd,31,1,universal,cpp-approved-execution,6,19.507,0.000,19.935544,19.760951,20.638298,1.000000,1.000000,1.000000,19.923029,19.732165,20.060075
dmd,31,17,contiguous,original,6,346.479,1.220,1.000000,1.000000,1.000000,7.914969,7.463203,7.930876,0.759071,0.755887,0.765698
dmd,31,17,contiguous,selected64,6,347.183,1.797,1.002599,0.996526,1.012360,7.871169,7.372294,7.958525,0.760196,0.757242,0.775162
dmd,31,17,contiguous,vector16store,6,263.581,0.763,1.317399,1.305998,1.322948,6.009227,5.662338,6.069124,1.000000,1.000000,1.000000
dmd,31,17,contiguous,cpp-approved-execution,6,43.763,6.437,7.914969,7.463203,7.930876,1.000000,1.000000,1.000000,6.009227,5.662338,6.069124
dmd,31,17,negative-both,original,6,419.014,1.152,1.000000,1.000000,1.000000,4.406977,4.367865,4.427966,0.822339,0.811872,0.830106
dmd,31,17,negative-both,selected64,6,357.746,0.619,1.171924,1.160022,1.179560,3.762960,3.744186,3.775424,0.960708,0.956766,0.972394
dmd,31,17,negative-both,vector16store,6,344.064,1.754,1.216045,1.204665,1.231722,3.619047,3.585624,3.656780,1.000000,1.000000,1.000000
dmd,31,17,negative-both,cpp-approved-execution,6,95.171,0.211,4.406977,4.367865,4.427966,1.000000,1.000000,1.000000,3.619047,3.585624,3.656780
dmd,31,17,negative-source,original,6,419.819,0.671,1.000000,1.000000,1.000000,4.415870,4.400424,4.430085,0.822824,0.814921,0.823529
dmd,31,17,negative-source,selected64,6,356.439,0.847,1.178097,1.164238,1.182024,3.753178,3.739958,3.779661,0.964406,0.958520,0.972301
dmd,31,17,negative-source,vector16store,6,344.266,1.052,1.215327,1.214286,1.227113,3.625000,3.602537,3.648305,1.000000,1.000000,1.000000
dmd,31,17,negative-source,cpp-approved-execution,6,94.970,0.212,4.415870,4.400424,4.430085,1.000000,1.000000,1.000000,3.625000,3.602537,3.648305
dmd,31,17,padded,original,6,418.109,2.021,1.000000,1.000000,1.000000,4.397463,4.355180,4.443975,0.823388,0.815010,0.831238
dmd,31,17,padded,selected64,6,357.646,0.844,1.171027,1.158543,1.183559,3.758985,3.742072,3.773784,0.965622,0.954062,0.971186
dmd,31,17,padded,vector16store,6,344.769,0.992,1.214494,1.203025,1.226979,3.622622,3.600423,3.641949,1.000000,1.000000,1.000000
dmd,31,17,padded,cpp-approved-execution,6,95.171,0.211,4.397463,4.355180,4.443975,1.000000,1.000000,1.000000,3.622622,3.600423,3.641949
dmd,31,17,repeated-source,original,6,412.978,3.021,1.000000,1.000000,1.000000,4.343930,4.306554,4.437632,0.818270,0.804129,0.826706
dmd,31,17,repeated-source,selected64,6,352.012,0.686,1.173191,1.160684,1.196693,3.701903,3.684989,3.710359,0.961361,0.958238,0.964490
dmd,31,17,repeated-source,vector16store,6,338.833,0.950,1.222092,1.209620,1.243582,3.560254,3.541226,3.575053,1.000000,1.000000,1.000000
dmd,31,17,repeated-source,cpp-approved-execution,6,95.171,0.211,4.343930,4.306554,4.437632,1.000000,1.000000,1.000000,3.560254,3.541226,3.575053
dmd,31,17,universal,original,6,4541.851,4.377,1.000000,1.000000,1.000000,15.282968,15.062246,15.752033,0.998894,0.986623,1.041955
dmd,31,17,universal,selected64,6,4557.746,4.406,1.000365,0.966621,1.036229,15.336427,15.013514,15.719702,1.008387,0.986411,1.043549
dmd,31,17,universal,vector16store,6,4619.014,3.528,1.001108,0.959734,1.013558,15.521753,15.197832,15.746612,1.000000,1.000000,1.000000
dmd,31,17,universal,cpp-approved-execution,6,297.284,0.271,15.282968,15.062246,15.752033,1.000000,1.000000,1.000000,15.521753,15.197832,15.746612
dmd,31,128,contiguous,original,6,2304.545,0.657,1.000000,1.000000,1.000000,7.247021,7.169811,7.347826,0.717856,0.717647,0.718606
dmd,31,128,contiguous,selected64,6,2271.212,0.600,1.014681,1.014676,1.016689,7.140138,7.066038,7.241546,0.728543,0.728304,0.729640
dmd,31,128,contiguous,vector16store,6,1655.303,0.641,1.393037,1.391583,1.393443,5.201896,5.146226,5.275362,1.000000,1.000000,1.000000
dmd,31,128,contiguous,cpp-approved-execution,6,318.939,2.375,7.247021,7.169811,7.347826,1.000000,1.000000,1.000000,5.201896,5.146226,5.275362
dmd,31,128,negative-both,original,6,2371.970,0.894,1.000000,1.000000,1.000000,3.284367,3.274633,3.331924,0.744979,0.737944,0.750960
dmd,31,128,negative-both,selected64,6,1885.606,0.482,1.257935,1.254210,1.267900,2.611754,2.602083,2.627907,0.937021,0.934242,0.943685
dmd,31,128,negative-both,vector16store,6,1770.455,0.856,1.342320,1.331628,1.355116,2.453126,2.441667,2.459119,1.000000,1.000000,1.000000
dmd,31,128,negative-both,cpp-approved-execution,6,721.970,1.469,3.284367,3.274633,3.331924,1.000000,1.000000,1.000000,2.453126,2.441667,2.459119
dmd,31,128,negative-source,original,6,2374.242,30.696,1.000000,1.000000,1.000000,3.284079,3.267223,4.307368,0.743377,0.571359,0.745373
dmd,31,128,negative-source,selected64,6,1885.606,0.804,1.259140,1.250999,1.648670,2.612161,2.594990,2.617647,0.936067,0.931255,0.941982
dmd,31,128,negative-source,vector16store,6,1765.909,0.601,1.345214,1.341610,1.750214,2.443396,2.425887,2.461053,1.000000,1.000000,1.000000
dmd,31,128,negative-source,cpp-approved-execution,6,722.727,0.839,3.284079,3.267223,4.307368,1.000000,1.000000,1.000000,2.443396,2.425887,2.461053
dmd,31,128,padded,original,6,2369.697,0.192,1.000000,1.000000,1.000000,3.297155,3.283613,3.310782,0.743689,0.742327,0.934227
dmd,31,128,padded,selected64,6,1874.242,0.566,1.264755,1.258454,1.268016,2.606953,2.594538,2.620253,0.940891,0.937046,1.180791
dmd,31,128,padded,vector16store,6,1762.879,25.956,1.344651,1.070403,1.347115,2.452532,2.439076,3.080000,1.000000,1.000000,1.000000
dmd,31,128,padded,cpp-approved-execution,6,718.939,0.632,3.297155,3.283613,3.310782,1.000000,1.000000,1.000000,2.452532,2.439076,3.080000
dmd,31,128,repeated-source,original,6,2365.152,0.192,1.000000,1.000000,1.000000,3.351931,3.338330,3.356989,0.740314,0.738294,0.741501
dmd,31,128,repeated-source,selected64,6,1846.212,0.985,1.280969,1.275102,1.286892,2.613319,2.597430,2.628755,0.947822,0.945306,0.952185
dmd,31,128,repeated-source,vector16store,6,1750.758,0.606,1.350779,1.348616,1.354474,2.479104,2.473233,2.484979,1.000000,1.000000,1.000000
dmd,31,128,repeated-source,cpp-approved-execution,6,706.061,0.429,3.351931,3.338330,3.356989,1.000000,1.000000,1.000000,2.479104,2.473233,2.484979
dmd,31,128,universal,original,6,33589.394,3.311,1.000000,1.000000,1.000000,14.890805,13.867417,15.229420,1.001473,0.978370,1.030892
dmd,31,128,universal,selected64,6,33615.152,3.439,0.994874,0.981411,1.016003,14.863421,14.130081,15.282051,0.995359,0.994002,1.011729
dmd,31,128,universal,vector16store,6,33418.182,4.792,0.998529,0.970034,1.022108,14.788211,14.295810,15.298246,1.000000,1.000000,1.000000
dmd,31,128,universal,cpp-approved-execution,6,2240.909,8.249,14.890805,13.867417,15.229420,1.000000,1.000000,1.000000,14.788211,14.295810,15.298246
dmd,32,1,contiguous,original,6,66.223,10.323,1.000000,1.000000,1.000000,12.218468,12.063063,13.324324,0.904187,0.828938,0.924571
dmd,32,1,contiguous,selected64,6,65.796,16.289,0.998326,0.921970,1.080745,12.139640,12.108108,14.085586,0.907241,0.780301,0.920788
dmd,32,1,contiguous,vector16store,6,59.814,1.469,1.106003,1.081583,1.206362,11.036036,10.990991,11.153153,1.000000,1.000000,1.000000
dmd,32,1,contiguous,cpp-approved-execution,6,5.420,0.000,12.218468,12.063063,13.324324,1.000000,1.000000,1.000000,11.036036,10.990991,11.153153
dmd,32,1,negative-both,original,6,65.784,11.579,1.000000,1.000000,1.000000,11.564378,11.519313,12.858369,0.909370,0.820093,0.917813
dmd,32,1,negative-both,selected64,6,67.517,11.282,0.983967,0.893355,1.080808,11.869099,11.579399,12.918455,0.886277,0.819934,0.907709
dmd,32,1,negative-both,vector16store,6,59.888,0.938,1.099675,1.089546,1.219373,10.527897,10.493562,10.592275,1.000000,1.000000,1.000000
dmd,32,1,negative-both,cpp-approved-execution,6,5.688,0.000,11.564378,11.519313,12.858369,1.000000,1.000000,1.000000,10.527897,10.493562,10.592275
dmd,32,1,negative-source,original,6,66.016,10.059,1.000000,1.000000,1.000000,11.605150,11.510730,12.678112,0.909402,0.830061,0.959806
dmd,32,1,negative-source,selected64,6,65.894,1.112,0.997222,0.994447,1.096104,11.583691,11.562232,11.690987,0.909008,0.904552,0.955185
dmd,32,1,negative-source,vector16store,6,60.022,5.491,1.099644,1.041877,1.204731,10.551502,10.489270,11.068670,1.000000,1.000000,1.000000
dmd,32,1,negative-source,cpp-approved-execution,6,5.688,0.000,11.605150,11.510730,12.678112,1.000000,1.000000,1.000000,10.551502,10.489270,11.068670
dmd,32,1,padded,original,6,65.540,15.832,1.000000,1.000000,1.000000,11.521459,11.506438,13.330472,0.908871,0.785898,0.911765
dmd,32,1,padded,selected64,6,65.771,0.668,0.997955,0.992595,1.154647,11.562232,11.527897,11.605150,0.905282,0.902113,0.909159
dmd,32,1,padded,vector16store,6,59.607,0.655,1.100269,1.096774,1.272429,10.478541,10.442060,10.510730,1.000000,1.000000,1.000000
dmd,32,1,padded,cpp-approved-execution,6,5.688,0.000,11.521459,11.506438,13.330472,1.000000,1.000000,1.000000,10.478541,10.442060,10.510730
dmd,32,1,repeated-source,original,6,66.174,5.903,1.000000,1.000000,1.000000,11.633047,11.536481,12.223176,0.902273,0.858497,0.912574
dmd,32,1,repeated-source,selected64,6,66.211,10.251,1.002024,0.906640,1.056772,11.639485,11.540773,12.733906,0.904498,0.826424,0.907510
dmd,32,1,repeated-source,vector16store,6,59.790,0.817,1.108343,1.095801,1.164826,10.510730,10.472103,10.557940,1.000000,1.000000,1.000000
dmd,32,1,repeated-source,cpp-approved-execution,6,5.688,0.000,11.633047,11.536481,12.223176,1.000000,1.000000,1.000000,10.510730,10.472103,10.557940
dmd,32,1,universal,original,6,396.045,4.173,1.000000,1.000000,1.000000,19.758831,19.669915,20.494519,0.994503,0.964697,1.013355
dmd,32,1,universal,selected64,6,400.073,2.709,0.992851,0.981670,1.013492,19.959805,19.680877,20.221681,0.994358,0.977714,0.996631
dmd,32,1,universal,vector16store,6,396.753,2.289,1.005549,0.986821,1.036594,19.794153,19.510353,19.963459,1.000000,1.000000,1.000000
dmd,32,1,universal,cpp-approved-execution,6,20.044,0.000,19.758831,19.669915,20.494519,1.000000,1.000000,1.000000,19.794153,19.510353,19.963459
dmd,32,17,contiguous,original,6,354.574,14.189,1.000000,1.000000,1.000000,8.259122,8.137255,9.323529,0.504632,0.447950,0.538554
dmd,32,17,contiguous,selected64,6,353.638,1.411,1.000323,0.974178,1.120141,8.338235,8.198068,8.401961,0.502654,0.496499,0.524648
dmd,32,17,contiguous,vector16store,6,177.235,5.044,1.981788,1.856823,2.232394,4.174020,4.111111,4.382353,1.000000,1.000000,1.000000
dmd,32,17,contiguous,cpp-approved-execution,6,42.516,1.467,8.259122,8.137255,9.323529,1.000000,1.000000,1.000000,4.174020,4.111111,4.382353
dmd,32,17,negative-both,original,6,426.923,1.266,1.000000,1.000000,1.000000,8.214000,8.176000,8.280000,0.606142,0.602415,0.611546
dmd,32,17,negative-both,selected64,6,363.098,3.664,1.174585,1.145008,1.188548,6.986000,6.916000,7.172000,0.712854,0.693809,0.721805
dmd,32,17,negative-both,vector16store,6,258.940,0.562,1.649779,1.635200,1.659984,4.982000,4.972000,5.000000,1.000000,1.000000,1.000000
dmd,32,17,negative-both,cpp-approved-execution,6,51.975,0.000,8.214000,8.176000,8.280000,1.000000,1.000000,1.000000,4.982000,4.972000,5.000000
dmd,32,17,negative-source,original,6,429.938,19.536,1.000000,1.000000,1.000000,8.272000,8.216000,9.792829,0.603001,0.506103,0.666829
dmd,32,17,negative-source,selected64,6,365.385,46.202,1.171835,0.824013,1.408596,7.030000,6.952191,10.228000,0.709532,0.486508,0.784571
dmd,32,17,negative-source,vector16store,6,258.836,10.361,1.658388,1.499636,1.975884,4.980000,4.956175,5.492000,1.000000,1.000000,1.000000
dmd,32,17,negative-source,cpp-approved-execution,6,51.975,0.400,8.272000,8.216000,9.792829,1.000000,1.000000,1.000000,4.980000,4.956175,5.492000
dmd,32,17,padded,original,6,427.963,7.481,1.000000,1.000000,1.000000,8.234000,8.068000,8.684000,0.603883,0.572087,0.615766
dmd,32,17,padded,selected64,6,369.231,18.919,1.160051,0.968780,1.243414,7.104000,6.984000,8.328000,0.700366,0.596542,0.711340
dmd,32,17,padded,vector16store,6,258.316,0.322,1.655949,1.623994,1.747987,4.970000,4.964000,4.980000,1.000000,1.000000,1.000000
dmd,32,17,padded,cpp-approved-execution,6,51.975,0.000,8.234000,8.068000,8.684000,1.000000,1.000000,1.000000,4.970000,4.964000,4.980000
dmd,32,17,repeated-source,original,6,425.364,6.012,1.000000,1.000000,1.000000,8.184000,8.052000,8.544000,0.594582,0.569757,0.603577
dmd,32,17,repeated-source,selected64,6,362.058,11.025,1.168474,1.107884,1.181609,6.966000,6.944000,7.712000,0.697589,0.631224,0.701613
dmd,32,17,repeated-source,vector16store,6,252.807,0.329,1.681883,1.656790,1.755136,4.864000,4.856000,4.872000,1.000000,1.000000,1.000000
dmd,32,17,repeated-source,cpp-approved-execution,6,51.975,0.000,8.184000,8.052000,8.544000,1.000000,1.000000,1.000000,4.864000,4.856000,4.872000
dmd,32,17,universal,original,6,4685.239,2.196,1.000000,1.000000,1.000000,15.217096,15.007304,15.425373,1.003609,0.978801,1.018897
dmd,32,17,universal,selected64,6,4704.470,4.866,0.997094,0.956751,1.009143,15.265091,15.090305,15.937585,0.989396,0.962626,1.018579
dmd,32,17,universal,vector16store,6,4665.281,2.531,0.996410,0.981453,1.021658,15.109121,15.095593,15.472863,1.000000,1.000000,1.000000
dmd,32,17,universal,cpp-approved-execution,6,306.445,2.307,15.217096,15.007304,15.425373,1.000000,1.000000,1.000000,15.109121,15.095593,15.472863
dmd,32,128,contiguous,original,6,2373.438,0.132,1.000000,1.000000,1.000000,7.199052,6.936073,7.233333,0.419355,0.418803,0.425280
dmd,32,128,contiguous,selected64,6,2340.625,2.603,1.014019,0.990234,1.014696,7.097156,6.844749,7.279621,0.425234,0.414714,0.431530
dmd,32,128,contiguous,vector16store,6,995.312,1.413,2.384615,2.351393,2.387755,3.018957,2.908676,3.061611,1.000000,1.000000,1.000000
dmd,32,128,contiguous,cpp-approved-execution,6,329.688,4.265,7.199052,6.936073,7.233333,1.000000,1.000000,1.000000,3.018957,2.908676,3.061611
dmd,32,128,negative-both,original,6,2442.188,0.896,1.000000,1.000000,1.000000,6.130869,6.097656,6.198413,0.447326,0.445997,0.453968
dmd,32,128,negative-both,selected64,6,1914.062,0.653,1.278007,1.275102,1.284898,4.794539,4.781250,4.845238,0.571547,0.569796,0.581774
dmd,32,128,negative-both,vector16store,6,1092.188,2.432,2.235505,2.202797,2.242165,2.741682,2.726562,2.782101,1.000000,1.000000,1.000000
dmd,32,128,negative-both,cpp-approved-execution,6,399.219,1.957,6.130869,6.097656,6.198413,1.000000,1.000000,1.000000,2.741682,2.726562,2.782101
dmd,32,128,negative-source,original,6,2446.875,6.130,1.000000,1.000000,1.000000,6.083712,6.030888,6.422481,0.446686,0.423054,0.462963
dmd,32,128,negative-source,selected64,6,1917.188,0.733,1.275173,1.268016,1.350448,4.771318,4.733591,4.811765,0.570497,0.568515,0.587045
dmd,32,128,negative-source,vector16store,6,1093.750,4.000,2.238710,2.160000,2.363766,2.719855,2.694981,2.810078,1.000000,1.000000,1.000000
dmd,32,128,negative-source,cpp-approved-execution,6,403.125,1.550,6.083712,6.030888,6.422481,1.000000,1.000000,1.000000,2.719855,2.694981,2.810078
dmd,32,128,padded,original,6,2442.188,1.152,1.000000,1.000000,1.000000,6.067687,5.939163,6.169960,0.447360,0.443952,0.448784
dmd,32,128,padded,selected64,6,1914.844,1.224,1.277601,1.263754,1.290033,4.735521,4.699620,4.841897,0.571897,0.567152,0.572712
dmd,32,128,padded,vector16store,6,1095.312,0.428,2.235336,2.228245,2.252496,2.709864,2.665399,2.762846,1.000000,1.000000,1.000000
dmd,32,128,padded,cpp-approved-execution,6,403.906,3.868,6.067687,5.939163,6.169960,1.000000,1.000000,1.000000,2.709864,2.665399,2.762846
dmd,32,128,repeated-source,original,6,2435.938,1.026,1.000000,1.000000,1.000000,6.348283,6.319838,6.446721,0.446326,0.444872,0.459321
dmd,32,128,repeated-source,selected64,6,1903.125,0.575,1.281546,1.277276,1.290402,4.963365,4.906883,4.995902,0.571724,0.569319,0.591584
dmd,32,128,repeated-source,vector16store,6,1086.719,3.307,2.240514,2.177127,2.247839,2.842556,2.821138,2.902834,1.000000,1.000000,1.000000
dmd,32,128,repeated-source,cpp-approved-execution,6,383.594,1.222,6.348283,6.319838,6.446721,1.000000,1.000000,1.000000,2.842556,2.821138,2.902834
dmd,32,128,universal,original,6,34241.406,1.264,1.000000,1.000000,1.000000,14.777130,14.670034,14.856566,1.002872,0.994140,1.033089
dmd,32,128,universal,selected64,6,34228.906,2.734,0.999268,0.985275,1.009612,14.766802,14.652291,15.055930,1.004996,0.979501,1.034307
dmd,32,128,universal,vector16store,6,34282.031,4.845,0.997183,0.967971,1.005894,14.779713,14.642183,15.348148,1.000000,1.000000,1.000000
dmd,32,128,universal,cpp-approved-execution,6,2318.750,0.202,14.777130,14.670034,14.856566,1.000000,1.000000,1.000000,14.779713,14.642183,15.348148
dmd,33,1,contiguous,original,6,66.663,3.845,1.000000,1.000000,1.000000,11.190574,11.036885,11.467213,0.910496,0.888527,0.916369
dmd,33,1,contiguous,selected64,6,66.516,2.312,0.996877,0.987013,1.012830,11.165984,11.135246,11.393443,0.902353,0.896825,0.922302
dmd,33,1,contiguous,vector16store,6,60.107,4.630,1.098308,1.091264,1.125458,10.090164,10.040984,10.508197,1.000000,1.000000,1.000000
dmd,33,1,contiguous,cpp-approved-execution,6,5.957,0.000,11.190574,11.036885,11.467213,1.000000,1.000000,1.000000,10.090164,10.040984,10.508197
dmd,33,1,negative-both,original,6,67.603,10.437,1.000000,1.000000,1.000000,10.581081,8.645260,11.544402,0.907102,0.825084,0.925602
dmd,33,1,negative-both,selected64,6,69.238,13.611,0.976486,0.869327,1.098457,10.638996,9.119266,11.996139,0.881396,0.791761,0.918412
dmd,33,1,negative-both,vector16store,6,60.620,4.108,1.102429,1.080378,1.211998,9.511583,7.810398,9.799228,1.000000,1.000000,1.000000
dmd,33,1,negative-both,cpp-approved-execution,6,6.323,26.255,10.581081,8.645260,11.544402,1.000000,1.000000,1.000000,9.511583,7.810398,9.799228
dmd,33,1,negative-source,original,6,65.759,12.437,1.000000,1.000000,1.000000,10.399614,10.347490,11.640927,0.918508,0.816252,0.923507
dmd,33,1,negative-source,selected64,6,67.334,4.170,0.982989,0.967939,1.066502,10.648649,10.471042,10.915058,0.897046,0.870534,0.911504
dmd,33,1,negative-source,vector16store,6,60.388,0.687,1.088722,1.082828,1.225112,9.550193,9.501931,9.567568,1.000000,1.000000,1.000000
dmd,33,1,negative-source,cpp-approved-execution,6,6.323,0.000,10.399614,10.347490,11.640927,1.000000,1.000000,1.000000,9.550193,9.501931,9.567568
dmd,33,1,padded,original,6,66.064,1.441,1.000000,1.000000,1.000000,10.447876,9.354167,10.552124,0.910572,0.901874,0.961024
dmd,33,1,padded,selected64,6,66.431,1.764,0.991929,0.984799,1.003304,10.505792,9.437500,10.667954,0.906417,0.888165,0.952539
dmd,33,1,padded,vector16store,6,60.229,5.472,1.098213,1.040556,1.108802,9.513514,8.989583,9.942085,1.000000,1.000000,1.000000
dmd,33,1,padded,cpp-approved-execution,6,6.323,11.197,10.447876,9.354167,10.552124,1.000000,1.000000,1.000000,9.513514,8.989583,9.942085
dmd,33,1,repeated-source,original,6,66.492,2.460,1.000000,1.000000,1.000000,10.515348,10.374517,10.633205,0.909444,0.892520,0.917752
dmd,33,1,repeated-source,selected64,6,67.566,6.179,0.990040,0.928473,0.999266,10.644499,10.513514,11.173745,0.895213,0.852108,0.908557
dmd,33,1,repeated-source,vector16store,6,60.278,1.053,1.099573,1.089619,1.120423,9.505792,9.471264,9.586873,1.000000,1.000000,1.000000
dmd,33,1,repeated-source,cpp-approved-execution,6,6.323,0.772,10.515348,10.374517,10.633205,1.000000,1.000000,1.000000,9.505792,9.471264,9.586873
dmd,33,1,universal,original,6,407.251,2.182,1.000000,1.000000,1.000000,19.787663,19.645314,20.053318,1.002023,0.972171,1.022784
dmd,33,1,universal,selected64,6,407.251,5.060,0.998167,0.976011,1.012158,19.775953,19.569395,20.546209,0.999862,0.948850,1.029045
dmd,33,1,universal,vector16store,6,406.104,4.172,0.997989,0.977723,1.028625,19.731910,19.495261,20.317536,1.000000,1.000000,1.000000
dmd,33,1,universal,cpp-approved-execution,6,20.581,0.119,19.787663,19.645314,20.053318,1.000000,1.000000,1.000000,19.731910,19.495261,20.317536
dmd,33,17,contiguous,original,6,368.630,0.174,1.000000,1.000000,1.000000,8.443627,7.894495,8.482759,0.503631,0.503196,0.506961
dmd,33,17,contiguous,selected64,6,365.739,0.761,1.007904,1.005248,1.011751,8.383295,7.839450,8.406863,0.507764,0.506433,0.509988
dmd,33,17,contiguous,vector16store,6,185.653,0.923,1.985582,1.972540,1.987298,4.255554,3.977064,4.284314,1.000000,1.000000,1.000000
dmd,33,17,contiguous,cpp-approved-execution,6,43.683,7.353,8.443627,7.894495,8.482759,1.000000,1.000000,1.000000,4.255554,3.977064,4.284314
dmd,33,17,negative-both,original,6,435.225,34.637,1.000000,1.000000,1.000000,6.889831,6.793220,9.179661,0.618098,0.461595,0.623253
dmd,33,17,negative-both,selected64,6,372.056,0.173,1.170457,1.153049,1.557217,5.886441,5.871622,5.894915,0.721646,0.718642,0.725964
dmd,33,17,negative-both,vector16store,6,268.415,0.957,1.617874,1.604484,2.166400,4.241966,4.233898,4.274576,1.000000,1.000000,1.000000
dmd,33,17,negative-both,cpp-approved-execution,6,63.169,0.339,6.889831,6.793220,9.179661,1.000000,1.000000,1.000000,4.241966,4.233898,4.274576
dmd,33,17,negative-source,original,6,440.792,1.652,1.000000,1.000000,1.000000,6.977966,6.874576,6.989831,0.604516,0.602913,0.616864
dmd,33,17,negative-source,selected64,6,375.589,4.048,1.172328,1.130435,1.191773,5.945763,5.840678,6.081356,0.709277,0.697324,0.721416
dmd,33,17,negative-source,vector16store,6,266.274,0.724,1.654216,1.621103,1.658615,4.215254,4.210169,4.240678,1.000000,1.000000,1.000000
dmd,33,17,negative-source,cpp-approved-execution,6,63.169,0.000,6.977966,6.874576,6.989831,1.000000,1.000000,1.000000,4.215254,4.210169,4.240678
dmd,33,17,padded,original,6,444.968,3.465,1.000000,1.000000,1.000000,7.044068,6.891525,7.135593,0.599683,0.587173,0.726923
dmd,33,17,padded,selected64,6,371.306,5.536,1.186750,1.144114,1.212544,5.877966,5.817568,6.162712,0.714743,0.709456,0.831683
dmd,33,17,padded,vector16store,6,264.775,22.564,1.667599,1.375661,1.703074,4.188136,4.179054,5.125424,1.000000,1.000000,1.000000
dmd,33,17,padded,cpp-approved-execution,6,63.169,0.339,7.044068,6.891525,7.135593,1.000000,1.000000,1.000000,4.188136,4.179054,5.125424
dmd,33,17,repeated-source,original,6,434.904,10.438,1.000000,1.000000,1.000000,6.861668,6.717172,7.430976,0.599226,0.551880,0.608521
dmd,33,17,repeated-source,selected64,6,371.199,3.865,1.171650,1.138262,1.289136,5.843434,5.764310,5.966330,0.700686,0.685666,0.713196
dmd,33,17,repeated-source,vector16store,6,260.278,0.329,1.668865,1.643328,1.811987,4.101010,4.087542,4.122034,1.000000,1.000000,1.000000
dmd,33,17,repeated-source,cpp-approved-execution,6,63.597,0.673,6.861668,6.717172,7.430976,1.000000,1.000000,1.000000,4.101010,4.087542,4.122034
dmd,33,17,universal,original,6,4792.827,1.943,1.000000,1.000000,1.000000,15.026851,14.975855,15.257718,0.997655,0.984209,1.027140
dmd,33,17,universal,selected64,6,4791.863,0.889,1.001724,0.992974,1.018777,15.008718,14.968435,15.081824,1.005051,0.996518,1.019923
dmd,33,17,universal,vector16store,6,4801.285,2.729,1.002351,0.973578,1.016045,15.053386,14.991275,15.382294,1.000000,1.000000,1.000000
dmd,33,17,universal,cpp-approved-execution,6,319.058,0.201,15.026851,14.975855,15.257718,1.000000,1.000000,1.000000,15.053386,14.991275,15.382294
dmd,33,128,contiguous,original,6,2441.935,0.132,1.000000,1.000000,1.000000,7.192440,7.018519,7.214286,0.434467,0.433289,0.438573
dmd,33,128,contiguous,selected64,6,2409.677,0.134,1.013387,1.013378,1.014066,7.097427,6.921296,7.119048,0.440281,0.439090,0.444444
dmd,33,128,contiguous,vector16store,6,1061.290,1.216,2.301678,2.280120,2.307927,3.123516,3.041667,3.161905,1.000000,1.000000,1.000000
dmd,33,128,contiguous,cpp-approved-execution,6,339.516,2.850,7.192440,7.018519,7.214286,1.000000,1.000000,1.000000,3.123516,3.041667,3.161905
dmd,33,128,negative-both,original,6,2509.677,25.321,1.000000,1.000000,1.000000,5.066775,5.035599,6.390164,0.465639,0.371473,0.468509
dmd,33,128,negative-both,selected64,6,1987.903,0.487,1.263286,1.259919,1.585842,4.014658,3.990260,4.029508,0.588235,0.584615,0.593165
dmd,33,128,negative-both,vector16store,6,1168.548,0.966,2.147586,2.134431,2.691989,2.361564,2.346278,2.373770,1.000000,1.000000,1.000000
dmd,33,128,negative-both,cpp-approved-execution,6,495.161,1.303,5.066775,5.035599,6.390164,1.000000,1.000000,1.000000,2.361564,2.346278,2.373770
dmd,33,128,negative-source,original,6,2511.290,0.385,1.000000,1.000000,1.000000,5.083333,5.051780,5.108197,0.464802,0.463759,0.465296
dmd,33,128,negative-source,selected64,6,1983.065,0.895,1.267290,1.261924,1.268352,4.009804,4.003236,4.042623,0.588044,0.586904,0.589723
dmd,33,128,negative-source,vector16store,6,1166.129,0.415,2.151452,2.149171,2.156293,2.362745,2.349515,2.373770,1.000000,1.000000,1.000000
dmd,33,128,negative-source,cpp-approved-execution,6,493.548,1.307,5.083333,5.051780,5.108197,1.000000,1.000000,1.000000,2.362745,2.349515,2.373770
dmd,33,128,padded,original,6,2508.871,0.193,1.000000,1.000000,1.000000,5.157554,5.038835,5.207358,0.463493,0.462428,0.463712
dmd,33,128,padded,selected64,6,1978.226,0.408,1.269060,1.266287,1.271020,4.059707,3.974110,4.096990,0.587755,0.587134,0.588716
dmd,33,128,padded,vector16store,6,1162.097,0.278,2.157530,2.156510,2.162500,2.388066,2.336570,2.408027,1.000000,1.000000,1.000000
dmd,33,128,padded,cpp-approved-execution,6,486.290,3.317,5.157554,5.038835,5.207358,1.000000,1.000000,1.000000,2.388066,2.336570,2.408027
dmd,33,128,repeated-source,original,6,2503.226,0.258,1.000000,1.000000,1.000000,5.407666,5.381944,5.423077,0.462158,0.461638,0.462677
dmd,33,128,repeated-source,selected64,6,1956.452,0.577,1.279060,1.275862,1.280297,4.227824,4.204861,4.241259,0.590779,0.589638,0.591921
dmd,33,128,repeated-source,vector16store,6,1157.258,0.418,2.163764,2.161335,2.166201,2.500000,2.486111,2.503497,1.000000,1.000000,1.000000
dmd,33,128,repeated-source,cpp-approved-execution,6,462.903,0.697,5.407666,5.381944,5.423077,1.000000,1.000000,1.000000,2.500000,2.486111,2.503497
dmd,33,128,universal,original,6,35523.387,2.770,1.000000,1.000000,1.000000,14.887588,13.713217,15.222373,0.995624,0.976930,1.000680
dmd,33,128,universal,selected64,6,35325.806,3.959,1.000798,0.979002,1.036659,14.780952,13.657731,15.240866,0.995845,0.979668,1.012743
dmd,33,128,universal,vector16store,6,35320.968,1.260,1.004407,0.999320,1.023615,14.836721,13.586035,14.930988,1.000000,1.000000,1.000000
dmd,33,128,universal,cpp-approved-execution,6,2382.258,8.734,14.887588,13.713217,15.222373,1.000000,1.000000,1.000000,14.836721,13.586035,14.930988
dmd,47,1,contiguous,original,6,73.596,7.729,1.000000,1.000000,1.000000,7.996021,7.960212,8.578249,0.928015,0.874150,0.971770
dmd,47,1,contiguous,selected64,6,74.084,14.895,0.994924,0.867592,1.071571,8.049072,7.976127,9.175066,0.926198,0.807459,0.960289
dmd,47,1,contiguous,vector16store,6,68.298,4.897,1.077569,1.029050,1.143969,7.420424,7.397878,7.761273,1.000000,1.000000,1.000000
dmd,47,1,contiguous,cpp-approved-execution,6,9.204,0.000,7.996021,7.960212,8.578249,1.000000,1.000000,1.000000,7.420424,7.397878,7.761273
dmd,47,1,negative-both,original,6,73.938,1.420,1.000000,1.000000,1.000000,7.805412,7.762887,7.873711,0.923938,0.915221,0.937251
dmd,47,1,negative-both,selected64,6,74.731,8.331,0.988561,0.921365,1.001651,7.889175,7.798969,8.456186,0.917039,0.853480,0.925314
dmd,47,1,negative-both,vector16store,6,68.347,1.107,1.082337,1.066950,1.092632,7.215206,7.195876,7.275773,1.000000,1.000000,1.000000
dmd,47,1,negative-both,cpp-approved-execution,6,9.473,0.000,7.805412,7.762887,7.873711,1.000000,1.000000,1.000000,7.215206,7.195876,7.275773
dmd,47,1,negative-source,original,6,73.914,3.765,1.000000,1.000000,1.000000,7.802835,7.739691,8.033505,0.923458,0.897658,0.964702
dmd,47,1,negative-source,selected64,6,73.804,1.257,1.002147,0.992727,1.033831,7.791237,7.752577,7.850515,0.927521,0.918253,0.957686
dmd,47,1,negative-source,vector16store,6,68.298,3.789,1.082886,1.036590,1.114010,7.210052,7.193299,7.466495,1.000000,1.000000,1.000000
dmd,47,1,negative-source,cpp-approved-execution,6,9.473,0.000,7.802835,7.739691,8.033505,1.000000,1.000000,1.000000,7.210052,7.193299,7.466495
dmd,47,1,padded,original,6,74.268,12.064,1.000000,1.000000,1.000000,7.840206,7.801546,8.747423,0.917489,0.820566,0.921027
dmd,47,1,padded,selected64,6,74.133,10.143,1.006253,0.917899,1.126452,7.826031,7.744845,8.538660,0.919643,0.843948,0.931448
dmd,47,1,padded,vector16store,6,68.140,0.502,1.089936,1.085745,1.218671,7.193299,7.177835,7.213918,1.000000,1.000000,1.000000
dmd,47,1,padded,cpp-approved-execution,6,9.473,0.000,7.840206,7.801546,8.747423,1.000000,1.000000,1.000000,7.193299,7.177835,7.213918
dmd,47,1,repeated-source,original,6,73.450,3.523,1.000000,1.000000,1.000000,7.753866,7.729381,8.002577,0.934166,0.918839,0.952979
dmd,47,1,repeated-source,selected64,6,73.682,12.359,0.997678,0.887278,1.007981,7.778351,7.750000,8.711340,0.931998,0.826331,0.952979
dmd,47,1,repeated-source,vector16store,6,68.591,6.193,1.070475,1.049341,1.088330,7.240979,7.177835,7.626289,1.000000,1.000000,1.000000
dmd,47,1,repeated-source,cpp-approved-execution,6,9.473,0.000,7.753866,7.729381,8.002577,1.000000,1.000000,1.000000,7.240979,7.177835,7.626289
dmd,47,1,universal,original,6,517.175,5.164,1.000000,1.000000,1.000000,18.364542,18.158579,19.106586,1.008519,0.974330,1.015032
dmd,47,1,universal,selected64,6,521.191,1.625,0.991406,0.974972,1.032257,18.507151,18.332756,18.633449,0.999133,0.988742,1.005758
dmd,47,1,universal,vector16store,6,520.410,1.074,0.991559,0.985190,1.026346,18.479407,18.417678,18.616118,1.000000,1.000000,1.000000
dmd,47,1,universal,cpp-approved-execution,6,28.174,0.087,18.364542,18.158579,19.106586,1.000000,1.000000,1.000000,18.479407,18.417678,18.616118
dmd,47,17,contiguous,original,6,498.323,0.795,1.000000,1.000000,1.000000,7.820765,6.907563,7.898551,0.632079,0.629358,0.634428
dmd,47,17,contiguous,selected64,6,496.037,9.773,1.004917,0.916386,1.007971,7.841009,6.852941,8.250000,0.633989,0.580247,0.639485
dmd,47,17,contiguous,vector16store,6,314.634,1.357,1.582086,1.576222,1.588921,4.928320,4.382353,4.990338,1.000000,1.000000,1.000000
dmd,47,17,contiguous,cpp-approved-execution,6,63.720,14.833,7.820765,6.907563,7.898551,1.000000,1.000000,1.000000,4.928320,4.382353,4.990338
dmd,47,17,negative-both,original,6,565.091,1.942,1.000000,1.000000,1.000000,4.942667,4.893333,4.989333,0.696188,0.686831,0.704891
dmd,47,17,negative-both,selected64,6,470.122,1.102,1.202400,1.180824,1.216515,4.112000,4.098667,4.144000,0.835772,0.827542,0.847348
dmd,47,17,negative-both,vector16store,6,392.226,2.487,1.436457,1.418658,1.455963,3.430667,3.408000,3.493333,1.000000,1.000000,1.000000
dmd,47,17,negative-both,cpp-approved-execution,6,114.329,0.000,4.942667,4.893333,4.989333,1.000000,1.000000,1.000000,3.430667,3.408000,3.493333
dmd,47,17,negative-source,original,6,567.226,1.236,1.000000,1.000000,1.000000,4.961333,4.938667,5.000000,0.696318,0.691733,0.703564
dmd,47,17,negative-source,selected64,6,467.683,7.823,1.211212,1.154036,1.237525,4.090667,4.008000,4.316489,0.844850,0.799137,0.860945
dmd,47,17,negative-source,vector16store,6,395.427,0.694,1.436127,1.421335,1.445644,3.456000,3.449468,3.474667,1.000000,1.000000,1.000000
dmd,47,17,negative-source,cpp-approved-execution,6,114.329,0.267,4.961333,4.938667,5.000000,1.000000,1.000000,1.000000,3.456000,3.449468,3.474667
dmd,47,17,padded,original,6,567.683,5.532,1.000000,1.000000,1.000000,4.965333,4.922667,5.197333,0.694954,0.664443,0.700433
dmd,47,17,padded,selected64,6,469.360,1.104,1.210134,1.195596,1.269707,4.105333,4.082667,4.128000,0.839890,0.835271,0.843648
dmd,47,17,padded,vector16store,6,394.207,0.309,1.438947,1.427688,1.505019,3.448000,3.442667,3.453333,1.000000,1.000000,1.000000
dmd,47,17,padded,cpp-approved-execution,6,114.329,0.000,4.965333,4.922667,5.197333,1.000000,1.000000,1.000000,3.448000,3.442667,3.453333
dmd,47,17,repeated-source,original,6,566.463,2.045,1.000000,1.000000,1.000000,4.954667,4.898936,5.013333,0.691186,0.678191,0.694897
dmd,47,17,repeated-source,selected64,6,464.939,0.656,1.213586,1.209455,1.231172,4.066667,4.045213,4.082667,0.837484,0.834971,0.843240
dmd,47,17,repeated-source,vector16store,6,389.482,1.487,1.446789,1.439063,1.474510,3.406667,3.388298,3.442667,1.000000,1.000000,1.000000
dmd,47,17,repeated-source,cpp-approved-execution,6,114.329,0.267,4.954667,4.898936,5.013333,1.000000,1.000000,1.000000,3.406667,3.388298,3.442667
dmd,47,17,universal,original,6,6842.835,2.393,1.000000,1.000000,1.000000,15.271010,15.053061,15.407886,1.000090,0.985729,1.005118
dmd,47,17,universal,selected64,6,6835.366,4.077,1.001090,0.983000,1.022174,15.262083,14.946939,15.558124,0.996964,0.985340,1.010104
dmd,47,17,universal,vector16store,6,6802.744,2.631,0.999915,0.994908,1.014477,15.168593,15.097959,15.486744,1.000000,1.000000,1.000000
dmd,47,17,universal,cpp-approved-execution,6,448.323,0.136,15.271010,15.053061,15.407886,1.000000,1.000000,1.000000,15.168593,15.097959,15.486744
dmd,47,128,contiguous,original,6,3424.419,0.407,1.000000,1.000000,1.000000,7.040670,6.995261,7.180488,0.596949,0.595788,0.597279
dmd,47,128,contiguous,selected64,6,3390.698,0.274,1.009615,1.009596,1.010974,6.973684,6.919431,7.112195,0.603022,0.601509,0.603567
dmd,47,128,contiguous,vector16store,6,2043.023,0.455,1.675184,1.674260,1.678449,4.203349,4.175355,4.278049,1.000000,1.000000,1.000000
dmd,47,128,contiguous,cpp-approved-execution,6,486.047,2.871,7.040670,6.995261,7.180488,1.000000,1.000000,1.000000,4.203349,4.175355,4.278049
dmd,47,128,negative-both,original,6,3483.721,0.200,1.000000,1.000000,1.000000,4.018767,3.992000,4.054201,0.614099,0.612408,0.619906
dmd,47,128,negative-both,selected64,6,2724.419,0.768,1.277732,1.270798,1.282293,3.142091,3.128000,3.183784,0.785379,0.784314,0.787776
dmd,47,128,negative-both,vector16store,6,2138.372,1.088,1.628402,1.613147,1.632898,2.469169,2.453333,2.508108,1.000000,1.000000,1.000000
dmd,47,128,negative-both,cpp-approved-execution,6,867.442,1.609,4.018767,3.992000,4.054201,1.000000,1.000000,1.000000,2.469169,2.453333,2.508108
dmd,47,128,negative-source,original,6,3487.209,0.534,1.000000,1.000000,1.000000,3.997333,3.981383,4.034946,0.613516,0.612667,0.620253
dmd,47,128,negative-source,selected64,6,2723.256,6.917,1.281625,1.204344,1.290878,3.118511,3.098667,3.305851,0.787424,0.741754,0.794369
dmd,47,128,negative-source,vector16store,6,2141.860,1.412,1.629950,1.612245,1.632209,2.451397,2.446809,2.502688,1.000000,1.000000,1.000000
dmd,47,128,negative-source,cpp-approved-execution,6,872.093,1.067,3.997333,3.981383,4.034946,1.000000,1.000000,1.000000,2.451397,2.446809,2.502688
dmd,47,128,padded,original,6,3481.395,0.267,1.000000,1.000000,1.000000,4.008150,3.970822,4.054201,0.614305,0.613894,0.616000
dmd,47,128,padded,selected64,6,2718.605,0.171,1.281558,1.279726,1.283148,3.125758,3.098143,3.168022,0.787243,0.786142,0.790419
dmd,47,128,padded,vector16store,6,2138.372,0.544,1.627856,1.623377,1.628945,2.465296,2.444149,2.490515,1.000000,1.000000,1.000000
dmd,47,128,padded,cpp-approved-execution,6,869.767,2.139,4.008150,3.970822,4.054201,1.000000,1.000000,1.000000,2.465296,2.444149,2.490515
dmd,47,128,repeated-source,original,6,3476.744,0.334,1.000000,1.000000,1.000000,4.017745,3.976064,4.076294,0.613249,0.612299,0.615744
dmd,47,128,repeated-source,selected64,6,2706.977,0.687,1.285102,1.282161,1.289655,3.130478,3.090667,3.162602,0.789836,0.785592,0.790917
dmd,47,128,repeated-source,vector16store,6,2131.395,0.764,1.630660,1.624052,1.633188,2.466547,2.436170,2.501355,1.000000,1.000000,1.000000
dmd,47,128,repeated-source,cpp-approved-execution,6,865.116,2.419,4.017745,3.976064,4.076294,1.000000,1.000000,1.000000,2.466547,2.436170,2.501355
dmd,47,128,universal,original,6,50319.767,1.294,1.000000,1.000000,1.000000,15.003126,14.963220,15.147018,0.996921,0.987913,1.000878
dmd,47,128,universal,selected64,6,50274.419,2.128,1.002422,0.996810,1.009521,14.991692,14.869535,15.178225,0.999447,0.985882,1.007724
dmd,47,128,universal,vector16store,6,50170.930,1.687,1.003088,0.999123,1.012235,14.955635,14.877863,15.119972,1.000000,1.000000,1.000000
dmd,47,128,universal,cpp-approved-execution,6,3353.488,0.139,15.003126,14.963220,15.147018,1.000000,1.000000,1.000000,14.955635,14.877863,15.119972
dmd,63,1,contiguous,original,6,82.703,28.576,1.000000,1.000000,1.000000,8.035553,7.990521,10.267773,0.851096,0.720748,0.889383
dmd,63,1,contiguous,selected64,6,82.764,7.139,1.002402,0.949233,1.261426,8.049881,7.940618,8.495261,0.861759,0.802510,0.909170
dmd,63,1,contiguous,vector16store,6,70.740,8.490,1.175008,1.124375,1.387448,6.882423,6.817536,7.400474,1.000000,1.000000,1.000000
dmd,63,1,contiguous,cpp-approved-execution,6,10.291,0.237,8.035553,7.990521,10.267773,1.000000,1.000000,1.000000,6.882423,6.817536,7.400474
dmd,63,1,negative-both,original,6,83.215,9.418,1.000000,1.000000,1.000000,7.890046,7.821759,8.545035,0.846575,0.782432,0.894395
dmd,63,1,negative-both,selected64,6,83.337,13.827,0.996776,0.958053,1.015520,7.883372,7.847222,8.919169,0.850929,0.749612,0.888628
dmd,63,1,negative-both,vector16store,6,70.947,5.162,1.181246,1.118074,1.278066,6.719039,6.671296,7.002309,1.000000,1.000000,1.000000
dmd,63,1,negative-both,cpp-approved-execution,6,10.559,0.231,7.890046,7.821759,8.545035,1.000000,1.000000,1.000000,6.719039,6.671296,7.002309
dmd,63,1,negative-source,original,6,84.888,13.604,1.000000,1.000000,1.000000,8.039282,7.854167,8.949074,0.836836,0.744439,0.890657
dmd,63,1,negative-source,selected64,6,82.703,2.066,1.019996,1.003253,1.142772,7.830056,7.764434,7.944444,0.858005,0.838578,0.893554
dmd,63,1,negative-source,vector16store,6,70.728,4.971,1.195056,1.122766,1.343294,6.690531,6.651270,6.995370,1.000000,1.000000,1.000000
dmd,63,1,negative-source,cpp-approved-execution,6,10.559,0.231,8.039282,7.854167,8.949074,1.000000,1.000000,1.000000,6.690531,6.651270,6.995370
dmd,63,1,padded,original,6,82.410,12.620,1.000000,1.000000,1.000000,7.795612,7.773672,8.757506,0.854937,0.783492,0.957926
dmd,63,1,padded,selected64,6,82.751,18.262,0.995432,0.855962,1.121893,7.827945,7.789838,9.219400,0.867413,0.724198,0.951162
dmd,63,1,padded,vector16store,6,71.558,12.282,1.169680,1.043922,1.276338,6.769053,6.635104,7.466513,1.000000,1.000000,1.000000
dmd,63,1,padded,cpp-approved-execution,6,10.571,0.000,7.795612,7.773672,8.757506,1.000000,1.000000,1.000000,6.769053,6.635104,7.466513
dmd,63,1,repeated-source,original,6,83.020,8.587,1.000000,1.000000,1.000000,7.853349,7.766744,8.441109,0.853189,0.811218,0.894439
dmd,63,1,repeated-source,selected64,6,82.715,16.588,1.004297,0.862236,1.065287,7.833499,7.771363,9.069284,0.862440,0.735931,0.893908
dmd,63,1,repeated-source,vector16store,6,71.643,4.021,1.172073,1.118019,1.232715,6.784899,6.674365,6.946882,1.000000,1.000000,1.000000
dmd,63,1,repeated-source,cpp-approved-execution,6,10.571,0.231,7.853349,7.766744,8.441109,1.000000,1.000000,1.000000,6.784899,6.674365,6.946882
dmd,63,1,universal,original,6,653.467,3.560,1.000000,1.000000,1.000000,17.737575,17.629556,18.261100,1.001286,0.987906,1.010070
dmd,63,1,universal,selected64,6,657.605,1.273,0.993227,0.987527,1.012641,17.849901,17.805832,18.033135,0.997621,0.992056,1.001894
dmd,63,1,universal,vector16store,6,654.932,1.864,0.998726,0.990031,1.012242,17.777336,17.710404,18.041750,1.000000,1.000000,1.000000
dmd,63,1,universal,cpp-approved-execution,6,36.841,0.000,17.737575,17.629556,18.261100,1.000000,1.000000,1.000000,17.777336,17.710404,18.041750
dmd,63,17,contiguous,original,6,645.492,0.444,1.000000,1.000000,1.000000,7.165909,7.145455,7.210046,0.557778,0.556681,0.560635
dmd,63,17,contiguous,selected64,6,642.623,0.319,1.004141,1.003185,1.007658,7.140909,7.122727,7.159817,0.560447,0.559160,0.562420
dmd,63,17,contiguous,vector16store,6,360.246,0.569,1.792829,1.783692,1.796359,4.004545,3.990909,4.013699,1.000000,1.000000,1.000000
dmd,63,17,contiguous,cpp-approved-execution,6,90.164,0.455,7.165909,7.145455,7.210046,1.000000,1.000000,1.000000,4.004545,3.990909,4.013699
dmd,63,17,negative-both,original,6,717.418,1.085,1.000000,1.000000,1.000000,5.296517,5.265861,5.323263,0.614685,0.608967,0.620195
dmd,63,17,negative-both,selected64,6,579.508,1.839,1.243283,1.228391,1.254832,4.271903,4.233333,4.299094,0.762376,0.756700,0.768188
dmd,63,17,negative-both,vector16store,6,440.984,1.022,1.626863,1.612396,1.642125,3.253776,3.241692,3.265861,1.000000,1.000000,1.000000
dmd,63,17,negative-both,cpp-approved-execution,6,135.656,0.302,5.296517,5.265861,5.323263,1.000000,1.000000,1.000000,3.253776,3.241692,3.265861
dmd,63,17,negative-source,original,6,717.828,0.742,1.000000,1.000000,1.000000,5.271084,5.037356,5.293051,0.612258,0.610063,0.641187
dmd,63,17,negative-source,selected64,6,584.016,4.421,1.225657,1.191706,1.242188,4.246326,4.227011,4.338369,0.756205,0.744429,0.764106
dmd,63,17,negative-source,vector16store,6,438.525,5.327,1.633299,1.559609,1.639175,3.227755,3.176301,3.233333,1.000000,1.000000,1.000000
dmd,63,17,negative-source,cpp-approved-execution,6,136.066,5.422,5.271084,5.037356,5.293051,1.000000,1.000000,1.000000,3.227755,3.176301,3.233333
dmd,63,17,padded,original,6,709.016,2.832,1.000000,1.000000,1.000000,5.266365,5.209726,5.391437,0.619535,0.606353,0.624854
dmd,63,17,padded,selected64,6,578.484,0.638,1.223479,1.213881,1.249468,4.296353,4.273556,4.314985,0.758059,0.756201,0.762916
dmd,63,17,padded,vector16store,6,438.525,1.028,1.614120,1.600373,1.649205,3.255319,3.243161,3.286585,1.000000,1.000000,1.000000
dmd,63,17,padded,cpp-approved-execution,6,134.836,0.608,5.266365,5.209726,5.391437,1.000000,1.000000,1.000000,3.255319,3.243161,3.286585
dmd,63,17,repeated-source,original,6,711.885,1.094,1.000000,1.000000,1.000000,5.287665,5.265244,5.323171,0.611112,0.607675,0.617834
dmd,63,17,repeated-source,selected64,6,577.254,0.852,1.230879,1.221358,1.240057,4.294207,4.277439,4.310976,0.752929,0.751061,0.760513
dmd,63,17,repeated-source,vector16store,6,435.041,0.659,1.636362,1.618557,1.645617,3.234756,3.231003,3.253049,1.000000,1.000000,1.000000
dmd,63,17,repeated-source,cpp-approved-execution,6,134.426,0.305,5.287665,5.265244,5.323171,1.000000,1.000000,1.000000,3.234756,3.231003,3.253049
dmd,63,17,universal,original,6,9109.221,2.740,1.000000,1.000000,1.000000,15.280124,15.003434,15.453544,0.996434,0.992110,1.009522
dmd,63,17,universal,selected64,6,9078.689,2.451,0.995630,0.985874,1.008409,15.219513,15.192308,15.590502,0.996773,0.984320,1.008141
dmd,63,17,universal,vector16store,6,9088.525,1.218,1.003582,0.990568,1.007953,15.241266,15.146291,15.363386,1.000000,1.000000,1.000000
dmd,63,17,universal,cpp-approved-execution,6,596.107,0.206,15.280124,15.003434,15.453544,1.000000,1.000000,1.000000,15.241266,15.146291,15.363386
dmd,63,128,contiguous,original,6,4540.625,0.138,1.000000,1.000000,1.000000,6.758140,6.700461,6.789720,0.528562,0.528198,0.529938
dmd,63,128,contiguous,selected64,6,4509.375,0.139,1.007620,1.006233,1.007628,6.709302,6.649770,6.738318,0.532594,0.532225,0.533241
dmd,63,128,contiguous,vector16store,6,2401.562,0.260,1.891927,1.887013,1.893229,3.574419,3.539171,3.588785,1.000000,1.000000,1.000000
dmd,63,128,contiguous,cpp-approved-execution,6,671.875,1.395,6.758140,6.700461,6.789720,1.000000,1.000000,1.000000,3.574419,3.539171,3.588785
dmd,63,128,negative-both,original,6,4590.625,19.877,1.000000,1.000000,1.000000,4.520043,4.492355,5.401840,0.542206,0.452016,0.543227
dmd,63,128,negative-both,selected64,6,3564.062,23.235,1.288038,1.050036,1.295414,3.514677,3.467890,4.317901,0.698380,0.569693,0.701230
dmd,63,128,negative-both,vector16store,6,2489.062,0.377,1.844320,1.840852,2.212312,2.443252,2.431193,2.470588,1.000000,1.000000,1.000000
dmd,63,128,negative-both,cpp-approved-execution,6,1018.750,1.227,4.520043,4.492355,5.401840,1.000000,1.000000,1.000000,2.443252,2.431193,2.470588
dmd,63,128,negative-source,original,6,4595.312,0.476,1.000000,1.000000,1.000000,4.538580,4.523077,4.549383,0.541837,0.540027,0.542683
dmd,63,128,negative-source,selected64,6,3570.312,22.757,1.288344,1.050000,1.292469,3.526235,3.503067,4.320988,0.697023,0.568571,0.701401
dmd,63,128,negative-source,vector16store,6,2489.062,0.753,1.845575,1.842697,1.851759,2.456923,2.452308,2.462963,1.000000,1.000000,1.000000
dmd,63,128,negative-source,cpp-approved-execution,6,1012.500,0.926,4.538580,4.523077,4.549383,1.000000,1.000000,1.000000,2.456923,2.452308,2.462963
dmd,63,128,padded,original,6,4590.625,0.817,1.000000,1.000000,1.000000,4.528429,4.520000,4.544892,0.541865,0.541184,0.542234
dmd,63,128,padded,selected64,6,3564.062,22.972,1.289586,1.052330,1.296558,3.511539,3.486154,4.318885,0.698469,0.570609,0.702560
dmd,63,128,padded,vector16store,6,2487.500,0.754,1.845477,1.844221,1.847799,2.453166,2.446154,2.464396,1.000000,1.000000,1.000000
dmd,63,128,padded,cpp-approved-execution,6,1014.062,1.233,4.528429,4.520000,4.544892,1.000000,1.000000,1.000000,2.453166,2.446154,2.464396
dmd,63,128,repeated-source,original,6,4584.375,14.042,1.000000,1.000000,1.000000,4.561439,4.527778,5.176471,0.541084,0.475478,0.542604
dmd,63,128,repeated-source,selected64,6,3554.688,22.945,1.291245,1.050143,1.466667,3.534176,3.512346,4.321981,0.698196,0.569484,0.699559
dmd,63,128,repeated-source,vector16store,6,2482.812,0.378,1.848141,1.842965,2.103145,2.463569,2.456790,2.481250,1.000000,1.000000,1.000000
dmd,63,128,repeated-source,cpp-approved-execution,6,1007.812,1.240,4.561439,4.527778,5.176471,1.000000,1.000000,1.000000,2.463569,2.456790,2.481250
dmd,63,128,universal,original,6,68471.875,2.314,1.000000,1.000000,1.000000,15.284967,15.161898,15.494077,0.994078,0.982651,1.000411
dmd,63,128,universal,selected64,6,68218.750,2.382,1.003477,0.982189,1.017937,15.228464,15.084379,15.436846,0.996544,0.981194,1.004627
dmd,63,128,universal,vector16store,6,68073.438,1.845,1.005974,0.999590,1.017655,15.201326,15.034892,15.294077,1.000000,1.000000,1.000000
dmd,63,128,universal,cpp-approved-execution,6,4479.688,0.140,15.284967,15.161898,15.494077,1.000000,1.000000,1.000000,15.201326,15.034892,15.294077
dmd,64,1,contiguous,original,6,82.703,7.941,1.000000,1.000000,1.000000,10.520186,10.478261,11.313665,0.789364,0.747186,0.803904
dmd,64,1,contiguous,selected64,6,65.649,2.529,1.259395,1.232592,1.323765,8.350932,8.335404,8.546584,0.990974,0.989099,1.004463
dmd,64,1,contiguous,vector16store,6,65.540,2.459,1.266843,1.243929,1.338354,8.336957,8.248447,8.453416,1.000000,1.000000,1.000000
dmd,64,1,contiguous,cpp-approved-execution,6,7.861,0.000,10.520186,10.478261,11.313665,1.000000,1.000000,1.000000,8.336957,8.248447,8.453416
dmd,64,1,negative-both,original,6,83.459,2.223,1.000000,1.000000,1.000000,10.454128,10.376147,10.608563,0.780483,0.772517,0.789582
dmd,64,1,negative-both,selected64,6,65.820,0.779,1.269188,1.258531,1.292956,8.244648,8.204893,8.269113,0.993123,0.986647,1.005218
dmd,64,1,negative-both,vector16store,6,65.210,1.423,1.281260,1.266494,1.294469,8.168196,8.134557,8.250765,1.000000,1.000000,1.000000
dmd,64,1,negative-both,cpp-approved-execution,6,7.983,0.000,10.454128,10.376147,10.608563,1.000000,1.000000,1.000000,8.168196,8.134557,8.250765
dmd,64,1,negative-source,original,6,88.818,11.435,1.000000,1.000000,1.000000,11.076453,7.557411,11.669725,0.739671,0.694444,0.784706
dmd,64,1,negative-source,selected64,6,65.588,2.457,1.343270,1.264411,1.422819,8.212538,5.603340,8.403670,0.991997,0.988069,1.035421
dmd,64,1,negative-source,vector16store,6,65.552,4.730,1.351999,1.274363,1.440000,8.211009,5.557411,8.492355,1.000000,1.000000,1.000000
dmd,64,1,negative-source,cpp-approved-execution,6,7.983,46.483,11.076453,7.557411,11.669725,1.000000,1.000000,1.000000,8.211009,5.557411,8.492355
dmd,64,1,padded,original,6,82.825,3.242,1.000000,1.000000,1.000000,10.374618,10.333333,10.669725,0.787588,0.768415,0.792073
dmd,64,1,padded,selected64,6,65.942,1.407,1.256253,1.242101,1.288405,8.259939,8.207951,8.324159,0.989435,0.983835,1.003726
dmd,64,1,padded,vector16store,6,65.283,1.122,1.269704,1.262509,1.301380,8.177370,8.146789,8.238532,1.000000,1.000000,1.000000
dmd,64,1,padded,cpp-approved-execution,6,7.983,0.000,10.374618,10.333333,10.669725,1.000000,1.000000,1.000000,8.177370,8.146789,8.238532
dmd,64,1,repeated-source,original,6,83.105,8.167,1.000000,1.000000,1.000000,10.409786,10.287462,11.137615,0.790244,0.731466,0.805291
dmd,64,1,repeated-source,selected64,6,66.113,2.474,1.260308,1.228634,1.343416,8.281346,8.207951,8.412844,0.989529,0.982663,1.007079
dmd,64,1,repeated-source,vector16store,6,65.674,2.714,1.265452,1.241787,1.367117,8.226300,8.122324,8.345566,1.000000,1.000000,1.000000
dmd,64,1,repeated-source,cpp-approved-execution,6,7.983,0.000,10.409786,10.287462,11.137615,1.000000,1.000000,1.000000,8.226300,8.122324,8.345566
dmd,64,1,universal,original,6,657.349,1.463,1.000000,1.000000,1.000000,17.578054,17.442848,17.711765,1.006672,1.001227,1.041528
dmd,64,1,universal,selected64,6,663.647,2.152,0.991069,0.978348,0.995853,17.755062,17.619048,18.035948,0.999718,0.983838,1.018977
dmd,64,1,universal,vector16store,6,663.208,3.251,0.993395,0.960128,0.998775,17.749100,17.567515,18.167211,1.000000,1.000000,1.000000
dmd,64,1,universal,cpp-approved-execution,6,37.378,0.196,17.578054,17.442848,17.711765,1.000000,1.000000,1.000000,17.749100,17.567515,18.167211
dmd,64,17,contiguous,original,6,649.375,2.310,1.000000,1.000000,1.000000,7.396570,7.162037,7.509524,0.421905,0.417038,0.426347
dmd,64,17,contiguous,selected64,6,274.167,0.304,2.366731,2.341945,2.396657,3.130952,3.046296,3.133333,0.998480,0.996965,1.000000
dmd,64,17,contiguous,vector16store,6,273.750,0.304,2.370357,2.345510,2.397866,3.126190,3.046296,3.133333,1.000000,1.000000,1.000000
dmd,64,17,contiguous,cpp-approved-execution,6,87.500,2.857,7.396570,7.162037,7.509524,1.000000,1.000000,1.000000,3.126190,3.046296,3.133333
dmd,64,17,negative-both,original,6,723.333,4.781,1.000000,1.000000,1.000000,7.654977,7.452586,7.693333,0.493517,0.472376,0.493934
dmd,64,17,negative-both,selected64,6,354.583,1.175,2.032902,2.024619,2.126910,3.749420,3.560669,3.791111,1.003525,1.000000,1.005896
dmd,64,17,negative-both,vector16store,6,355.833,0.820,2.026273,2.024561,2.116959,3.764820,3.577406,3.800000,1.000000,1.000000,1.000000
dmd,64,17,negative-both,cpp-approved-execution,6,94.792,6.154,7.654977,7.452586,7.693333,1.000000,1.000000,1.000000,3.764820,3.577406,3.800000
dmd,64,17,negative-source,original,6,725.625,3.101,1.000000,1.000000,1.000000,7.793722,7.699115,8.013453,0.490670,0.480134,0.513529
dmd,64,17,negative-source,selected64,6,355.000,4.343,2.045224,1.958286,2.092506,3.813901,3.774336,3.959821,1.003527,1.002350,1.005637
dmd,64,17,negative-source,vector16store,6,356.250,4.561,2.038043,1.947309,2.082751,3.827354,3.787611,3.982143,1.000000,1.000000,1.000000
dmd,64,17,negative-source,cpp-approved-execution,6,93.125,1.342,7.793722,7.699115,8.013453,1.000000,1.000000,1.000000,3.827354,3.787611,3.982143
dmd,64,17,padded,original,6,724.375,1.956,1.000000,1.000000,1.000000,7.625060,7.515284,7.663755,0.490081,0.485470,0.496223
dmd,64,17,padded,selected64,6,354.583,0.588,2.040490,2.015222,2.067138,3.727074,3.691304,3.748899,1.000588,0.998822,1.003534
dmd,64,17,padded,vector16store,6,355.000,0.704,2.040493,2.015222,2.059859,3.724891,3.686957,3.757709,1.000000,1.000000,1.000000
dmd,64,17,padded,cpp-approved-execution,6,95.417,1.310,7.625060,7.515284,7.663755,1.000000,1.000000,1.000000,3.724891,3.686957,3.757709
dmd,64,17,repeated-source,original,6,722.292,8.076,1.000000,1.000000,1.000000,7.742713,7.617778,8.313901,0.483414,0.453074,0.491832
dmd,64,17,repeated-source,selected64,6,350.833,0.713,2.056346,2.035629,2.212411,3.760620,3.725664,3.767857,0.997630,0.992874,1.002387
dmd,64,17,repeated-source,vector16store,6,350.000,0.833,2.068620,2.033215,2.207143,3.748333,3.699115,3.766816,1.000000,1.000000,1.000000
dmd,64,17,repeated-source,cpp-approved-execution,6,93.333,1.339,7.742713,7.617778,8.313901,1.000000,1.000000,1.000000,3.748333,3.699115,3.766816
dmd,64,17,universal,original,6,9128.333,1.461,1.000000,1.000000,1.000000,15.108966,15.011034,15.242236,1.001120,0.994164,1.033860
dmd,64,17,universal,selected64,6,9188.958,2.022,0.991235,0.975201,1.005097,15.209310,15.164941,15.419532,1.002416,0.972926,1.014485
dmd,64,17,universal,vector16store,6,9186.458,3.724,0.998893,0.967249,1.005870,15.210452,15.002063,15.603448,1.000000,1.000000,1.000000
dmd,64,17,universal,cpp-approved-execution,6,604.167,0.345,15.108966,15.011034,15.242236,1.000000,1.000000,1.000000,15.210452,15.002063,15.603448
dmd,64,128,contiguous,original,6,4612.500,0.203,1.000000,1.000000,1.000000,6.726692,6.674208,6.770642,0.378598,0.377883,0.380081
dmd,64,128,contiguous,selected64,6,1748.438,0.715,2.637753,2.626335,2.645161,2.553528,2.533937,2.559633,0.998217,0.996435,1.000000
dmd,64,128,contiguous,vector16store,6,1746.875,0.716,2.641324,2.631016,2.646320,2.551256,2.529412,2.559633,1.000000,1.000000,1.000000
dmd,64,128,contiguous,cpp-approved-execution,6,685.938,1.367,6.726692,6.674208,6.770642,1.000000,1.000000,1.000000,2.551256,2.529412,2.559633
dmd,64,128,negative-both,original,6,4664.062,0.268,1.000000,1.000000,1.000000,6.266807,6.216667,6.303797,0.393432,0.391829,0.395582
dmd,64,128,negative-both,selected64,6,1835.938,0.681,2.540427,2.532203,2.547782,2.462185,2.445833,2.489451,0.998299,0.998294,1.001704
dmd,64,128,negative-both,vector16store,6,1834.375,1.022,2.541738,2.527919,2.552137,2.457983,2.450000,2.493671,1.000000,1.000000,1.000000
dmd,64,128,negative-both,cpp-approved-execution,6,743.750,1.261,6.266807,6.216667,6.303797,1.000000,1.000000,1.000000,2.457983,2.450000,2.493671
dmd,64,128,negative-source,original,6,4664.062,0.670,1.000000,1.000000,1.000000,6.154653,6.135802,6.176955,0.397061,0.395442,0.400536
dmd,64,128,negative-source,selected64,6,1859.375,1.008,2.514286,2.505034,2.532203,2.448560,2.427984,2.458678,1.000840,0.996639,1.003356
dmd,64,128,negative-source,vector16store,6,1856.250,1.347,2.518511,2.496656,2.528814,2.449486,2.432099,2.460905,1.000000,1.000000,1.000000
dmd,64,128,negative-source,cpp-approved-execution,6,759.375,0.412,6.154653,6.135802,6.176955,1.000000,1.000000,1.000000,2.449486,2.432099,2.460905
dmd,64,128,padded,original,6,4662.500,0.067,1.000000,1.000000,1.000000,6.214583,6.165289,6.242678,0.392893,0.392091,0.410858
dmd,64,128,padded,selected64,6,1834.375,4.940,2.541745,2.429967,2.548718,2.445833,2.429752,2.547718,0.999186,0.994898,1.001709
dmd,64,128,padded,vector16store,6,1831.250,4.778,2.545222,2.433931,2.550427,2.441667,2.425620,2.543568,1.000000,1.000000,1.000000
dmd,64,128,padded,cpp-approved-execution,6,750.000,1.250,6.214583,6.165289,6.242678,1.000000,1.000000,1.000000,2.441667,2.425620,2.543568
dmd,64,128,repeated-source,original,6,4653.125,0.336,1.000000,1.000000,1.000000,6.376068,6.358974,6.390558,0.393349,0.392354,0.399196
dmd,64,128,repeated-source,selected64,6,1832.812,1.876,2.537951,2.505034,2.548718,2.511803,2.500000,2.547009,1.000000,0.996599,1.000000
dmd,64,128,repeated-source,vector16store,6,1829.688,1.879,2.542273,2.505034,2.548718,2.507511,2.500000,2.547009,1.000000,1.000000,1.000000
dmd,64,128,repeated-source,cpp-approved-execution,6,731.250,0.427,6.376068,6.358974,6.390558,1.000000,1.000000,1.000000,2.507511,2.500000,2.547009
dmd,64,128,universal,original,6,68540.625,1.536,1.000000,1.000000,1.000000,15.065596,15.021978,15.253434,1.006475,0.989012,1.017372
dmd,64,128,universal,selected64,6,68820.312,3.446,0.996696,0.972034,1.013786,15.125343,14.964997,15.507216,0.994042,0.986494,1.029717
dmd,64,128,universal,vector16store,6,68973.438,3.919,0.993567,0.982925,1.011110,15.153789,14.909278,15.493132,1.000000,1.000000,1.000000
dmd,64,128,universal,cpp-approved-execution,6,4550.000,0.137,15.065596,15.021978,15.253434,1.000000,1.000000,1.000000,15.153789,14.909278,15.493132
dmd,65,1,contiguous,original,6,83.805,8.819,1.000000,1.000000,1.000000,10.208459,10.084337,11.015106,0.775821,0.724081,0.791816
dmd,65,1,contiguous,selected64,6,65.985,1.879,1.277096,1.244147,1.367592,8.025684,7.978852,8.123867,0.990959,0.975827,0.995087
dmd,65,1,contiguous,vector16store,6,65.352,1.214,1.288957,1.262920,1.381061,7.948727,7.912387,7.984940,1.000000,1.000000,1.000000
dmd,65,1,contiguous,cpp-approved-execution,6,8.209,0.302,10.208459,10.084337,11.015106,1.000000,1.000000,1.000000,7.948727,7.912387,7.984940
dmd,65,1,negative-both,original,6,88.951,15.614,1.000000,1.000000,1.000000,10.262112,9.656160,11.260745,0.741853,0.669211,0.798516
dmd,65,1,negative-both,selected64,6,67.969,9.670,1.317415,1.163174,1.484700,7.841371,7.581662,8.340974,0.973876,0.906218,0.995560
dmd,65,1,negative-both,vector16store,6,65.327,2.430,1.349330,1.252323,1.494297,7.547278,7.527221,7.710602,1.000000,1.000000,1.000000
dmd,65,1,negative-both,cpp-approved-execution,6,8.656,0.287,10.262112,9.656160,11.260745,1.000000,1.000000,1.000000,7.547278,7.527221,7.710602
dmd,65,1,negative-source,original,6,89.323,13.855,1.000000,1.000000,1.000000,10.319484,9.793696,11.223496,0.738167,0.669135,0.770041
dmd,65,1,negative-source,selected64,6,65.737,0.981,1.356576,1.286898,1.483712,7.594556,7.553009,7.627507,0.994125,0.990964,1.009804
dmd,65,1,negative-source,vector16store,6,65.340,2.164,1.355261,1.298632,1.494468,7.548711,7.510029,7.673352,1.000000,1.000000,1.000000
dmd,65,1,negative-source,cpp-approved-execution,6,8.656,0.000,10.319484,9.793696,11.223496,1.000000,1.000000,1.000000,7.548711,7.510029,7.673352
dmd,65,1,padded,original,6,83.358,8.063,1.000000,1.000000,1.000000,9.616623,9.561605,10.338109,0.793059,0.730876,0.861823
dmd,65,1,padded,selected64,6,65.873,5.761,1.268078,1.192212,1.358434,7.610315,7.560000,8.020057,0.998108,0.958199,1.091664
dmd,65,1,padded,vector16store,6,66.233,9.773,1.260952,1.160332,1.368221,7.651862,7.522857,8.268571,1.000000,1.000000,1.000000
dmd,65,1,padded,cpp-approved-execution,6,8.656,0.287,9.616623,9.561605,10.338109,1.000000,1.000000,1.000000,7.651862,7.522857,8.268571
dmd,65,1,repeated-source,original,6,84.139,3.154,1.000000,1.000000,1.000000,9.692857,9.525714,9.859599,0.782705,0.766056,0.801171
dmd,65,1,repeated-source,selected64,6,65.960,4.399,1.268812,1.222383,1.301437,7.610315,7.574286,7.888571,0.988780,0.951829,1.025487
dmd,65,1,repeated-source,vector16store,6,65.278,4.521,1.277655,1.248173,1.305387,7.530790,7.477143,7.839542,1.000000,1.000000,1.000000
dmd,65,1,repeated-source,cpp-approved-execution,6,8.681,0.286,9.692857,9.525714,9.859599,1.000000,1.000000,1.000000,7.530790,7.477143,7.839542
dmd,65,1,universal,original,6,667.088,1.502,1.000000,1.000000,1.000000,17.596968,17.470934,17.741176,1.008717,1.007367,1.044461
dmd,65,1,universal,selected64,6,677.493,7.237,0.984648,0.941160,0.997910,17.871414,17.525180,18.818182,0.993794,0.983005,1.005262
dmd,65,1,universal,vector16store,6,673.760,4.958,0.991358,0.957432,0.992687,17.772963,17.614631,18.498365,1.000000,1.000000,1.000000
dmd,65,1,universal,cpp-approved-execution,6,37.922,0.196,17.596968,17.470934,17.741176,1.000000,1.000000,1.000000,17.772963,17.614631,18.498365
dmd,65,17,contiguous,original,6,714.557,15.589,1.000000,1.000000,1.000000,8.016521,7.495238,8.710900,0.395335,0.365071,0.425032
dmd,65,17,contiguous,selected64,6,283.544,0.744,2.525372,2.349254,2.731055,3.189573,3.164319,3.195238,0.998509,0.994056,1.000000
dmd,65,17,contiguous,vector16store,6,282.489,0.747,2.529499,2.352765,2.739195,3.175355,3.164319,3.190476,1.000000,1.000000,1.000000
dmd,65,17,contiguous,cpp-approved-execution,6,89.030,1.422,8.016521,7.495238,8.710900,1.000000,1.000000,1.000000,3.175355,3.164319,3.190476
dmd,65,17,negative-both,original,6,770.253,5.478,1.000000,1.000000,1.000000,7.420732,7.044715,7.451220,0.475144,0.470267,0.496249
dmd,65,17,negative-both,selected64,6,362.236,1.398,2.124125,2.017462,2.138856,3.489837,3.433735,3.524390,1.005801,1.000000,1.010490
dmd,65,17,negative-both,vector16store,6,363.924,1.391,2.104624,2.015116,2.126450,3.502033,3.465863,3.544715,1.000000,1.000000,1.000000
dmd,65,17,negative-both,cpp-approved-execution,6,103.797,1.220,7.420732,7.044715,7.451220,1.000000,1.000000,1.000000,3.502033,3.465863,3.544715
dmd,65,17,negative-source,original,6,765.823,5.510,1.000000,1.000000,1.000000,7.363072,6.959839,7.451220,0.475196,0.470267,0.498557
dmd,65,17,negative-source,selected64,6,362.658,0.582,2.114796,2.012776,2.126450,3.487805,3.457831,3.504065,1.004072,1.000000,1.007001
dmd,65,17,negative-source,vector16store,6,364.135,0.348,2.104403,2.005787,2.126450,3.502033,3.469880,3.508130,1.000000,1.000000,1.000000
dmd,65,17,negative-source,cpp-approved-execution,6,103.797,1.220,7.363072,6.959839,7.451220,1.000000,1.000000,1.000000,3.502033,3.469880,3.508130
dmd,65,17,padded,original,6,772.785,4.040,1.000000,1.000000,1.000000,7.496939,7.341463,7.736626,0.471470,0.457979,0.477298
dmd,65,17,padded,selected64,6,362.447,1.513,2.125146,2.112281,2.193699,3.523620,3.472000,3.547325,1.003488,0.998848,1.008187
dmd,65,17,padded,vector16store,6,363.924,0.812,2.121033,2.095128,2.183508,3.533900,3.468000,3.555556,1.000000,1.000000,1.000000
dmd,65,17,padded,cpp-approved-execution,6,102.743,2.875,7.496939,7.341463,7.736626,1.000000,1.000000,1.000000,3.533900,3.468000,3.555556
dmd,65,17,repeated-source,original,6,767.511,8.631,1.000000,1.000000,1.000000,7.389446,6.987854,7.654472,0.467016,0.451938,0.493048
dmd,65,17,repeated-source,selected64,6,358.650,0.471,2.138744,2.037780,2.215294,3.448290,3.429150,3.469388,0.999412,0.997647,1.004723
dmd,65,17,repeated-source,vector16store,6,358.650,0.353,2.141262,2.028202,2.212691,3.450314,3.433198,3.465306,1.000000,1.000000,1.000000
dmd,65,17,repeated-source,cpp-approved-execution,6,104.008,0.811,7.389446,6.987854,7.654472,1.000000,1.000000,1.000000,3.450314,3.433198,3.465306
dmd,65,17,universal,original,6,9376.371,4.154,1.000000,1.000000,1.000000,14.055661,13.919039,14.303805,1.001952,0.967465,1.008875
dmd,65,17,universal,selected64,6,9388.397,2.768,0.997777,0.978189,1.043983,14.094332,13.701185,14.281467,1.003073,0.980006,1.010017
dmd,65,17,universal,vector16store,6,9350.633,2.423,0.998052,0.991203,1.033629,13.979485,13.838428,14.332487,1.000000,1.000000,1.000000
dmd,65,17,universal,cpp-approved-execution,6,667.089,1.708,14.055661,13.919039,14.303805,1.000000,1.000000,1.000000,13.979485,13.838428,14.332487
dmd,65,128,contiguous,original,6,5195.161,2.297,1.000000,1.000000,1.000000,7.490698,7.325581,7.497674,0.349379,0.348852,0.356190
dmd,65,128,contiguous,selected64,6,1816.129,1.954,2.857145,2.807487,2.861456,2.618605,2.609302,2.660465,0.998225,0.998224,1.000000
dmd,65,128,contiguous,vector16store,6,1812.903,1.957,2.862224,2.807487,2.866548,2.613953,2.606481,2.660465,1.000000,1.000000,1.000000
dmd,65,128,contiguous,cpp-approved-execution,6,693.548,0.465,7.490698,7.325581,7.497674,1.000000,1.000000,1.000000,2.613953,2.606481,2.660465
dmd,65,128,negative-both,original,6,5275.806,10.700,1.000000,1.000000,1.000000,6.581520,5.868000,6.650407,0.362580,0.361754,0.404908
dmd,65,128,negative-both,selected64,6,1916.129,0.505,2.753367,2.473862,2.763514,2.395978,2.372000,2.414634,0.999160,0.998316,1.001686
dmd,65,128,negative-both,vector16store,6,1914.516,0.337,2.758010,2.469697,2.764310,2.395978,2.376000,2.410569,1.000000,1.000000,1.000000
dmd,65,128,negative-both,cpp-approved-execution,6,798.387,1.616,6.581520,5.868000,6.650407,1.000000,1.000000,1.000000,2.395978,2.376000,2.410569
dmd,65,128,negative-source,original,6,5274.194,10.398,1.000000,1.000000,1.000000,6.621457,5.963415,6.665306,0.361995,0.359633,0.401500
dmd,65,128,negative-source,selected64,6,1903.226,0.678,2.766696,2.490662,2.775891,2.394309,2.377510,2.404082,1.000000,0.998302,1.003378
dmd,65,128,negative-source,vector16store,6,1904.839,1.016,2.762482,2.490662,2.780612,2.393511,2.385542,2.408163,1.000000,1.000000,1.000000
dmd,65,128,negative-source,cpp-approved-execution,6,795.161,1.623,6.621457,5.963415,6.665306,1.000000,1.000000,1.000000,2.393511,2.385542,2.408163
dmd,65,128,padded,original,6,5280.645,11.240,1.000000,1.000000,1.000000,6.654598,5.987755,6.726531,0.363468,0.357403,0.402863
dmd,65,128,padded,selected64,6,1906.452,2.030,2.749169,2.473862,2.793570,2.408163,2.388664,2.453061,0.999153,0.996616,1.001698
dmd,65,128,padded,vector16store,6,1904.839,2.032,2.751523,2.482234,2.797963,2.407334,2.384615,2.453061,1.000000,1.000000,1.000000
dmd,65,128,padded,cpp-approved-execution,6,790.323,0.816,6.654598,5.987755,6.726531,1.000000,1.000000,1.000000,2.407334,2.384615,2.453061
dmd,65,128,repeated-source,original,6,4993.548,11.047,1.000000,1.000000,1.000000,6.384230,6.024691,6.784232,0.387592,0.360123,0.403005
dmd,65,128,repeated-source,selected64,6,1903.226,3.729,2.583423,2.477157,2.775891,2.432099,2.419753,2.520661,0.999154,0.998299,1.000000
dmd,65,128,repeated-source,vector16store,6,1901.613,3.902,2.583423,2.481356,2.776831,2.427984,2.419753,2.520661,1.000000,1.000000,1.000000
dmd,65,128,repeated-source,cpp-approved-execution,6,782.258,0.825,6.384230,6.024691,6.784232,1.000000,1.000000,1.000000,2.427984,2.419753,2.520661
dmd,65,128,universal,original,6,69382.258,2.232,1.000000,1.000000,1.000000,13.586860,13.363356,13.854338,1.013137,1.001309,1.032206
dmd,65,128,universal,selected64,6,69967.742,5.763,0.991632,0.958633,0.994947,13.711092,13.435534,14.452185,1.000524,0.973357,1.022958
dmd,65,128,universal,vector16store,6,70877.419,3.891,0.987038,0.968799,0.998693,13.764013,13.550917,14.067131,1.000000,1.000000,1.000000
dmd,65,128,universal,cpp-approved-execution,6,5096.774,2.658,13.586860,13.363356,13.854338,1.000000,1.000000,1.000000,13.764013,13.550917,14.067131
dmd,95,1,contiguous,original,6,99.801,1.307,1.000000,1.000000,1.000000,8.004360,7.953488,8.058140,0.764349,0.754437,0.799927
dmd,95,1,contiguous,selected64,6,76.241,1.997,1.304708,1.294722,1.313511,6.114826,6.101744,6.223837,0.996196,0.988323,1.048548
dmd,95,1,contiguous,vector16store,6,76.223,5.706,1.308305,1.250113,1.325492,6.113372,6.055233,6.404070,1.000000,1.000000,1.000000
dmd,95,1,contiguous,cpp-approved-execution,6,12.468,0.000,8.004360,7.953488,8.058140,1.000000,1.000000,1.000000,6.113372,6.055233,6.404070
dmd,95,1,negative-both,original,6,101.504,7.856,1.000000,1.000000,1.000000,7.978632,7.837607,8.464387,0.753708,0.709862,0.778626
dmd,95,1,negative-both,selected64,6,76.894,2.593,1.320055,1.270670,1.408057,6.044160,6.011396,6.168091,0.994810,0.989376,1.001865
dmd,95,1,negative-both,vector16store,6,76.694,2.694,1.326774,1.284314,1.408725,6.028490,5.960114,6.122507,1.000000,1.000000,1.000000
dmd,95,1,negative-both,cpp-approved-execution,6,12.722,0.000,7.978632,7.837607,8.464387,1.000000,1.000000,1.000000,6.028490,5.960114,6.122507
dmd,95,1,negative-source,original,6,100.000,2.211,1.000000,1.000000,1.000000,7.860399,7.803419,7.977208,0.758065,0.750714,0.763636
dmd,95,1,negative-source,selected64,6,76.278,0.760,1.311220,1.303665,1.325758,5.990053,5.980057,6.017094,0.993822,0.991017,1.000476
dmd,95,1,negative-source,vector16store,6,75.970,0.811,1.319149,1.309524,1.332065,5.958689,5.937677,5.988604,1.000000,1.000000,1.000000
dmd,95,1,negative-source,cpp-approved-execution,6,12.722,0.570,7.860399,7.803419,7.977208,1.000000,1.000000,1.000000,5.958689,5.937677,5.988604
dmd,95,1,padded,original,6,100.163,18.274,1.000000,1.000000,1.000000,7.873219,7.783476,9.222222,0.756472,0.650602,0.763120
dmd,95,1,padded,selected64,6,76.314,0.997,1.314388,1.292511,1.525448,5.995726,5.963173,6.048433,0.992900,0.986340,0.996675
dmd,95,1,padded,vector16store,6,75.879,1.051,1.321937,1.310411,1.537037,5.955840,5.937322,6.000000,1.000000,1.000000,1.000000
dmd,95,1,padded,cpp-approved-execution,6,12.722,0.570,7.873219,7.783476,9.222222,1.000000,1.000000,1.000000,5.955840,5.937322,6.000000
dmd,95,1,repeated-source,original,6,100.544,10.238,1.000000,1.000000,1.000000,7.903134,7.840456,8.649573,0.752885,0.694335,0.761265
dmd,95,1,repeated-source,selected64,6,77.075,7.195,1.307997,1.234667,1.441429,6.058405,5.974359,6.410256,0.988242,0.928444,1.002857
dmd,95,1,repeated-source,vector16store,6,75.825,1.004,1.328226,1.313604,1.440228,5.960114,5.945869,6.005698,1.000000,1.000000,1.000000
dmd,95,1,repeated-source,cpp-approved-execution,6,12.722,0.000,7.903134,7.840456,8.649573,1.000000,1.000000,1.000000,5.960114,5.945869,6.005698
dmd,95,1,universal,original,6,922.599,5.732,1.000000,1.000000,1.000000,17.033802,16.793536,17.996656,0.998803,0.991158,1.001611
dmd,95,1,universal,selected64,6,926.477,4.194,1.000400,0.993752,1.024796,17.061580,16.831135,17.561204,0.998619,0.995353,1.022168
dmd,95,1,universal,vector16store,6,923.106,6.341,1.001199,0.998391,1.008921,17.047189,16.758575,17.950502,1.000000,1.000000,1.000000
dmd,95,1,universal,cpp-approved-execution,6,54.168,1.472,17.033802,16.793536,17.996656,1.000000,1.000000,1.000000,17.047189,16.758575,17.950502
dmd,95,17,contiguous,original,6,940.741,0.262,1.000000,1.000000,1.000000,7.257143,7.150235,7.277512,0.486540,0.486220,0.487853
dmd,95,17,contiguous,selected64,6,458.025,0.539,2.053270,2.046980,2.058030,3.530952,3.488263,3.545455,0.998652,0.995973,1.001350
dmd,95,17,contiguous,vector16store,6,457.716,0.405,2.055331,2.049798,2.056680,3.528571,3.483568,3.540670,1.000000,1.000000,1.000000
dmd,95,17,contiguous,cpp-approved-execution,6,129.630,1.905,7.257143,7.150235,7.277512,1.000000,1.000000,1.000000,3.528571,3.483568,3.540670
dmd,95,17,negative-both,original,6,1009.877,1.895,1.000000,1.000000,1.000000,5.863799,5.806452,5.917563,0.531942,0.523925,0.537940
dmd,95,17,negative-both,selected64,6,536.728,1.380,1.877938,1.866359,1.897912,3.116487,3.089606,3.132616,0.999436,0.991972,1.009281
dmd,95,17,negative-both,vector16store,6,536.728,1.495,1.879905,1.858945,1.908671,3.116487,3.089606,3.136201,1.000000,1.000000,1.000000
dmd,95,17,negative-both,cpp-approved-execution,6,172.222,0.000,5.863799,5.806452,5.917563,1.000000,1.000000,1.000000,3.116487,3.089606,3.136201
dmd,95,17,negative-source,original,6,1003.086,1.538,1.000000,1.000000,1.000000,5.834848,5.799283,5.885305,0.531385,0.528015,0.534323
dmd,95,17,negative-source,selected64,6,537.654,0.804,1.873059,1.856487,1.883028,3.123875,3.103943,3.140288,0.994269,0.990815,0.996536
dmd,95,17,negative-source,vector16store,6,533.333,0.579,1.881877,1.871528,1.893887,3.107720,3.093190,3.122302,1.000000,1.000000,1.000000
dmd,95,17,negative-source,cpp-approved-execution,6,171.914,0.359,5.834848,5.799283,5.885305,1.000000,1.000000,1.000000,3.107720,3.093190,3.122302
dmd,95,17,padded,original,6,1007.407,3.922,1.000000,1.000000,1.000000,5.845878,5.207430,5.867384,0.531270,0.526573,0.548751
dmd,95,17,padded,selected64,6,537.037,6.552,1.874785,1.818378,1.883774,3.116487,2.863777,3.121864,0.994831,0.990805,0.998848
dmd,95,17,padded,vector16store,6,534.568,7.044,1.882286,1.822319,1.899072,3.096774,2.857585,3.107527,1.000000,1.000000,1.000000
dmd,95,17,padded,cpp-approved-execution,6,172.222,15.771,5.845878,5.207430,5.867384,1.000000,1.000000,1.000000,3.096774,2.857585,3.107527
dmd,95,17,repeated-source,original,6,1007.716,53.354,1.000000,1.000000,1.000000,5.851254,5.810036,8.900000,0.527106,0.345506,0.530499
dmd,95,17,repeated-source,selected64,6,531.790,0.348,1.897152,1.878331,2.887601,3.084229,3.082143,3.093190,0.998261,0.993039,1.001163
dmd,95,17,repeated-source,vector16store,6,531.173,0.581,1.897154,1.885017,2.894309,3.078719,3.068100,3.086022,1.000000,1.000000,1.000000
dmd,95,17,repeated-source,cpp-approved-execution,6,172.222,0.358,5.851254,5.810036,8.900000,1.000000,1.000000,1.000000,3.078719,3.068100,3.086022
dmd,95,17,universal,original,6,13563.889,6.567,1.000000,1.000000,1.000000,15.231628,14.883673,15.793080,1.015313,0.986828,1.039091
dmd,95,17,universal,selected64,6,13569.136,9.685,0.994845,0.962995,1.017784,15.207174,14.903401,16.196065,0.999511,0.988960,1.040379
dmd,95,17,universal,vector16store,6,13780.247,10.961,0.985048,0.962380,1.013348,15.459834,14.790476,16.410448,1.000000,1.000000,1.000000
dmd,95,17,universal,cpp-approved-execution,6,892.284,2.283,15.231628,14.883673,15.793080,1.000000,1.000000,1.000000,15.459834,14.790476,16.410448
dmd,95,128,contiguous,original,6,6759.524,12.399,1.000000,1.000000,1.000000,6.826923,6.794258,7.631579,0.463002,0.412539,0.463758
dmd,95,128,contiguous,selected64,6,3133.333,0.152,2.158815,2.156535,2.427702,3.163462,3.143541,3.173913,0.999240,0.998478,1.001522
dmd,95,128,contiguous,vector16store,6,3130.952,0.456,2.159817,2.156297,2.424012,3.158654,3.148325,3.169082,1.000000,1.000000,1.000000
dmd,95,128,contiguous,cpp-approved-execution,6,990.476,0.962,6.826923,6.794258,7.631579,1.000000,1.000000,1.000000,3.158654,3.148325,3.169082
dmd,95,128,negative-both,original,6,6816.667,0.210,1.000000,1.000000,1.000000,4.915808,4.841216,4.920962,0.479051,0.478352,0.479720
dmd,95,128,negative-both,selected64,6,3264.286,0.584,2.088256,2.082969,2.096633,2.350515,2.320946,2.360825,1.000000,0.998544,1.002928
dmd,95,128,negative-both,vector16store,6,3266.667,0.292,2.087464,2.084548,2.090511,2.353952,2.320946,2.357388,1.000000,1.000000,1.000000
dmd,95,128,negative-both,cpp-approved-execution,6,1385.714,1.718,4.915808,4.841216,4.920962,1.000000,1.000000,1.000000,2.353952,2.320946,2.357388
dmd,95,128,negative-source,original,6,6819.048,0.209,1.000000,1.000000,1.000000,5.129032,5.107143,5.151079,0.473445,0.472435,0.480420
dmd,95,128,negative-source,selected64,6,3226.190,1.476,2.113740,2.084548,2.118343,2.425762,2.422939,2.450000,1.001469,0.998527,1.002950
dmd,95,128,negative-source,vector16store,6,3226.190,1.476,2.112177,2.081514,2.116691,2.426523,2.421429,2.453571,1.000000,1.000000,1.000000
dmd,95,128,negative-source,cpp-approved-execution,6,1328.571,0.717,5.129032,5.107143,5.151079,1.000000,1.000000,1.000000,2.426523,2.421429,2.453571
dmd,95,128,padded,original,6,6811.905,0.419,1.000000,1.000000,1.000000,5.116289,5.107143,5.161871,0.474476,0.473058,0.482927
dmd,95,128,padded,selected64,6,3223.810,1.773,2.112260,2.085756,2.116864,2.422939,2.417857,2.474820,1.000740,0.998534,1.007267
dmd,95,128,padded,vector16store,6,3230.952,2.506,2.107601,2.070707,2.113905,2.427547,2.417857,2.492806,1.000000,1.000000,1.000000
dmd,95,128,padded,cpp-approved-execution,6,1330.952,0.716,5.116289,5.107143,5.161871,1.000000,1.000000,1.000000,2.427547,2.417857,2.492806
dmd,95,128,repeated-source,original,6,6814.286,0.699,1.000000,1.000000,1.000000,5.125448,5.117438,5.147482,0.472454,0.471488,0.475192
dmd,95,128,repeated-source,selected64,6,3221.429,0.887,2.117037,2.110619,2.120944,2.421421,2.412811,2.438849,1.000000,0.998532,1.002963
dmd,95,128,repeated-source,vector16store,6,3226.190,0.738,2.116607,2.104412,2.120944,2.423226,2.412811,2.446043,1.000000,1.000000,1.000000
dmd,95,128,repeated-source,cpp-approved-execution,6,1328.571,1.075,5.125448,5.117438,5.147482,1.000000,1.000000,1.000000,2.423226,2.412811,2.446043
dmd,95,128,universal,original,6,102409.524,8.514,1.000000,1.000000,1.000000,15.312205,15.156584,16.459786,0.994762,0.946727,1.012166
dmd,95,128,universal,selected64,6,102652.381,9.528,0.994716,0.984649,1.015956,15.348507,15.176638,16.627758,0.989152,0.937163,1.017790
dmd,95,128,universal,vector16store,6,101826.190,2.768,1.005275,0.987980,1.056271,15.224627,15.172365,15.582918,1.000000,1.000000,1.000000
dmd,95,128,universal,cpp-approved-execution,6,6690.476,0.071,15.312205,15.156584,16.459786,1.000000,1.000000,1.000000,15.224627,15.172365,15.582918
dmd,127,1,contiguous,original,6,118.120,19.770,1.000000,1.000000,1.000000,7.993443,7.859016,9.439344,0.692277,0.580410,0.700042
dmd,127,1,contiguous,selected64,6,81.880,1.775,1.435199,1.422552,1.708605,5.531919,5.524590,5.622951,0.993555,0.991691,0.997636
dmd,127,1,contiguous,vector16store,6,81.492,1.843,1.444509,1.428486,1.722920,5.508990,5.478689,5.580328,1.000000,1.000000,1.000000
dmd,127,1,contiguous,cpp-approved-execution,6,14.777,0.328,7.993443,7.859016,9.439344,1.000000,1.000000,1.000000,5.508990,5.478689,5.580328
dmd,127,1,negative-both,original,6,117.345,11.230,1.000000,1.000000,1.000000,7.787781,7.739550,8.614148,0.689278,0.621501,0.693422
dmd,127,1,negative-both,selected64,6,81.638,0.415,1.438245,1.424260,1.589911,5.418006,5.411576,5.434084,0.990202,0.986982,0.994659
dmd,127,1,negative-both,vector16store,6,80.838,0.659,1.450812,1.442124,1.609009,5.364952,5.353698,5.389068,1.000000,1.000000,1.000000
dmd,127,1,negative-both,cpp-approved-execution,6,15.068,0.000,7.787781,7.739550,8.614148,1.000000,1.000000,1.000000,5.364952,5.353698,5.389068
dmd,127,1,negative-source,original,6,117.272,1.198,1.000000,1.000000,1.000000,7.782958,7.707395,7.800643,0.695130,0.691990,0.698790
dmd,127,1,negative-source,selected64,6,82.195,7.014,1.426722,1.327243,1.430260,5.454984,5.424437,5.807074,0.988472,0.927464,0.995272
dmd,127,1,negative-source,vector16store,6,81.202,1.074,1.438579,1.431045,1.445107,5.389068,5.363344,5.421222,1.000000,1.000000,1.000000
dmd,127,1,negative-source,cpp-approved-execution,6,15.068,0.000,7.782958,7.707395,7.800643,1.000000,1.000000,1.000000,5.389068,5.363344,5.421222
dmd,127,1,padded,original,6,117.054,1.325,1.000000,1.000000,1.000000,7.768489,7.717042,7.819936,0.695666,0.685444,0.705784
dmd,127,1,padded,selected64,6,81.783,0.829,1.426668,1.415194,1.442467,5.427653,5.421222,5.466238,0.992595,0.988731,0.998822
dmd,127,1,padded,vector16store,6,81.177,1.731,1.437477,1.416863,1.458908,5.387460,5.360129,5.453376,1.000000,1.000000,1.000000
dmd,127,1,padded,cpp-approved-execution,6,15.068,0.000,7.768489,7.717042,7.819936,1.000000,1.000000,1.000000,5.387460,5.360129,5.453376
dmd,127,1,repeated-source,original,6,117.708,1.893,1.000000,1.000000,1.000000,7.811897,7.736334,7.884244,0.690469,0.684339,0.698380
dmd,127,1,repeated-source,selected64,6,81.759,1.067,1.437362,1.417550,1.448071,5.426045,5.418006,5.475884,0.991137,0.985320,0.998813
dmd,127,1,repeated-source,vector16store,6,81.153,0.657,1.448293,1.431886,1.461263,5.385852,5.376206,5.411576,1.000000,1.000000,1.000000
dmd,127,1,repeated-source,cpp-approved-execution,6,15.068,0.000,7.811897,7.736334,7.884244,1.000000,1.000000,1.000000,5.385852,5.376206,5.411576
dmd,127,1,universal,original,6,1187.670,3.667,1.000000,1.000000,1.000000,16.608062,15.288582,17.119919,1.004036,0.989157,1.028355
dmd,127,1,universal,selected64,6,1194.840,3.990,0.999590,0.967063,1.030210,16.702647,15.306148,17.196477,0.998713,0.982271,1.019039
dmd,127,1,universal,vector16store,6,1194.477,2.997,0.995982,0.972427,1.010962,16.697598,15.372020,17.101626,1.000000,1.000000,1.000000
dmd,127,1,universal,cpp-approved-execution,6,71.512,7.995,16.608062,15.288582,17.119919,1.000000,1.000000,1.000000,16.697598,15.372020,17.101626
dmd,127,17,contiguous,original,6,1234.711,1.406,1.000000,1.000000,1.000000,7.025910,6.972350,7.047170,0.449280,0.446965,0.568407
dmd,127,17,contiguous,selected64,6,554.545,29.657,2.227443,1.741082,2.230655,3.160377,3.140187,4.004608,0.999255,0.989643,1.001493
dmd,127,17,contiguous,vector16store,6,554.545,28.316,2.225782,1.759302,2.237313,3.165094,3.130841,3.963134,1.000000,1.000000,1.000000
dmd,127,17,contiguous,cpp-approved-execution,6,175.620,2.353,7.025910,6.972350,7.047170,1.000000,1.000000,1.000000,3.165094,3.130841,3.963134
dmd,127,17,negative-both,original,6,1300.826,5.019,1.000000,1.000000,1.000000,5.984791,5.973384,6.250000,0.486023,0.466667,0.488861
dmd,127,17,negative-both,selected64,6,633.058,1.175,2.056173,2.045573,2.162516,2.910646,2.890152,2.920152,1.000648,0.998693,1.009174
dmd,127,17,negative-both,vector16store,6,634.298,1.173,2.057520,2.045573,2.142857,2.914449,2.904943,2.920152,1.000000,1.000000,1.000000
dmd,127,17,negative-both,cpp-approved-execution,6,217.355,1.141,5.984791,5.973384,6.250000,1.000000,1.000000,1.000000,2.914449,2.904943,2.920152
dmd,127,17,negative-source,original,6,1307.851,0.758,1.000000,1.000000,1.000000,6.005711,5.980989,6.026616,0.484658,0.483281,0.486418
dmd,127,17,negative-source,selected64,6,633.471,0.652,2.061968,2.050847,2.069191,2.914449,2.908745,2.916667,1.000000,0.997392,1.001307
dmd,127,17,negative-source,vector16store,6,633.058,0.653,2.063313,2.055844,2.069191,2.912548,2.908745,2.916667,1.000000,1.000000,1.000000
dmd,127,17,negative-source,cpp-approved-execution,6,217.355,0.380,6.005711,5.980989,6.026616,1.000000,1.000000,1.000000,2.912548,2.908745,2.916667
dmd,127,17,padded,original,6,1306.612,1.708,1.000000,1.000000,1.000000,6.011407,5.861940,6.076046,0.484504,0.479349,0.488861
dmd,127,17,padded,selected64,6,634.711,0.521,2.061288,2.045573,2.082245,2.908918,2.865672,2.923954,0.998698,0.994798,1.002614
dmd,127,17,padded,vector16store,6,633.058,0.392,2.063974,2.045573,2.086162,2.905130,2.865672,2.916350,1.000000,1.000000,1.000000
dmd,127,17,padded,cpp-approved-execution,6,217.769,1.898,6.011407,5.861940,6.076046,1.000000,1.000000,1.000000,2.905130,2.865672,2.916350
dmd,127,17,repeated-source,original,6,1304.132,92.332,1.000000,1.000000,1.000000,5.971591,5.721014,10.963768,0.483328,0.325843,0.485750
dmd,127,17,repeated-source,selected64,6,632.231,31.634,2.069171,2.058670,3.026000,2.884470,2.778986,3.623188,0.998039,0.986000,1.001319
dmd,127,17,repeated-source,vector16store,6,628.926,29.829,2.068987,2.058670,3.068966,2.876894,2.770909,3.572464,1.000000,1.000000,1.000000
dmd,127,17,repeated-source,cpp-approved-execution,6,222.727,5.195,5.971591,5.721014,10.963768,1.000000,1.000000,1.000000,2.876894,2.770909,3.572464
dmd,127,17,universal,original,6,18140.496,10.711,1.000000,1.000000,1.000000,15.248254,15.185933,16.751040,0.995921,0.935334,1.005075
dmd,127,17,universal,selected64,6,18030.579,2.438,1.008642,1.002206,1.090224,15.166611,15.058496,15.364771,1.012566,0.998391,1.038120
dmd,127,17,universal,vector16store,6,18201.653,5.367,1.004096,0.994951,1.069136,15.288942,15.136585,15.849827,1.000000,1.000000,1.000000
dmd,127,17,universal,cpp-approved-execution,6,1189.256,0.764,15.248254,15.185933,16.751040,1.000000,1.000000,1.000000,15.288942,15.136585,15.849827
dmd,127,128,contiguous,original,6,8984.375,1.948,1.000000,1.000000,1.000000,6.791995,6.688372,6.938389,0.430261,0.422131,0.432451
dmd,127,128,contiguous,selected64,6,3871.875,0.484,2.320421,2.312399,2.368932,2.922002,2.888372,2.943128,1.000000,0.996779,1.000000
dmd,127,128,contiguous,vector16store,6,3865.625,0.485,2.324172,2.312399,2.368932,2.922002,2.879070,2.943128,1.000000,1.000000,1.000000
dmd,127,128,contiguous,cpp-approved-execution,6,1321.875,1.891,6.791995,6.688372,6.938389,1.000000,1.000000,1.000000,2.922002,2.879070,2.943128
dmd,127,128,negative-both,original,6,9037.500,0.484,1.000000,1.000000,1.000000,5.312500,5.239130,5.357934,0.442754,0.440771,0.444291
dmd,127,128,negative-both,selected64,6,4000.000,0.312,2.259375,2.250779,2.268750,2.352941,2.318841,2.361624,1.000000,0.998437,1.003125
dmd,127,128,negative-both,vector16store,6,4003.125,0.468,2.258600,2.250779,2.268750,2.352941,2.326087,2.361624,1.000000,1.000000,1.000000
dmd,127,128,negative-both,cpp-approved-execution,6,1700.000,1.838,5.312500,5.239130,5.357934,1.000000,1.000000,1.000000,2.352941,2.326087,2.361624
dmd,127,128,negative-source,original,6,9037.500,0.138,1.000000,1.000000,1.000000,5.413858,5.375465,5.439850,0.438105,0.437759,0.439446
dmd,127,128,negative-source,selected64,6,3962.500,0.315,2.280757,2.275591,2.284360,2.374532,2.356877,2.387218,1.000000,0.998423,1.000000
dmd,127,128,negative-source,vector16store,6,3959.375,0.316,2.282557,2.275591,2.284360,2.374532,2.353160,2.383459,1.000000,1.000000,1.000000
dmd,127,128,negative-source,cpp-approved-execution,6,1668.750,1.124,5.413858,5.375465,5.439850,1.000000,1.000000,1.000000,2.374532,2.353160,2.383459
dmd,127,128,padded,original,6,9031.250,0.346,1.000000,1.000000,1.000000,5.430451,5.411985,5.447368,0.438408,0.437673,0.440304
dmd,127,128,padded,selected64,6,3956.250,0.790,2.281991,2.271160,2.282780,2.379699,2.370787,2.398496,1.000000,0.998420,1.001580
dmd,127,128,padded,vector16store,6,3959.375,0.947,2.280980,2.271160,2.284810,2.377820,2.370787,2.398496,1.000000,1.000000,1.000000
dmd,127,128,padded,cpp-approved-execution,6,1662.500,0.376,5.430451,5.411985,5.447368,1.000000,1.000000,1.000000,2.377820,2.370787,2.398496
dmd,127,128,repeated-source,original,6,9025.000,10.457,1.000000,1.000000,1.000000,5.459377,5.399254,6.041667,0.436981,0.396238,0.436981
dmd,127,128,repeated-source,selected64,6,3950.000,0.158,2.288431,2.284810,2.523734,2.387536,2.358209,2.393939,1.000000,0.998418,1.000000
dmd,127,128,repeated-source,vector16store,6,3943.750,0.158,2.288431,2.288431,2.523734,2.385642,2.358209,2.393939,1.000000,1.000000,1.000000
dmd,127,128,repeated-source,cpp-approved-execution,6,1653.125,1.512,5.459377,5.399254,6.041667,1.000000,1.000000,1.000000,2.385642,2.358209,2.393939
dmd,127,128,universal,original,6,135696.875,2.469,1.000000,1.000000,1.000000,15.184710,15.086111,15.452131,1.002145,0.994062,1.030933
dmd,127,128,universal,selected64,6,135681.250,2.266,1.000254,0.996543,1.010927,15.218366,15.063889,15.421163,1.002222,0.995528,1.042198
dmd,127,128,universal,vector16store,6,135671.875,5.652,0.997860,0.969995,1.005974,15.217304,14.996528,15.930119,1.000000,1.000000,1.000000
dmd,127,128,universal,cpp-approved-execution,6,8918.750,1.051,15.184710,15.086111,15.452131,1.000000,1.000000,1.000000,15.217304,14.996528,15.930119
dmd,128,1,contiguous,original,6,117.017,1.586,1.000000,1.000000,1.000000,9.586000,9.034091,9.672000,0.650950,0.645575,0.659966
dmd,128,1,contiguous,selected64,6,77.026,0.951,1.521104,1.500000,1.536462,6.302000,6.022727,6.312000,0.990169,0.986164,0.998733
dmd,128,1,contiguous,vector16store,6,76.318,1.088,1.536219,1.515228,1.549007,6.240000,5.939394,6.304000,1.000000,1.000000,1.000000
dmd,128,1,contiguous,cpp-approved-execution,6,12.207,5.600,9.586000,9.034091,9.672000,1.000000,1.000000,1.000000,6.240000,5.939394,6.304000
dmd,128,1,negative-both,original,6,121.484,11.375,1.000000,1.000000,1.000000,9.492157,8.679612,9.952941,0.639489,0.615445,0.650688
dmd,128,1,negative-both,selected64,6,77.954,8.519,1.542294,1.500313,1.607346,6.202962,5.533981,6.270588,0.985139,0.976235,0.989234
dmd,128,1,negative-both,vector16store,6,76.611,8.286,1.563934,1.536835,1.624840,6.116944,5.446602,6.180392,1.000000,1.000000,1.000000
dmd,128,1,negative-both,cpp-approved-execution,6,12.451,21.176,9.492157,8.679612,9.952941,1.000000,1.000000,1.000000,6.116944,5.446602,6.180392
dmd,128,1,negative-source,original,6,117.017,13.269,1.000000,1.000000,1.000000,9.398039,9.341176,10.546875,0.652774,0.576667,0.661384
dmd,128,1,negative-source,selected64,6,77.100,0.443,1.519025,1.507595,1.712112,6.192157,6.160156,6.207843,0.988622,0.983544,1.006345
dmd,128,1,negative-source,vector16store,6,76.294,2.048,1.531924,1.511980,1.734104,6.127451,6.082031,6.219608,1.000000,1.000000,1.000000
dmd,128,1,negative-source,cpp-approved-execution,6,12.451,0.392,9.398039,9.341176,10.546875,1.000000,1.000000,1.000000,6.127451,6.082031,6.219608
dmd,128,1,padded,original,6,117.603,16.151,1.000000,1.000000,1.000000,9.445098,9.349020,10.874510,0.650474,0.565813,0.659148
dmd,128,1,padded,selected64,6,76.929,1.841,1.525416,1.503745,1.755063,6.178431,6.168627,6.282353,0.992053,0.988579,1.001905
dmd,128,1,padded,vector16store,6,76.440,1.852,1.537373,1.517110,1.767368,6.139216,6.109804,6.223529,1.000000,1.000000,1.000000
dmd,128,1,padded,cpp-approved-execution,6,12.451,0.000,9.445098,9.349020,10.874510,1.000000,1.000000,1.000000,6.139216,6.109804,6.223529
dmd,128,1,repeated-source,original,6,117.114,1.668,1.000000,1.000000,1.000000,9.405882,9.349020,9.505882,0.653001,0.645627,0.697183
dmd,128,1,repeated-source,selected64,6,77.148,0.759,1.519160,1.505668,1.534177,6.196078,6.180392,6.227451,0.988280,0.984887,1.067893
dmd,128,1,repeated-source,vector16store,6,76.318,7.997,1.531395,1.434343,1.548882,6.129412,6.109804,6.600000,1.000000,1.000000,1.000000
dmd,128,1,repeated-source,cpp-approved-execution,6,12.451,0.000,9.405882,9.349020,9.505882,1.000000,1.000000,1.000000,6.129412,6.109804,6.600000
dmd,128,1,universal,original,6,1188.672,17.458,1.000000,1.000000,1.000000,15.301069,15.191075,17.839925,1.004969,0.994118,1.060945
dmd,128,1,universal,selected64,6,1200.513,18.827,0.993639,0.977434,1.002221,15.453488,15.313011,18.199623,0.998705,0.983095,1.039977
dmd,128,1,universal,vector16store,6,1195.654,24.000,0.995057,0.942556,1.005917,15.390949,15.257071,18.927181,1.000000,1.000000,1.000000
dmd,128,1,universal,cpp-approved-execution,6,77.686,0.126,15.301069,15.191075,17.839925,1.000000,1.000000,1.000000,15.390949,15.257071,18.927181
dmd,128,17,contiguous,original,6,1243.750,0.201,1.000000,1.000000,1.000000,7.054402,6.939535,7.080569,0.375754,0.375084,0.376258
dmd,128,17,contiguous,selected64,6,467.500,0.178,2.659537,2.654804,2.663102,2.652497,2.613953,2.663507,0.998221,0.998217,1.000000
dmd,128,17,contiguous,vector16store,6,467.500,0.178,2.661319,2.657754,2.666071,2.650139,2.609302,2.658768,1.000000,1.000000,1.000000
dmd,128,17,contiguous,cpp-approved-execution,6,176.250,1.891,7.054402,6.939535,7.080569,1.000000,1.000000,1.000000,2.650139,2.609302,2.658768
dmd,128,17,negative-both,original,6,1317.083,0.823,1.000000,1.000000,1.000000,7.321759,7.090090,7.362791,0.417327,0.415773,0.419314
dmd,128,17,negative-both,selected64,6,548.333,0.456,2.399846,2.392097,2.405775,3.050926,2.963964,3.070093,1.002280,0.998485,1.003044
dmd,128,17,negative-both,vector16store,6,549.583,0.152,2.396212,2.384848,2.405159,3.053241,2.972973,3.079439,1.000000,1.000000,1.000000
dmd,128,17,negative-both,cpp-approved-execution,6,180.000,3.704,7.321759,7.090090,7.362791,1.000000,1.000000,1.000000,3.053241,2.972973,3.079439
dmd,128,17,negative-source,original,6,1315.417,0.380,1.000000,1.000000,1.000000,7.334884,7.310185,7.353488,0.417962,0.416192,0.418619
dmd,128,17,negative-source,selected64,6,547.917,0.608,2.397718,2.391502,2.407012,3.058140,3.037037,3.069767,1.001522,0.998485,1.007622
dmd,128,17,negative-source,vector16store,6,549.167,0.455,2.392560,2.388805,2.402736,3.062791,3.060185,3.069767,1.000000,1.000000,1.000000
dmd,128,17,negative-source,cpp-approved-execution,6,179.167,0.465,7.334884,7.310185,7.353488,1.000000,1.000000,1.000000,3.062791,3.060185,3.069767
dmd,128,17,padded,original,6,1313.750,0.825,1.000000,1.000000,1.000000,7.315590,7.287037,7.348837,0.417882,0.416878,0.419272
dmd,128,17,padded,selected64,6,547.917,0.304,2.396197,2.377845,2.404871,3.055814,3.041667,3.065116,1.000761,0.996965,1.006088
dmd,128,17,padded,vector16store,6,548.333,0.608,2.393018,2.385084,2.398782,3.058140,3.041667,3.074419,1.000000,1.000000,1.000000
dmd,128,17,padded,cpp-approved-execution,6,179.167,0.465,7.315590,7.287037,7.348837,1.000000,1.000000,1.000000,3.058140,3.041667,3.074419
dmd,128,17,repeated-source,original,6,1315.833,0.887,1.000000,1.000000,1.000000,7.349641,7.334884,7.422535,0.413871,0.410467,0.416031
dmd,128,17,repeated-source,selected64,6,543.750,0.460,2.418070,2.403670,2.436252,3.044393,3.037209,3.056338,1.000000,0.998469,1.003063
dmd,128,17,repeated-source,vector16store,6,543.750,0.613,2.416240,2.403670,2.436252,3.048957,3.032558,3.056338,1.000000,1.000000,1.000000
dmd,128,17,repeated-source,cpp-approved-execution,6,178.333,0.935,7.349641,7.334884,7.422535,1.000000,1.000000,1.000000,3.048957,3.032558,3.056338
dmd,128,17,universal,original,6,18363.750,7.832,1.000000,1.000000,1.000000,15.270482,15.077564,15.658758,0.999983,0.986395,1.038638
dmd,128,17,universal,selected64,6,18587.500,5.497,0.994193,0.975648,1.013356,15.454540,14.878846,15.718074,0.999171,0.977528,1.034719
dmd,128,17,universal,vector16store,6,18375.417,6.662,1.000021,0.962799,1.013793,15.282775,14.872436,16.263782,1.000000,1.000000,1.000000
dmd,128,17,universal,cpp-approved-execution,6,1195.000,8.856,15.270482,15.077564,15.658758,1.000000,1.000000,1.000000,15.282775,14.872436,16.263782
dmd,128,128,contiguous,original,6,9050.000,1.105,1.000000,1.000000,1.000000,6.798122,6.727700,6.825472,0.354750,0.353591,0.357990
dmd,128,128,contiguous,selected64,6,3209.375,0.584,2.817121,2.793372,2.828125,2.410798,2.403756,2.424528,1.000000,0.998054,1.001942
dmd,128,128,contiguous,vector16store,6,3206.250,0.780,2.818894,2.793372,2.828125,2.408451,2.403756,2.424528,1.000000,1.000000,1.000000
dmd,128,128,contiguous,cpp-approved-execution,6,1331.250,0.469,6.798122,6.727700,6.825472,1.000000,1.000000,1.000000,2.408451,2.403756,2.424528
dmd,128,128,negative-both,original,6,9106.250,0.137,1.000000,1.000000,1.000000,6.316733,6.257511,6.339130,0.370154,0.368999,0.377060
dmd,128,128,negative-both,selected64,6,3368.750,2.041,2.703154,2.652095,2.710037,2.339130,2.317597,2.376623,1.000000,1.000000,1.003711
dmd,128,128,negative-both,vector16store,6,3371.875,2.039,2.701577,2.652095,2.710037,2.339130,2.317597,2.376623,1.000000,1.000000,1.000000
dmd,128,128,negative-both,cpp-approved-execution,6,1440.625,1.302,6.316733,6.257511,6.339130,1.000000,1.000000,1.000000,2.339130,2.317597,2.376623
dmd,128,128,negative-source,original,6,9109.375,18.388,1.000000,1.000000,1.000000,6.307359,6.275862,7.399142,0.362607,0.313225,0.364011
dmd,128,128,negative-source,selected64,6,3306.250,2.079,2.757808,2.747170,3.198516,2.285714,2.280172,2.313305,1.000928,1.000000,1.001894
dmd,128,128,negative-source,vector16store,6,3309.375,2.266,2.757808,2.747170,3.192593,2.287879,2.280172,2.317597,1.000000,1.000000,1.000000
dmd,128,128,negative-source,cpp-approved-execution,6,1446.875,0.864,6.307359,6.275862,7.399142,1.000000,1.000000,1.000000,2.287879,2.280172,2.317597
dmd,128,128,padded,original,6,9100.000,45.879,1.000000,1.000000,1.000000,6.360262,6.303030,9.194805,0.362294,0.253296,0.363761
dmd,128,128,padded,selected64,6,3303.125,2.081,2.760192,2.749057,3.947955,2.310044,2.281385,2.329004,1.000000,0.998102,1.001898
dmd,128,128,padded,vector16store,6,3303.125,2.271,2.760192,2.749057,3.947955,2.307860,2.285714,2.329004,1.000000,1.000000,1.000000
dmd,128,128,padded,cpp-approved-execution,6,1431.250,1.310,6.360262,6.303030,9.194805,1.000000,1.000000,1.000000,2.307860,2.285714,2.329004
dmd,128,128,repeated-source,original,6,9093.750,0.137,1.000000,1.000000,1.000000,6.397828,6.353712,6.438053,0.361388,0.360825,0.364261
dmd,128,128,repeated-source,selected64,6,3287.500,0.951,2.765209,2.745283,2.773333,2.309896,2.296943,2.345133,1.000000,0.998099,1.001905
dmd,128,128,repeated-source,vector16store,6,3287.500,0.951,2.767110,2.745283,2.771429,2.309896,2.296943,2.345133,1.000000,1.000000,1.000000
dmd,128,128,repeated-source,cpp-approved-execution,6,1421.875,1.319,6.397828,6.353712,6.438053,1.000000,1.000000,1.000000,2.309896,2.296943,2.345133
dmd,128,128,universal,original,6,137578.125,3.816,1.000000,1.000000,1.000000,15.334372,15.232753,15.708651,0.999248,0.991286,1.030706
dmd,128,128,universal,selected64,6,138428.125,4.235,0.999769,0.980550,1.011878,15.429131,15.128920,15.673356,1.001899,0.984431,1.033027
dmd,128,128,universal,vector16store,6,137571.875,7.587,1.000775,0.970209,1.008790,15.333697,15.140070,16.191003,1.000000,1.000000,1.000000
dmd,128,128,universal,cpp-approved-execution,6,8971.875,0.697,15.334372,15.232753,15.708651,1.000000,1.000000,1.000000,15.333697,15.140070,16.191003
dmd,129,1,contiguous,original,6,118.086,1.042,1.000000,1.000000,1.000000,9.264479,9.227799,9.324324,0.646764,0.643568,0.657741
dmd,129,1,contiguous,selected64,6,76.919,0.896,1.534698,1.529111,1.549839,6.034749,6.003861,6.057915,0.993940,0.991043,1.005758
dmd,129,1,contiguous,vector16store,6,76.501,1.480,1.546159,1.520356,1.553836,6.001931,5.980695,6.069498,1.000000,1.000000,1.000000
dmd,129,1,contiguous,cpp-approved-execution,6,12.746,0.000,9.264479,9.227799,9.324324,1.000000,1.000000,1.000000,6.001931,5.980695,6.069498
dmd,129,1,negative-both,original,6,118.282,2.164,1.000000,1.000000,1.000000,9.035714,8.966165,9.161654,0.647560,0.640542,0.651992
dmd,129,1,negative-both,selected64,6,76.698,0.898,1.543671,1.530809,1.559181,5.855810,5.845865,5.875940,0.998075,0.995539,1.002572
dmd,129,1,negative-both,vector16store,6,76.649,0.835,1.544273,1.533762,1.561179,5.847744,5.823308,5.868421,1.000000,1.000000,1.000000
dmd,129,1,negative-both,cpp-approved-execution,6,13.091,0.752,9.035714,8.966165,9.161654,1.000000,1.000000,1.000000,5.847744,5.823308,5.868421
dmd,129,1,negative-source,original,6,117.938,20.405,1.000000,1.000000,1.000000,9.009398,8.943609,10.781955,0.649986,0.540446,0.660259
dmd,129,1,negative-source,selected64,6,76.772,0.449,1.535108,1.524023,1.843188,5.864662,5.849624,5.875940,0.998398,0.995521,1.014121
dmd,129,1,negative-source,vector16store,6,76.722,1.924,1.538497,1.514557,1.850323,5.860902,5.827068,5.939850,1.000000,1.000000,1.000000
dmd,129,1,negative-source,cpp-approved-execution,6,13.091,0.000,9.009398,8.943609,10.781955,1.000000,1.000000,1.000000,5.860902,5.827068,5.939850
dmd,129,1,padded,original,6,117.766,1.087,1.000000,1.000000,1.000000,8.981203,7.061584,9.033835,0.654046,0.649189,0.673173
dmd,129,1,padded,selected64,6,77.805,4.491,1.512319,1.473684,1.532949,5.907895,4.791789,5.962406,0.991603,0.983607,0.999360
dmd,129,1,padded,vector16store,6,76.895,4.032,1.528962,1.485503,1.540385,5.868421,4.753666,5.902256,1.000000,1.000000,1.000000
dmd,129,1,padded,cpp-approved-execution,6,13.091,28.195,8.981203,7.061584,9.033835,1.000000,1.000000,1.000000,5.868421,4.753666,5.902256
dmd,129,1,repeated-source,original,6,117.815,0.794,1.000000,1.000000,1.000000,9.000000,8.984962,9.056391,0.650073,0.642590,0.682784
dmd,129,1,repeated-source,selected64,6,76.993,0.959,1.531415,1.523263,1.540784,5.881579,5.849624,5.906015,0.993608,0.985360,1.052023
dmd,129,1,repeated-source,vector16store,6,76.501,5.790,1.538298,1.464591,1.556202,5.843985,5.819549,6.157895,1.000000,1.000000,1.000000
dmd,129,1,repeated-source,cpp-approved-execution,6,13.091,0.000,9.000000,8.984962,9.056391,1.000000,1.000000,1.000000,5.843985,5.819549,6.157895
dmd,129,1,universal,original,6,1201.501,8.216,1.000000,1.000000,1.000000,16.429558,15.277847,16.643390,1.003333,0.951508,1.009516
dmd,129,1,universal,selected64,6,1212.623,3.693,0.997801,0.974592,1.042319,16.465782,15.580100,17.077288,0.994083,0.976458,1.009350
dmd,129,1,universal,vector16store,6,1206.594,2.704,0.996680,0.990574,1.050964,16.492195,15.350438,16.675254,1.000000,1.000000,1.000000
dmd,129,1,universal,cpp-approved-execution,6,72.638,8.672,16.429558,15.277847,16.643390,1.000000,1.000000,1.000000,16.492195,15.350438,16.675254
dmd,129,17,contiguous,original,6,1253.361,0.670,1.000000,1.000000,1.000000,7.068720,7.033019,7.113744,0.379611,0.378414,0.382451
dmd,129,17,contiguous,selected64,6,476.891,0.705,2.631953,2.619298,2.642606,2.689573,2.669811,2.701422,0.999120,0.998233,1.001754
dmd,129,17,contiguous,vector16store,6,476.050,1.059,2.634276,2.614711,2.642606,2.684834,2.669811,2.706161,1.000000,1.000000,1.000000
dmd,129,17,contiguous,cpp-approved-execution,6,177.311,0.474,7.068720,7.033019,7.113744,1.000000,1.000000,1.000000,2.684834,2.669811,2.706161
dmd,129,17,negative-both,original,6,1322.689,0.826,1.000000,1.000000,1.000000,7.119910,7.004425,7.154545,0.422103,0.421855,0.424031
dmd,129,17,negative-both,selected64,6,557.563,1.055,2.370138,2.361862,2.377644,3.002262,2.960177,3.013575,1.001507,0.998505,1.003021
dmd,129,17,negative-both,vector16store,6,558.824,0.602,2.369091,2.358321,2.370482,3.009050,2.955752,3.018182,1.000000,1.000000,1.000000
dmd,129,17,negative-both,cpp-approved-execution,6,185.714,2.715,7.119910,7.004425,7.154545,1.000000,1.000000,1.000000,3.009050,2.955752,3.018182
dmd,129,17,negative-source,original,6,1324.370,0.698,1.000000,1.000000,1.000000,7.080717,6.856522,7.113122,0.422039,0.421053,0.423567
dmd,129,17,negative-source,selected64,6,556.723,0.604,2.376228,2.371041,2.382175,2.977578,2.882609,3.000000,1.003019,1.000000,1.006042
dmd,129,17,negative-source,vector16store,6,558.824,0.301,2.369449,2.360902,2.375000,2.986547,2.891304,3.009050,1.000000,1.000000,1.000000
dmd,129,17,negative-source,cpp-approved-execution,6,187.395,4.036,7.080717,6.856522,7.113122,1.000000,1.000000,1.000000,2.986547,2.891304,3.009050
dmd,129,17,padded,original,6,1323.109,2.604,1.000000,1.000000,1.000000,7.117647,6.540650,7.149321,0.422428,0.418987,0.502797
dmd,129,17,padded,selected64,6,556.723,22.340,2.375849,1.991337,2.386364,3.000000,2.986425,3.284553,1.001508,0.995489,1.004545
dmd,129,17,padded,vector16store,6,557.143,22.323,2.367270,1.988875,2.386707,3.002252,2.990950,3.288618,1.000000,1.000000,1.000000
dmd,129,17,padded,cpp-approved-execution,6,185.714,11.765,7.117647,6.540650,7.149321,1.000000,1.000000,1.000000,3.002252,2.990950,3.288618
dmd,129,17,repeated-source,original,6,1316.807,0.319,1.000000,1.000000,1.000000,7.029239,6.977778,7.095023,0.419407,0.418471,0.420817
dmd,129,17,repeated-source,selected64,6,552.101,0.609,2.387959,2.374810,2.393293,2.946207,2.920000,2.972851,1.000762,0.996965,1.003053
dmd,129,17,repeated-source,vector16store,6,552.101,0.304,2.384323,2.376328,2.389650,2.946248,2.920000,2.972851,1.000000,1.000000,1.000000
dmd,129,17,repeated-source,cpp-approved-execution,6,187.395,1.794,7.029239,6.977778,7.095023,1.000000,1.000000,1.000000,2.946248,2.920000,2.972851
dmd,129,17,universal,original,6,18465.966,3.654,1.000000,1.000000,1.000000,15.329307,15.126220,15.708101,0.993815,0.989414,1.015361
dmd,129,17,universal,selected64,6,18464.706,2.899,1.001628,0.984164,1.023897,15.344274,15.100418,15.533798,1.000411,0.990945,1.014384
dmd,129,17,universal,vector16store,6,18440.336,2.862,1.006225,0.984871,1.010699,15.324022,15.091986,15.562151,1.000000,1.000000,1.000000
dmd,129,17,universal,cpp-approved-execution,6,1204.202,0.209,15.329307,15.126220,15.708101,1.000000,1.000000,1.000000,15.324022,15.091986,15.562151
dmd,129,128,contiguous,original,6,9123.333,0.146,1.000000,1.000000,1.000000,6.772419,6.710784,6.835000,0.360015,0.359181,0.364500
dmd,129,128,contiguous,selected64,6,3280.000,2.033,2.779472,2.732535,2.784114,2.447761,2.411765,2.467980,1.000000,0.996008,1.002033
dmd,129,128,contiguous,vector16store,6,3283.333,1.624,2.777666,2.743487,2.784114,2.447761,2.416667,2.458128,1.000000,1.000000,1.000000
dmd,129,128,contiguous,cpp-approved-execution,6,1346.667,1.980,6.772419,6.710784,6.835000,1.000000,1.000000,1.000000,2.447761,2.416667,2.458128
dmd,129,128,negative-both,original,6,9180.000,0.218,1.000000,1.000000,1.000000,6.280822,6.235294,6.316514,0.371097,0.370370,0.373004
dmd,129,128,negative-both,selected64,6,3406.667,0.587,2.694716,2.686160,2.700000,2.332576,2.312217,2.339450,1.000000,1.000000,1.001949
dmd,129,128,negative-both,vector16store,6,3406.667,0.783,2.694716,2.680934,2.700000,2.333333,2.312217,2.339450,1.000000,1.000000,1.000000
dmd,129,128,negative-both,cpp-approved-execution,6,1460.000,1.370,6.280822,6.235294,6.316514,1.000000,1.000000,1.000000,2.333333,2.312217,2.339450
dmd,129,128,negative-source,original,6,9176.667,0.581,1.000000,1.000000,1.000000,6.403714,6.341014,6.429907,0.367695,0.366279,0.368727
dmd,129,128,negative-source,selected64,6,3380.000,0.592,2.720632,2.706693,2.727811,2.355814,2.341014,2.362791,0.999016,0.996063,1.001976
dmd,129,128,negative-source,vector16store,6,3380.000,0.592,2.719644,2.712032,2.730159,2.356640,2.331797,2.358140,1.000000,1.000000,1.000000
dmd,129,128,negative-source,cpp-approved-execution,6,1433.333,1.395,6.403714,6.341014,6.429907,1.000000,1.000000,1.000000,2.356640,2.331797,2.358140
dmd,129,128,padded,original,6,9176.667,0.073,1.000000,1.000000,1.000000,6.400000,6.345622,6.404651,0.366873,0.366279,0.367466
dmd,129,128,padded,selected64,6,3366.667,0.396,2.724752,2.721344,2.732143,2.346512,2.331797,2.353488,1.000000,0.998024,1.001984
dmd,129,128,padded,vector16store,6,3366.667,0.396,2.725743,2.721344,2.730159,2.346512,2.331797,2.348837,1.000000,1.000000,1.000000
dmd,129,128,padded,cpp-approved-execution,6,1433.333,0.930,6.400000,6.345622,6.404651,1.000000,1.000000,1.000000,2.346512,2.331797,2.348837
dmd,129,128,repeated-source,original,6,9170.000,0.436,1.000000,1.000000,1.000000,6.439252,6.413953,6.455399,0.367103,0.364826,0.368727
dmd,129,128,repeated-source,selected64,6,3360.000,0.595,2.729167,2.712032,2.738095,2.355140,2.344186,2.380282,1.000992,0.996032,1.003968
dmd,129,128,repeated-source,vector16store,6,3366.667,0.990,2.724034,2.712032,2.741036,2.359813,2.345794,2.380282,1.000000,1.000000,1.000000
dmd,129,128,repeated-source,cpp-approved-execution,6,1426.667,0.935,6.439252,6.413953,6.455399,1.000000,1.000000,1.000000,2.359813,2.345794,2.380282
dmd,129,128,universal,original,6,139000.000,3.506,1.000000,1.000000,1.000000,15.347782,15.229919,15.768607,0.998414,0.975049,1.042233
dmd,129,128,universal,selected64,6,138743.333,3.099,1.002590,0.987158,1.035771,15.336404,15.132646,15.573529,1.005537,0.990105,1.028848
dmd,129,128,universal,vector16store,6,138336.667,5.301,1.001593,0.959479,1.025589,15.291452,15.247605,16.022794,1.000000,1.000000,1.000000
dmd,129,128,universal,cpp-approved-execution,6,9046.667,0.221,15.347782,15.229919,15.768607,1.000000,1.000000,1.000000,15.291452,15.247605,16.022794
dmd,255,1,contiguous,original,6,186.284,29.399,1.000000,1.000000,1.000000,7.816327,7.211321,10.081633,0.557562,0.431984,0.560836
dmd,255,1,contiguous,selected64,6,104.669,0.743,1.778093,1.773953,2.280702,4.387755,4.064151,4.420408,0.991628,0.985226,0.995366
dmd,255,1,contiguous,vector16store,6,103.794,0.937,1.793522,1.783054,2.314902,4.351020,4.037736,4.383673,1.000000,1.000000,1.000000
dmd,255,1,contiguous,cpp-approved-execution,6,23.833,8.163,7.816327,7.211321,10.081633,1.000000,1.000000,1.000000,4.351020,4.037736,4.383673
dmd,255,1,negative-both,original,6,186.138,0.418,1.000000,1.000000,1.000000,7.715726,7.697581,7.729839,0.557150,0.555672,0.559979
dmd,255,1,negative-both,selected64,6,104.864,0.649,1.776902,1.764325,1.781395,4.346774,4.334677,4.362903,0.989807,0.986085,0.994419
dmd,255,1,negative-both,vector16store,6,103.842,0.562,1.794850,1.785781,1.799624,4.304435,4.286290,4.310484,1.000000,1.000000,1.000000
dmd,255,1,negative-both,cpp-approved-execution,6,24.125,0.000,7.715726,7.697581,7.729839,1.000000,1.000000,1.000000,4.304435,4.286290,4.310484
dmd,255,1,negative-source,original,6,186.138,1.045,1.000000,1.000000,1.000000,7.715726,7.693548,7.774194,0.557899,0.555034,0.558700
dmd,255,1,negative-source,selected64,6,104.475,0.559,1.781660,1.776744,1.788497,4.330645,4.322581,4.346774,0.993017,0.987907,0.997217
dmd,255,1,negative-source,vector16store,6,103.745,1.219,1.792441,1.789869,1.801692,4.300403,4.282258,4.334677,1.000000,1.000000,1.000000
dmd,255,1,negative-source,cpp-approved-execution,6,24.125,0.000,7.715726,7.693548,7.774194,1.000000,1.000000,1.000000,4.300403,4.282258,4.334677
dmd,255,1,padded,original,6,186.430,0.939,1.000000,1.000000,1.000000,7.727823,7.681452,7.754032,0.555934,0.554342,0.563021
dmd,255,1,padded,selected64,6,104.523,2.047,1.783682,1.755027,1.787175,4.332661,4.322581,4.411290,0.990693,0.988117,0.991612
dmd,255,1,padded,vector16store,6,103.551,1.691,1.798777,1.776133,1.803940,4.292339,4.286290,4.358871,1.000000,1.000000,1.000000
dmd,255,1,padded,cpp-approved-execution,6,24.125,0.000,7.727823,7.681452,7.754032,1.000000,1.000000,1.000000,4.292339,4.286290,4.358871
dmd,255,1,repeated-source,original,6,186.430,0.730,1.000000,1.000000,1.000000,7.727823,7.701613,7.758065,0.555787,0.552495,0.561294
dmd,255,1,repeated-source,selected64,6,104.475,0.838,1.782954,1.773358,1.791045,4.330645,4.322581,4.358871,0.992082,0.987896,0.995375
dmd,255,1,repeated-source,vector16store,6,103.599,1.408,1.799249,1.781599,1.809972,4.294355,4.278226,4.338710,1.000000,1.000000,1.000000
dmd,255,1,repeated-source,cpp-approved-execution,6,24.125,0.000,7.727823,7.701613,7.758065,1.000000,1.000000,1.000000,4.294355,4.278226,4.338710
dmd,255,1,universal,original,6,2245.088,3.284,1.000000,1.000000,1.000000,15.912322,15.836326,16.359807,1.002077,0.998222,1.045084
dmd,255,1,universal,selected64,6,2260.068,3.895,0.994688,0.972258,1.021606,16.045235,15.868875,16.357974,0.995166,0.984142,1.067664
dmd,255,1,universal,vector16store,6,2243.434,7.627,0.997940,0.956861,1.001781,15.932645,15.882597,17.097376,1.000000,1.000000,1.000000
dmd,255,1,universal,cpp-approved-execution,6,140.856,0.967,15.912322,15.836326,16.359807,1.000000,1.000000,1.000000,15.932645,15.882597,17.097376
dmd,255,17,contiguous,original,6,2475.000,0.875,1.000000,1.000000,1.000000,7.028391,6.898618,7.071429,0.380808,0.380054,0.401470
dmd,255,17,contiguous,selected64,6,943.333,6.360,2.625112,2.490849,2.628975,2.686470,2.665094,2.769585,1.000000,0.998230,1.000000
dmd,255,17,contiguous,vector16store,6,943.333,6.537,2.625997,2.490849,2.631206,2.686470,2.660377,2.769585,1.000000,1.000000,1.000000
dmd,255,17,contiguous,cpp-approved-execution,6,352.500,3.310,7.028391,6.898618,7.071429,1.000000,1.000000,1.000000,2.686470,2.660377,2.769585
dmd,255,17,negative-both,original,6,2557.500,0.782,1.000000,1.000000,1.000000,6.804897,6.685590,6.848889,0.400130,0.397794,0.400916
dmd,255,17,negative-both,selected64,6,1022.500,0.652,2.501231,2.490228,2.520458,2.718407,2.681223,2.724444,1.000000,0.998371,1.006547
dmd,255,17,negative-both,vector16store,6,1021.667,0.326,2.499188,2.494290,2.513866,2.721239,2.676856,2.724444,1.000000,1.000000,1.000000
dmd,255,17,negative-both,cpp-approved-execution,6,376.667,1.770,6.804897,6.685590,6.848889,1.000000,1.000000,1.000000,2.721239,2.676856,2.724444
dmd,255,17,negative-source,original,6,2555.833,0.783,1.000000,1.000000,1.000000,6.796028,6.636364,6.844444,0.399871,0.398052,0.403796
dmd,255,17,negative-source,selected64,6,1024.167,0.651,2.493897,2.476499,2.512235,2.722842,2.666667,2.730088,1.000000,0.995122,1.003263
dmd,255,17,negative-source,vector16store,6,1023.333,0.814,2.500809,2.476499,2.512235,2.718417,2.670996,2.733333,1.000000,1.000000,1.000000
dmd,255,17,negative-source,cpp-approved-execution,6,376.667,2.655,6.796028,6.636364,6.844444,1.000000,1.000000,1.000000,2.718417,2.670996,2.733333
dmd,255,17,padded,original,6,2550.833,0.653,1.000000,1.000000,1.000000,6.769912,6.740088,6.826667,0.400327,0.399089,0.403922
dmd,255,17,padded,selected64,6,1020.000,0.327,2.497962,2.491857,2.509804,2.710177,2.704846,2.720000,1.000817,0.998369,1.006515
dmd,255,17,padded,vector16store,6,1020.833,0.980,2.497960,2.475728,2.505710,2.716195,2.707965,2.724444,1.000000,1.000000,1.000000
dmd,255,17,padded,cpp-approved-execution,6,376.667,0.885,6.769912,6.740088,6.826667,1.000000,1.000000,1.000000,2.716195,2.707965,2.724444
dmd,255,17,repeated-source,original,6,2545.833,0.524,1.000000,1.000000,1.000000,6.716477,6.706140,6.752212,0.399544,0.397779,0.400393
dmd,255,17,repeated-source,selected64,6,1016.667,0.492,2.506152,2.490196,2.511475,2.689427,2.675439,2.696035,0.998362,0.996732,1.003284
dmd,255,17,repeated-source,vector16store,6,1016.667,0.328,2.502863,2.497545,2.513957,2.685022,2.671053,2.703540,1.000000,1.000000,1.000000
dmd,255,17,repeated-source,cpp-approved-execution,6,378.333,0.881,6.716477,6.706140,6.752212,1.000000,1.000000,1.000000,2.685022,2.671053,2.703540
dmd,255,17,universal,original,6,36567.500,12.771,1.000000,1.000000,1.000000,15.022613,14.900000,16.807666,0.996992,0.914970,1.012170
dmd,255,17,universal,selected64,6,36778.333,6.557,0.997832,0.979204,1.056990,15.109246,14.921233,15.901437,0.989772,0.967114,1.009353
dmd,255,17,universal,vector16store,6,36665.833,3.014,1.003017,0.987976,1.092932,15.062981,14.924709,15.378508,1.000000,1.000000,1.000000
dmd,255,17,universal,cpp-approved-execution,6,2435.000,0.068,15.022613,14.900000,16.807666,1.000000,1.000000,1.000000,15.062981,14.924709,15.378508
dmd,255,128,contiguous,original,6,18406.250,0.611,1.000000,1.000000,1.000000,6.948113,6.943396,6.985849,0.369905,0.368670,0.370924
dmd,255,128,contiguous,selected64,6,6812.500,0.367,2.701835,2.691042,2.712454,2.573113,2.570755,2.582938,0.999086,0.998165,1.001835
dmd,255,128,contiguous,vector16store,6,6818.750,0.367,2.703400,2.695971,2.712454,2.575472,2.566038,2.578199,1.000000,1.000000,1.000000
dmd,255,128,contiguous,cpp-approved-execution,6,2650.000,0.472,6.948113,6.943396,6.985849,1.000000,1.000000,1.000000,2.575472,2.566038,2.578199
dmd,255,128,negative-both,original,6,18512.500,44.902,1.000000,1.000000,1.000000,6.078038,6.036735,8.711382,0.375084,0.259916,0.378634
dmd,255,128,negative-both,selected64,6,6950.000,1.978,2.666667,2.641071,3.854317,2.279270,2.260163,2.300813,1.000000,0.982332,1.001802
dmd,255,128,negative-both,vector16store,6,6950.000,0.899,2.666067,2.641071,3.847397,2.271997,2.260163,2.285714,1.000000,1.000000,1.000000
dmd,255,128,negative-both,cpp-approved-execution,6,3062.500,1.224,6.078038,6.036735,8.711382,1.000000,1.000000,1.000000,2.271997,2.260163,2.285714
dmd,255,128,negative-source,original,6,18518.750,0.472,1.000000,1.000000,1.000000,6.147303,6.123967,6.165975,0.372509,0.370794,0.375000
dmd,255,128,negative-source,selected64,6,6918.750,0.903,2.677219,2.661871,2.696915,2.297303,2.286307,2.307054,0.998190,0.996390,1.000000
dmd,255,128,negative-source,vector16store,6,6900.000,0.725,2.684497,2.666667,2.696915,2.293145,2.280992,2.302905,1.000000,1.000000,1.000000
dmd,255,128,negative-source,cpp-approved-execution,6,3012.500,0.830,6.147303,6.123967,6.165975,1.000000,1.000000,1.000000,2.293145,2.280992,2.302905
dmd,255,128,padded,original,6,18493.750,0.473,1.000000,1.000000,1.000000,6.295745,6.262712,6.319149,0.372761,0.371044,0.374747
dmd,255,128,padded,selected64,6,6893.750,1.088,2.679966,2.663669,2.695100,2.342553,2.334746,2.365957,1.000000,0.994595,1.000000
dmd,255,128,padded,vector16store,6,6893.750,0.907,2.682683,2.668468,2.695100,2.342553,2.334746,2.361702,1.000000,1.000000,1.000000
dmd,255,128,padded,cpp-approved-execution,6,2937.500,0.426,6.295745,6.262712,6.319149,1.000000,1.000000,1.000000,2.342553,2.334746,2.361702
dmd,255,128,repeated-source,original,6,18500.000,0.676,1.000000,1.000000,1.000000,6.271186,6.252101,6.323404,0.372337,0.370121,0.374154
dmd,255,128,repeated-source,selected64,6,6875.000,0.909,2.688182,2.685921,2.697632,2.330508,2.326271,2.348936,1.000903,0.996377,1.005455
dmd,255,128,repeated-source,vector16store,6,6881.250,1.090,2.685742,2.672694,2.701818,2.337586,2.326271,2.343220,1.000000,1.000000,1.000000
dmd,255,128,repeated-source,cpp-approved-execution,6,2950.000,1.271,6.271186,6.252101,6.323404,1.000000,1.000000,1.000000,2.337586,2.326271,2.343220
dmd,255,128,universal,original,6,277775.000,13.154,1.000000,1.000000,1.000000,15.152963,14.935286,16.907357,0.998387,0.918493,1.033110
dmd,255,128,universal,selected64,6,278587.500,4.523,1.004089,0.972768,1.086214,15.218113,14.878747,15.565395,0.999638,0.987627,1.004976
dmd,255,128,universal,vector16store,6,277687.500,4.528,1.001617,0.967952,1.088740,15.148152,14.884563,15.529292,1.000000,1.000000,1.000000
dmd,255,128,universal,cpp-approved-execution,6,18331.250,0.273,15.152963,14.935286,16.907357,1.000000,1.000000,1.000000,15.148152,14.884563,15.529292
dmd,256,1,contiguous,original,6,187.109,1.096,1.000000,1.000000,1.000000,8.748858,8.712329,8.808219,0.528338,0.525661,0.535639
dmd,256,1,contiguous,selected64,6,99.805,1.272,1.872006,1.845261,1.889324,4.666667,4.662100,4.721461,0.989305,0.988258,0.993144
dmd,256,1,contiguous,vector16store,6,98.877,1.185,1.892730,1.866928,1.902367,4.623288,4.611872,4.666667,1.000000,1.000000,1.000000
dmd,256,1,contiguous,cpp-approved-execution,6,21.387,0.000,8.748858,8.712329,8.808219,1.000000,1.000000,1.000000,4.623288,4.611872,4.666667
dmd,256,1,negative-both,original,6,186.670,0.732,1.000000,1.000000,1.000000,8.668953,8.615385,8.704545,0.530367,0.528154,0.535883
dmd,256,1,negative-both,selected64,6,100.049,1.367,1.864329,1.844444,1.878550,4.639459,4.619910,4.704545,0.989732,0.987354,0.994146
dmd,256,1,negative-both,vector16store,6,99.023,1.183,1.885486,1.866080,1.893386,4.603157,4.583710,4.650000,1.000000,1.000000,1.000000
dmd,256,1,negative-both,cpp-approved-execution,6,21.533,0.454,8.668953,8.615385,8.704545,1.000000,1.000000,1.000000,4.603157,4.583710,4.650000
dmd,256,1,negative-source,original,6,187.012,1.149,1.000000,1.000000,1.000000,8.679457,8.659091,8.709091,0.533933,0.532325,0.538100
dmd,256,1,negative-source,selected64,6,100.391,1.070,1.860181,1.849421,1.871220,4.661364,4.638009,4.709091,0.994649,0.992263,0.996098
dmd,256,1,negative-source,vector16store,6,99.902,1.173,1.872907,1.858390,1.878550,4.634091,4.619910,4.686364,1.000000,1.000000,1.000000
dmd,256,1,negative-source,cpp-approved-execution,6,21.484,0.909,8.679457,8.659091,8.709091,1.000000,1.000000,1.000000,4.634091,4.619910,4.686364
dmd,256,1,padded,original,6,187.109,15.919,1.000000,1.000000,1.000000,8.650096,8.619910,10.000000,0.531463,0.458824,0.538220
dmd,256,1,padded,selected64,6,100.146,0.975,1.865949,1.850775,2.158203,4.640271,4.624434,4.669683,0.991260,0.990215,0.996124
dmd,256,1,padded,vector16store,6,99.316,1.573,1.881600,1.857977,2.179487,4.598182,4.579186,4.651584,1.000000,1.000000,1.000000
dmd,256,1,padded,cpp-approved-execution,6,21.582,0.452,8.650096,8.619910,10.000000,1.000000,1.000000,1.000000,4.598182,4.579186,4.651584
dmd,256,1,repeated-source,original,6,186.914,0.940,1.000000,1.000000,1.000000,8.660633,8.633484,8.714932,0.530244,0.525441,0.537095
dmd,256,1,repeated-source,selected64,6,99.902,1.075,1.870417,1.852856,1.874878,4.628959,4.624434,4.674208,0.990705,0.984436,0.999022
dmd,256,1,repeated-source,vector16store,6,98.926,1.678,1.885932,1.861868,1.903162,4.583710,4.574661,4.651584,1.000000,1.000000,1.000000
dmd,256,1,repeated-source,cpp-approved-execution,6,21.582,0.000,8.660633,8.633484,8.714932,1.000000,1.000000,1.000000,4.583710,4.574661,4.651584
dmd,256,1,universal,original,6,2280.225,16.035,1.000000,1.000000,1.000000,16.073553,15.842284,18.463398,1.001408,0.915915,1.016055
dmd,256,1,universal,selected64,6,2270.947,7.302,1.010424,0.989621,1.086700,15.991290,15.760707,16.990331,1.005767,0.992712,1.016280
dmd,256,1,universal,vector16store,6,2285.352,6.175,0.998594,0.984198,1.091804,16.062198,15.904147,16.910912,1.000000,1.000000,1.000000
dmd,256,1,universal,cpp-approved-execution,6,141.455,1.657,16.073553,15.842284,18.463398,1.000000,1.000000,1.000000,16.062198,15.904147,16.910912
dmd,256,17,contiguous,original,6,2421.667,0.206,1.000000,1.000000,1.000000,6.919048,6.740741,6.919048,0.353063,0.353063,0.356456
dmd,256,17,contiguous,selected64,6,857.500,1.166,2.824125,2.805395,2.832359,2.442857,2.402778,2.457143,1.000000,0.994186,1.000000
dmd,256,17,contiguous,vector16store,6,855.000,1.170,2.832359,2.805395,2.832359,2.442857,2.402778,2.442857,1.000000,1.000000,1.000000
dmd,256,17,contiguous,cpp-approved-execution,6,350.000,2.857,6.919048,6.740741,6.919048,1.000000,1.000000,1.000000,2.442857,2.402778,2.442857
dmd,256,17,negative-both,original,6,2492.500,0.401,1.000000,1.000000,1.000000,7.111905,7.023474,7.133333,0.376962,0.375920,0.377170
dmd,256,17,negative-both,selected64,6,937.500,0.889,2.657778,2.648410,2.661319,2.673810,2.643192,2.685714,1.001775,0.998233,1.003565
dmd,256,17,negative-both,vector16store,6,939.167,0.532,2.652790,2.651327,2.660142,2.678571,2.647887,2.690476,1.000000,1.000000,1.000000
dmd,256,17,negative-both,cpp-approved-execution,6,350.000,1.429,7.111905,7.023474,7.133333,1.000000,1.000000,1.000000,2.678571,2.647887,2.690476
dmd,256,17,negative-source,original,6,2498.333,0.867,1.000000,1.000000,1.000000,7.089801,6.912037,7.172249,0.377007,0.373838,0.379772
dmd,256,17,negative-source,selected64,6,940.833,0.709,2.656336,2.633157,2.665487,2.666670,2.618605,2.703349,1.000888,0.996460,1.003540
dmd,256,17,negative-source,vector16store,6,940.000,0.709,2.652482,2.633157,2.674956,2.664323,2.623256,2.712919,1.000000,1.000000,1.000000
dmd,256,17,negative-source,cpp-approved-execution,6,352.500,3.310,7.089801,6.912037,7.172249,1.000000,1.000000,1.000000,2.664323,2.623256,2.712919
dmd,256,17,padded,original,6,2493.333,0.535,1.000000,1.000000,1.000000,7.106928,7.033019,7.138095,0.375754,0.375000,0.376918
dmd,256,17,padded,selected64,6,936.667,0.356,2.661922,2.653025,2.670232,2.669838,2.650943,2.676190,1.000000,0.996448,1.005338
dmd,256,17,padded,vector16store,6,935.833,0.712,2.661319,2.653097,2.666667,2.667479,2.646226,2.690476,1.000000,1.000000,1.000000
dmd,256,17,padded,cpp-approved-execution,6,350.833,0.950,7.106928,7.033019,7.138095,1.000000,1.000000,1.000000,2.667479,2.646226,2.690476
dmd,256,17,repeated-source,original,6,2489.167,0.134,1.000000,1.000000,1.000000,7.028280,6.976636,7.051887,0.374163,0.373494,0.375084
dmd,256,17,repeated-source,selected64,6,931.667,0.358,2.670841,2.661319,2.674419,2.635298,2.612150,2.641509,0.998214,0.998211,1.001789
dmd,256,17,repeated-source,vector16store,6,931.667,0.358,2.672635,2.666071,2.677419,2.630592,2.607477,2.641509,1.000000,1.000000,1.000000
dmd,256,17,repeated-source,cpp-approved-execution,6,354.167,0.941,7.028280,6.976636,7.051887,1.000000,1.000000,1.000000,2.630592,2.607477,2.641509
dmd,256,17,universal,original,6,36573.333,14.291,1.000000,1.000000,1.000000,14.865628,14.801636,16.939332,1.004574,0.965129,1.039652
dmd,256,17,universal,selected64,6,36870.000,22.286,0.998828,0.930050,1.012941,15.076227,14.654338,18.213361,0.998011,0.964033,1.019136
dmd,256,17,universal,vector16store,6,36704.167,18.386,0.995449,0.961860,1.036131,14.925376,14.788147,17.558282,1.000000,1.000000,1.000000
dmd,256,17,universal,cpp-approved-execution,6,2445.833,1.567,14.865628,14.801636,16.939332,1.000000,1.000000,1.000000,14.925376,14.788147,17.558282
dmd,256,128,contiguous,original,6,17931.250,0.767,1.000000,1.000000,1.000000,6.750587,6.732394,6.801887,0.344020,0.340499,0.345886
dmd,256,128,contiguous,selected64,6,6168.750,1.621,2.906794,2.879518,2.936864,2.322349,2.300469,2.339623,1.000000,0.995984,1.002020
dmd,256,128,contiguous,vector16store,6,6168.750,1.216,2.906827,2.891129,2.936864,2.322338,2.300469,2.339623,1.000000,1.000000,1.000000
dmd,256,128,contiguous,cpp-approved-execution,6,2656.250,0.471,6.750587,6.732394,6.801887,1.000000,1.000000,1.000000,2.322338,2.300469,2.339623
dmd,256,128,negative-both,original,6,17993.750,0.208,1.000000,1.000000,1.000000,6.090923,6.071730,6.180258,0.352675,0.350902,0.356250
dmd,256,128,negative-both,selected64,6,6343.750,1.379,2.838423,2.807018,2.843874,2.145883,2.135021,2.201717,1.000986,0.996063,1.003953
dmd,256,128,negative-both,vector16store,6,6343.750,1.379,2.835471,2.807018,2.849802,2.148001,2.135021,2.201717,1.000000,1.000000,1.000000
dmd,256,128,negative-both,cpp-approved-execution,6,2956.250,1.691,6.090923,6.071730,6.180258,1.000000,1.000000,1.000000,2.148001,2.135021,2.201717
dmd,256,128,negative-source,original,6,17987.500,25.434,1.000000,1.000000,1.000000,6.389408,6.283843,7.982301,0.347237,0.277716,0.349548
dmd,256,128,negative-source,selected64,6,6250.000,0.600,2.879882,2.878000,3.608000,2.211922,2.183406,2.222222,1.002000,0.998000,1.006000
dmd,256,128,negative-source,vector16store,6,6262.500,0.798,2.879884,2.860835,3.600798,2.214602,2.187773,2.235556,1.000000,1.000000,1.000000
dmd,256,128,negative-source,cpp-approved-execution,6,2825.000,1.770,6.389408,6.283843,7.982301,1.000000,1.000000,1.000000,2.214602,2.187773,2.235556
dmd,256,128,padded,original,6,18006.250,0.208,1.000000,1.000000,1.000000,6.532898,6.490991,6.550000,0.346514,0.345833,0.352533
dmd,256,128,padded,selected64,6,6237.500,1.804,2.887665,2.842209,2.893574,2.263636,2.257919,2.290909,1.000986,0.997996,1.002008
dmd,256,128,padded,vector16store,6,6243.750,2.002,2.885888,2.836614,2.891566,2.265909,2.253394,2.288288,1.000000,1.000000,1.000000
dmd,256,128,padded,cpp-approved-execution,6,2756.250,0.907,6.532898,6.490991,6.550000,1.000000,1.000000,1.000000,2.265909,2.253394,2.288288
dmd,256,128,repeated-source,original,6,17987.500,3.127,1.000000,1.000000,1.000000,6.568493,6.515837,6.740909,0.345953,0.335131,0.346314
dmd,256,128,repeated-source,selected64,6,6218.750,0.201,2.892465,2.887550,2.983903,2.266521,2.248869,2.284404,1.000000,0.997992,1.002012
dmd,256,128,repeated-source,vector16store,6,6225.000,0.201,2.890562,2.887550,2.983903,2.266521,2.253394,2.284404,1.000000,1.000000,1.000000
dmd,256,128,repeated-source,cpp-approved-execution,6,2743.750,1.367,6.568493,6.515837,6.740909,1.000000,1.000000,1.000000,2.266521,2.253394,2.284404
dmd,256,128,universal,original,6,276300.000,7.971,1.000000,1.000000,1.000000,15.012180,14.855397,16.051595,0.996470,0.961639,1.002285
dmd,256,128,universal,selected64,6,275037.500,6.526,1.006197,0.994998,1.016029,14.937542,14.853741,15.798371,0.998432,0.977053,1.008610
dmd,256,128,universal,vector16store,6,274875.000,3.683,1.003543,0.997720,1.039891,14.943973,14.889341,15.435845,1.000000,1.000000,1.000000
dmd,256,128,universal,cpp-approved-execution,6,18406.250,0.204,15.012180,14.855397,16.051595,1.000000,1.000000,1.000000,14.943973,14.889341,15.435845
dmd,257,1,contiguous,original,6,187.696,1.306,1.000000,1.000000,1.000000,8.617117,8.455752,8.684685,0.530685,0.528008,0.537902
dmd,257,1,contiguous,selected64,6,100.000,1.863,1.871729,1.863946,1.888345,4.594595,4.508850,4.644144,0.997059,0.991254,1.004850
dmd,257,1,contiguous,vector16store,6,99.706,2.557,1.884366,1.859073,1.893910,4.581081,4.477876,4.666667,1.000000,1.000000,1.000000
dmd,257,1,contiguous,cpp-approved-execution,6,21.765,1.802,8.617117,8.455752,8.684685,1.000000,1.000000,1.000000,4.581081,4.477876,4.666667
dmd,257,1,negative-both,original,6,187.206,0.628,1.000000,1.000000,1.000000,8.417235,8.330435,8.460177,0.530490,0.528184,0.538018
dmd,257,1,negative-both,selected64,6,99.510,1.182,1.881106,1.862305,1.887685,4.477876,4.413043,4.511013,0.998027,0.997044,1.001953
dmd,257,1,negative-both,vector16store,6,99.265,1.580,1.885052,1.858674,1.893281,4.471239,4.400000,4.519824,1.000000,1.000000,1.000000
dmd,257,1,negative-both,cpp-approved-execution,6,22.206,1.766,8.417235,8.330435,8.460177,1.000000,1.000000,1.000000,4.471239,4.400000,4.519824
dmd,257,1,negative-source,original,6,187.304,0.785,1.000000,1.000000,1.000000,8.411894,8.280172,8.446903,0.529875,0.526809,0.536611
dmd,257,1,negative-source,selected64,6,99.755,1.671,1.874693,1.849130,1.888889,4.484581,4.383621,4.555066,0.992697,0.992134,0.996067
dmd,257,1,negative-source,vector16store,6,99.216,1.680,1.887243,1.863548,1.898221,4.460352,4.362069,4.519824,1.000000,1.000000,1.000000
dmd,257,1,negative-source,cpp-approved-execution,6,22.255,2.643,8.411894,8.280172,8.446903,1.000000,1.000000,1.000000,4.460352,4.362069,4.519824
dmd,257,1,padded,original,6,186.961,1.206,1.000000,1.000000,1.000000,8.423843,8.400881,8.475771,0.530307,0.524948,0.535508
dmd,257,1,padded,selected64,6,99.755,1.474,1.874202,1.860078,1.901186,4.492300,4.458150,4.524229,0.996076,0.982473,0.998024
dmd,257,1,padded,vector16store,6,99.118,0.890,1.885702,1.867387,1.904950,4.463578,4.444934,4.504425,1.000000,1.000000,1.000000
dmd,257,1,padded,cpp-approved-execution,6,22.206,0.442,8.423843,8.400881,8.475771,1.000000,1.000000,1.000000,4.463578,4.444934,4.504425
dmd,257,1,repeated-source,original,6,187.059,1.153,1.000000,1.000000,1.000000,8.407489,8.370044,8.466960,0.531899,0.526535,0.533298
dmd,257,1,repeated-source,selected64,6,99.510,0.985,1.879510,1.871443,1.893596,4.471366,4.449339,4.513274,0.999019,0.995098,1.000990
dmd,257,1,repeated-source,vector16store,6,99.461,0.591,1.880058,1.875123,1.899209,4.469163,4.453744,4.491150,1.000000,1.000000,1.000000
dmd,257,1,repeated-source,cpp-approved-execution,6,22.255,0.441,8.407489,8.370044,8.466960,1.000000,1.000000,1.000000,4.469163,4.453744,4.491150
dmd,257,1,universal,original,6,2281.324,23.318,1.000000,1.000000,1.000000,16.075634,15.904762,19.662983,1.003393,0.985037,1.013625
dmd,257,1,universal,selected64,6,2269.020,22.628,1.005169,0.984766,1.013528,15.928505,15.881133,19.486878,1.003248,0.991223,1.014021
dmd,257,1,universal,vector16store,6,2285.000,21.715,0.996620,0.986558,1.015190,16.095977,15.882796,19.498619,1.000000,1.000000,1.000000
dmd,257,1,universal,cpp-approved-execution,6,141.961,0.829,16.075634,15.904762,19.662983,1.000000,1.000000,1.000000,16.095977,15.882796,19.498619
dmd,257,17,contiguous,original,6,2433.333,0.205,1.000000,1.000000,1.000000,6.919431,6.845070,6.924171,0.354916,0.354552,0.356653
dmd,257,17,contiguous,selected64,6,864.167,0.386,2.815817,2.805769,2.820463,2.454976,2.436620,2.464455,1.000000,0.996154,1.003861
dmd,257,17,contiguous,vector16store,6,863.333,0.386,2.817568,2.803846,2.820463,2.454976,2.441315,2.464455,1.000000,1.000000,1.000000
dmd,257,17,contiguous,cpp-approved-execution,6,351.667,0.948,6.919431,6.845070,6.924171,1.000000,1.000000,1.000000,2.454976,2.441315,2.464455
dmd,257,17,negative-both,original,6,2504.167,0.333,1.000000,1.000000,1.000000,7.044513,6.926267,7.103774,0.377497,0.376494,0.379081
dmd,257,17,negative-both,selected64,6,944.167,0.353,2.652827,2.644366,2.660777,2.658100,2.617512,2.669811,1.001765,0.998239,1.005300
dmd,257,17,negative-both,vector16store,6,945.833,0.352,2.649030,2.637961,2.656085,2.660425,2.617512,2.674528,1.000000,1.000000,1.000000
dmd,257,17,negative-both,cpp-approved-execution,6,355.833,2.342,7.044513,6.926267,7.103774,1.000000,1.000000,1.000000,2.660425,2.617512,2.674528
dmd,257,17,negative-source,original,6,2507.500,0.465,1.000000,1.000000,1.000000,6.983721,6.876712,7.028037,0.378621,0.377660,0.380731
dmd,257,17,negative-source,selected64,6,946.667,1.232,2.648149,2.626527,2.660777,2.641860,2.584475,2.658879,1.001762,1.000000,1.005300
dmd,257,17,negative-source,vector16store,6,949.167,1.054,2.641168,2.626527,2.647887,2.647319,2.598174,2.663551,1.000000,1.000000,1.000000
dmd,257,17,negative-source,cpp-approved-execution,6,358.333,2.326,6.983721,6.876712,7.028037,1.000000,1.000000,1.000000,2.647319,2.598174,2.663551
dmd,257,17,padded,original,6,2504.167,0.399,1.000000,1.000000,1.000000,7.016355,6.709821,7.042254,0.377371,0.376330,0.377911
dmd,257,17,padded,selected64,6,945.833,0.529,2.650221,2.639085,2.654867,2.653394,2.531250,2.654206,1.000000,0.996479,1.001770
dmd,257,17,padded,vector16store,6,943.333,0.353,2.649912,2.646127,2.657244,2.644860,2.535714,2.657277,1.000000,1.000000,1.000000
dmd,257,17,padded,cpp-approved-execution,6,356.667,5.140,7.016355,6.709821,7.042254,1.000000,1.000000,1.000000,2.644860,2.535714,2.657277
dmd,257,17,repeated-source,original,6,2499.167,3.068,1.000000,1.000000,1.000000,7.004673,6.756757,7.210280,0.375835,0.365522,0.380000
dmd,257,17,repeated-source,selected64,6,939.167,1.065,2.660746,2.636204,2.735816,2.630841,2.563063,2.655660,1.000000,0.998224,1.003552
dmd,257,17,repeated-source,vector16store,6,939.167,1.420,2.660746,2.631579,2.735816,2.630841,2.567568,2.655660,1.000000,1.000000,1.000000
dmd,257,17,repeated-source,cpp-approved-execution,6,356.667,4.673,7.004673,6.756757,7.210280,1.000000,1.000000,1.000000,2.630841,2.567568,2.655660
dmd,257,17,universal,original,6,37085.000,3.416,1.000000,1.000000,1.000000,15.116168,14.818491,15.252197,0.998510,0.985557,1.015072
dmd,257,17,universal,selected64,6,37037.500,2.704,0.997171,0.978586,1.005593,15.101951,15.006793,15.342123,0.993135,0.981773,1.009123
dmd,257,17,universal,vector16store,6,36630.000,4.855,1.001514,0.985152,1.014655,14.930707,14.840925,15.482082,1.000000,1.000000,1.000000
dmd,257,17,universal,cpp-approved-execution,6,2452.500,0.612,15.116168,14.818491,15.252197,1.000000,1.000000,1.000000,14.930707,14.840925,15.482082
dmd,257,128,contiguous,original,6,18000.000,0.069,1.000000,1.000000,1.000000,6.760563,6.733645,6.792453,0.344899,0.344444,0.348611
dmd,257,128,contiguous,selected64,6,6212.500,1.207,2.897384,2.868526,2.905242,2.338836,2.317757,2.356808,1.000000,0.997988,1.002016
dmd,257,128,contiguous,vector16store,6,6212.500,1.207,2.899396,2.868526,2.903226,2.336478,2.322430,2.356808,1.000000,1.000000,1.000000
dmd,257,128,contiguous,cpp-approved-execution,6,2662.500,0.939,6.760563,6.733645,6.792453,1.000000,1.000000,1.000000,2.336478,2.322430,2.356808
dmd,257,128,negative-both,original,6,18075.000,0.415,1.000000,1.000000,1.000000,6.372247,6.364035,6.398230,0.351436,0.350622,0.352860
dmd,257,128,negative-both,selected64,6,6368.750,0.981,2.842981,2.826172,2.850099,2.245575,2.236842,2.255507,0.998033,0.994129,1.003922
dmd,257,128,negative-both,vector16store,6,6350.000,0.984,2.845472,2.833984,2.852071,2.243363,2.237885,2.246696,1.000000,1.000000,1.000000
dmd,257,128,negative-both,cpp-approved-execution,6,2837.500,0.881,6.372247,6.364035,6.398230,1.000000,1.000000,1.000000,2.243363,2.237885,2.246696
dmd,257,128,negative-source,original,6,18062.500,0.208,1.000000,1.000000,1.000000,6.465357,6.417778,6.538462,0.349602,0.348789,0.350173
dmd,257,128,negative-source,selected64,6,6331.250,0.395,2.852915,2.848126,2.865347,2.263983,2.253333,2.285068,0.998026,0.996055,1.000000
dmd,257,128,negative-source,vector16store,6,6312.500,0.396,2.860396,2.855731,2.867063,2.261751,2.244444,2.280543,1.000000,1.000000,1.000000
dmd,257,128,negative-source,cpp-approved-execution,6,2793.750,1.790,6.465357,6.417778,6.538462,1.000000,1.000000,1.000000,2.261751,2.244444,2.280543
dmd,257,128,padded,original,6,18075.000,3.112,1.000000,1.000000,1.000000,6.615590,6.568182,6.834862,0.348322,0.336913,0.349481
dmd,257,128,padded,selected64,6,6300.000,0.595,2.873767,2.863366,2.962227,2.302061,2.290909,2.307339,1.000000,0.998012,1.001992
dmd,257,128,padded,vector16store,6,6300.000,0.595,2.870906,2.861386,2.968127,2.301370,2.290909,2.307339,1.000000,1.000000,1.000000
dmd,257,128,padded,cpp-approved-execution,6,2737.500,0.913,6.615590,6.568182,6.834862,1.000000,1.000000,1.000000,2.301370,2.290909,2.307339
dmd,257,128,repeated-source,original,6,18050.000,0.139,1.000000,1.000000,1.000000,6.652074,6.619266,6.685185,0.348217,0.347645,0.350173
dmd,257,128,repeated-source,selected64,6,6287.500,1.193,2.869781,2.844488,2.876494,2.317972,2.307339,2.330275,0.999006,0.996063,1.001992
dmd,257,128,repeated-source,vector16store,6,6287.500,0.795,2.871769,2.855731,2.876494,2.317972,2.302752,2.324074,1.000000,1.000000,1.000000
dmd,257,128,repeated-source,cpp-approved-execution,6,2712.500,0.922,6.652074,6.619266,6.685185,1.000000,1.000000,1.000000,2.317972,2.302752,2.324074
dmd,257,128,universal,original,6,276325.000,7.324,1.000000,1.000000,1.000000,14.982014,14.822973,15.945763,0.994665,0.987981,1.023247
dmd,257,128,universal,selected64,6,275512.500,3.897,1.002637,0.995364,1.034392,14.948132,14.783108,15.415593,1.005649,0.993795,1.028235
dmd,257,128,universal,vector16store,6,276137.500,6.509,1.005364,0.977281,1.012165,14.982024,14.886024,15.850847,1.000000,1.000000,1.000000
dmd,257,128,universal,cpp-approved-execution,6,18437.500,0.407,14.982014,14.822973,15.945763,1.000000,1.000000,1.000000,14.982024,14.886024,15.850847
dmd,511,1,contiguous,original,6,324.659,0.360,1.000000,1.000000,1.000000,7.620167,7.547511,7.672811,0.459598,0.458084,0.462139
dmd,511,1,contiguous,selected64,6,150.097,0.130,2.162881,2.161039,2.166018,3.524046,3.488688,3.548387,0.993511,0.992218,0.998701
dmd,511,1,contiguous,vector16store,6,149.220,0.523,2.175817,2.163849,2.183007,3.511531,3.461538,3.527523,1.000000,1.000000,1.000000
dmd,511,1,contiguous,cpp-approved-execution,6,42.593,1.831,7.620167,7.547511,7.672811,1.000000,1.000000,1.000000,3.511531,3.461538,3.527523
dmd,511,1,negative-both,original,6,325.146,0.480,1.000000,1.000000,1.000000,7.659779,7.233766,7.691244,0.459159,0.458358,0.460203
dmd,511,1,negative-both,selected64,6,150.097,0.519,2.164935,2.161708,2.170351,3.537944,3.346320,3.548387,0.994802,0.992198,0.994825
dmd,511,1,negative-both,vector16store,6,149.220,0.784,2.177897,2.172952,2.181699,3.512652,3.329004,3.529954,1.000000,1.000000,1.000000
dmd,511,1,negative-both,cpp-approved-execution,6,42.398,6.437,7.659779,7.233766,7.691244,1.000000,1.000000,1.000000,3.512652,3.329004,3.529954
dmd,511,1,negative-source,original,6,325.146,1.079,1.000000,1.000000,1.000000,7.674284,7.384956,7.695853,0.459135,0.454816,0.460108
dmd,511,1,negative-source,selected64,6,150.097,0.649,2.164395,2.159120,2.181582,3.529859,3.420354,3.548387,0.992228,0.992208,0.997399
dmd,511,1,negative-source,vector16store,6,149.220,0.392,2.178010,2.173403,2.198693,3.506944,3.393805,3.534562,1.000000,1.000000,1.000000
dmd,511,1,negative-source,cpp-approved-execution,6,42.495,4.128,7.674284,7.384956,7.695853,1.000000,1.000000,1.000000,3.506944,3.393805,3.534562
dmd,511,1,padded,original,6,324.756,0.480,1.000000,1.000000,1.000000,7.628601,7.527027,7.682028,0.459598,0.457810,0.460384
dmd,511,1,padded,selected64,6,149.903,0.260,2.165907,2.162549,2.172952,3.525293,3.463964,3.543779,0.994798,0.993506,0.997399
dmd,511,1,padded,vector16store,6,149.123,0.261,2.175817,2.172099,2.184314,3.509248,3.445946,3.534562,1.000000,1.000000,1.000000
dmd,511,1,padded,cpp-approved-execution,6,42.495,2.294,7.628601,7.527027,7.682028,1.000000,1.000000,1.000000,3.509248,3.445946,3.534562
dmd,511,1,repeated-source,original,6,325.049,0.360,1.000000,1.000000,1.000000,7.653841,7.568182,7.708333,0.459760,0.458308,0.460432
dmd,511,1,repeated-source,selected64,6,150.097,0.260,2.165477,2.162338,2.170130,3.532184,3.500000,3.564815,0.994805,0.993498,0.997403
dmd,511,1,repeated-source,vector16store,6,149.318,0.522,2.175050,2.171875,2.181937,3.518402,3.477273,3.546296,1.000000,1.000000,1.000000
dmd,511,1,repeated-source,cpp-approved-execution,6,42.495,1.835,7.653841,7.568182,7.708333,1.000000,1.000000,1.000000,3.518402,3.477273,3.546296
dmd,511,1,universal,original,6,4404.386,1.801,1.000000,1.000000,1.000000,15.442090,15.356118,15.634313,0.999396,0.990246,1.017382
dmd,511,1,universal,selected64,6,4441.618,2.194,0.991618,0.980527,1.012572,15.574504,15.419002,15.750000,0.991022,0.981479,1.020939
dmd,511,1,universal,vector16store,6,4388.791,3.229,1.000607,0.982915,1.009850,15.389269,15.266576,15.763500,1.000000,1.000000,1.000000
dmd,511,1,universal,cpp-approved-execution,6,285.185,0.068,15.442090,15.356118,15.634313,1.000000,1.000000,1.000000,15.389269,15.266576,15.763500
dmd,511,17,contiguous,original,6,4856.667,0.137,1.000000,1.000000,1.000000,6.701190,6.597285,6.803738,0.358270,0.357339,0.358516
dmd,511,17,contiguous,selected64,6,1740.000,0.575,2.791188,2.778626,2.798464,2.397709,2.361991,2.448598,1.000000,0.996183,1.000000
dmd,511,17,contiguous,vector16store,6,1740.000,0.192,2.791188,2.789272,2.798464,2.397709,2.361991,2.439252,1.000000,1.000000,1.000000
dmd,511,17,contiguous,cpp-approved-execution,6,725.000,3.218,6.701190,6.597285,6.803738,1.000000,1.000000,1.000000,2.397709,2.361991,2.439252
dmd,511,17,negative-both,original,6,4948.333,0.269,1.000000,1.000000,1.000000,6.307880,6.235294,6.387931,0.371082,0.370370,0.371968
dmd,511,17,negative-both,selected64,6,1835.000,0.545,2.695730,2.690217,2.700000,2.341841,2.310924,2.366379,1.000907,0.998182,1.001821
dmd,511,17,negative-both,vector16store,6,1835.000,0.545,2.694823,2.688406,2.700000,2.341832,2.310924,2.370690,1.000000,1.000000,1.000000
dmd,511,17,negative-both,cpp-approved-execution,6,785.000,2.548,6.307880,6.235294,6.387931,1.000000,1.000000,1.000000,2.341832,2.310924,2.370690
dmd,511,17,negative-source,original,6,4950.000,0.269,1.000000,1.000000,1.000000,6.486900,6.432900,6.528634,0.370919,0.370370,0.371294
dmd,511,17,negative-source,selected64,6,1836.667,0.363,2.694823,2.690217,2.701818,2.406114,2.385281,2.422907,1.000000,0.998185,1.001818
dmd,511,17,negative-source,vector16store,6,1836.667,0.181,2.696007,2.693285,2.700000,2.406114,2.385281,2.422907,1.000000,1.000000,1.000000
dmd,511,17,negative-source,cpp-approved-execution,6,763.333,1.747,6.486900,6.432900,6.528634,1.000000,1.000000,1.000000,2.406114,2.385281,2.422907
dmd,511,17,padded,original,6,4941.667,0.202,1.000000,1.000000,1.000000,6.620648,6.591111,6.762557,0.369683,0.368847,0.381242
dmd,511,17,padded,selected64,6,1830.000,3.279,2.699454,2.627660,2.712454,2.463153,2.435556,2.529148,0.998179,0.994565,1.003663
dmd,511,17,padded,vector16store,6,1826.667,3.285,2.705025,2.623009,2.711152,2.451982,2.431111,2.533632,1.000000,1.000000,1.000000
dmd,511,17,padded,cpp-approved-execution,6,746.667,2.679,6.620648,6.591111,6.762557,1.000000,1.000000,1.000000,2.451982,2.431111,2.533632
dmd,511,17,repeated-source,original,6,4933.333,0.270,1.000000,1.000000,1.000000,6.786697,6.748858,6.851852,0.368670,0.367568,0.369345
dmd,511,17,repeated-source,selected64,6,1820.000,0.733,2.711538,2.704380,2.720588,2.504587,2.484018,2.518519,1.000000,0.996350,1.001832
dmd,511,17,repeated-source,vector16store,6,1820.000,0.549,2.712454,2.707495,2.720588,2.504587,2.484018,2.518519,1.000000,1.000000,1.000000
dmd,511,17,repeated-source,cpp-approved-execution,6,726.667,1.376,6.786697,6.748858,6.851852,1.000000,1.000000,1.000000,2.504587,2.484018,2.518519
dmd,511,17,universal,original,6,73055.000,5.457,1.000000,1.000000,1.000000,15.172383,15.005540,15.811895,1.005234,0.996124,1.020362
dmd,511,17,universal,selected64,6,73015.000,2.379,1.006333,0.977033,1.036916,15.164045,15.006920,15.367474,1.008569,0.980681,1.043900
dmd,511,17,universal,vector16store,6,73438.333,5.633,0.994795,0.980045,1.003891,15.251993,15.070588,15.918396,1.000000,1.000000,1.000000
dmd,511,17,universal,cpp-approved-execution,6,4816.667,0.138,15.172383,15.005540,15.811895,1.000000,1.000000,1.000000,15.251993,15.070588,15.918396
dmd,511,128,contiguous,original,6,36200.000,16.506,1.000000,1.000000,1.000000,6.846336,6.809412,7.971631,0.350259,0.300712,0.352088
dmd,511,128,contiguous,selected64,6,12706.250,0.492,2.849413,2.842002,3.318898,2.403073,2.385882,2.408983,0.999016,0.995093,1.000983
dmd,511,128,contiguous,vector16store,6,12675.000,0.690,2.855030,2.840196,3.325444,2.397163,2.385882,2.411348,1.000000,1.000000,1.000000
dmd,511,128,contiguous,cpp-approved-execution,6,5287.500,0.473,6.846336,6.809412,7.971631,1.000000,1.000000,1.000000,2.397163,2.385882,2.411348
dmd,511,128,negative-both,original,6,36450.000,31.036,1.000000,1.000000,1.000000,5.998969,5.950820,7.837449,0.355967,0.275400,0.357094
dmd,511,128,negative-both,selected64,6,12937.500,0.966,2.829703,2.795958,3.683752,2.126286,2.108607,2.142268,1.002907,0.998075,1.014507
dmd,511,128,negative-both,vector16store,6,12968.750,1.253,2.809249,2.800386,3.631077,2.132597,2.109980,2.158436,1.000000,1.000000,1.000000
dmd,511,128,negative-both,cpp-approved-execution,6,6087.500,1.232,5.998969,5.950820,7.837449,1.000000,1.000000,1.000000,2.132597,2.109980,2.158436
dmd,511,128,negative-source,original,6,39012.500,43.191,1.000000,1.000000,1.000000,6.510560,6.050000,8.839917,0.330787,0.243415,0.357094
dmd,511,128,negative-source,selected64,6,12868.750,1.068,3.031659,2.813953,4.152344,2.150884,2.128898,2.154489,1.002910,0.996135,1.010742
dmd,511,128,negative-source,vector16store,6,12912.500,0.968,3.036536,2.800386,4.108213,2.152403,2.139583,2.164927,1.000000,1.000000,1.000000
dmd,511,128,negative-source,cpp-approved-execution,6,6000.000,0.833,6.510560,6.050000,8.839917,1.000000,1.000000,1.000000,2.152403,2.139583,2.164927
dmd,511,128,padded,original,6,39537.500,18.685,1.000000,1.000000,1.000000,7.164712,6.570136,7.916100,0.324332,0.291607,0.352273
dmd,511,128,padded,selected64,6,12775.000,0.489,3.094912,2.838710,3.422549,2.313347,2.312217,2.317460,0.999024,0.998039,1.001957
dmd,511,128,padded,vector16store,6,12768.750,0.587,3.095290,2.838710,3.429273,2.312925,2.308390,2.316742,1.000000,1.000000,1.000000
dmd,511,128,padded,cpp-approved-execution,6,5518.750,0.453,7.164712,6.570136,7.916100,1.000000,1.000000,1.000000,2.312925,2.308390,2.316742
dmd,511,128,repeated-source,original,6,36287.500,15.605,1.000000,1.000000,1.000000,6.534910,6.494407,7.568849,0.351258,0.303609,0.388564
dmd,511,128,repeated-source,selected64,6,12731.250,0.393,2.851106,2.843291,3.287255,2.292793,2.277405,2.302483,1.001474,0.998039,1.108055
dmd,511,128,repeated-source,vector16store,6,12737.500,10.795,2.846909,2.573582,3.293713,2.296966,2.295045,2.523490,1.000000,1.000000,1.000000
dmd,511,128,repeated-source,cpp-approved-execution,6,5550.000,0.901,6.534910,6.494407,7.568849,1.000000,1.000000,1.000000,2.296966,2.295045,2.523490
dmd,511,128,universal,original,6,553525.000,3.683,1.000000,1.000000,1.000000,15.298655,15.072193,15.635579,1.000024,0.976384,1.004111
dmd,511,128,universal,selected64,6,555537.500,2.610,0.997432,0.988044,1.016643,15.354290,15.105318,15.511226,0.993974,0.981984,1.005143
dmd,511,128,universal,vector16store,6,551725.000,1.366,0.999988,0.995906,1.024188,15.248923,15.124352,15.332642,1.000000,1.000000,1.000000
dmd,511,128,universal,cpp-approved-execution,6,36187.500,0.069,15.298655,15.072193,15.635579,1.000000,1.000000,1.000000,15.248923,15.124352,15.332642
dmd,512,1,contiguous,original,6,325.293,0.721,1.000000,1.000000,1.000000,7.716423,7.339207,8.121951,0.445840,0.444444,0.448918
dmd,512,1,contiguous,selected64,6,147.070,1.461,2.219124,2.203974,2.237903,3.484988,3.321586,3.632850,0.990060,0.986755,0.994624
dmd,512,1,contiguous,vector16store,6,145.312,1.075,2.242962,2.227577,2.250000,3.447341,3.281938,3.609756,1.000000,1.000000,1.000000
dmd,512,1,contiguous,cpp-approved-execution,6,42.285,10.162,7.716423,7.339207,8.121951,1.000000,1.000000,1.000000,3.447341,3.281938,3.609756
dmd,512,1,negative-both,original,6,325.391,0.420,1.000000,1.000000,1.000000,8.206897,8.077670,8.231527,0.443578,0.442780,0.446514
dmd,512,1,negative-both,selected64,6,145.312,0.941,2.240269,2.218667,2.246299,3.660099,3.640777,3.674877,0.993948,0.990667,0.994624
dmd,512,1,negative-both,vector16store,6,144.434,0.541,2.254398,2.239569,2.258457,3.640394,3.606796,3.645320,1.000000,1.000000,1.000000
dmd,512,1,negative-both,cpp-approved-execution,6,39.648,1.478,8.206897,8.077670,8.231527,1.000000,1.000000,1.000000,3.640394,3.606796,3.645320
dmd,512,1,negative-source,original,6,324.805,0.601,1.000000,1.000000,1.000000,8.186721,8.033816,8.206897,0.445816,0.442849,0.449790
dmd,512,1,negative-source,selected64,6,145.312,1.344,2.235375,2.208499,2.245968,3.653579,3.629268,3.679803,0.993992,0.991968,1.000000
dmd,512,1,negative-source,vector16store,6,144.629,1.350,2.243080,2.223262,2.258108,3.631459,3.609756,3.665025,1.000000,1.000000,1.000000
dmd,512,1,negative-source,cpp-approved-execution,6,39.746,1.966,8.186721,8.033816,8.206897,1.000000,1.000000,1.000000,3.631459,3.609756,3.665025
dmd,512,1,padded,original,6,325.488,0.840,1.000000,1.000000,1.000000,8.161765,7.976077,8.220588,0.444144,0.441860,0.445978
dmd,512,1,padded,selected64,6,145.410,1.343,2.236399,2.212483,2.240915,3.647059,3.564593,3.681373,0.993280,0.986684,0.997308
dmd,512,1,padded,vector16store,6,144.629,0.540,2.251520,2.242261,2.263158,3.622549,3.540670,3.650246,1.000000,1.000000,1.000000
dmd,512,1,padded,cpp-approved-execution,6,39.844,2.941,8.161765,7.976077,8.220588,1.000000,1.000000,1.000000,3.622549,3.540670,3.650246
dmd,512,1,repeated-source,original,6,325.488,0.900,1.000000,1.000000,1.000000,8.075243,7.980861,8.101942,0.444378,0.443379,0.446643
dmd,512,1,repeated-source,selected64,6,145.312,1.344,2.235215,2.215139,2.243280,3.609223,3.594203,3.628019,0.993311,0.989376,0.994624
dmd,512,1,repeated-source,vector16store,6,144.434,0.947,2.250338,2.238926,2.255405,3.587379,3.564593,3.603865,1.000000,1.000000,1.000000
dmd,512,1,repeated-source,cpp-approved-execution,6,40.332,1.453,8.075243,7.980861,8.101942,1.000000,1.000000,1.000000,3.587379,3.564593,3.603865
dmd,512,1,universal,original,6,4430.566,2.067,1.000000,1.000000,1.000000,15.494877,15.303486,15.624060,1.000295,0.986963,1.040990
dmd,512,1,universal,selected64,6,4455.957,8.306,0.985695,0.946813,1.015731,15.589042,15.154477,16.438525,0.992420,0.980298,1.008299
dmd,512,1,universal,vector16store,6,4404.297,6.053,0.999747,0.960624,1.013209,15.413534,15.280246,16.202186,1.000000,1.000000,1.000000
dmd,512,1,universal,cpp-approved-execution,6,285.742,0.068,15.494877,15.303486,15.624060,1.000000,1.000000,1.000000,15.413534,15.280246,16.202186
dmd,512,17,contiguous,original,6,4868.333,0.479,1.000000,1.000000,1.000000,6.759259,6.628959,6.781395,0.340294,0.339041,0.341980
dmd,512,17,contiguous,selected64,6,1658.333,0.402,2.939577,2.931727,2.943548,2.300926,2.253394,2.306977,0.998996,0.997984,1.006024
dmd,512,17,contiguous,vector16store,6,1656.667,1.207,2.938632,2.924152,2.949495,2.296296,2.266968,2.305556,1.000000,1.000000,1.000000
dmd,512,17,contiguous,cpp-approved-execution,6,720.000,2.778,6.759259,6.628959,6.781395,1.000000,1.000000,1.000000,2.296296,2.266968,2.305556
dmd,512,17,negative-both,original,6,4956.667,0.269,1.000000,1.000000,1.000000,6.263172,6.239496,6.274262,0.355750,0.354643,0.356422
dmd,512,17,negative-both,selected64,6,1765.000,0.567,2.810027,2.796610,2.820076,2.229470,2.218487,2.240506,0.999058,0.996234,1.001894
dmd,512,17,negative-both,vector16store,6,1763.333,0.567,2.810964,2.805660,2.819734,2.223159,2.222689,2.236287,1.000000,1.000000,1.000000
dmd,512,17,negative-both,cpp-approved-execution,6,791.667,0.421,6.263172,6.239496,6.274262,1.000000,1.000000,1.000000,2.223159,2.222689,2.236287
dmd,512,17,negative-source,original,6,4956.667,0.336,1.000000,1.000000,1.000000,6.581858,6.521930,6.633929,0.354265,0.353297,0.366510
dmd,512,17,negative-source,selected64,6,1761.667,3.784,2.814573,2.728440,2.840000,2.342249,2.320175,2.400881,0.999049,0.996212,1.005714
dmd,512,17,negative-source,vector16store,6,1758.333,3.791,2.822748,2.728440,2.830476,2.340017,2.311404,2.400881,1.000000,1.000000,1.000000
dmd,512,17,negative-source,cpp-approved-execution,6,753.333,1.770,6.581858,6.521930,6.633929,1.000000,1.000000,1.000000,2.340017,2.311404,2.400881
dmd,512,17,padded,original,6,4950.000,0.404,1.000000,1.000000,1.000000,6.825688,6.807339,6.843318,0.351197,0.350370,0.360269
dmd,512,17,padded,selected64,6,1738.333,2.876,2.845638,2.770522,2.857965,2.396789,2.389908,2.470046,1.000000,0.996176,1.001919
dmd,512,17,padded,vector16store,6,1738.333,2.685,2.847409,2.775701,2.854127,2.394495,2.389908,2.465438,1.000000,1.000000,1.000000
dmd,512,17,padded,cpp-approved-execution,6,726.667,0.459,6.825688,6.807339,6.843318,1.000000,1.000000,1.000000,2.394495,2.389908,2.465438
dmd,512,17,repeated-source,original,6,4941.667,0.202,1.000000,1.000000,1.000000,6.816144,6.740909,6.861111,0.350859,0.350404,0.351552
dmd,512,17,repeated-source,selected64,6,1733.333,0.577,2.850000,2.842912,2.853565,2.390828,2.363636,2.407407,1.000000,0.996169,1.001923
dmd,512,17,repeated-source,vector16store,6,1735.000,0.384,2.850146,2.844530,2.853846,2.388524,2.363636,2.412037,1.000000,1.000000,1.000000
dmd,512,17,repeated-source,cpp-approved-execution,6,725.000,1.839,6.816144,6.740909,6.861111,1.000000,1.000000,1.000000,2.388524,2.363636,2.412037
dmd,512,17,universal,original,6,72705.000,3.434,1.000000,1.000000,1.000000,15.069800,14.304124,15.555939,0.995967,0.993243,1.003669
dmd,512,17,universal,selected64,6,73288.333,6.609,0.991482,0.967742,1.004882,15.098953,14.780928,15.998619,0.991460,0.961203,1.004606
dmd,512,17,universal,vector16store,6,72828.333,3.428,1.004049,0.996344,1.006803,15.048407,14.207474,15.487569,1.000000,1.000000,1.000000
dmd,512,17,universal,cpp-approved-execution,6,4825.000,7.530,15.069800,14.304124,15.555939,1.000000,1.000000,1.000000,15.048407,14.207474,15.487569
dmd,512,128,contiguous,original,6,36281.250,37.657,1.000000,1.000000,1.000000,6.850071,6.814554,9.370892,0.330633,0.241232,0.332414
dmd,512,128,contiguous,selected64,6,12006.250,2.811,3.021864,2.938197,4.158333,2.261183,2.253521,2.327830,1.000520,0.976697,1.003125
dmd,512,128,contiguous,vector16store,6,12031.250,0.623,3.024506,3.008299,4.145379,2.260563,2.258216,2.273585,1.000000,1.000000,1.000000
dmd,512,128,contiguous,cpp-approved-execution,6,5312.500,0.706,6.850071,6.814554,9.370892,1.000000,1.000000,1.000000,2.260563,2.258216,2.273585
dmd,512,128,negative-both,original,6,36487.500,11.305,1.000000,1.000000,1.000000,6.117533,6.000000,6.764092,0.336420,0.304938,0.338710
dmd,512,128,negative-both,selected64,6,12431.250,2.212,2.969450,2.904382,3.279352,2.076200,2.016427,2.109244,0.991479,0.979084,1.001018
dmd,512,128,negative-both,vector16store,6,12312.500,0.914,2.972477,2.952381,3.279352,2.061587,2.018480,2.069182,1.000000,1.000000,1.000000
dmd,512,128,negative-both,cpp-approved-execution,6,5981.250,2.299,6.117533,6.000000,6.764092,1.000000,1.000000,1.000000,2.061587,2.018480,2.069182
dmd,512,128,negative-source,original,6,36412.500,0.309,1.000000,1.000000,1.000000,6.223321,6.197872,6.261803,0.336482,0.335161,0.338134
dmd,512,128,negative-source,selected64,6,12243.750,1.225,2.974480,2.953347,2.993840,2.090032,2.089362,2.102345,0.998979,0.994908,1.012320
dmd,512,128,negative-source,vector16store,6,12243.750,0.919,2.971924,2.957404,2.983640,2.095093,2.078723,2.115880,1.000000,1.000000,1.000000
dmd,512,128,negative-source,cpp-approved-execution,6,5850.000,0.855,6.223321,6.197872,6.261803,1.000000,1.000000,1.000000,2.095093,2.078723,2.115880
dmd,512,128,padded,original,6,36350.000,0.791,1.000000,1.000000,1.000000,6.787232,6.751740,6.794393,0.332703,0.332302,0.333563
dmd,512,128,padded,selected64,6,12118.750,0.413,3.001548,2.991770,3.020619,2.260214,2.245370,2.271028,0.998971,0.996907,1.004124
dmd,512,128,padded,vector16store,6,12106.250,0.723,3.005686,2.997938,3.009307,2.257878,2.243619,2.266355,1.000000,1.000000,1.000000
dmd,512,128,padded,cpp-approved-execution,6,5356.250,0.933,6.787232,6.751740,6.794393,1.000000,1.000000,1.000000,2.257878,2.243619,2.266355
dmd,512,128,repeated-source,original,6,36350.000,0.653,1.000000,1.000000,1.000000,6.747100,6.711316,6.802326,0.332362,0.332073,0.332990
dmd,512,128,repeated-source,selected64,6,12081.250,0.517,3.011393,3.006205,3.015544,2.242459,2.228637,2.255814,1.000518,0.998966,1.004145
dmd,512,128,repeated-source,vector16store,6,12081.250,0.621,3.008770,3.003096,3.011387,2.242459,2.230947,2.260465,1.000000,1.000000,1.000000
dmd,512,128,repeated-source,cpp-approved-execution,6,5387.500,0.696,6.747100,6.711316,6.802326,1.000000,1.000000,1.000000,2.242459,2.230947,2.260465
dmd,512,128,universal,original,6,551381.250,2.485,1.000000,1.000000,1.000000,14.874401,14.509971,15.099897,0.998730,0.986017,1.014091
dmd,512,128,universal,selected64,6,547406.250,2.624,1.001155,0.994914,1.021996,14.917174,14.232346,15.102378,1.003955,0.993151,1.014996
dmd,512,128,universal,vector16store,6,552531.250,2.726,1.001271,0.986105,1.014181,14.851368,14.342011,15.265840,1.000000,1.000000,1.000000
dmd,512,128,universal,cpp-approved-execution,6,37087.500,5.797,14.874401,14.509971,15.099897,1.000000,1.000000,1.000000,14.851368,14.342011,15.265840
dmd,513,1,contiguous,original,6,325.930,1.081,1.000000,1.000000,1.000000,8.084951,8.067961,8.115942,0.443677,0.439286,0.445978
dmd,513,1,contiguous,selected64,6,145.010,0.945,2.246460,2.233244,2.270270,3.594660,3.574879,3.621359,0.996638,0.991946,0.998647
dmd,513,1,contiguous,vector16store,6,144.521,0.677,2.253894,2.242261,2.276423,3.584951,3.565217,3.606796,1.000000,1.000000,1.000000
dmd,513,1,contiguous,cpp-approved-execution,6,40.313,0.485,8.084951,8.067961,8.115942,1.000000,1.000000,1.000000,3.584951,3.565217,3.606796
dmd,513,1,negative-both,original,6,326.321,1.079,1.000000,1.000000,1.000000,8.087379,7.691244,8.165049,0.444478,0.441388,0.451768
dmd,513,1,negative-both,selected64,6,145.401,2.288,2.245287,2.201847,2.256410,3.601942,3.493088,3.626214,0.995968,0.994723,1.000000
dmd,513,1,negative-both,vector16store,6,145.401,2.153,2.249857,2.213528,2.265583,3.594660,3.474654,3.611650,1.000000,1.000000,1.000000
dmd,513,1,negative-both,cpp-approved-execution,6,40.313,5.340,8.087379,7.691244,8.165049,1.000000,1.000000,1.000000,3.594660,3.474654,3.611650
dmd,513,1,negative-source,original,6,326.712,17.790,1.000000,1.000000,1.000000,8.108954,8.048309,9.524272,0.442447,0.378695,0.444444
dmd,513,1,negative-source,selected64,6,145.010,1.080,2.254559,2.245283,2.622995,3.594660,3.579710,3.631068,0.997299,0.993316,0.998650
dmd,513,1,negative-source,vector16store,6,144.716,0.676,2.260163,2.250000,2.640646,3.587379,3.565217,3.609756,1.000000,1.000000,1.000000
dmd,513,1,negative-source,cpp-approved-execution,6,40.313,0.971,8.108954,8.048309,9.524272,1.000000,1.000000,1.000000,3.587379,3.565217,3.609756
dmd,513,1,padded,original,6,326.125,0.960,1.000000,1.000000,1.000000,8.089806,7.437500,8.120773,0.443144,0.439619,0.446246
dmd,513,1,padded,selected64,6,145.010,0.945,2.249832,2.228916,2.271622,3.594660,3.308036,3.626214,0.997299,0.994616,1.002699
dmd,513,1,padded,vector16store,6,144.618,0.677,2.256602,2.240915,2.274696,3.584951,3.316964,3.606796,1.000000,1.000000,1.000000
dmd,513,1,padded,cpp-approved-execution,6,40.313,8.738,8.089806,7.437500,8.120773,1.000000,1.000000,1.000000,3.584951,3.316964,3.606796
dmd,513,1,repeated-source,original,6,326.614,0.779,1.000000,1.000000,1.000000,8.024038,8.009615,8.033493,0.443046,0.440143,0.447179
dmd,513,1,repeated-source,selected64,6,145.205,1.078,2.247984,2.227273,2.268919,3.567308,3.540670,3.596154,0.996645,0.994616,0.998649
dmd,513,1,repeated-source,vector16store,6,144.618,0.812,2.257104,2.236242,2.271989,3.552885,3.535885,3.581731,1.000000,1.000000,1.000000
dmd,513,1,repeated-source,cpp-approved-execution,6,40.705,0.481,8.024038,8.009615,8.033493,1.000000,1.000000,1.000000,3.552885,3.535885,3.581731
dmd,513,1,universal,original,6,4465.558,5.320,1.000000,1.000000,1.000000,15.597235,15.213406,16.032809,1.003556,0.966069,1.038880
dmd,513,1,universal,selected64,6,4396.869,6.810,0.996775,0.983068,1.038692,15.367989,15.252732,16.308954,0.999844,0.985834,1.042321
dmd,513,1,universal,vector16store,6,4386.986,8.565,0.996457,0.962575,1.035123,15.322979,15.263338,16.565277,1.000000,1.000000,1.000000
dmd,513,1,universal,cpp-approved-execution,6,286.204,0.137,15.597235,15.213406,16.032809,1.000000,1.000000,1.000000,15.322979,15.263338,16.565277
dmd,513,17,contiguous,original,6,4875.000,0.547,1.000000,1.000000,1.000000,6.766737,6.645455,6.800000,0.339261,0.337645,0.339713
dmd,513,17,contiguous,selected64,6,1656.667,0.402,2.940644,2.931864,2.955734,2.295624,2.259091,2.316279,0.997988,0.995984,0.997988
dmd,513,17,contiguous,vector16store,6,1653.333,0.202,2.947581,2.943662,2.961694,2.291005,2.254545,2.306977,1.000000,1.000000,1.000000
dmd,513,17,contiguous,cpp-approved-execution,6,721.667,2.309,6.766737,6.645455,6.800000,1.000000,1.000000,1.000000,2.291005,2.254545,2.306977
dmd,513,17,negative-both,original,6,4966.667,0.268,1.000000,1.000000,1.000000,6.647321,6.601770,6.702703,0.351024,0.350536,0.351442
dmd,513,17,negative-both,selected64,6,1741.667,0.191,2.851675,2.847036,2.856322,2.330357,2.314159,2.351351,1.000956,1.000000,1.001916
dmd,513,17,negative-both,vector16store,6,1743.333,0.382,2.848806,2.845420,2.852772,2.334821,2.314159,2.351351,1.000000,1.000000,1.000000
dmd,513,17,negative-both,cpp-approved-execution,6,746.667,1.786,6.647321,6.601770,6.702703,1.000000,1.000000,1.000000,2.334821,2.314159,2.351351
dmd,513,17,negative-source,original,6,4965.000,59.483,1.000000,1.000000,1.000000,6.877614,6.861751,10.935484,0.351479,0.221660,0.352586
dmd,513,17,negative-source,selected64,6,1745.000,0.382,2.845274,2.836190,4.520000,2.419355,2.410138,2.421296,1.000000,0.998088,1.001908
dmd,513,17,negative-source,vector16store,6,1746.667,0.763,2.845124,2.836190,4.511407,2.420326,2.405530,2.423963,1.000000,1.000000,1.000000
dmd,513,17,negative-source,cpp-approved-execution,6,723.333,0.461,6.877614,6.861751,10.935484,1.000000,1.000000,1.000000,2.420326,2.405530,2.423963
dmd,513,17,padded,original,6,4956.667,0.134,1.000000,1.000000,1.000000,7.049763,7.042654,7.076190,0.351379,0.350606,0.352387
dmd,513,17,padded,selected64,6,1743.333,0.382,2.842256,2.837786,2.850575,2.478673,2.473934,2.490476,1.000000,0.996176,1.001916
dmd,513,17,padded,vector16store,6,1741.667,0.574,2.845934,2.837786,2.852207,2.481043,2.469194,2.485714,1.000000,1.000000,1.000000
dmd,513,17,padded,cpp-approved-execution,6,703.333,0.474,7.049763,7.042654,7.076190,1.000000,1.000000,1.000000,2.481043,2.469194,2.485714
dmd,513,17,repeated-source,original,6,4950.000,0.135,1.000000,1.000000,1.000000,7.069048,7.037915,7.134615,0.350505,0.349057,0.351515
dmd,513,17,repeated-source,selected64,6,1738.333,0.575,2.846598,2.839388,2.853846,2.479813,2.473934,2.504808,0.998082,0.996154,1.000000
dmd,513,17,repeated-source,vector16store,6,1735.000,0.768,2.853027,2.844828,2.864865,2.475062,2.466667,2.500000,1.000000,1.000000,1.000000
dmd,513,17,repeated-source,cpp-approved-execution,6,700.000,1.429,7.069048,7.037915,7.134615,1.000000,1.000000,1.000000,2.475062,2.466667,2.500000
dmd,513,17,universal,original,6,74015.000,6.296,1.000000,1.000000,1.000000,15.313448,14.966897,15.909091,0.989282,0.961016,1.003500
dmd,513,17,universal,selected64,6,73006.667,11.529,0.998645,0.953482,1.032981,15.099611,14.966897,16.685262,0.996746,0.937301,1.007101
dmd,513,17,universal,vector16store,6,72635.000,4.805,1.010858,0.996512,1.040565,15.022752,14.938621,15.639118,1.000000,1.000000,1.000000
dmd,513,17,universal,cpp-approved-execution,6,4833.333,0.138,15.313448,14.966897,15.909091,1.000000,1.000000,1.000000,15.022752,14.938621,15.639118
dmd,513,128,contiguous,original,6,36387.500,13.088,1.000000,1.000000,1.000000,6.844531,6.807963,7.731765,0.331215,0.293670,0.333907
dmd,513,128,contiguous,selected64,6,12118.750,7.220,3.001051,2.821878,3.394628,2.275826,2.271226,2.419204,0.997422,0.934172,1.002077
dmd,513,128,contiguous,vector16store,6,12062.500,0.725,3.019189,2.994845,3.405181,2.271125,2.259953,2.287736,1.000000,1.000000,1.000000
dmd,513,128,contiguous,cpp-approved-execution,6,5312.500,0.706,6.844531,6.807963,7.731765,1.000000,1.000000,1.000000,2.271125,2.259953,2.287736
dmd,513,128,negative-both,original,6,36518.750,41.177,1.000000,1.000000,1.000000,6.249199,6.169133,8.820128,0.337669,0.241078,0.343621
dmd,513,128,negative-both,selected64,6,12331.250,0.507,2.959939,2.950555,4.160606,2.105675,2.084567,2.119914,1.003036,0.996973,1.016227
dmd,513,128,negative-both,vector16store,6,12387.500,1.715,2.961483,2.910180,4.148036,2.117258,2.090909,2.127389,1.000000,1.000000,1.000000
dmd,513,128,negative-both,cpp-approved-execution,6,5862.500,1.279,6.249199,6.169133,8.820128,1.000000,1.000000,1.000000,2.117258,2.090909,2.127389
dmd,513,128,negative-source,original,6,36537.500,0.650,1.000000,1.000000,1.000000,6.338395,6.271949,6.387800,0.335675,0.333904,0.342456
dmd,513,128,negative-source,selected64,6,12262.500,1.121,2.981164,2.964575,2.991812,2.124863,2.115632,2.143791,0.998470,0.992915,1.021429
dmd,513,128,negative-source,vector16store,6,12256.250,2.550,2.979089,2.920080,2.994877,2.131378,2.100642,2.171367,1.000000,1.000000,1.000000
dmd,513,128,negative-source,cpp-approved-execution,6,5756.250,1.737,6.338395,6.271949,6.387800,1.000000,1.000000,1.000000,2.131378,2.100642,2.171367
dmd,513,128,padded,original,6,36431.250,32.802,1.000000,1.000000,1.000000,6.865735,6.838028,9.125000,0.333734,0.254329,0.336307
dmd,513,128,padded,selected64,6,12181.250,1.129,2.997947,2.967413,3.943935,2.295644,2.284038,2.313679,1.000515,0.997963,1.003077
dmd,513,128,padded,vector16store,6,12193.750,1.230,2.996402,2.973469,3.931911,2.297994,2.284038,2.320755,1.000000,1.000000,1.000000
dmd,513,128,padded,cpp-approved-execution,6,5306.250,0.471,6.865735,6.838028,9.125000,1.000000,1.000000,1.000000,2.297994,2.284038,2.320755
dmd,513,128,repeated-source,original,6,36425.000,25.429,1.000000,1.000000,1.000000,6.814042,6.792541,8.575117,0.334077,0.265809,0.335165
dmd,513,128,repeated-source,selected64,6,12175.000,0.616,2.991790,2.983607,3.762101,2.276035,2.266355,2.291080,0.999488,0.997949,1.004124
dmd,513,128,repeated-source,vector16store,6,12168.750,0.514,2.993324,2.983607,3.762101,2.277522,2.265734,2.288732,1.000000,1.000000,1.000000
dmd,513,128,repeated-source,cpp-approved-execution,6,5343.750,0.702,6.814042,6.792541,8.575117,1.000000,1.000000,1.000000,2.277522,2.265734,2.288732
dmd,513,128,universal,original,6,550843.750,2.789,1.000000,1.000000,1.000000,15.080646,14.013056,15.449965,1.001391,0.986979,1.015918
dmd,513,128,universal,selected64,6,557756.250,9.574,0.987623,0.936805,1.015606,15.140473,14.803636,15.797316,0.983143,0.945990,1.006887
dmd,513,128,universal,vector16store,6,552137.500,3.914,0.998639,0.984332,1.013193,15.149249,14.150451,15.330007,1.000000,1.000000,1.000000
dmd,513,128,universal,cpp-approved-execution,6,36350.000,10.970,15.080646,14.013056,15.449965,1.000000,1.000000,1.000000,15.149249,14.150451,15.330007
dmd,2048,1,contiguous,original,6,1160.547,0.202,1.000000,1.000000,1.000000,6.971831,6.948598,7.014151,0.362597,0.361802,0.364983
dmd,2048,1,contiguous,selected64,6,421.094,1.113,2.757885,2.729779,2.760223,2.530516,2.518692,2.553991,1.000000,0.996324,1.000000
dmd,2048,1,contiguous,vector16store,6,421.094,0.742,2.757885,2.739852,2.763941,2.530516,2.518692,2.544601,1.000000,1.000000,1.000000
dmd,2048,1,contiguous,cpp-approved-execution,6,166.406,0.939,6.971831,6.948598,7.014151,1.000000,1.000000,1.000000,2.530516,2.518692,2.544601
dmd,2048,1,negative-both,original,6,1160.938,0.202,1.000000,1.000000,1.000000,6.992980,6.799087,7.076190,0.362719,0.361988,0.365165
dmd,2048,1,negative-both,selected64,6,421.094,0.742,2.756957,2.738490,2.756957,2.536485,2.479452,2.566667,1.000000,0.992634,1.000000
dmd,2048,1,negative-both,vector16store,6,421.094,0.928,2.756957,2.738490,2.762523,2.534126,2.461187,2.566667,1.000000,1.000000,1.000000
dmd,2048,1,negative-both,cpp-approved-execution,6,166.016,4.235,6.992980,6.799087,7.076190,1.000000,1.000000,1.000000,2.534126,2.461187,2.566667
dmd,2048,1,negative-source,original,6,1160.938,1.884,1.000000,1.000000,1.000000,7.007075,6.784753,7.014151,0.363391,0.362719,0.372769
dmd,2048,1,negative-source,selected64,6,422.266,4.995,2.749309,2.673145,2.758813,2.544811,2.538117,2.575472,0.998158,0.996303,1.003711
dmd,2048,1,negative-source,vector16store,6,421.875,4.630,2.751858,2.682624,2.756957,2.542453,2.529148,2.570755,1.000000,1.000000,1.000000
dmd,2048,1,negative-source,cpp-approved-execution,6,165.625,5.189,7.007075,6.784753,7.014151,1.000000,1.000000,1.000000,2.542453,2.529148,2.570755
dmd,2048,1,padded,original,6,1160.938,0.202,1.000000,1.000000,1.000000,7.002358,6.976526,7.114833,0.362963,0.362475,0.367003
dmd,2048,1,padded,selected64,6,421.094,1.484,2.755102,2.714808,2.758813,2.549528,2.530516,2.580189,1.000000,0.996344,1.000000
dmd,2048,1,padded,vector16store,6,421.094,1.113,2.755102,2.724771,2.758813,2.547170,2.530516,2.578947,1.000000,1.000000,1.000000
dmd,2048,1,padded,cpp-approved-execution,6,165.625,1.887,7.002358,6.976526,7.114833,1.000000,1.000000,1.000000,2.547170,2.530516,2.578947
dmd,2048,1,repeated-source,original,6,1161.719,0.202,1.000000,1.000000,1.000000,6.884259,6.642857,7.009434,0.362933,0.362046,0.364492
dmd,2048,1,repeated-source,selected64,6,421.484,0.556,2.755329,2.743542,2.758813,2.506944,2.410714,2.542453,1.000000,0.998145,1.000000
dmd,2048,1,repeated-source,vector16store,6,421.484,0.741,2.755329,2.743542,2.762082,2.504630,2.410714,2.537736,1.000000,1.000000,1.000000
dmd,2048,1,repeated-source,cpp-approved-execution,6,168.750,5.556,6.884259,6.642857,7.009434,1.000000,1.000000,1.000000,2.504630,2.410714,2.537736
dmd,2048,1,universal,original,6,17216.016,3.408,1.000000,1.000000,1.000000,15.404757,15.318658,15.839273,0.999353,0.991739,1.003267
dmd,2048,1,universal,selected64,6,17311.328,3.136,1.000043,0.987628,1.003942,15.490004,15.291405,15.777079,0.998653,0.979469,1.004725
dmd,2048,1,universal,vector16store,6,17205.859,3.555,1.000650,0.996744,1.008330,15.401049,15.257862,15.805031,1.000000,1.000000,1.000000
dmd,2048,1,universal,cpp-approved-execution,6,1117.969,0.070,15.404757,15.318658,15.839273,1.000000,1.000000,1.000000,15.401049,15.257862,15.805031
dmd,2048,17,contiguous,original,6,19025.000,0.066,1.000000,1.000000,1.000000,6.749479,6.734513,6.768889,0.332457,0.331582,0.333771
dmd,2048,17,contiguous,selected64,6,6325.000,0.593,3.007917,2.996063,3.015842,2.244444,2.234513,2.253333,1.000000,0.998028,1.003960
dmd,2048,17,contiguous,vector16store,6,6325.000,0.593,3.007905,2.996063,3.015842,2.246116,2.234513,2.253333,1.000000,1.000000,1.000000
dmd,2048,17,contiguous,cpp-approved-execution,6,2818.750,0.443,6.749479,6.734513,6.768889,1.000000,1.000000,1.000000,2.246116,2.234513,2.253333
dmd,2048,17,negative-both,original,6,19137.500,1.045,1.000000,1.000000,1.000000,6.610806,6.487288,6.627706,0.336041,0.334422,0.338994
dmd,2048,17,negative-both,selected64,6,6443.750,1.358,2.978693,2.951830,2.988281,2.217199,2.194915,2.220779,1.000963,0.998051,1.001953
dmd,2048,17,negative-both,vector16store,6,6450.000,1.550,2.975830,2.949904,2.990234,2.218615,2.199153,2.222222,1.000000,1.000000,1.000000
dmd,2048,17,negative-both,cpp-approved-execution,6,2906.250,2.151,6.610806,6.487288,6.627706,1.000000,1.000000,1.000000,2.218615,2.199153,2.222222
dmd,2048,17,negative-source,original,6,19137.500,0.261,1.000000,1.000000,1.000000,6.652174,6.636364,6.689956,0.335945,0.334856,0.336601
dmd,2048,17,negative-source,selected64,6,6425.000,0.195,2.980526,2.976654,2.986355,2.234783,2.225108,2.244541,1.000973,1.000000,1.001946
dmd,2048,17,negative-source,vector16store,6,6431.250,0.389,2.976676,2.970874,2.986355,2.236957,2.229437,2.248908,1.000000,1.000000,1.000000
dmd,2048,17,negative-source,cpp-approved-execution,6,2875.000,0.870,6.652174,6.636364,6.689956,1.000000,1.000000,1.000000,2.236957,2.229437,2.248908
dmd,2048,17,padded,original,6,19118.750,0.850,1.000000,1.000000,1.000000,6.763274,6.719298,6.818584,0.335623,0.332901,0.339869
dmd,2048,17,padded,selected64,6,6418.750,1.363,2.980507,2.947977,2.998054,2.269912,2.265487,2.286344,1.000963,0.998054,1.003868
dmd,2048,17,padded,vector16store,6,6412.500,1.365,2.979532,2.942308,3.003899,2.269912,2.269912,2.290749,1.000000,1.000000,1.000000
dmd,2048,17,padded,cpp-approved-execution,6,2825.000,0.885,6.763274,6.719298,6.818584,1.000000,1.000000,1.000000,2.269912,2.269912,2.290749
dmd,2048,17,repeated-source,original,6,19118.750,0.262,1.000000,1.000000,1.000000,6.737885,6.710526,6.765487,0.336275,0.334205,0.339204
dmd,2048,17,repeated-source,selected64,6,6406.250,1.756,2.985369,2.948077,2.992172,2.260487,2.245614,2.283186,1.000975,1.000000,1.005859
dmd,2048,17,repeated-source,vector16store,6,6431.250,1.749,2.973764,2.948077,2.992172,2.262690,2.258772,2.283186,1.000000,1.000000,1.000000
dmd,2048,17,repeated-source,cpp-approved-execution,6,2837.500,0.881,6.737885,6.710526,6.765487,1.000000,1.000000,1.000000,2.262690,2.258772,2.283186
dmd,2048,17,universal,original,6,290243.750,3.514,1.000000,1.000000,1.000000,15.265885,15.222295,15.743270,1.009925,1.001033,1.025597
dmd,2048,17,universal,selected64,6,291456.250,10.623,0.996133,0.934448,1.015244,15.332237,15.261356,16.847669,1.003077,0.946919,1.041231
dmd,2048,17,universal,vector16store,6,293406.250,5.487,0.990183,0.975042,0.998968,15.417235,15.284868,16.132237,1.000000,1.000000,1.000000
dmd,2048,17,universal,cpp-approved-execution,6,19000.000,0.395,15.265885,15.222295,15.743270,1.000000,1.000000,1.000000,15.417235,15.284868,16.132237
dmd,2048,128,contiguous,original,6,203681.250,19.209,1.000000,1.000000,1.000000,9.512338,8.925000,10.738524,0.245632,0.224609,0.256921
dmd,2048,128,contiguous,selected64,6,49137.500,8.497,4.188432,3.901610,4.441480,2.292716,2.226294,2.417780,1.004738,0.995722,1.058270
dmd,2048,128,contiguous,vector16store,6,49450.000,5.233,4.071599,3.892241,4.452180,2.310766,2.293023,2.411970,1.000000,1.000000,1.000000
dmd,2048,128,contiguous,cpp-approved-execution,6,21475.000,0.815,9.512338,8.925000,10.738524,1.000000,1.000000,1.000000,2.310766,2.293023,2.411970
dmd,2048,128,negative-both,original,6,207981.250,15.626,1.000000,1.000000,1.000000,8.412874,7.705973,8.880182,0.246640,0.232689,0.275720
dmd,2048,128,negative-both,selected64,6,50425.000,5.801,4.125416,3.658924,4.301911,2.054617,1.892152,2.106076,1.005254,0.957213,1.124400
dmd,2048,128,negative-both,vector16store,6,50356.250,19.039,4.055276,3.626869,4.297589,2.023390,1.961964,2.353947,1.000000,1.000000,1.000000
dmd,2048,128,negative-both,cpp-approved-execution,6,24793.750,6.806,8.412874,7.705973,8.880182,1.000000,1.000000,1.000000,2.023390,1.961964,2.353947
dmd,2048,128,negative-source,original,6,204518.750,16.056,1.000000,1.000000,1.000000,8.616033,7.824339,9.262876,0.250178,0.229122,0.277478
dmd,2048,128,negative-source,selected64,6,49968.750,4.753,4.138250,3.623622,4.255601,2.127287,2.055295,2.183630,1.018928,0.957853,1.075123
dmd,2048,128,negative-source,vector16store,6,49862.500,11.431,3.997594,3.603890,4.364496,2.147819,2.042775,2.341738,1.000000,1.000000,1.000000
dmd,2048,128,negative-source,cpp-approved-execution,6,23412.500,3.203,8.616033,7.824339,9.262876,1.000000,1.000000,1.000000,2.147819,2.042775,2.341738
dmd,2048,128,padded,original,6,205537.500,18.348,1.000000,1.000000,1.000000,9.133415,8.358058,10.312933,0.234743,0.230106,0.267497
dmd,2048,128,padded,selected64,6,49806.250,9.487,4.157164,3.709395,4.332202,2.304518,2.035619,2.428984,0.994560,0.960804,1.035101
dmd,2048,128,padded,vector16store,6,49468.750,9.551,4.259978,3.738353,4.345821,2.246317,2.029240,2.422055,1.000000,1.000000,1.000000
dmd,2048,128,padded,cpp-approved-execution,6,21656.250,9.004,9.133415,8.358058,10.312933,1.000000,1.000000,1.000000,2.246317,2.029240,2.422055
dmd,2048,128,repeated-source,original,6,192268.750,28.131,1.000000,1.000000,1.000000,8.870386,7.917384,10.502317,0.254249,0.229823,0.275217
dmd,2048,128,repeated-source,selected64,6,47775.000,5.599,3.943887,3.629669,4.564845,2.211819,2.181297,2.309373,1.000643,0.998697,1.049106
dmd,2048,128,repeated-source,vector16store,6,47862.500,9.611,3.933836,3.633491,4.351176,2.216501,2.179002,2.413673,1.000000,1.000000,1.000000
dmd,2048,128,repeated-source,cpp-approved-execution,6,21618.750,0.983,8.870386,7.917384,10.502317,1.000000,1.000000,1.000000,2.216501,2.179002,2.413673
dmd,2048,128,universal,original,6,2212118.750,5.128,1.000000,1.000000,1.000000,15.048953,14.735191,15.417390,0.999984,0.996913,1.022475
dmd,2048,128,universal,selected64,6,2227150.000,6.125,0.994126,0.985097,1.001413,15.070379,14.862552,15.583899,1.000040,0.986261,1.013713
dmd,2048,128,universal,vector16store,6,2223850.000,7.358,1.000016,0.978019,1.003097,15.063724,14.854428,15.369791,1.000000,1.000000,1.000000
dmd,2048,128,universal,cpp-approved-execution,6,146506.250,7.321,15.048953,14.735191,15.417390,1.000000,1.000000,1.000000,15.063724,14.854428,15.369791
dmd,2048,512,contiguous,original,6,875293.750,3.183,1.000000,1.000000,1.000000,9.930662,9.818131,10.038597,0.225140,0.220723,0.229556
dmd,2048,512,contiguous,selected64,6,199112.500,66.131,4.381401,2.632800,4.506696,2.270196,2.222096,3.761267,0.982629,0.603170,1.002608
dmd,2048,512,contiguous,vector16store,6,196425.000,3.704,4.442227,4.356244,4.530564,2.234575,2.215750,2.268683,1.000000,1.000000,1.000000
dmd,2048,512,contiguous,cpp-approved-execution,6,87700.000,3.050,9.930662,9.818131,10.038597,1.000000,1.000000,1.000000,2.234575,2.215750,2.268683
dmd,2048,512,negative-both,original,6,878925.000,1.837,1.000000,1.000000,1.000000,8.162027,7.767667,8.445444,0.235593,0.232399,0.307939
dmd,2048,512,negative-both,selected64,6,206806.250,2.931,4.254913,4.201272,4.281124,1.909459,1.848884,1.973741,0.998132,0.985496,1.315480
dmd,2048,512,negative-both,vector16store,6,206918.750,34.029,4.244693,3.247398,4.302951,1.950512,1.822068,2.513827,1.000000,1.000000,1.000000
dmd,2048,512,negative-both,cpp-approved-execution,6,107825.000,8.799,8.162027,7.767667,8.445444,1.000000,1.000000,1.000000,1.950512,1.822068,2.513827
dmd,2048,512,negative-source,original,6,881887.500,6.150,1.000000,1.000000,1.000000,9.036894,8.840333,9.306876,0.229072,0.219159,0.239007
dmd,2048,512,negative-source,selected64,6,202706.250,2.584,4.347377,4.246478,4.520319,2.073058,2.035440,2.128314,0.996837,0.990669,1.014936
dmd,2048,512,negative-source,vector16store,6,201731.250,4.666,4.365561,4.183985,4.562895,2.059513,2.035440,2.160103,1.000000,1.000000,1.000000
dmd,2048,512,negative-source,cpp-approved-execution,6,97668.750,2.035,9.036894,8.840333,9.306876,1.000000,1.000000,1.000000,2.059513,2.035440,2.160103
dmd,2048,512,padded,original,6,877012.500,8.232,1.000000,1.000000,1.000000,9.959752,9.767631,10.536499,0.226225,0.213036,0.321200
dmd,2048,512,padded,selected64,6,195587.500,19.818,4.452286,3.779088,4.764148,2.214164,2.201339,2.664049,1.005482,0.853529,1.458196
dmd,2048,512,padded,vector16store,6,197643.750,48.370,4.420399,3.113326,4.694052,2.241970,2.185980,3.209983,1.000000,1.000000,1.000000
dmd,2048,512,padded,cpp-approved-execution,6,88018.750,2.386,9.959752,9.767631,10.536499,1.000000,1.000000,1.000000,2.241970,2.185980,3.209983
dmd,2048,512,repeated-source,original,6,871268.750,3.313,1.000000,1.000000,1.000000,9.616919,9.417636,9.732188,0.226695,0.223614,0.232099
dmd,2048,512,repeated-source,selected64,6,196393.750,77.911,4.388226,2.530778,4.502678,2.187125,2.130190,3.820935,0.994514,0.565918,1.030526
dmd,2048,512,repeated-source,vector16store,6,196206.250,5.052,4.411205,4.308501,4.471991,2.181986,2.162334,2.206216,1.000000,1.000000,1.000000
dmd,2048,512,repeated-source,cpp-approved-execution,6,90662.500,4.798,9.616919,9.417636,9.732188,1.000000,1.000000,1.000000,2.181986,2.162334,2.206216
dmd,2048,512,universal,original,6,8966418.750,3.061,1.000000,1.000000,1.000000,14.987881,14.773728,15.282597,0.996510,0.991275,1.011834
dmd,2048,512,universal,selected64,6,8948381.250,3.423,0.998071,0.991996,1.013631,15.083493,14.575053,15.269683,1.000846,0.989459,1.005800
dmd,2048,512,universal,vector16store,6,8956475.000,4.154,1.003503,0.988304,1.008802,15.029866,14.644821,15.233506,1.000000,1.000000,1.000000
dmd,2048,512,universal,cpp-approved-execution,6,594518.750,4.474,14.987881,14.773728,15.282597,1.000000,1.000000,1.000000,15.029866,14.644821,15.233506
ldc2,1,1,contiguous,original,6,18.298,1.468,1.000000,1.000000,1.000000,5.635338,5.601504,5.684211,1.011345,1.009259,1.025333
ldc2,1,1,contiguous,selected64,6,18.457,2.381,0.994014,0.972621,0.997361,5.684211,5.631579,5.766917,1.004624,0.994785,1.019894
ldc2,1,1,contiguous,vector16store,6,18.616,1.967,0.988782,0.975293,0.990826,5.733083,5.669173,5.781955,1.000000,1.000000,1.000000
ldc2,1,1,contiguous,cpp-approved-execution,6,3.247,0.000,5.635338,5.601504,5.684211,1.000000,1.000000,1.000000,5.733083,5.669173,5.781955
ldc2,1,1,negative-both,original,6,18.335,1.731,1.000000,1.000000,1.000000,4.845161,4.806452,4.890323,1.008655,1.007916,1.018667
ldc2,1,1,negative-both,selected64,6,18.384,0.930,0.997344,0.989446,1.005305,4.858065,4.845161,4.890323,1.008618,1.005312,1.013263
ldc2,1,1,negative-both,vector16store,6,18.506,0.923,0.991420,0.981675,0.992147,4.890323,4.883871,4.929032,1.000000,1.000000,1.000000
ldc2,1,1,negative-both,cpp-approved-execution,6,3.784,0.000,4.845161,4.806452,4.890323,1.000000,1.000000,1.000000,4.890323,4.883871,4.929032
ldc2,1,1,negative-source,original,6,18.164,1.478,1.000000,1.000000,1.000000,4.800000,4.793548,4.864516,1.017473,1.003995,1.028264
ldc2,1,1,negative-source,selected64,6,18.396,1.725,0.988103,0.986737,0.990667,4.861290,4.838710,4.922581,1.004645,0.992105,1.018667
ldc2,1,1,negative-source,vector16store,6,18.494,1.452,0.982827,0.972513,0.996021,4.887097,4.864516,4.935484,1.000000,1.000000,1.000000
ldc2,1,1,negative-source,cpp-approved-execution,6,3.784,0.000,4.800000,4.793548,4.864516,1.000000,1.000000,1.000000,4.887097,4.864516,4.935484
ldc2,1,1,padded,original,6,18.237,1.071,1.000000,1.000000,1.000000,4.819355,4.787097,4.838710,1.012760,1.009346,1.020000
ldc2,1,1,padded,selected64,6,18.372,2.126,0.990022,0.979085,0.997340,4.854839,4.832258,4.935484,1.005326,0.988235,1.017287
ldc2,1,1,padded,vector16store,6,18.457,1.587,0.987405,0.980392,0.990741,4.877419,4.858065,4.935484,1.000000,1.000000,1.000000
ldc2,1,1,padded,cpp-approved-execution,6,3.784,0.000,4.819355,4.787097,4.838710,1.000000,1.000000,1.000000,4.877419,4.858065,4.935484
ldc2,1,1,repeated-source,original,6,18.372,2.259,1.000000,1.000000,1.000000,4.854839,4.800000,4.909677,1.010627,1.003974,1.036290
ldc2,1,1,repeated-source,selected64,6,18.445,2.250,0.994751,0.988142,1.003989,4.874194,4.825806,4.935484,1.007283,0.997365,1.029372
ldc2,1,1,repeated-source,vector16store,6,18.628,1.835,0.989486,0.964981,0.996042,4.922581,4.883871,4.974194,1.000000,1.000000,1.000000
ldc2,1,1,repeated-source,cpp-approved-execution,6,3.784,0.000,4.854839,4.800000,4.909677,1.000000,1.000000,1.000000,4.922581,4.883871,4.974194
ldc2,1,1,universal,original,6,42.041,7.491,1.000000,1.000000,1.000000,15.513514,15.468468,16.630631,1.005517,0.949621,1.007450
ldc2,1,1,universal,selected64,6,42.188,1.736,0.999139,0.995362,1.056669,15.567568,15.468468,15.738739,1.002877,1.001737,1.010345
ldc2,1,1,universal,vector16store,6,42.273,1.848,0.994514,0.992605,1.053052,15.599099,15.549550,15.837838,1.000000,1.000000,1.000000
ldc2,1,1,universal,cpp-approved-execution,6,2.710,0.000,15.513514,15.468468,16.630631,1.000000,1.000000,1.000000,15.599099,15.549550,15.837838
ldc2,1,17,contiguous,original,6,37.756,9.117,1.000000,1.000000,1.000000,8.714689,8.707865,9.455056,1.011961,0.939988,1.023979
ldc2,1,17,contiguous,selected64,6,38.074,1.860,0.991987,0.972257,1.080231,8.807910,8.747191,8.960452,1.006101,0.981715,1.015404
ldc2,1,17,contiguous,vector16store,6,38.281,1.594,0.988186,0.976582,1.063843,8.833809,8.796610,8.926554,1.000000,1.000000,1.000000
ldc2,1,17,contiguous,cpp-approved-execution,6,4.321,0.565,8.714689,8.707865,9.455056,1.000000,1.000000,1.000000,8.833809,8.796610,8.926554
ldc2,1,17,negative-both,original,6,69.775,5.283,1.000000,1.000000,1.000000,2.342478,2.236066,2.359836,0.989116,0.953803,1.005865
ldc2,1,17,negative-both,selected64,6,66.663,0.989,1.044985,0.993445,1.056271,2.237705,2.228689,2.250820,1.004579,0.998903,1.049651
ldc2,1,17,negative-both,vector16store,6,67.090,4.622,1.011026,0.994169,1.048434,2.252459,2.238525,2.340704,1.000000,1.000000,1.000000
ldc2,1,17,negative-both,cpp-approved-execution,6,29.785,0.082,2.342478,2.236066,2.359836,1.000000,1.000000,1.000000,2.252459,2.238525,2.340704
ldc2,1,17,negative-source,original,6,67.944,21.595,1.000000,1.000000,1.000000,2.273811,2.218033,2.710656,0.995404,0.824818,1.066828
ldc2,1,17,negative-source,selected64,6,66.345,22.153,1.008686,0.994122,1.211942,2.215667,1.971657,2.697541,1.004769,0.999631,1.072015
ldc2,1,17,negative-source,vector16store,6,66.626,30.561,1.004630,0.937358,1.212389,2.235294,1.970930,2.891803,1.000000,1.000000,1.000000
ldc2,1,17,negative-source,cpp-approved-execution,6,29.785,12.787,2.273811,2.218033,2.710656,1.000000,1.000000,1.000000,2.235294,1.970930,2.891803
ldc2,1,17,padded,original,6,66.589,22.108,1.000000,1.000000,1.000000,2.235656,2.210912,2.719672,1.009384,1.001099,1.039604
ldc2,1,17,padded,selected64,6,65.967,23.871,1.008913,0.996995,1.015625,2.214754,2.184853,2.727869,1.019552,1.007715,1.053120
ldc2,1,17,padded,vector16store,6,66.968,24.499,0.990704,0.961905,0.998902,2.245492,2.233713,2.790984,1.000000,1.000000,1.000000
ldc2,1,17,padded,cpp-approved-execution,6,29.785,0.656,2.235656,2.210912,2.719672,1.000000,1.000000,1.000000,2.245492,2.233713,2.790984
ldc2,1,17,repeated-source,original,6,63.721,6.667,1.000000,1.000000,1.000000,2.139344,2.106557,2.249180,1.000597,0.951531,1.061920
ldc2,1,17,repeated-source,selected64,6,63.171,1.159,1.005596,0.994197,1.054573,2.120902,2.108197,2.132787,1.004447,0.996905,1.062331
ldc2,1,17,repeated-source,vector16store,6,63.757,6.395,0.999408,0.941691,1.050938,2.140574,2.112295,2.249180,1.000000,1.000000,1.000000
ldc2,1,17,repeated-source,cpp-approved-execution,6,29.785,0.000,2.139344,2.106557,2.249180,1.000000,1.000000,1.000000,2.140574,2.112295,2.249180
ldc2,1,17,universal,original,6,81.262,7.331,1.000000,1.000000,1.000000,4.382493,4.330263,4.651316,1.002207,0.992928,1.008706
ldc2,1,17,universal,selected64,6,81.445,4.796,1.002439,0.950881,1.039410,4.392369,4.343421,4.553947,1.009962,0.951170,1.042118
ldc2,1,17,universal,vector16store,6,81.873,6.501,0.997798,0.991369,1.007123,4.415412,4.331579,4.618421,1.000000,1.000000,1.000000
ldc2,1,17,universal,cpp-approved-execution,6,18.555,0.132,4.382493,4.330263,4.651316,1.000000,1.000000,1.000000,4.415412,4.331579,4.618421
ldc2,1,128,contiguous,original,6,178.467,6.156,1.000000,1.000000,1.000000,15.325059,14.845188,15.774059,1.004219,0.969672,1.050685
ldc2,1,128,contiguous,selected64,6,173.584,17.890,1.013471,0.902346,1.042914,14.899371,14.820084,17.481172,1.002679,0.906654,1.080586
ldc2,1,128,contiguous,vector16store,6,176.318,7.920,0.995799,0.951760,1.031276,15.140123,14.899582,16.046025,1.000000,1.000000,1.000000
ldc2,1,128,contiguous,cpp-approved-execution,6,11.670,0.418,15.325059,14.845188,15.774059,1.000000,1.000000,1.000000,15.140123,14.899582,16.046025
ldc2,1,128,negative-both,original,6,204.736,3.196,1.000000,1.000000,1.000000,0.931273,0.887818,0.958183,1.016246,0.996461,1.037859
ldc2,1,128,negative-both,selected64,6,204.370,6.809,1.004021,0.937599,1.031378,0.927541,0.888197,0.964512,1.016541,0.973095,1.028268
ldc2,1,128,negative-both,vector16store,6,208.276,1.876,0.984152,0.963522,1.003551,0.931589,0.913305,0.965868,1.000000,1.000000,1.000000
ldc2,1,128,negative-both,cpp-approved-execution,6,223.755,5.390,0.931273,0.887818,0.958183,1.000000,1.000000,1.000000,0.931589,0.913305,0.965868
ldc2,1,128,negative-source,original,6,202.954,2.887,1.000000,1.000000,1.000000,0.933912,0.910105,0.954791,1.023250,0.977150,1.125210
ldc2,1,128,negative-source,selected64,6,202.612,2.651,1.001191,0.996146,1.004345,0.934502,0.906168,0.955691,1.023755,0.976230,1.130099
ldc2,1,128,negative-source,vector16store,6,207.617,12.559,0.977282,0.888723,1.023385,0.948848,0.932047,1.024059,1.000000,1.000000,1.000000
ldc2,1,128,negative-source,cpp-approved-execution,6,219.019,3.300,0.933912,0.910105,0.954791,1.000000,1.000000,1.000000,0.948848,0.932047,1.024059
ldc2,1,128,padded,original,6,202.783,2.841,1.000000,1.000000,1.000000,0.935282,0.909971,0.939449,1.003145,0.971778,1.031099
ldc2,1,128,padded,selected64,6,204.370,5.137,0.989957,0.973999,1.027798,0.942134,0.907834,0.964528,1.002065,0.978552,1.010156
ldc2,1,128,padded,vector16store,6,204.834,3.456,0.996875,0.969839,1.029042,0.934403,0.906737,0.966335,1.000000,1.000000,1.000000
ldc2,1,128,padded,cpp-approved-execution,6,218.970,2.966,0.935282,0.909971,0.939449,1.000000,1.000000,1.000000,0.934403,0.906737,0.966335
ldc2,1,128,repeated-source,original,6,202.271,18.515,1.000000,1.000000,1.000000,0.931886,0.899386,1.058721,1.002435,0.934639,1.067755
ldc2,1,128,repeated-source,selected64,6,208.105,11.075,0.995813,0.943652,1.066168,0.948410,0.915768,1.013101,0.999684,0.973913,1.029924
ldc2,1,128,repeated-source,vector16store,6,209.155,10.015,0.997925,0.936544,1.069932,0.951748,0.920327,0.989522,1.000000,1.000000,1.000000
ldc2,1,128,repeated-source,cpp-approved-execution,6,219.312,3.473,0.931886,0.899386,1.058721,1.000000,1.000000,1.000000,0.951748,0.920327,0.989522
ldc2,1,128,universal,original,6,333.252,17.289,1.000000,1.000000,1.000000,2.392147,2.168561,2.749473,1.015529,1.002976,1.086716
ldc2,1,128,universal,selected64,6,338.086,16.840,0.994553,0.970073,1.010982,2.431602,2.199740,2.735770,1.019543,0.995633,1.071313
ldc2,1,128,universal,vector16store,6,348.926,18.318,0.984767,0.920204,0.997033,2.465322,2.353830,2.813774,1.000000,1.000000,1.000000
ldc2,1,128,universal,cpp-approved-execution,6,138.989,8.185,2.392147,2.168561,2.749473,1.000000,1.000000,1.000000,2.465322,2.353830,2.813774
ldc2,7,1,contiguous,original,6,21.228,5.175,1.000000,1.000000,1.000000,4.347500,4.335000,4.560000,1.002769,1.001149,1.008791
ldc2,7,1,contiguous,selected64,6,21.362,6.171,0.993145,0.985915,0.995418,4.375000,4.355000,4.625000,0.995000,0.990270,1.001148
ldc2,7,1,contiguous,vector16store,6,21.277,5.622,0.997241,0.991285,0.998852,4.357500,4.345000,4.590000,1.000000,1.000000,1.000000
ldc2,7,1,contiguous,cpp-approved-execution,6,4.883,0.000,4.347500,4.335000,4.560000,1.000000,1.000000,1.000000,4.357500,4.345000,4.590000
ldc2,7,1,negative-both,original,6,21.240,1.379,1.000000,1.000000,1.000000,4.027778,4.013889,4.069444,1.001147,0.998847,1.004551
ldc2,7,1,negative-both,selected64,6,21.277,1.147,0.997705,0.995408,1.005747,4.034722,4.027778,4.074074,0.998854,0.994259,1.006897
ldc2,7,1,negative-both,vector16store,6,21.277,1.951,0.998854,0.995470,1.001155,4.034722,4.009259,4.087963,1.000000,1.000000,1.000000
ldc2,7,1,negative-both,cpp-approved-execution,6,5.273,0.000,4.027778,4.013889,4.069444,1.000000,1.000000,1.000000,4.034722,4.009259,4.087963
ldc2,7,1,negative-source,original,6,21.204,0.691,1.000000,1.000000,1.000000,4.020833,4.004630,4.032407,1.001726,0.998849,1.004624
ldc2,7,1,negative-source,selected64,6,21.277,0.344,0.997129,0.993111,0.998853,4.034722,4.023148,4.037037,0.998278,0.995413,1.001148
ldc2,7,1,negative-source,vector16store,6,21.240,0.575,0.998280,0.995397,1.001152,4.027778,4.013889,4.037037,1.000000,1.000000,1.000000
ldc2,7,1,negative-source,cpp-approved-execution,6,5.273,0.000,4.020833,4.004630,4.032407,1.000000,1.000000,1.000000,4.027778,4.013889,4.037037
ldc2,7,1,padded,original,6,21.350,10.292,1.000000,1.000000,1.000000,4.048611,4.027778,4.444444,1.000575,0.996641,1.011403
ldc2,7,1,padded,selected64,6,21.509,10.670,0.997708,0.985393,1.004499,4.078704,4.032407,4.467593,0.999417,0.996560,1.003109
ldc2,7,1,padded,vector16store,6,21.472,11.256,0.999426,0.988726,1.003371,4.071759,4.023148,4.481481,1.000000,1.000000,1.000000
ldc2,7,1,padded,cpp-approved-execution,6,5.273,0.000,4.048611,4.027778,4.444444,1.000000,1.000000,1.000000,4.071759,4.023148,4.481481
ldc2,7,1,repeated-source,original,6,21.191,8.295,1.000000,1.000000,1.000000,4.016204,4.009174,4.347222,1.003442,0.998848,1.007455
ldc2,7,1,repeated-source,selected64,6,21.362,9.257,0.994273,0.987382,0.997717,4.039352,4.018349,4.402778,0.995993,0.994279,1.002283
ldc2,7,1,repeated-source,vector16store,6,21.252,9.075,0.996571,0.992600,1.001153,4.025336,4.013889,4.379630,1.000000,1.000000,1.000000
ldc2,7,1,repeated-source,cpp-approved-execution,6,5.273,0.926,4.016204,4.009174,4.347222,1.000000,1.000000,1.000000,4.025336,4.013889,4.379630
ldc2,7,1,universal,original,6,58.716,7.110,1.000000,1.000000,1.000000,9.856557,9.782787,10.483607,1.064935,0.990227,1.090229
ldc2,7,1,universal,selected64,6,59.009,1.738,0.990945,0.986464,1.057462,9.905738,9.860656,10.032787,1.055151,0.995915,1.075472
ldc2,7,1,universal,vector16store,6,62.146,7.228,0.939062,0.917239,1.009870,10.432377,9.991803,10.745902,1.000000,1.000000,1.000000
ldc2,7,1,universal,cpp-approved-execution,6,5.957,0.000,9.856557,9.782787,10.483607,1.000000,1.000000,1.000000,10.432377,9.991803,10.745902
ldc2,7,17,contiguous,original,6,72.116,1.196,1.000000,1.000000,1.000000,5.552448,5.510490,5.576923,0.992752,0.989969,1.001269
ldc2,7,17,contiguous,selected64,6,72.207,2.830,0.998128,0.976030,1.008217,5.559441,5.531469,5.688811,0.992153,0.968039,1.000000
ldc2,7,17,contiguous,vector16store,6,71.685,0.570,1.007302,0.998733,1.010133,5.519231,5.506993,5.538462,1.000000,1.000000,1.000000
ldc2,7,17,contiguous,cpp-approved-execution,6,12.988,0.000,5.552448,5.510490,5.576923,1.000000,1.000000,1.000000,5.519231,5.506993,5.538462
ldc2,7,17,negative-both,original,6,102.816,1.369,1.000000,1.000000,1.000000,1.935043,1.925957,1.964837,1.006851,0.993453,1.118270
ldc2,7,17,negative-both,selected64,6,102.816,1.104,1.001326,0.992116,1.007476,1.938365,1.924255,1.950257,1.005303,0.998686,1.120248
ldc2,7,17,negative-both,vector16store,6,103.451,11.370,0.993196,0.894238,1.006591,1.951973,1.936170,2.165812,1.000000,1.000000,1.000000
ldc2,7,17,negative-both,cpp-approved-execution,6,53.134,0.769,1.935043,1.925957,1.964837,1.000000,1.000000,1.000000,1.951973,1.936170,2.165812
ldc2,7,17,negative-source,original,6,102.407,0.488,1.000000,1.000000,1.000000,1.930230,1.923208,1.934188,1.004432,1.001768,1.011086
ldc2,7,17,negative-source,selected64,6,103.134,5.724,0.992294,0.945073,1.003548,1.947369,1.927350,2.034983,1.000008,0.947589,1.007529
ldc2,7,17,negative-source,vector16store,6,103.043,1.014,0.995590,0.989035,0.998236,1.938487,1.928328,1.955403,1.000000,1.000000,1.000000
ldc2,7,17,negative-source,cpp-approved-execution,6,53.134,0.598,1.930230,1.923208,1.934188,1.000000,1.000000,1.000000,1.938487,1.928328,1.955403
ldc2,7,17,padded,original,6,101.748,0.669,1.000000,1.000000,1.000000,1.913995,1.908703,1.919589,1.005356,1.001783,1.024586
ldc2,7,17,padded,selected64,6,101.930,1.025,0.997992,0.989837,1.002676,1.921199,1.912191,1.932536,1.004683,0.996023,1.015957
ldc2,7,17,padded,vector16store,6,102.384,1.952,0.994673,0.976003,0.998221,1.924456,1.919011,1.955631,1.000000,1.000000,1.000000
ldc2,7,17,padded,cpp-approved-execution,6,53.202,0.598,1.913995,1.908703,1.919589,1.000000,1.000000,1.000000,1.924456,1.919011,1.955631
ldc2,7,17,repeated-source,original,6,100.500,0.723,1.000000,1.000000,1.000000,1.890646,1.778226,1.896137,1.007705,1.002251,1.014473
ldc2,7,17,repeated-source,selected64,6,100.886,4.231,0.998423,0.957936,0.999548,1.892355,1.795161,1.979399,1.002478,0.963140,1.014014
ldc2,7,17,repeated-source,vector16store,6,101.113,0.988,0.992359,0.985733,0.997754,1.900941,1.795968,1.915457,1.000000,1.000000,1.000000
ldc2,7,17,repeated-source,cpp-approved-execution,6,53.202,6.402,1.890646,1.778226,1.896137,1.000000,1.000000,1.000000,1.900941,1.795968,1.915457
ldc2,7,17,universal,original,6,316.848,46.825,1.000000,1.000000,1.000000,4.298787,4.215074,6.235983,0.992126,0.967086,1.003344
ldc2,7,17,universal,selected64,6,313.193,45.922,1.003349,0.988906,1.029523,4.241752,4.217016,6.165742,0.998327,0.962927,1.006977
ldc2,7,17,universal,vector16store,6,312.421,46.108,1.007954,0.996668,1.034034,4.224941,4.209618,6.161429,1.000000,1.000000,1.000000
ldc2,7,17,universal,cpp-approved-execution,6,73.683,0.678,4.298787,4.215074,6.235983,1.000000,1.000000,1.000000,4.224941,4.209618,6.161429
ldc2,7,128,contiguous,original,6,412.671,1.245,1.000000,1.000000,1.000000,5.995025,5.945274,6.019900,1.002524,0.985939,1.030705
ldc2,7,128,contiguous,selected64,6,410.103,2.171,1.006251,1.001657,1.011854,5.957711,5.875622,6.004975,1.009601,0.987572,1.041946
ldc2,7,128,contiguous,vector16store,6,412.329,4.153,0.997516,0.970209,1.014262,5.990050,5.930348,6.179104,1.000000,1.000000,1.000000
ldc2,7,128,contiguous,cpp-approved-execution,6,68.836,0.000,5.995025,5.945274,6.019900,1.000000,1.000000,1.000000,5.990050,5.930348,6.179104
ldc2,7,128,negative-both,original,6,438.870,1.171,1.000000,1.000000,1.000000,1.134752,1.128546,1.137655,1.004292,1.003118,1.014140
ldc2,7,128,negative-both,selected64,6,439.897,26.469,0.996885,0.798017,1.005495,1.138741,1.131439,1.418278,1.000779,0.801115,1.010204
ldc2,7,128,negative-both,vector16store,6,440.753,0.699,0.995726,0.986057,0.996892,1.140957,1.136204,1.144504,1.000000,1.000000,1.000000
ldc2,7,128,negative-both,cpp-approved-execution,6,386.301,1.064,1.134752,1.128546,1.137655,1.000000,1.000000,1.000000,1.140957,1.136204,1.144504
ldc2,7,128,negative-source,original,6,437.329,0.705,1.000000,1.000000,1.000000,1.130204,1.126661,1.135638,1.004310,1.000000,1.122066
ldc2,7,128,negative-source,selected64,6,437.671,1.643,0.997651,0.984592,1.001564,1.132979,1.131089,1.147657,1.002349,0.992254,1.104777
ldc2,7,128,negative-source,vector16store,6,438.699,12.100,0.995708,0.891213,1.000000,1.135578,1.132861,1.267905,1.000000,1.000000,1.000000
ldc2,7,128,negative-source,cpp-approved-execution,6,386.644,0.266,1.130204,1.126661,1.135638,1.000000,1.000000,1.000000,1.135578,1.132861,1.267905
ldc2,7,128,padded,original,6,437.329,0.705,1.000000,1.000000,1.000000,1.130147,1.124229,1.135638,1.005072,1.000782,1.008621
ldc2,7,128,padded,selected64,6,438.356,0.781,0.999220,0.994531,1.001571,1.132418,1.126549,1.136525,1.003520,1.000000,1.005469
ldc2,7,128,padded,vector16store,6,439.555,0.857,0.994953,0.991453,0.999218,1.133834,1.130088,1.141844,1.000000,1.000000,1.000000
ldc2,7,128,padded,cpp-approved-execution,6,386.644,0.620,1.130147,1.124229,1.135638,1.000000,1.000000,1.000000,1.133834,1.130088,1.141844
ldc2,7,128,repeated-source,original,6,435.103,1.417,1.000000,1.000000,1.000000,1.121706,1.109457,1.129318,1.004317,1.002368,1.012719
ldc2,7,128,repeated-source,selected64,6,437.500,23.327,0.991766,0.813138,0.999215,1.129819,1.112084,1.388840,0.999216,0.816964,1.003140
ldc2,7,128,repeated-source,vector16store,6,437.671,0.861,0.995702,0.987441,0.997638,1.130704,1.112084,1.134632,1.000000,1.000000,1.000000
ldc2,7,128,repeated-source,cpp-approved-execution,6,386.644,1.240,1.121706,1.109457,1.129318,1.000000,1.000000,1.000000,1.130704,1.112084,1.134632
ldc2,7,128,universal,original,6,2080.479,17.481,1.000000,1.000000,1.000000,3.723600,3.373998,4.268263,0.995923,0.945635,1.133018
ldc2,7,128,universal,selected64,6,2047.089,16.127,1.006552,0.951545,1.059030,3.664937,3.403780,4.224064,1.003794,0.955530,1.078118
ldc2,7,128,universal,vector16store,6,2067.637,16.629,1.004101,0.882599,1.057490,3.701763,3.417526,4.258896,1.000000,1.000000,1.000000
ldc2,7,128,universal,cpp-approved-execution,6,558.390,7.176,3.723600,3.373998,4.268263,1.000000,1.000000,1.000000,3.701763,3.417526,4.258896
ldc2,15,1,contiguous,original,6,21.570,0.905,1.000000,1.000000,1.000000,3.464706,3.458824,3.490196,1.014721,1.011236,1.018079
ldc2,15,1,contiguous,selected64,6,21.753,0.786,0.993815,0.988789,0.995526,3.494118,3.478431,3.505882,1.007302,1.004484,1.011223
ldc2,15,1,contiguous,vector16store,6,21.899,0.780,0.985493,0.982242,0.988889,3.517647,3.505882,3.533333,1.000000,1.000000,1.000000
ldc2,15,1,contiguous,cpp-approved-execution,6,6.226,0.000,3.464706,3.458824,3.490196,1.000000,1.000000,1.000000,3.517647,3.505882,3.533333
ldc2,15,1,negative-both,original,6,24.414,1.500,1.000000,1.000000,1.000000,3.759398,3.736842,3.793233,1.012968,1.009911,1.022133
ldc2,15,1,negative-both,selected64,6,24.805,0.984,0.983325,0.978346,0.989152,3.819549,3.812030,3.849624,0.997550,0.995079,1.000000
ldc2,15,1,negative-both,vector16store,6,24.768,0.986,0.987200,0.978346,0.990186,3.813910,3.800752,3.838346,1.000000,1.000000,1.000000
ldc2,15,1,negative-both,cpp-approved-execution,6,6.494,0.000,3.759398,3.736842,3.793233,1.000000,1.000000,1.000000,3.813910,3.800752,3.838346
ldc2,15,1,negative-source,original,6,24.524,6.570,1.000000,1.000000,1.000000,3.776316,3.733083,3.981203,1.012940,0.997167,1.017120
ldc2,15,1,negative-source,selected64,6,24.768,4.140,0.992103,0.979310,1.005698,3.813910,3.800752,3.958647,1.001918,0.996059,1.008902
ldc2,15,1,negative-source,vector16store,6,24.841,4.521,0.987226,0.983168,1.002841,3.825188,3.796992,3.969925,1.000000,1.000000,1.000000
ldc2,15,1,negative-source,cpp-approved-execution,6,6.494,0.000,3.776316,3.733083,3.981203,1.000000,1.000000,1.000000,3.825188,3.796992,3.969925
ldc2,15,1,padded,original,6,21.582,0.566,1.000000,1.000000,1.000000,3.319549,3.302239,3.330827,1.014180,1.011312,1.015837
ldc2,15,1,padded,selected64,6,21.704,0.675,0.993262,0.992117,0.995495,3.338346,3.320896,3.357143,1.007848,1.005631,1.009019
ldc2,15,1,padded,vector16store,6,21.875,0.781,0.986019,0.984410,0.988814,3.362782,3.347015,3.383459,1.000000,1.000000,1.000000
ldc2,15,1,padded,cpp-approved-execution,6,6.494,0.752,3.319549,3.302239,3.330827,1.000000,1.000000,1.000000,3.362782,3.347015,3.383459
ldc2,15,1,repeated-source,original,6,21.667,8.000,1.000000,1.000000,1.000000,3.336466,3.315789,3.582707,1.016989,1.006296,1.026077
ldc2,15,1,repeated-source,selected64,6,21.814,6.715,0.992692,0.991011,1.004215,3.359023,3.342105,3.567669,1.009763,1.008919,1.017998
ldc2,15,1,repeated-source,vector16store,6,22.095,6.740,0.983296,0.974586,0.993743,3.402256,3.375940,3.605263,1.000000,1.000000,1.000000
ldc2,15,1,repeated-source,cpp-approved-execution,6,6.494,0.000,3.336466,3.315789,3.582707,1.000000,1.000000,1.000000,3.402256,3.375940,3.605263
ldc2,15,1,universal,original,6,75.732,1.128,1.000000,1.000000,1.000000,7.350711,7.303318,7.403800,1.043336,1.006165,1.121630
ldc2,15,1,universal,selected64,6,76.294,6.624,0.993437,0.944815,1.003235,7.414019,7.324645,7.815166,1.036480,0.962147,1.119702
ldc2,15,1,universal,vector16store,6,79.077,12.164,0.958472,0.891559,0.993873,7.684482,7.348341,8.281991,1.000000,1.000000,1.000000
ldc2,15,1,universal,cpp-approved-execution,6,10.303,0.237,7.350711,7.303318,7.403800,1.000000,1.000000,1.000000,7.684482,7.348341,8.281991
ldc2,15,17,contiguous,original,6,77.626,4.261,1.000000,1.000000,1.000000,3.338912,3.326360,3.468619,1.006266,0.990099,1.008805
ldc2,15,17,contiguous,selected64,6,78.210,4.851,0.993310,0.985167,1.011264,3.364017,3.334728,3.497908,0.996922,0.985646,1.005019
ldc2,15,17,contiguous,vector16store,6,78.016,2.993,0.993773,0.991272,1.010000,3.355649,3.347280,3.447699,1.000000,1.000000,1.000000
ldc2,15,17,contiguous,cpp-approved-execution,6,23.249,0.000,3.338912,3.326360,3.468619,1.000000,1.000000,1.000000,3.355649,3.347280,3.447699
ldc2,15,17,negative-both,original,6,155.156,0.313,1.000000,1.000000,1.000000,2.122421,2.118351,2.126498,0.997807,0.993116,0.999372
ldc2,15,17,negative-both,selected64,6,154.767,0.251,1.002199,1.000000,1.005664,2.116434,2.113032,2.121172,0.999058,0.998741,1.000629
ldc2,15,17,negative-both,vector16store,6,154.767,0.314,1.002199,1.000628,1.006931,2.116356,2.110372,2.119840,1.000000,1.000000,1.000000
ldc2,15,17,negative-both,cpp-approved-execution,6,73.152,0.133,2.122421,2.118351,2.126498,1.000000,1.000000,1.000000,2.116356,2.110372,2.119840
ldc2,15,17,negative-source,original,6,154.961,1.130,1.000000,1.000000,1.000000,2.120758,2.114362,2.125166,0.997484,0.996241,1.000630
ldc2,15,17,negative-source,selected64,6,154.767,10.245,1.000627,0.918239,1.002522,2.118509,2.109043,2.313492,0.998747,0.915380,1.000630
ldc2,15,17,negative-source,vector16store,6,154.621,0.944,1.002522,0.999371,1.003774,2.116511,2.109043,2.126498,1.000000,1.000000,1.000000
ldc2,15,17,negative-source,cpp-approved-execution,6,73.054,0.666,2.120758,2.114362,2.125166,1.000000,1.000000,1.000000,2.116511,2.109043,2.126498
ldc2,15,17,padded,original,6,112.938,1.378,1.000000,1.000000,1.000000,1.544911,1.540613,1.559840,0.996985,0.989770,1.000863
ldc2,15,17,padded,selected64,6,112.743,19.500,0.999570,0.847543,1.002588,1.543276,1.541223,1.840426,0.997842,0.838873,1.000863
ldc2,15,17,padded,vector16store,6,112.597,0.518,1.003024,0.999138,1.010336,1.541278,1.537949,1.543883,1.000000,1.000000,1.000000
ldc2,15,17,padded,cpp-approved-execution,6,73.103,0.133,1.544911,1.540613,1.559840,1.000000,1.000000,1.000000,1.541278,1.537949,1.543883
ldc2,15,17,repeated-source,original,6,111.722,0.784,1.000000,1.000000,1.000000,1.526945,1.521739,1.529960,1.000000,0.999130,1.000872
ldc2,15,17,repeated-source,selected64,6,111.770,0.957,0.999133,0.997394,1.000873,1.527612,1.523057,1.532623,1.000000,0.997394,1.000873
ldc2,15,17,repeated-source,vector16store,6,111.673,0.784,1.000000,0.999129,1.000871,1.527612,1.521739,1.529255,1.000000,1.000000,1.000000
ldc2,15,17,repeated-source,cpp-approved-execution,6,73.103,1.065,1.526945,1.521739,1.529960,1.000000,1.000000,1.000000,1.527612,1.521739,1.529255
ldc2,15,17,universal,original,6,618.628,1.777,1.000000,1.000000,1.000000,4.185256,4.152174,4.226614,1.000159,0.986128,1.006505
ldc2,15,17,universal,selected64,6,618.337,1.762,1.000326,0.990949,1.008964,4.187418,4.147563,4.221344,0.998194,0.992041,1.005877
ldc2,15,17,universal,vector16store,6,617.267,0.583,0.999842,0.993537,1.014067,4.180171,4.167984,4.187747,1.000000,1.000000,1.000000
ldc2,15,17,universal,cpp-approved-execution,6,147.665,0.198,4.185256,4.152174,4.226614,1.000000,1.000000,1.000000,4.180171,4.167984,4.187747
ldc2,15,128,contiguous,original,6,472.059,0.779,1.000000,1.000000,1.000000,3.131707,3.037559,3.146341,0.999221,0.998442,1.001558
ldc2,15,128,contiguous,selected64,6,472.059,0.935,1.000000,0.996909,1.000000,3.131707,3.042254,3.156098,0.998442,0.996909,1.001558
ldc2,15,128,contiguous,vector16store,6,472.059,0.935,1.000780,0.998445,1.001560,3.126829,3.037559,3.146341,1.000000,1.000000,1.000000
ldc2,15,128,contiguous,cpp-approved-execution,6,150.735,3.902,3.131707,3.037559,3.146341,1.000000,1.000000,1.000000,3.126829,3.037559,3.146341
ldc2,15,128,negative-both,original,6,823.897,1.696,1.000000,1.000000,1.000000,1.526968,1.506106,1.546575,1.000443,1.000000,1.024043
ldc2,15,128,negative-both,selected64,6,822.426,1.609,1.000443,0.997314,1.002679,1.526134,1.506106,1.545205,1.001337,0.997314,1.026786
ldc2,15,128,negative-both,vector16store,6,825.368,3.474,0.999558,0.976522,1.000000,1.528647,1.507463,1.562500,1.000000,1.000000,1.000000
ldc2,15,128,negative-both,cpp-approved-execution,6,541.544,1.222,1.526968,1.506106,1.546575,1.000000,1.000000,1.000000,1.528647,1.507463,1.562500
ldc2,15,128,negative-source,original,6,824.632,1.962,1.000000,1.000000,1.000000,1.524520,1.509511,1.544338,1.000000,0.999113,1.003584
ldc2,15,128,negative-source,selected64,6,823.897,1.785,1.000442,0.999105,1.002669,1.522490,1.509511,1.542974,1.001332,1.000000,1.003540
ldc2,15,128,negative-source,vector16store,6,825.735,2.048,1.000000,0.996429,1.000888,1.523843,1.509511,1.544338,1.000000,1.000000,1.000000
ldc2,15,128,negative-source,cpp-approved-execution,6,541.544,1.358,1.524520,1.509511,1.544338,1.000000,1.000000,1.000000,1.523843,1.509511,1.544338
ldc2,15,128,padded,original,6,539.338,2.181,1.000000,1.000000,1.000000,0.997290,0.983718,1.010914,1.000000,0.997264,1.009485
ldc2,15,128,padded,selected64,6,542.279,2.034,0.993891,0.987871,1.001364,1.004764,0.990502,1.016371,0.995892,0.987871,1.001364
ldc2,15,128,padded,vector16store,6,539.338,2.590,1.000000,0.990604,1.002743,0.997290,0.985075,1.009485,1.000000,1.000000,1.000000
ldc2,15,128,padded,cpp-approved-execution,6,541.912,1.221,0.997290,0.983718,1.010914,1.000000,1.000000,1.000000,0.997290,0.985075,1.009485
ldc2,15,128,repeated-source,original,6,532.353,0.276,1.000000,1.000000,1.000000,0.987744,0.982361,0.994513,1.000000,0.998621,1.005525
ldc2,15,128,repeated-source,selected64,6,535.294,0.137,0.994505,0.993132,0.995879,0.993887,0.987788,0.998628,0.994505,0.993141,0.998628
ldc2,15,128,repeated-source,vector16store,6,532.353,0.552,1.000000,0.994505,1.001381,0.990465,0.982361,0.993141,1.000000,1.000000,1.000000
ldc2,15,128,repeated-source,cpp-approved-execution,6,538.971,1.091,0.987744,0.982361,0.994513,1.000000,1.000000,1.000000,0.990465,0.982361,0.993141
ldc2,15,128,universal,original,6,4381.618,2.484,1.000000,1.000000,1.000000,3.902344,3.883432,3.977749,1.008769,0.992809,1.129171
ldc2,15,128,universal,selected64,6,4372.059,2.270,1.001896,0.996471,1.010647,3.895114,3.872382,3.960733,1.009678,1.002525,1.138954
ldc2,15,128,universal,vector16store,6,4411.397,14.985,0.991311,0.885606,1.007243,3.932809,3.885471,4.470896,1.000000,1.000000,1.000000
ldc2,15,128,universal,cpp-approved-execution,6,1123.529,0.327,3.902344,3.883432,3.977749,1.000000,1.000000,1.000000,3.932809,3.885471,4.470896
ldc2,16,1,contiguous,original,6,19.763,5.312,1.000000,1.000000,1.000000,5.222581,5.193548,5.470968,1.021172,1.018473,1.027228
ldc2,16,1,contiguous,selected64,6,19.800,4.809,0.999384,0.996301,1.002364,5.232258,5.206452,5.458065,1.021564,1.018564,1.023641
ldc2,16,1,contiguous,vector16store,6,20.227,5.311,0.979267,0.973494,0.981862,5.345161,5.303226,5.587097,1.000000,1.000000,1.000000
ldc2,16,1,contiguous,cpp-approved-execution,6,3.784,0.000,5.222581,5.193548,5.470968,1.000000,1.000000,1.000000,5.345161,5.303226,5.587097
ldc2,16,1,negative-both,original,6,24.597,1.687,1.000000,1.000000,1.000000,6.069277,6.036145,6.138554,1.012904,1.000000,1.018962
ldc2,16,1,negative-both,selected64,6,24.805,0.492,0.991155,0.986220,1.000982,6.120482,6.108434,6.138554,1.003447,1.000982,1.004926
ldc2,16,1,negative-both,vector16store,6,24.915,0.490,0.987262,0.981391,1.000000,6.147590,6.120482,6.150602,1.000000,1.000000,1.000000
ldc2,16,1,negative-both,cpp-approved-execution,6,4.053,0.000,6.069277,6.036145,6.138554,1.000000,1.000000,1.000000,6.147590,6.120482,6.150602
ldc2,16,1,negative-source,original,6,24.500,1.196,1.000000,1.000000,1.000000,6.045181,6.018072,6.090361,1.016946,1.007913,1.023000
ldc2,16,1,negative-source,selected64,6,24.780,0.296,0.989645,0.982301,0.995079,6.114458,6.108434,6.126506,1.006407,1.001967,1.007882
ldc2,16,1,negative-source,vector16store,6,24.915,0.392,0.983341,0.977517,0.992149,6.147590,6.138554,6.162651,1.000000,1.000000,1.000000
ldc2,16,1,negative-source,cpp-approved-execution,6,4.053,0.000,6.045181,6.018072,6.090361,1.000000,1.000000,1.000000,6.147590,6.138554,6.162651
ldc2,16,1,padded,original,6,19.739,1.113,1.000000,1.000000,1.000000,4.870482,4.849398,4.903614,1.022263,1.019656,1.023602
ldc2,16,1,padded,selected64,6,19.788,0.740,0.998144,0.993857,1.001230,4.882530,4.867470,4.903614,1.020356,1.016010,1.023486
ldc2,16,1,padded,vector16store,6,20.178,0.726,0.978224,0.976942,0.980723,4.978916,4.963855,5.000000,1.000000,1.000000,1.000000
ldc2,16,1,padded,cpp-approved-execution,6,4.053,0.000,4.870482,4.849398,4.903614,1.000000,1.000000,1.000000,4.978916,4.963855,5.000000
ldc2,16,1,repeated-source,original,6,19.751,0.494,1.000000,1.000000,1.000000,4.873494,4.832335,4.885542,1.021656,1.019729,1.149752
ldc2,16,1,repeated-source,selected64,6,19.751,0.371,1.000000,0.998764,1.001238,4.873494,4.832335,4.879518,1.022237,1.019778,1.148331
ldc2,16,1,repeated-source,vector16store,6,20.203,12.810,0.978806,0.869752,0.980653,4.984940,4.928144,5.596386,1.000000,1.000000,1.000000
ldc2,16,1,repeated-source,cpp-approved-execution,6,4.053,0.602,4.873494,4.832335,4.885542,1.000000,1.000000,1.000000,4.984940,4.928144,5.596386
ldc2,16,1,universal,original,6,78.394,6.945,1.000000,1.000000,1.000000,7.231982,7.171171,7.673423,1.003596,0.989571,1.043546
ldc2,16,1,universal,selected64,6,80.249,3.712,0.980057,0.954723,1.059391,7.403153,7.243243,7.518018,0.985644,0.965217,1.052861
ldc2,16,1,universal,vector16store,6,78.711,5.583,0.996432,0.958271,1.010539,7.261261,7.220721,7.626126,1.000000,1.000000,1.000000
ldc2,16,1,universal,cpp-approved-execution,6,10.840,0.000,7.231982,7.171171,7.673423,1.000000,1.000000,1.000000,7.261261,7.220721,7.626126
ldc2,16,17,contiguous,original,6,47.144,3.744,1.000000,1.000000,1.000000,2.151659,2.137441,2.218009,1.003271,0.982906,1.006579
ldc2,16,17,contiguous,selected64,6,47.196,2.420,0.999995,0.993392,1.008621,2.154028,2.146919,2.199052,1.000000,0.991379,1.008791
ldc2,16,17,contiguous,vector16store,6,47.352,2.412,0.996741,0.993464,1.017391,2.161137,2.146919,2.199052,1.000000,1.000000,1.000000
ldc2,16,17,contiguous,cpp-approved-execution,6,21.911,0.000,2.151659,2.137441,2.218009,1.000000,1.000000,1.000000,2.161137,2.146919,2.199052
ldc2,16,17,negative-both,original,6,160.955,0.645,1.000000,1.000000,1.000000,4.995161,4.987138,5.022581,1.000645,0.996772,1.016057
ldc2,16,17,negative-both,selected64,6,160.955,0.839,1.000969,0.994855,1.004540,4.993548,4.974194,5.016129,1.001616,0.994855,1.019987
ldc2,16,17,negative-both,vector16store,6,161.163,2.448,0.999356,0.984197,1.003238,4.998397,4.980645,5.103226,1.000000,1.000000,1.000000
ldc2,16,17,negative-both,cpp-approved-execution,6,32.191,0.323,4.995161,4.987138,5.022581,1.000000,1.000000,1.000000,4.998397,4.980645,5.103226
ldc2,16,17,negative-source,original,6,161.838,1.155,1.000000,1.000000,1.000000,5.027419,5.009677,5.067742,0.999361,0.993635,1.002576
ldc2,16,17,negative-source,selected64,6,161.630,0.835,1.003220,0.995524,1.006406,5.020968,5.003226,5.045161,1.002247,0.995524,1.005158
ldc2,16,17,negative-source,vector16store,6,161.786,0.513,1.000639,0.997431,1.006406,5.025806,5.019355,5.045161,1.000000,1.000000,1.000000
ldc2,16,17,negative-source,cpp-approved-execution,6,32.191,0.000,5.027419,5.009677,5.067742,1.000000,1.000000,1.000000,5.025806,5.019355,5.045161
ldc2,16,17,padded,original,6,76.843,1.486,1.000000,1.000000,1.000000,2.387097,2.383871,2.419355,1.002706,0.997297,1.005405
ldc2,16,17,padded,selected64,6,76.843,1.622,0.999324,0.997340,1.002692,2.387097,2.387097,2.425806,1.002676,0.997297,1.005405
ldc2,16,17,padded,vector16store,6,77.155,2.153,0.997303,0.994624,1.002710,2.396774,2.380645,2.432258,1.000000,1.000000,1.000000
ldc2,16,17,padded,cpp-approved-execution,6,32.191,0.000,2.387097,2.383871,2.419355,1.000000,1.000000,1.000000,2.396774,2.380645,2.432258
ldc2,16,17,repeated-source,original,6,75.909,0.821,1.000000,1.000000,1.000000,2.358065,2.351613,2.370968,1.001371,1.000000,1.005442
ldc2,16,17,repeated-source,selected64,6,75.961,0.957,0.998636,0.995902,1.001368,2.359677,2.354839,2.377419,1.000684,0.997268,1.002740
ldc2,16,17,repeated-source,vector16store,6,76.012,1.230,0.998631,0.994587,1.000000,2.361290,2.354839,2.383871,1.000000,1.000000,1.000000
ldc2,16,17,repeated-source,cpp-approved-execution,6,32.191,0.000,2.358065,2.351613,2.370968,1.000000,1.000000,1.000000,2.361290,2.354839,2.383871
ldc2,16,17,universal,original,6,673.105,23.912,1.000000,1.000000,1.000000,4.261805,4.134387,5.162269,0.999078,0.976194,1.019410
ldc2,16,17,universal,selected64,6,657.165,22.659,1.012128,0.997460,1.037419,4.160845,4.144269,5.095646,1.009936,0.995237,1.057555
ldc2,16,17,universal,vector16store,6,673.832,24.149,1.000925,0.980960,1.024386,4.266214,4.125165,5.164248,1.000000,1.000000,1.000000
ldc2,16,17,universal,cpp-approved-execution,6,157.529,0.659,4.261805,4.134387,5.162269,1.000000,1.000000,1.000000,4.266214,4.125165,5.164248
ldc2,16,128,contiguous,original,6,249.219,0.627,1.000000,1.000000,1.000000,1.491806,1.467890,1.509434,1.003140,1.003125,1.018750
ldc2,16,128,contiguous,selected64,6,249.609,0.626,1.000000,0.993750,1.003145,1.497664,1.463303,1.509434,1.003135,1.000000,1.021944
ldc2,16,128,contiguous,vector16store,6,250.391,2.184,0.996870,0.981595,0.996885,1.500065,1.474654,1.514151,1.000000,1.000000,1.000000
ldc2,16,128,contiguous,cpp-approved-execution,6,166.797,2.810,1.491806,1.467890,1.509434,1.000000,1.000000,1.000000,1.500065,1.474654,1.514151
ldc2,16,128,negative-both,original,6,871.484,1.434,1.000000,1.000000,1.000000,3.744105,3.718121,3.784512,1.000451,0.999097,1.001792
ldc2,16,128,negative-both,selected64,6,871.875,1.075,1.000000,0.996429,1.003571,3.742427,3.718121,3.771044,1.000000,0.995536,1.005357
ldc2,16,128,negative-both,vector16store,6,871.094,1.704,0.999549,0.998211,1.000903,3.744116,3.714765,3.791246,1.000000,1.000000,1.000000
ldc2,16,128,negative-both,cpp-approved-execution,6,232.812,1.007,3.744105,3.718121,3.784512,1.000000,1.000000,1.000000,3.744116,3.714765,3.791246
ldc2,16,128,negative-source,original,6,873.828,1.073,1.000000,1.000000,1.000000,3.772512,3.751678,3.790541,0.999997,0.997326,1.003578
ldc2,16,128,negative-source,selected64,6,875.391,1.249,1.000000,0.996435,1.001805,3.773707,3.755932,3.787162,0.999554,0.998216,1.001786
ldc2,16,128,negative-source,vector16store,6,874.609,1.161,1.000004,0.996435,1.002681,3.772006,3.758389,3.790541,1.000000,1.000000,1.000000
ldc2,16,128,negative-source,cpp-approved-execution,6,231.250,1.351,3.772512,3.751678,3.790541,1.000000,1.000000,1.000000,3.772006,3.758389,3.790541
ldc2,16,128,padded,original,6,277.734,1.969,1.000000,1.000000,1.000000,1.205081,1.193220,1.216949,1.002813,0.994350,1.014205
ldc2,16,128,padded,selected64,6,278.125,1.685,1.000000,0.994350,1.005682,1.206430,1.197279,1.213559,1.001404,1.000000,1.013966
ldc2,16,128,padded,vector16store,6,278.906,3.081,0.997195,0.985994,1.005682,1.208475,1.197279,1.230508,1.000000,1.000000,1.000000
ldc2,16,128,padded,cpp-approved-execution,6,230.469,0.678,1.205081,1.193220,1.216949,1.000000,1.000000,1.000000,1.208475,1.197279,1.230508
ldc2,16,128,repeated-source,original,6,271.484,0.288,1.000000,1.000000,1.000000,1.181973,1.180272,1.183673,1.000000,0.997126,1.014368
ldc2,16,128,repeated-source,selected64,6,270.703,0.577,1.002886,1.000000,1.005780,1.178571,1.176871,1.183673,1.002890,1.000000,1.017291
ldc2,16,128,repeated-source,vector16store,6,271.094,1.729,1.000000,0.985836,1.002882,1.180272,1.180272,1.200680,1.000000,1.000000,1.000000
ldc2,16,128,repeated-source,cpp-approved-execution,6,229.688,0.000,1.181973,1.180272,1.183673,1.000000,1.000000,1.000000,1.180272,1.180272,1.200680
ldc2,16,128,universal,original,6,4668.359,10.058,1.000000,1.000000,1.000000,3.924797,3.912615,4.278068,1.000742,0.918981,1.012404
ldc2,16,128,universal,selected64,6,4698.047,2.927,0.998189,0.989058,1.068994,3.951045,3.912615,4.001958,0.996997,0.982385,1.003850
ldc2,16,128,universal,vector16store,6,4695.312,2.163,0.999259,0.987748,1.088162,3.935836,3.896846,3.984878,1.000000,1.000000,1.000000
ldc2,16,128,universal,cpp-approved-execution,6,1189.062,0.723,3.924797,3.912615,4.278068,1.000000,1.000000,1.000000,3.935836,3.896846,3.984878
ldc2,17,1,contiguous,original,6,20.679,9.681,1.000000,1.000000,1.000000,4.785311,4.706215,5.169492,1.023614,1.019672,1.028698
ldc2,17,1,contiguous,selected64,6,20.825,11.723,0.993021,0.977564,0.996420,4.819209,4.723164,5.288136,1.015266,0.996795,1.022727
ldc2,17,1,contiguous,vector16store,6,21.179,9.337,0.976931,0.972103,0.980707,4.901130,4.813559,5.271186,1.000000,1.000000,1.000000
ldc2,17,1,contiguous,cpp-approved-execution,6,4.321,0.000,4.785311,4.706215,5.169492,1.000000,1.000000,1.000000,4.901130,4.813559,5.271186
ldc2,17,1,negative-both,original,6,25.549,1.338,1.000000,1.000000,1.000000,5.566489,5.553191,5.627660,1.008600,0.993384,1.075670
ldc2,17,1,negative-both,selected64,6,25.720,1.139,0.996679,0.989573,1.004748,5.603723,5.558511,5.622340,1.004772,0.997162,1.064455
ldc2,17,1,negative-both,vector16store,6,25.769,6.821,0.991475,0.929653,1.006660,5.614362,5.590426,5.973404,1.000000,1.000000,1.000000
ldc2,17,1,negative-both,cpp-approved-execution,6,4.590,0.000,5.566489,5.553191,5.627660,1.000000,1.000000,1.000000,5.614362,5.590426,5.973404
ldc2,17,1,negative-source,original,6,25.537,0.956,1.000000,1.000000,1.000000,5.554374,5.531915,5.585106,1.004782,1.001905,1.010577
ldc2,17,1,negative-source,selected64,6,25.525,0.956,1.000477,0.993340,1.006724,5.546423,5.537234,5.590426,1.004782,1.002854,1.011527
ldc2,17,1,negative-source,vector16store,6,25.696,0.570,0.995240,0.989534,0.998099,5.593085,5.571429,5.606383,1.000000,1.000000,1.000000
ldc2,17,1,negative-source,cpp-approved-execution,6,4.590,0.532,5.554374,5.531915,5.585106,1.000000,1.000000,1.000000,5.593085,5.571429,5.606383
ldc2,17,1,padded,original,6,20.862,1.989,1.000000,1.000000,1.000000,4.542553,4.518519,4.627660,1.027501,1.026437,1.030481
ldc2,17,1,padded,selected64,6,21.021,2.091,0.993668,0.989559,0.995338,4.579787,4.539683,4.659574,1.020906,1.019406,1.022145
ldc2,17,1,padded,vector16store,6,21.460,1.820,0.973235,0.970421,0.974244,4.675532,4.640212,4.750000,1.000000,1.000000,1.000000
ldc2,17,1,padded,cpp-approved-execution,6,4.590,0.532,4.542553,4.518519,4.627660,1.000000,1.000000,1.000000,4.675532,4.640212,4.750000
ldc2,17,1,repeated-source,original,6,20.398,1.556,1.000000,1.000000,1.000000,4.444149,4.425532,4.494681,1.022741,1.017751,1.024038
ldc2,17,1,repeated-source,selected64,6,20.508,0.952,0.995231,0.992857,1.000000,4.468085,4.452128,4.494681,1.017857,1.015476,1.019048
ldc2,17,1,repeated-source,vector16store,6,20.862,0.936,0.977765,0.976526,0.982558,4.545213,4.531915,4.574468,1.000000,1.000000,1.000000
ldc2,17,1,repeated-source,cpp-approved-execution,6,4.590,0.000,4.444149,4.425532,4.494681,1.000000,1.000000,1.000000,4.545213,4.531915,4.574468
ldc2,17,1,universal,original,6,82.678,4.105,1.000000,1.000000,1.000000,7.267167,7.055794,7.354077,0.977115,0.965568,1.031022
ldc2,17,1,universal,selected64,6,80.493,5.096,1.028027,0.956019,1.038170,7.075107,7.055794,7.416309,1.003493,0.961227,1.029456
ldc2,17,1,universal,vector16store,6,80.896,2.626,1.023424,0.969912,1.035660,7.110515,7.087983,7.274678,1.000000,1.000000,1.000000
ldc2,17,1,universal,cpp-approved-execution,6,11.377,0.000,7.267167,7.055794,7.354077,1.000000,1.000000,1.000000,7.110515,7.087983,7.274678
ldc2,17,17,contiguous,original,6,56.670,0.778,1.000000,1.000000,1.000000,2.401869,2.397196,2.415888,1.000973,0.992263,1.001949
ldc2,17,17,contiguous,selected64,6,56.891,1.550,0.995157,0.984674,1.005837,2.416864,2.401869,2.439252,0.997093,0.982759,1.000000
ldc2,17,17,contiguous,vector16store,6,56.670,0.389,0.999029,0.998054,1.007797,2.401869,2.397196,2.413146,1.000000,1.000000,1.000000
ldc2,17,17,contiguous,cpp-approved-execution,6,23.594,0.467,2.401869,2.397196,2.415888,1.000000,1.000000,1.000000,2.401869,2.397196,2.413146
ldc2,17,17,negative-both,original,6,167.310,7.776,1.000000,1.000000,1.000000,3.949086,3.885442,4.015666,0.997687,0.993425,1.009214
ldc2,17,17,negative-both,selected64,6,166.979,7.329,1.002490,0.998022,1.006618,3.946475,3.868735,3.997389,0.999016,0.994726,1.013572
ldc2,17,17,negative-both,vector16store,6,166.538,8.871,1.002319,0.990870,1.006618,3.941253,3.921241,3.992167,1.000000,1.000000,1.000000
ldc2,17,17,negative-both,cpp-approved-execution,6,42.227,9.399,3.949086,3.885442,4.015666,1.000000,1.000000,1.000000,3.941253,3.921241,3.992167
ldc2,17,17,negative-source,original,6,167.200,4.748,1.000000,1.000000,1.000000,3.959530,3.955614,4.143603,0.998351,0.989590,1.003151
ldc2,17,17,negative-source,selected64,6,167.420,5.268,1.001983,0.986346,1.008530,3.964752,3.942559,4.151436,0.999338,0.985046,1.004627
ldc2,17,17,negative-source,vector16store,6,167.310,5.535,1.001652,0.996859,1.010519,3.962141,3.937337,4.156658,1.000000,1.000000,1.000000
ldc2,17,17,negative-source,cpp-approved-execution,6,42.227,0.000,3.959530,3.955614,4.143603,1.000000,1.000000,1.000000,3.962141,3.937337,4.156658
ldc2,17,17,padded,original,6,87.211,0.759,1.000000,1.000000,1.000000,2.065274,2.060052,2.075718,1.005046,1.003788,1.008850
ldc2,17,17,padded,selected64,6,87.596,0.378,0.996219,0.993703,0.998744,2.074413,2.070496,2.078329,1.001887,0.997481,1.005038
ldc2,17,17,padded,vector16store,6,87.817,1.004,0.994981,0.991228,0.996226,2.079634,2.067885,2.088773,1.000000,1.000000,1.000000
ldc2,17,17,padded,cpp-approved-execution,6,42.227,0.000,2.065274,2.060052,2.075718,1.000000,1.000000,1.000000,2.079634,2.067885,2.088773
ldc2,17,17,repeated-source,original,6,86.384,1.149,1.000000,1.000000,1.000000,2.045692,2.041775,2.065274,1.001912,0.998736,1.008951
ldc2,17,17,repeated-source,selected64,6,86.604,0.764,0.996821,0.996178,1.001266,2.050914,2.046997,2.062663,1.000637,0.997449,1.005096
ldc2,17,17,repeated-source,vector16store,6,86.770,1.017,0.998092,0.991128,1.001266,2.054830,2.041775,2.062663,1.000000,1.000000,1.000000
ldc2,17,17,repeated-source,cpp-approved-execution,6,42.227,0.000,2.045692,2.041775,2.065274,1.000000,1.000000,1.000000,2.054830,2.041775,2.062663
ldc2,17,17,universal,original,6,702.701,3.750,1.000000,1.000000,1.000000,4.220847,4.145695,4.306826,1.002532,0.990060,1.027149
ldc2,17,17,universal,selected64,6,707.993,6.961,0.993383,0.975646,1.021273,4.254076,4.109272,4.405298,0.997048,0.988486,1.025302
ldc2,17,17,universal,vector16store,6,708.545,5.571,0.997477,0.973568,1.010040,4.257385,4.150331,4.387417,1.000000,1.000000,1.000000
ldc2,17,17,universal,cpp-approved-execution,6,166.483,0.132,4.220847,4.145695,4.306826,1.000000,1.000000,1.000000,4.257385,4.150331,4.387417
ldc2,17,128,contiguous,original,6,322.500,1.292,1.000000,1.000000,1.000000,1.830937,1.736364,1.842857,0.996124,0.984496,1.007853
ldc2,17,128,contiguous,selected64,6,321.667,1.813,1.002591,0.997423,1.002625,1.826175,1.731818,1.847619,0.996158,0.987047,1.010499
ldc2,17,128,contiguous,vector16store,6,319.167,1.828,1.003906,0.992208,1.015748,1.817129,1.736364,1.847619,1.000000,1.000000,1.000000
ldc2,17,128,contiguous,cpp-approved-execution,6,175.417,5.226,1.830937,1.736364,1.842857,1.000000,1.000000,1.000000,1.817129,1.736364,1.847619
ldc2,17,128,negative-both,original,6,915.417,1.639,1.000000,1.000000,1.000000,3.010989,2.989160,3.016438,0.999093,0.997280,1.001817
ldc2,17,128,negative-both,selected64,6,917.083,28.442,1.000910,0.775568,1.002710,3.009600,2.986450,3.868132,0.999093,0.775568,1.003640
ldc2,17,128,negative-both,vector16store,6,914.583,1.549,1.000907,0.998187,1.002727,3.006868,2.981030,3.021918,1.000000,1.000000,1.000000
ldc2,17,128,negative-both,cpp-approved-execution,6,303.750,1.372,3.010989,2.989160,3.016438,1.000000,1.000000,1.000000,3.006868,2.981030,3.021918
ldc2,17,128,negative-source,original,6,924.167,1.533,1.000000,1.000000,1.000000,3.030092,3.008219,3.046448,1.000000,0.994619,1.003587
ldc2,17,128,negative-source,selected64,6,925.000,1.622,0.998650,0.998193,1.004505,3.032787,3.010959,3.043597,0.999099,0.998193,1.001791
ldc2,17,128,negative-source,vector16store,6,924.167,1.894,1.000000,0.996425,1.005410,3.030055,3.008219,3.049046,1.000000,1.000000,1.000000
ldc2,17,128,negative-source,cpp-approved-execution,6,305.000,0.546,3.030092,3.008219,3.046448,1.000000,1.000000,1.000000,3.030055,3.008219,3.049046
ldc2,17,128,padded,original,6,368.333,4.072,1.000000,1.000000,1.000000,1.207667,1.138743,1.236264,1.002227,0.988889,1.006772
ldc2,17,128,padded,selected64,6,367.917,3.851,1.000000,0.997691,1.008969,1.206304,1.138743,1.226158,1.002247,0.997758,1.006772
ldc2,17,128,padded,vector16store,6,369.167,3.837,0.997783,0.993274,1.011236,1.211776,1.138743,1.228883,1.000000,1.000000,1.000000
ldc2,17,128,padded,cpp-approved-execution,6,305.000,4.918,1.207667,1.138743,1.236264,1.000000,1.000000,1.000000,1.211776,1.138743,1.228883
ldc2,17,128,repeated-source,original,6,357.083,1.167,1.000000,1.000000,1.000000,1.180441,1.175824,1.192837,1.000000,1.000000,1.002336
ldc2,17,128,repeated-source,selected64,6,357.500,1.166,1.000000,0.997669,1.000000,1.181818,1.175824,1.192837,1.000000,0.997669,1.000000
ldc2,17,128,repeated-source,vector16store,6,357.500,1.166,1.000000,0.997669,1.000000,1.181818,1.175824,1.192837,1.000000,1.000000,1.000000
ldc2,17,128,repeated-source,cpp-approved-execution,6,302.500,0.275,1.180441,1.175824,1.192837,1.000000,1.000000,1.000000,1.181818,1.175824,1.192837
ldc2,17,128,universal,original,6,5133.750,10.989,1.000000,1.000000,1.000000,4.051603,3.884590,4.342763,1.001091,0.994608,1.025905
ldc2,17,128,universal,selected64,6,5112.500,8.672,0.999747,0.960973,1.039414,4.029570,3.885246,4.242444,1.003910,0.957565,1.064947
ldc2,17,128,universal,vector16store,6,5151.250,14.058,0.998912,0.974749,1.005421,4.065442,3.883934,4.455263,1.000000,1.000000,1.000000
ldc2,17,128,universal,cpp-approved-execution,6,1267.500,0.460,4.051603,3.884590,4.342763,1.000000,1.000000,1.000000,4.065442,3.883934,4.455263
ldc2,23,1,contiguous,original,6,22.070,0.442,1.000000,1.000000,1.000000,3.545098,3.545098,3.560784,1.025442,1.022099,1.139381
ldc2,23,1,contiguous,selected64,6,22.229,0.549,0.995047,0.990142,0.995614,3.570588,3.560784,3.580392,1.018669,1.016447,1.133113
ldc2,23,1,contiguous,vector16store,6,22.656,11.315,0.975189,0.877670,0.978378,3.639216,3.627451,4.039216,1.000000,1.000000,1.000000
ldc2,23,1,contiguous,cpp-approved-execution,6,6.226,0.000,3.545098,3.545098,3.560784,1.000000,1.000000,1.000000,3.639216,3.627451,4.039216
ldc2,23,1,negative-both,original,6,28.137,4.772,1.000000,1.000000,1.000000,4.327068,4.045775,4.515038,1.011344,0.980672,1.020888
ldc2,23,1,negative-both,selected64,6,28.357,4.305,0.993952,0.989664,1.023216,4.357143,4.088028,4.526316,1.003886,1.002582,1.010336
ldc2,23,1,negative-both,vector16store,6,28.467,4.889,0.988783,0.979540,1.019709,4.368421,4.130282,4.571429,1.000000,1.000000,1.000000
ldc2,23,1,negative-both,cpp-approved-execution,6,6.494,6.767,4.327068,4.045775,4.515038,1.000000,1.000000,1.000000,4.368421,4.130282,4.571429
ldc2,23,1,negative-source,original,6,27.991,0.611,1.000000,1.000000,1.000000,4.310150,4.289474,4.315789,1.011349,1.008711,1.017437
ldc2,23,1,negative-source,selected64,6,28.149,0.173,0.993501,0.989592,0.994796,4.334586,4.334586,4.342105,1.004337,1.002597,1.012142
ldc2,23,1,negative-source,vector16store,6,28.284,0.777,0.988779,0.982862,0.991364,4.355263,4.353383,4.387218,1.000000,1.000000,1.000000
ldc2,23,1,negative-source,cpp-approved-execution,6,6.494,0.000,4.310150,4.289474,4.315789,1.000000,1.000000,1.000000,4.355263,4.353383,4.387218
ldc2,23,1,padded,original,6,22.070,1.217,1.000000,1.000000,1.000000,3.398496,3.394737,3.436090,1.024889,1.016411,1.031008
ldc2,23,1,padded,selected64,6,22.217,0.330,0.995595,0.992308,1.004396,3.421053,3.413534,3.424812,1.020351,1.018661,1.023077
ldc2,23,1,padded,vector16store,6,22.656,0.539,0.975715,0.969925,0.983854,3.488722,3.481203,3.500000,1.000000,1.000000,1.000000
ldc2,23,1,padded,cpp-approved-execution,6,6.494,0.000,3.398496,3.394737,3.436090,1.000000,1.000000,1.000000,3.488722,3.481203,3.500000
ldc2,23,1,repeated-source,original,6,22.095,14.254,1.000000,1.000000,1.000000,3.402256,3.394737,3.879699,1.027086,0.999031,1.055310
ldc2,23,1,repeated-source,selected64,6,22.205,13.084,0.995600,0.994499,1.005848,3.419173,3.409774,3.857143,1.022564,1.004873,1.049505
ldc2,23,1,repeated-source,vector16store,6,22.754,11.159,0.973629,0.947589,1.000970,3.503759,3.484962,3.875940,1.000000,1.000000,1.000000
ldc2,23,1,repeated-source,cpp-approved-execution,6,6.494,0.000,3.402256,3.394737,3.879699,1.000000,1.000000,1.000000,3.503759,3.484962,3.875940
ldc2,23,1,universal,original,6,96.533,6.247,1.000000,1.000000,1.000000,6.549485,6.170692,6.675941,0.983051,0.938465,1.034969
ldc2,23,1,universal,selected64,6,93.884,6.709,1.016612,0.999510,1.034266,6.356208,6.172303,6.679214,1.013299,0.938005,1.034699
ldc2,23,1,universal,vector16store,6,94.739,3.788,1.017453,0.966213,1.065569,6.391066,6.156200,6.560935,1.000000,1.000000,1.000000
ldc2,23,1,universal,cpp-approved-execution,6,14.905,3.604,6.549485,6.170692,6.675941,1.000000,1.000000,1.000000,6.391066,6.156200,6.560935
ldc2,23,17,contiguous,original,6,86.791,0.688,1.000000,1.000000,1.000000,2.692130,2.689815,2.708333,1.000859,0.991453,1.001721
ldc2,23,17,contiguous,selected64,6,87.015,1.201,0.998288,0.988095,1.006885,2.699074,2.689815,2.722222,0.998282,0.989796,1.000000
ldc2,23,17,contiguous,vector16store,6,86.791,0.516,0.999142,0.998282,1.008621,2.692130,2.685185,2.699074,1.000000,1.000000,1.000000
ldc2,23,17,contiguous,cpp-approved-execution,6,32.239,0.000,2.692130,2.689815,2.708333,1.000000,1.000000,1.000000,2.692130,2.685185,2.699074
ldc2,23,17,negative-both,original,6,210.075,1.634,1.000000,1.000000,1.000000,2.854970,2.829615,2.870445,0.997514,0.995046,1.003584
ldc2,23,17,negative-both,selected64,6,209.627,1.780,1.002485,0.992883,1.010776,2.848884,2.823529,2.868421,1.000358,0.992165,1.009339
ldc2,23,17,negative-both,vector16store,6,209.552,1.994,1.002494,0.996429,1.004979,2.847870,2.825558,2.876518,1.000000,1.000000,1.000000
ldc2,23,17,negative-both,cpp-approved-execution,6,73.582,0.203,2.854970,2.829615,2.870445,1.000000,1.000000,1.000000,2.847870,2.825558,2.876518
ldc2,23,17,negative-source,original,6,208.955,1.286,1.000000,1.000000,1.000000,2.836878,2.817444,2.853955,0.998217,0.994993,1.003600
ldc2,23,17,negative-source,selected64,6,209.030,0.643,1.001427,0.995699,1.004283,2.838907,2.825558,2.843813,1.000713,0.993571,1.001436
ldc2,23,17,negative-source,vector16store,6,208.806,0.858,1.001786,0.996413,1.005032,2.834848,2.821501,2.845842,1.000000,1.000000,1.000000
ldc2,23,17,negative-source,cpp-approved-execution,6,73.582,0.203,2.836878,2.817444,2.853955,1.000000,1.000000,1.000000,2.834848,2.821501,2.845842
ldc2,23,17,padded,original,6,120.970,0.617,1.000000,1.000000,1.000000,1.644016,1.637652,1.651116,0.997529,0.990172,1.000000
ldc2,23,17,padded,selected64,6,120.746,0.865,1.003096,0.995086,1.007435,1.637652,1.636917,1.651116,0.998146,0.993857,1.004957
ldc2,23,17,padded,vector16store,6,120.746,0.618,1.002479,1.000000,1.009926,1.639313,1.631579,1.645030,1.000000,1.000000,1.000000
ldc2,23,17,padded,cpp-approved-execution,6,73.582,0.203,1.644016,1.637652,1.651116,1.000000,1.000000,1.000000,1.639313,1.631579,1.645030
ldc2,23,17,repeated-source,original,6,120.224,10.304,1.000000,1.000000,1.000000,1.630567,1.602794,1.791498,0.997512,0.988701,1.000000
ldc2,23,17,repeated-source,selected64,6,120.149,9.441,0.999378,0.997525,1.006826,1.631207,1.604790,1.779352,0.997512,0.995449,0.998758
ldc2,23,17,repeated-source,vector16store,6,119.925,9.210,1.002494,1.000000,1.011429,1.628169,1.598802,1.771255,1.000000,1.000000,1.000000
ldc2,23,17,repeated-source,cpp-approved-execution,6,73.731,1.619,1.630567,1.602794,1.791498,1.000000,1.000000,1.000000,1.628169,1.598802,1.771255
ldc2,23,17,universal,original,6,930.522,8.678,1.000000,1.000000,1.000000,4.180018,4.121477,4.478552,0.993259,0.961645,1.013353
ldc2,23,17,universal,selected64,6,934.179,4.458,1.001308,0.995219,1.036934,4.196443,4.137584,4.319035,0.999110,0.987398,1.009408
ldc2,23,17,universal,vector16store,6,930.373,4.781,1.006788,0.986823,1.039885,4.182152,4.142282,4.336461,1.000000,1.000000,1.000000
ldc2,23,17,universal,cpp-approved-execution,6,222.612,0.134,4.180018,4.121477,4.478552,1.000000,1.000000,1.000000,4.182152,4.142282,4.336461
ldc2,23,128,contiguous,original,6,544.382,1.238,1.000000,1.000000,1.000000,2.314156,2.271028,2.328502,0.998975,0.997925,1.002075
ldc2,23,128,contiguous,selected64,6,544.944,1.237,1.000000,0.997930,1.000000,2.316560,2.275701,2.328502,0.998975,0.997925,1.000000
ldc2,23,128,contiguous,vector16store,6,544.382,1.238,1.001027,0.997930,1.002079,2.315026,2.271028,2.323671,1.000000,1.000000,1.000000
ldc2,23,128,contiguous,cpp-approved-execution,6,235.393,3.341,2.314156,2.271028,2.328502,1.000000,1.000000,1.000000,2.315026,2.271028,2.323671
ldc2,23,128,negative-both,original,6,1275.843,0.881,1.000000,1.000000,1.000000,2.307936,2.298174,2.330612,1.002193,0.998243,1.009717
ldc2,23,128,negative-both,selected64,6,1279.775,1.493,0.998682,0.990376,1.003546,2.312718,2.297352,2.336735,1.001323,0.996491,1.003546
ldc2,23,128,negative-both,vector16store,6,1280.337,1.053,0.997812,0.990376,1.001761,2.312693,2.305499,2.334694,1.000000,1.000000,1.000000
ldc2,23,128,negative-both,cpp-approved-execution,6,551.685,0.815,2.307936,2.298174,2.330612,1.000000,1.000000,1.000000,2.312693,2.305499,2.334694
ldc2,23,128,negative-source,original,6,1264.045,0.711,1.000000,1.000000,1.000000,2.300613,2.276423,2.305328,1.001333,0.996454,1.001786
ldc2,23,128,negative-source,selected64,6,1264.607,0.888,0.997333,0.992939,1.002671,2.302966,2.284553,2.316973,0.997336,0.992056,1.003562
ldc2,23,128,negative-source,vector16store,6,1264.607,0.444,0.998669,0.998217,1.003559,2.295920,2.280488,2.309426,1.000000,1.000000,1.000000
ldc2,23,128,negative-source,cpp-approved-execution,6,550.000,0.817,2.300613,2.276423,2.305328,1.000000,1.000000,1.000000,2.295920,2.280488,2.309426
ldc2,23,128,padded,original,6,621.348,1.266,1.000000,1.000000,1.000000,1.132038,1.122984,1.137577,1.000898,0.998182,1.005425
ldc2,23,128,padded,selected64,6,621.348,1.085,1.000000,0.998185,1.001815,1.131148,1.122984,1.139630,1.000898,0.996370,1.005425
ldc2,23,128,padded,vector16store,6,621.910,1.626,0.999104,0.994604,1.001821,1.134360,1.125000,1.137577,1.000000,1.000000,1.000000
ldc2,23,128,padded,cpp-approved-execution,6,548.315,1.844,1.132038,1.122984,1.137577,1.000000,1.000000,1.000000,1.134360,1.125000,1.137577
ldc2,23,128,repeated-source,original,6,605.056,0.186,1.000000,1.000000,1.000000,1.120582,1.118503,1.120833,1.000000,1.000000,1.001859
ldc2,23,128,repeated-source,selected64,6,605.618,0.186,0.999072,0.998145,1.001859,1.120582,1.118503,1.122917,1.000000,0.998145,1.001859
ldc2,23,128,repeated-source,vector16store,6,605.618,0.186,1.000000,0.998145,1.000000,1.120582,1.120582,1.122917,1.000000,1.000000,1.000000
ldc2,23,128,repeated-source,cpp-approved-execution,6,540.449,0.208,1.120582,1.118503,1.120833,1.000000,1.000000,1.000000,1.120582,1.120582,1.122917
ldc2,23,128,universal,original,6,6965.169,13.518,1.000000,1.000000,1.000000,4.096500,3.970628,4.533066,0.999132,0.923814,1.006867
ldc2,23,128,universal,selected64,6,6958.989,14.144,1.001038,0.950404,1.018320,4.093626,3.954636,4.545090,1.001120,0.921370,1.014170
ldc2,23,128,universal,vector16store,6,6896.629,6.289,1.000871,0.993180,1.082469,4.080487,3.962745,4.233801,1.000000,1.000000,1.000000
ldc2,23,128,universal,cpp-approved-execution,6,1682.584,2.204,4.096500,3.970628,4.533066,1.000000,1.000000,1.000000,4.080487,3.962745,4.233801
ldc2,31,1,contiguous,original,6,22.546,7.147,1.000000,1.000000,1.000000,2.974240,2.961290,3.163987,1.029604,1.020325,1.037037
ldc2,31,1,contiguous,selected64,6,22.693,5.702,0.996224,0.988197,1.007165,2.998387,2.980645,3.141935,1.026831,1.018240,1.030303
ldc2,31,1,contiguous,vector16store,6,23.242,5.777,0.971248,0.964286,0.980080,3.070968,3.054662,3.228296,1.000000,1.000000,1.000000
ldc2,31,1,contiguous,cpp-approved-execution,6,7.568,0.323,2.974240,2.961290,3.163987,1.000000,1.000000,1.000000,3.070968,3.054662,3.228296
ldc2,31,1,negative-both,original,6,31.653,0.694,1.000000,1.000000,1.000000,4.027994,4.018634,4.043478,1.010040,1.006944,1.221966
ldc2,31,1,negative-both,selected64,6,31.909,0.689,0.990819,0.985529,0.998466,4.065421,4.049689,4.077640,1.002299,0.994665,1.220092
ldc2,31,1,negative-both,vector16store,6,31.934,21.865,0.990061,0.818353,0.993103,4.074766,4.052795,4.940994,1.000000,1.000000,1.000000
ldc2,31,1,negative-both,cpp-approved-execution,6,7.861,0.311,4.027994,4.018634,4.043478,1.000000,1.000000,1.000000,4.074766,4.052795,4.940994
ldc2,31,1,negative-source,original,6,31.714,3.310,1.000000,1.000000,1.000000,4.045094,4.027950,4.165109,1.005394,0.994764,1.010023
ldc2,31,1,negative-source,selected64,6,31.970,3.055,0.993101,0.988567,0.997705,4.071535,4.059006,4.183801,0.997710,0.990320,1.003063
ldc2,31,1,negative-source,vector16store,6,31.909,1.989,0.994645,0.990076,1.005263,4.065421,4.052795,4.143302,1.000000,1.000000,1.000000
ldc2,31,1,negative-source,cpp-approved-execution,6,7.837,0.312,4.045094,4.027950,4.165109,1.000000,1.000000,1.000000,4.065421,4.052795,4.143302
ldc2,31,1,padded,original,6,22.534,0.650,1.000000,1.000000,1.000000,2.870920,2.869159,2.887850,1.033046,1.030205,1.036916
ldc2,31,1,padded,selected64,6,22.656,0.970,0.994603,0.991444,0.996767,2.889408,2.884735,2.912773,1.027478,1.021390,1.031317
ldc2,31,1,padded,vector16store,6,23.315,0.314,0.968012,0.964398,0.970681,2.975078,2.959627,2.975078,1.000000,1.000000,1.000000
ldc2,31,1,padded,cpp-approved-execution,6,7.837,0.312,2.870920,2.869159,2.887850,1.000000,1.000000,1.000000,2.975078,2.959627,2.975078
ldc2,31,1,repeated-source,original,6,22.485,1.412,1.000000,1.000000,1.000000,2.869159,2.857143,2.906542,1.032048,1.027867,1.032573
ldc2,31,1,repeated-source,selected64,6,22.644,1.725,0.994061,0.991498,0.994612,2.886293,2.872671,2.931464,1.025876,1.019129,1.026998
ldc2,31,1,repeated-source,vector16store,6,23.218,1.052,0.968948,0.968454,0.972888,2.962617,2.947205,2.987539,1.000000,1.000000,1.000000
ldc2,31,1,repeated-source,cpp-approved-execution,6,7.837,0.312,2.869159,2.857143,2.906542,1.000000,1.000000,1.000000,2.962617,2.947205,2.987539
ldc2,31,1,universal,original,6,113.635,5.951,1.000000,1.000000,1.000000,5.866385,5.695489,6.127065,0.999676,0.948776,1.024862
ldc2,31,1,universal,selected64,6,113.940,10.371,0.989248,0.940957,1.035208,5.892297,5.774718,6.469543,0.990984,0.935661,1.005852
ldc2,31,1,universal,vector16store,6,113.513,4.280,1.000352,0.975741,1.053989,5.825154,5.800761,6.053299,1.000000,1.000000,1.000000
ldc2,31,1,universal,cpp-approved-execution,6,19.360,1.513,5.866385,5.695489,6.127065,1.000000,1.000000,1.000000,5.825154,5.800761,6.053299
ldc2,31,17,contiguous,original,6,95.372,0.844,1.000000,1.000000,1.000000,2.214953,2.204651,2.233645,1.001055,0.997908,1.004219
ldc2,31,17,contiguous,selected64,6,95.573,0.632,0.997895,0.993711,1.000000,2.224299,2.209302,2.233645,0.998954,0.995807,1.002105
ldc2,31,17,contiguous,vector16store,6,95.573,0.632,0.998947,0.995798,1.002096,2.217290,2.209302,2.234742,1.000000,1.000000,1.000000
ldc2,31,17,contiguous,cpp-approved-execution,6,43.058,0.935,2.214953,2.204651,2.233645,1.000000,1.000000,1.000000,2.217290,2.209302,2.234742
ldc2,31,17,negative-both,original,6,264.688,13.455,1.000000,1.000000,1.000000,2.798936,2.755319,3.131915,0.993906,0.883832,1.090008
ldc2,31,17,negative-both,selected64,6,261.569,1.154,1.008440,0.999228,1.130568,2.765957,2.757447,2.789362,1.000773,0.993114,1.100924
ldc2,31,17,negative-both,vector16store,6,261.569,10.308,1.006147,0.917425,1.131437,2.765957,2.755319,3.040426,1.000000,1.000000,1.000000
ldc2,31,17,negative-both,cpp-approved-execution,6,94.567,0.000,2.798936,2.755319,3.131915,1.000000,1.000000,1.000000,2.765957,2.755319,3.040426
ldc2,31,17,negative-source,original,6,263.179,1.758,1.000000,1.000000,1.000000,2.785106,2.755319,2.804255,1.000394,0.992413,1.005405
ldc2,31,17,negative-source,selected64,6,261.771,0.846,1.004989,0.996921,1.006140,2.771041,2.763830,2.787234,1.002686,0.998473,1.008468
ldc2,31,17,negative-source,vector16store,6,263.280,0.764,0.999610,0.994624,1.007645,2.785106,2.765957,2.791045,1.000000,1.000000,1.000000
ldc2,31,17,negative-source,cpp-approved-execution,6,94.567,0.213,2.785106,2.755319,2.804255,1.000000,1.000000,1.000000,2.785106,2.765957,2.791045
ldc2,31,17,padded,original,6,129.980,0.464,1.000000,1.000000,1.000000,1.374468,1.370213,1.376596,0.996902,0.995363,0.996909
ldc2,31,17,padded,selected64,6,129.879,0.465,1.001549,1.000000,1.001555,1.373404,1.368085,1.374468,0.998446,0.996904,0.998452
ldc2,31,17,padded,vector16store,6,129.577,0.466,1.003108,1.003101,1.004658,1.370213,1.365957,1.372340,1.000000,1.000000,1.000000
ldc2,31,17,padded,cpp-approved-execution,6,94.567,0.000,1.374468,1.370213,1.376596,1.000000,1.000000,1.000000,1.370213,1.365957,1.372340
ldc2,31,17,repeated-source,original,6,129.678,0.776,1.000000,1.000000,1.000000,1.371277,1.361702,1.375267,0.995345,0.993798,0.998440
ldc2,31,17,repeated-source,selected64,6,128.974,0.312,1.004677,1.000000,1.006240,1.363830,1.361702,1.368870,1.000000,0.998438,1.001560
ldc2,31,17,repeated-source,vector16store,6,128.974,0.468,1.004677,1.001563,1.006240,1.363830,1.359574,1.366738,1.000000,1.000000,1.000000
ldc2,31,17,repeated-source,cpp-approved-execution,6,94.567,0.213,1.371277,1.361702,1.375267,1.000000,1.000000,1.000000,1.363830,1.359574,1.366738
ldc2,31,17,universal,original,6,1291.851,14.905,1.000000,1.000000,1.000000,4.252542,3.122011,4.780339,1.000580,0.986243,1.007136
ldc2,31,17,universal,selected64,6,1264.889,12.837,1.008487,0.988003,1.029118,4.245763,3.033675,4.669831,1.006270,0.992218,1.032336
ldc2,31,17,universal,vector16store,6,1289.738,13.495,0.999427,0.992914,1.013949,4.245085,3.131772,4.714576,1.000000,1.000000,1.000000
ldc2,31,17,universal,cpp-approved-execution,6,296.781,38.915,4.252542,3.122011,4.780339,1.000000,1.000000,1.000000,4.245085,3.131772,4.714576
ldc2,31,128,contiguous,original,6,615.152,1.724,1.000000,1.000000,1.000000,1.947253,1.915888,1.956522,1.000000,0.997537,1.009709
ldc2,31,128,contiguous,selected64,6,615.152,1.724,1.000000,1.000000,1.002469,1.947253,1.911215,1.956522,1.000000,1.000000,1.009709
ldc2,31,128,contiguous,vector16store,6,615.152,2.709,1.000000,0.990385,1.002469,1.947253,1.911215,1.971564,1.000000,1.000000,1.000000
ldc2,31,128,contiguous,cpp-approved-execution,6,317.424,3.341,1.947253,1.915888,1.956522,1.000000,1.000000,1.000000,1.947253,1.911215,1.971564
ldc2,31,128,negative-both,original,6,1697.727,2.945,1.000000,1.000000,1.000000,2.384861,2.366738,2.421610,1.000891,0.998214,1.003604
ldc2,31,128,negative-both,selected64,6,1698.485,3.390,0.999554,0.997382,1.001805,2.385159,2.362473,2.427966,1.000000,0.998214,1.005415
ldc2,31,128,negative-both,vector16store,6,1696.970,2.857,0.999110,0.996409,1.001789,2.385928,2.368644,2.427966,1.000000,1.000000,1.000000
ldc2,31,128,negative-both,cpp-approved-execution,6,710.606,0.853,2.384861,2.366738,2.421610,1.000000,1.000000,1.000000,2.385928,2.368644,2.427966
ldc2,31,128,negative-source,original,6,1703.788,1.690,1.000000,1.000000,1.000000,2.384069,2.358491,2.411890,0.999560,0.998221,1.004448
ldc2,31,128,negative-source,selected64,6,1704.545,1.600,1.001787,0.992939,1.003534,2.388057,2.364979,2.403397,1.001338,0.994704,1.007136
ldc2,31,128,negative-source,vector16store,6,1706.818,1.687,1.000441,0.995571,1.001783,2.387090,2.362683,2.409766,1.000000,1.000000,1.000000
ldc2,31,128,negative-source,cpp-approved-execution,6,713.636,1.911,2.384069,2.358491,2.411890,1.000000,1.000000,1.000000,2.387090,2.362683,2.409766
ldc2,31,128,padded,original,6,700.758,2.811,1.000000,1.000000,1.000000,0.984157,0.976395,0.993576,0.998932,0.995690,1.000000
ldc2,31,128,padded,selected64,6,699.242,2.384,1.002167,1.000000,1.004329,0.981998,0.976395,0.989293,1.001073,0.997840,1.002174
ldc2,31,128,padded,vector16store,6,699.242,2.600,1.001071,1.000000,1.004329,0.983050,0.976395,0.991435,1.000000,1.000000,1.000000
ldc2,31,128,padded,cpp-approved-execution,6,709.091,1.923,0.984157,0.976395,0.993576,1.000000,1.000000,1.000000,0.983050,0.976395,0.991435
ldc2,31,128,repeated-source,original,6,681.818,0.444,1.000000,1.000000,1.000000,0.978261,0.976087,0.980435,1.001109,0.997778,1.002222
ldc2,31,128,repeated-source,selected64,6,682.576,0.222,0.998891,0.997778,1.000000,0.979348,0.976139,0.980435,1.000000,0.995565,1.002222
ldc2,31,128,repeated-source,vector16store,6,682.576,0.666,0.998894,0.997783,1.002227,0.978284,0.976087,0.982609,1.000000,1.000000,1.000000
ldc2,31,128,repeated-source,cpp-approved-execution,6,696.970,0.217,0.978261,0.976087,0.980435,1.000000,1.000000,1.000000,0.978284,0.976087,0.982609
ldc2,31,128,universal,original,6,9208.333,4.492,1.000000,1.000000,1.000000,4.124152,4.033944,4.219280,0.994988,0.967659,1.026992
ldc2,31,128,universal,selected64,6,9194.697,6.179,1.004636,0.985419,1.012956,4.118437,3.982349,4.234057,1.002052,0.971567,1.012017
ldc2,31,128,universal,vector16store,6,9122.727,6.992,1.005046,0.973718,1.033422,4.086188,4.002037,4.284939,1.000000,1.000000,1.000000
ldc2,31,128,universal,cpp-approved-execution,6,2231.818,0.068,4.124152,4.033944,4.219280,1.000000,1.000000,1.000000,4.086188,4.002037,4.284939
ldc2,32,1,contiguous,original,6,20.874,0.351,1.000000,1.000000,1.000000,4.275000,4.270000,4.306533,1.031541,1.029172,1.036300
ldc2,32,1,contiguous,selected64,6,20.996,1.047,0.994770,0.986143,0.997666,4.302500,4.285000,4.330000,1.026149,1.021940,1.029070
ldc2,32,1,contiguous,vector16store,6,21.558,0.680,0.969425,0.964972,0.971655,4.415000,4.395000,4.447236,1.000000,1.000000,1.000000
ldc2,32,1,contiguous,cpp-approved-execution,6,4.883,0.500,4.275000,4.270000,4.306533,1.000000,1.000000,1.000000,4.415000,4.395000,4.447236
ldc2,32,1,negative-both,original,6,32.092,1.445,1.000000,1.000000,1.000000,6.229858,6.203791,6.293839,1.011412,1.000000,1.015994
ldc2,32,1,negative-both,selected64,6,32.422,0.979,0.991329,0.984211,1.000754,6.293839,6.255924,6.317536,1.000752,0.993233,1.010606
ldc2,32,1,negative-both,vector16store,6,32.458,0.978,0.988717,0.984258,1.000000,6.300948,6.260664,6.322275,1.000000,1.000000,1.000000
ldc2,32,1,negative-both,cpp-approved-execution,6,5.151,0.000,6.229858,6.203791,6.293839,1.000000,1.000000,1.000000,6.300948,6.260664,6.322275
ldc2,32,1,negative-source,original,6,32.227,0.985,1.000000,1.000000,1.000000,6.255924,6.222749,6.284360,1.008728,1.003771,1.011338
ldc2,32,1,negative-source,selected64,6,32.275,0.832,0.998496,0.990943,1.001514,6.265403,6.251185,6.303318,1.005304,1.000752,1.012869
ldc2,32,1,negative-source,vector16store,6,32.483,0.902,0.991348,0.988789,0.996243,6.305687,6.284360,6.341232,1.000000,1.000000,1.000000
ldc2,32,1,negative-source,cpp-approved-execution,6,5.151,0.000,6.255924,6.222749,6.284360,1.000000,1.000000,1.000000,6.305687,6.284360,6.341232
ldc2,32,1,padded,original,6,20.886,1.403,1.000000,1.000000,1.000000,4.054502,4.042654,4.099526,1.030426,1.023121,1.032710
ldc2,32,1,padded,selected64,6,20.984,1.163,0.996506,0.993023,0.997693,4.073460,4.061611,4.109005,1.024434,1.020761,1.030303
ldc2,32,1,padded,vector16store,6,21.558,0.680,0.970473,0.968326,0.977401,4.184834,4.165877,4.194313,1.000000,1.000000,1.000000
ldc2,32,1,padded,cpp-approved-execution,6,5.151,0.000,4.054502,4.042654,4.099526,1.000000,1.000000,1.000000,4.184834,4.165877,4.194313
ldc2,32,1,repeated-source,original,6,21.033,0.929,1.000000,1.000000,1.000000,4.082938,4.061611,4.099526,1.027792,1.025552,1.030197
ldc2,32,1,repeated-source,selected64,6,21.045,0.812,0.998843,0.997672,1.001163,4.085308,4.071090,4.104265,1.026760,1.024277,1.030197
ldc2,32,1,repeated-source,vector16store,6,21.619,0.903,0.972961,0.970688,0.975085,4.196682,4.180095,4.218009,1.000000,1.000000,1.000000
ldc2,32,1,repeated-source,cpp-approved-execution,6,5.151,0.000,4.082938,4.061611,4.099526,1.000000,1.000000,1.000000,4.196682,4.180095,4.218009
ldc2,32,1,universal,original,6,117.920,5.631,1.000000,1.000000,1.000000,5.883069,5.654080,6.051724,0.994944,0.956628,1.037037
ldc2,32,1,universal,selected64,6,116.919,4.740,0.995370,0.970533,1.014572,5.833130,5.767357,6.088344,1.003554,0.946796,1.012460
ldc2,32,1,universal,vector16store,6,116.785,2.488,1.005091,0.964286,1.045338,5.852619,5.764417,5.878079,1.000000,1.000000,1.000000
ldc2,32,1,universal,cpp-approved-execution,6,20.044,1.096,5.883069,5.654080,6.051724,1.000000,1.000000,1.000000,5.852619,5.764417,5.878079
ldc2,32,17,contiguous,original,6,66.944,0.932,1.000000,1.000000,1.000000,1.594059,1.594059,1.608911,1.000000,0.996904,1.009231
ldc2,32,17,contiguous,selected64,6,66.944,2.174,1.000000,0.987842,1.003106,1.594059,1.594059,1.628713,1.000000,0.996960,1.003106
ldc2,32,17,contiguous,vector16store,6,66.944,1.863,1.000000,0.990854,1.003106,1.594059,1.594059,1.623762,1.000000,1.000000,1.000000
ldc2,32,17,contiguous,cpp-approved-execution,6,41.996,0.000,1.594059,1.594059,1.608911,1.000000,1.000000,1.000000,1.594059,1.594059,1.623762
ldc2,32,17,negative-both,original,6,268.399,3.408,1.000000,1.000000,1.000000,5.220207,5.197581,5.396761,0.998061,0.996909,1.225232
ldc2,32,17,negative-both,selected64,6,267.775,4.037,1.001553,0.996263,1.004666,5.208094,5.185484,5.417004,0.999224,0.997758,1.230949
ldc2,32,17,negative-both,vector16store,6,267.879,22.972,1.001943,0.816172,1.003101,5.210526,5.189516,6.383065,1.000000,1.000000,1.000000
ldc2,32,17,negative-both,cpp-approved-execution,6,51.455,0.404,5.220207,5.197581,5.396761,1.000000,1.000000,1.000000,5.210526,5.189516,6.383065
ldc2,32,17,negative-source,original,6,269.647,1.079,1.000000,1.000000,1.000000,5.242915,5.190476,5.255061,0.999618,0.997689,1.084681
ldc2,32,17,negative-source,selected64,6,269.335,18.294,1.001158,0.848465,1.002299,5.242915,5.178571,6.173387,1.000772,0.920314,1.001533
ldc2,32,17,negative-source,vector16store,6,269.439,8.796,1.000383,0.921930,1.002317,5.244939,5.186508,5.681452,1.000000,1.000000,1.000000
ldc2,32,17,negative-source,cpp-approved-execution,6,51.351,2.024,5.242915,5.190476,5.255061,1.000000,1.000000,1.000000,5.244939,5.186508,5.681452
ldc2,32,17,padded,original,6,97.297,0.427,1.000000,1.000000,1.000000,1.892933,1.890688,1.898785,1.004274,0.997863,1.008547
ldc2,32,17,padded,selected64,6,97.401,0.427,1.000000,0.997863,1.002141,1.892933,1.890688,1.898785,1.003201,1.000000,1.006397
ldc2,32,17,padded,vector16store,6,97.505,1.066,0.995745,0.991525,1.002141,1.898785,1.890688,1.910931,1.000000,1.000000,1.000000
ldc2,32,17,padded,cpp-approved-execution,6,51.351,0.405,1.892933,1.890688,1.898785,1.000000,1.000000,1.000000,1.898785,1.890688,1.910931
ldc2,32,17,repeated-source,original,6,96.570,0.861,1.000000,1.000000,1.000000,1.880567,1.874494,1.890688,1.004301,1.002151,1.008621
ldc2,32,17,repeated-source,selected64,6,96.674,0.860,1.000005,0.995699,1.004329,1.882591,1.870445,1.886640,1.004301,1.000000,1.012987
ldc2,32,17,repeated-source,vector16store,6,97.089,0.857,0.995717,0.991453,0.997854,1.890688,1.882591,1.898785,1.000000,1.000000,1.000000
ldc2,32,17,repeated-source,cpp-approved-execution,6,51.351,0.000,1.880567,1.874494,1.890688,1.000000,1.000000,1.000000,1.890688,1.882591,1.898785
ldc2,32,17,universal,original,6,1287.110,7.123,1.000000,1.000000,1.000000,4.207286,4.095853,4.392663,0.999099,0.974416,1.016190
ldc2,32,17,universal,selected64,6,1278.586,7.285,0.996799,0.988191,1.019770,4.179414,4.131525,4.444293,0.995062,0.988536,1.009353
ldc2,32,17,universal,vector16store,6,1276.819,6.676,1.000903,0.984068,1.026256,4.169381,4.117607,4.393342,1.000000,1.000000,1.000000
ldc2,32,17,universal,cpp-approved-execution,6,305.925,0.272,4.207286,4.095853,4.392663,1.000000,1.000000,1.000000,4.169381,4.117607,4.393342
ldc2,32,128,contiguous,original,6,404.688,0.772,1.000000,1.000000,1.000000,1.233333,1.233333,1.242857,1.000000,0.996169,1.003861
ldc2,32,128,contiguous,selected64,6,404.688,0.772,1.000000,1.000000,1.003876,1.233333,1.228571,1.238095,1.001931,1.000000,1.003876
ldc2,32,128,contiguous,vector16store,6,405.469,0.385,1.000000,0.996154,1.003846,1.235714,1.233333,1.238095,1.000000,1.000000,1.000000
ldc2,32,128,contiguous,cpp-approved-execution,6,328.125,0.000,1.233333,1.233333,1.242857,1.000000,1.000000,1.000000,1.235714,1.233333,1.238095
ldc2,32,128,negative-both,original,6,1759.375,0.799,1.000000,1.000000,1.000000,4.490063,4.456349,4.546185,1.000442,1.000000,1.006195
ldc2,32,128,negative-both,selected64,6,1759.375,0.622,1.000889,0.998224,1.003565,4.484079,4.452381,4.530120,1.002662,0.998224,1.007086
ldc2,32,128,negative-both,vector16store,6,1760.938,1.242,0.999559,0.993843,1.000000,4.503952,4.456349,4.550201,1.000000,1.000000,1.000000
ldc2,32,128,negative-both,cpp-approved-execution,6,392.188,1.195,4.490063,4.456349,4.546185,1.000000,1.000000,1.000000,4.503952,4.456349,4.550201
ldc2,32,128,negative-source,original,6,1746.094,0.626,1.000000,1.000000,1.000000,4.486972,4.450199,4.496000,1.000000,0.998221,1.000895
ldc2,32,128,negative-source,selected64,6,1746.875,0.358,1.000000,0.999106,1.003578,4.478000,4.454183,4.489960,1.000893,0.998211,1.003578
ldc2,32,128,negative-source,vector16store,6,1747.656,0.536,1.000000,0.999106,1.001783,4.488000,4.446215,4.493976,1.000000,1.000000,1.000000
ldc2,32,128,negative-source,cpp-approved-execution,6,390.625,0.800,4.486972,4.450199,4.496000,1.000000,1.000000,1.000000,4.488000,4.446215,4.493976
ldc2,32,128,padded,original,6,445.312,1.754,1.000000,1.000000,1.000000,1.140281,1.129412,1.144578,0.998264,0.992982,1.000000
ldc2,32,128,padded,selected64,6,445.312,1.404,1.001742,0.996479,1.003534,1.140000,1.125490,1.144578,1.000000,0.992982,1.003534
ldc2,32,128,padded,vector16store,6,444.531,1.406,1.001742,1.000000,1.007067,1.138273,1.125490,1.140562,1.000000,1.000000,1.000000
ldc2,32,128,padded,cpp-approved-execution,6,389.844,2.405,1.140281,1.129412,1.144578,1.000000,1.000000,1.000000,1.138273,1.125490,1.140562
ldc2,32,128,repeated-source,original,6,434.375,3.597,1.000000,1.000000,1.000000,1.155664,1.115226,1.180672,1.000000,0.978495,1.018315
ldc2,32,128,repeated-source,selected64,6,435.156,2.873,0.998162,0.975000,1.022059,1.157407,1.119342,1.171548,0.996376,0.978495,1.022059
ldc2,32,128,repeated-source,vector16store,6,434.375,3.237,1.000000,0.982014,1.021978,1.162849,1.115226,1.176471,1.000000,1.000000,1.000000
ldc2,32,128,repeated-source,cpp-approved-execution,6,374.219,2.088,1.155664,1.115226,1.180672,1.000000,1.000000,1.000000,1.162849,1.115226,1.176471
ldc2,32,128,universal,original,6,9424.219,3.780,1.000000,1.000000,1.000000,4.085005,4.014925,4.172437,1.000442,0.986495,1.020067
ldc2,32,128,universal,selected64,6,9464.062,11.243,0.987770,0.933333,1.007691,4.103618,4.005427,4.470468,0.998391,0.920729,1.008299
ldc2,32,128,universal,vector16store,6,9460.156,2.874,0.999570,0.980327,1.013690,4.089654,4.038670,4.116090,1.000000,1.000000,1.000000
ldc2,32,128,universal,cpp-approved-execution,6,2303.125,1.900,4.085005,4.014925,4.172437,1.000000,1.000000,1.000000,4.089654,4.038670,4.116090
ldc2,33,1,contiguous,original,6,21.436,4.100,1.000000,1.000000,1.000000,3.763948,3.736170,3.892704,1.033158,1.025057,1.035281
ldc2,33,1,contiguous,selected64,6,21.521,3.857,0.996035,0.995429,1.003436,3.770386,3.746781,3.892704,1.029038,1.020408,1.037801
ldc2,33,1,contiguous,vector16store,6,22.095,4.420,0.967907,0.965921,0.975556,3.871829,3.858369,4.030043,1.000000,1.000000,1.000000
ldc2,33,1,contiguous,cpp-approved-execution,6,5.688,0.858,3.763948,3.736170,3.892704,1.000000,1.000000,1.000000,3.871829,3.858369,4.030043
ldc2,33,1,negative-both,original,6,32.629,2.619,1.000000,1.000000,1.000000,5.615546,5.579832,5.726891,1.000377,0.971387,1.005908
ldc2,33,1,negative-both,selected64,6,32.434,0.979,1.006022,1.000000,1.027903,5.581933,5.563025,5.594142,1.002256,0.998492,1.018699
ldc2,33,1,negative-both,vector16store,6,32.471,2.857,0.999624,0.994126,1.029456,5.588235,5.563025,5.698745,1.000000,1.000000,1.000000
ldc2,33,1,negative-both,cpp-approved-execution,6,5.811,0.420,5.615546,5.579832,5.726891,1.000000,1.000000,1.000000,5.588235,5.563025,5.698745
ldc2,33,1,negative-source,original,6,32.666,2.990,1.000000,1.000000,1.000000,5.605042,5.462151,5.656904,0.994773,0.981036,1.008996
ldc2,33,1,negative-source,selected64,6,32.422,1.883,1.006770,1.005287,1.016541,5.568141,5.374502,5.596639,1.001883,0.997035,1.015083
ldc2,33,1,negative-source,vector16store,6,32.532,1.426,1.005257,0.991085,1.019331,5.579832,5.358566,5.655462,1.000000,1.000000,1.000000
ldc2,33,1,negative-source,cpp-approved-execution,6,5.811,5.462,5.605042,5.462151,5.656904,1.000000,1.000000,1.000000,5.579832,5.358566,5.655462
ldc2,33,1,padded,original,6,21.326,0.916,1.000000,1.000000,1.000000,3.654814,3.650000,3.680672,1.033790,1.026256,1.036782
ldc2,33,1,padded,selected64,6,21.313,0.916,0.997136,0.995418,1.004587,3.667367,3.654167,3.668067,1.032091,1.027273,1.034208
ldc2,33,1,padded,vector16store,6,22.021,0.998,0.967315,0.964523,0.974416,3.778239,3.766667,3.789916,1.000000,1.000000,1.000000
ldc2,33,1,padded,cpp-approved-execution,6,5.811,0.840,3.654814,3.650000,3.680672,1.000000,1.000000,1.000000,3.778239,3.766667,3.789916
ldc2,33,1,repeated-source,original,6,21.252,2.298,1.000000,1.000000,1.000000,3.657563,3.647059,3.731092,1.029800,1.022523,1.031106
ldc2,33,1,repeated-source,selected64,6,21.313,2.635,0.997132,0.994401,1.002291,3.665966,3.652720,3.752101,1.026361,1.016797,1.032073
ldc2,33,1,repeated-source,vector16store,6,21.899,1.449,0.971063,0.969832,0.977974,3.767290,3.760504,3.815126,1.000000,1.000000,1.000000
ldc2,33,1,repeated-source,cpp-approved-execution,6,5.811,0.420,3.657563,3.647059,3.731092,1.000000,1.000000,1.000000,3.767290,3.760504,3.815126
ldc2,33,1,universal,original,6,117.773,3.876,1.000000,1.000000,1.000000,5.722420,5.599051,5.855609,1.010767,0.978684,1.028178
ldc2,33,1,universal,selected64,6,118.420,3.938,0.994545,0.986004,1.006353,5.753855,5.601423,5.883413,1.004236,0.971247,1.032825
ldc2,33,1,universal,vector16store,6,118.970,3.858,0.989348,0.972594,1.021781,5.780546,5.609727,5.883413,1.000000,1.000000,1.000000
ldc2,33,1,universal,cpp-approved-execution,6,20.581,1.305,5.722420,5.599051,5.855609,1.000000,1.000000,1.000000,5.780546,5.609727,5.883413
ldc2,33,17,contiguous,original,6,75.803,4.520,1.000000,1.000000,1.000000,1.756835,1.752475,1.822660,1.005650,1.000000,1.022599
ldc2,33,17,contiguous,selected64,6,75.910,4.513,1.000000,0.991597,1.002825,1.761194,1.752475,1.822660,1.004233,1.000000,1.022599
ldc2,33,17,contiguous,vector16store,6,76.338,3.927,0.994382,0.977901,1.000000,1.771144,1.762376,1.822660,1.000000,1.000000,1.000000
ldc2,33,17,contiguous,cpp-approved-execution,6,43.255,0.990,1.756835,1.752475,1.822660,1.000000,1.000000,1.000000,1.771144,1.762376,1.822660
ldc2,33,17,negative-both,original,6,276.445,0.620,1.000000,1.000000,1.000000,4.432254,4.399317,4.441781,0.998841,0.996899,1.000000
ldc2,33,17,negative-both,selected64,6,276.338,0.852,1.000000,0.997682,1.002331,4.427117,4.392491,4.446735,0.999224,0.996909,1.000000
ldc2,33,17,negative-both,vector16store,6,276.231,0.698,1.001160,1.000000,1.003110,4.425399,4.389078,4.436426,1.000000,1.000000,1.000000
ldc2,33,17,negative-both,cpp-approved-execution,6,62.527,0.685,4.432254,4.399317,4.441781,1.000000,1.000000,1.000000,4.425399,4.389078,4.436426
ldc2,33,17,negative-source,original,6,277.195,0.618,1.000000,1.000000,1.000000,4.433219,4.409556,4.452055,1.000000,0.999227,1.005418
ldc2,33,17,negative-source,selected64,6,276.981,0.464,1.001160,0.999227,1.002313,4.429795,4.406143,4.441781,1.001929,1.000000,1.006197
ldc2,33,17,negative-source,vector16store,6,277.516,0.617,1.000000,0.994611,1.000774,4.438356,4.424658,4.452055,1.000000,1.000000,1.000000
ldc2,33,17,negative-source,cpp-approved-execution,6,62.527,0.342,4.433219,4.409556,4.452055,1.000000,1.000000,1.000000,4.438356,4.424658,4.452055
ldc2,33,17,padded,original,6,113.704,1.695,1.000000,1.000000,1.000000,1.810247,1.797945,1.828767,1.000943,0.988764,1.015180
ldc2,33,17,padded,selected64,6,113.597,1.320,0.999991,0.990602,1.011364,1.810899,1.801370,1.821918,1.000942,0.996248,1.005639
ldc2,33,17,padded,vector16store,6,113.597,1.320,0.999058,0.985047,1.011364,1.808546,1.806122,1.832192,1.000000,1.000000,1.000000
ldc2,33,17,padded,cpp-approved-execution,6,62.527,0.685,1.810247,1.797945,1.828767,1.000000,1.000000,1.000000,1.808546,1.806122,1.832192
ldc2,33,17,repeated-source,original,6,112.848,0.759,1.000000,1.000000,1.000000,1.810997,1.807560,1.815068,1.000949,0.996212,1.003802
ldc2,33,17,repeated-source,selected64,6,112.955,0.569,0.999053,0.996212,1.003802,1.811320,1.807560,1.814433,1.000000,0.998106,1.001898
ldc2,33,17,repeated-source,vector16store,6,112.955,0.569,0.999053,0.996212,1.003802,1.811320,1.807560,1.814433,1.000000,1.000000,1.000000
ldc2,33,17,repeated-source,cpp-approved-execution,6,62.313,0.344,1.810997,1.807560,1.815068,1.000000,1.000000,1.000000,1.811320,1.807560,1.814433
ldc2,33,17,universal,original,6,1306.210,5.344,1.000000,1.000000,1.000000,4.067089,3.894897,4.107548,0.995656,0.971611,1.002791
ldc2,33,17,universal,selected64,6,1313.490,2.576,0.994050,0.986523,1.048577,4.093428,3.714459,4.163661,0.993234,0.980587,1.018809
ldc2,33,17,universal,vector16store,6,1306.103,2.623,1.004363,0.997216,1.029218,4.060729,3.784326,4.082832,1.000000,1.000000,1.000000
ldc2,33,17,universal,cpp-approved-execution,6,320.771,9.947,4.067089,3.894897,4.107548,1.000000,1.000000,1.000000,4.060729,3.784326,4.082832
ldc2,33,128,contiguous,original,6,467.742,0.690,1.000000,1.000000,1.000000,1.381875,1.361502,1.392344,0.998282,0.996552,1.000000
ldc2,33,128,contiguous,selected64,6,466.129,0.692,1.001730,1.000000,1.003460,1.379483,1.356808,1.392344,1.000000,0.996564,1.003460
ldc2,33,128,contiguous,vector16store,6,466.935,0.345,1.001724,1.000000,1.003460,1.379483,1.361502,1.387560,1.000000,1.000000,1.000000
ldc2,33,128,contiguous,cpp-approved-execution,6,337.903,1.909,1.381875,1.361502,1.392344,1.000000,1.000000,1.000000,1.379483,1.361502,1.387560
ldc2,33,128,negative-both,original,6,1809.677,2.317,1.000000,1.000000,1.000000,3.684211,3.671053,3.732026,1.001340,0.999111,1.004480
ldc2,33,128,negative-both,selected64,6,1808.871,2.229,0.999108,0.996429,1.001786,3.684211,3.676471,3.738562,1.000893,0.999110,1.002679
ldc2,33,128,negative-both,vector16store,6,1810.484,2.405,0.998662,0.995540,1.000890,3.689145,3.673203,3.748366,1.000000,1.000000,1.000000
ldc2,33,128,negative-both,cpp-approved-execution,6,490.323,0.658,3.684211,3.671053,3.732026,1.000000,1.000000,1.000000,3.689145,3.673203,3.748366
ldc2,33,128,negative-source,original,6,1812.903,0.890,1.000000,1.000000,1.000000,3.710746,3.680782,3.745033,1.000000,0.998221,1.001784
ldc2,33,128,negative-source,selected64,6,1812.097,1.068,1.000443,1.000000,1.004468,3.707434,3.677524,3.745033,1.001333,0.999116,1.003575
ldc2,33,128,negative-source,vector16store,6,1813.710,0.711,1.000000,0.998219,1.001783,3.717357,3.680782,3.741722,1.000000,1.000000,1.000000
ldc2,33,128,negative-source,cpp-approved-execution,6,487.903,1.653,3.710746,3.680782,3.745033,1.000000,1.000000,1.000000,3.717357,3.680782,3.741722
ldc2,33,128,padded,original,6,538.710,1.198,1.000000,1.000000,1.000000,1.120805,1.110368,1.124161,1.000000,1.000000,1.002994
ldc2,33,128,padded,selected64,6,538.710,0.898,1.000000,1.000000,1.002994,1.120805,1.110368,1.120805,1.000000,1.000000,1.002994
ldc2,33,128,padded,vector16store,6,538.710,1.198,1.000000,0.997015,1.000000,1.120805,1.110368,1.124161,1.000000,1.000000,1.000000
ldc2,33,128,padded,cpp-approved-execution,6,480.645,0.671,1.120805,1.110368,1.124161,1.000000,1.000000,1.000000,1.120805,1.110368,1.124161
ldc2,33,128,repeated-source,original,6,514.516,1.567,1.000000,1.000000,1.000000,1.119298,1.112281,1.129825,1.001553,0.990654,1.006289
ldc2,33,128,repeated-source,selected64,6,514.516,0.940,1.000000,1.000000,1.006270,1.119298,1.112281,1.122807,1.001567,0.996865,1.009375
ldc2,33,128,repeated-source,vector16store,6,514.516,1.881,0.998452,0.993750,1.009434,1.119298,1.112281,1.133333,1.000000,1.000000,1.000000
ldc2,33,128,repeated-source,cpp-approved-execution,6,459.677,0.000,1.119298,1.112281,1.129825,1.000000,1.000000,1.000000,1.119298,1.112281,1.133333
ldc2,33,128,universal,original,6,9812.903,13.544,1.000000,1.000000,1.000000,4.131750,4.032653,4.590075,0.998871,0.902844,1.003783
ldc2,33,128,universal,selected64,6,9766.129,6.656,1.004793,1.000334,1.097351,4.112049,4.026531,4.291921,1.003635,0.990736,1.010263
ldc2,33,128,universal,vector16store,6,9802.419,6.615,1.001143,0.996231,1.107612,4.127352,4.046259,4.310930,1.000000,1.000000,1.000000
ldc2,33,128,universal,cpp-approved-execution,6,2373.387,0.272,4.131750,4.032653,4.590075,1.000000,1.000000,1.000000,4.127352,4.046259,4.310930
ldc2,47,1,contiguous,original,6,23.584,3.830,1.000000,1.000000,1.000000,2.721127,2.718310,2.822535,1.043454,1.030938,1.049689
ldc2,47,1,contiguous,selected64,6,23.706,3.913,0.997444,0.992806,1.000000,2.735211,2.718310,2.825352,1.040617,1.029910,1.049689
ldc2,47,1,contiguous,vector16store,6,24.707,2.668,0.958356,0.952663,0.969990,2.850704,2.833803,2.909859,1.000000,1.000000,1.000000
ldc2,47,1,contiguous,cpp-approved-execution,6,8.667,0.000,2.721127,2.718310,2.822535,1.000000,1.000000,1.000000,2.850704,2.833803,2.909859
ldc2,47,1,negative-both,original,6,39.221,0.871,1.000000,1.000000,1.000000,4.389344,4.363388,4.401639,1.015863,1.009393,1.022346
ldc2,47,1,negative-both,selected64,6,39.099,21.043,0.999375,0.832128,1.006254,4.375683,4.368852,5.289617,1.010926,0.850723,1.026892
ldc2,47,1,negative-both,vector16store,6,39.868,2.143,0.984385,0.978142,0.990695,4.461749,4.404372,4.500000,1.000000,1.000000,1.000000
ldc2,47,1,negative-both,cpp-approved-execution,6,8.936,0.000,4.389344,4.363388,4.401639,1.000000,1.000000,1.000000,4.461749,4.404372,4.500000
ldc2,47,1,negative-source,original,6,39.258,2.425,1.000000,1.000000,1.000000,4.393443,4.379781,4.486339,1.025754,0.995128,1.028055
ldc2,47,1,negative-source,selected64,6,39.172,14.210,1.000000,0.897758,1.004984,4.383880,4.374317,4.997268,1.027153,0.893384,1.029283
ldc2,47,1,negative-source,vector16store,6,40.234,1.214,0.974895,0.972711,1.004896,4.502732,4.464481,4.519126,1.000000,1.000000,1.000000
ldc2,47,1,negative-source,cpp-approved-execution,6,8.936,0.000,4.393443,4.379781,4.486339,1.000000,1.000000,1.000000,4.502732,4.464481,4.519126
ldc2,47,1,padded,original,6,23.596,14.589,1.000000,1.000000,1.000000,2.640710,2.631148,3.016393,1.041494,0.916667,1.042487
ldc2,47,1,padded,selected64,6,23.633,2.273,1.000518,0.994845,1.135802,2.644809,2.633880,2.693989,1.040804,1.029412,1.044513
ldc2,47,1,padded,vector16store,6,24.597,1.191,0.960159,0.959245,1.090909,2.752732,2.740437,2.773224,1.000000,1.000000,1.000000
ldc2,47,1,padded,cpp-approved-execution,6,8.936,0.000,2.640710,2.631148,3.016393,1.000000,1.000000,1.000000,2.752732,2.740437,2.773224
ldc2,47,1,repeated-source,original,6,23.535,1.245,1.000000,1.000000,1.000000,2.633880,2.633880,2.661202,1.045124,1.034836,1.059129
ldc2,47,1,repeated-source,selected64,6,23.596,0.517,0.997930,0.994840,1.008282,2.639344,2.638587,2.647541,1.042961,1.040165,1.055843
ldc2,47,1,repeated-source,vector16store,6,24.634,1.388,0.956824,0.944172,0.966337,2.754098,2.744565,2.789617,1.000000,1.000000,1.000000
ldc2,47,1,repeated-source,cpp-approved-execution,6,8.936,0.546,2.633880,2.633880,2.661202,1.000000,1.000000,1.000000,2.754098,2.744565,2.789617
ldc2,47,1,universal,original,6,150.427,3.830,1.000000,1.000000,1.000000,5.343886,5.277537,5.481353,1.000619,0.984388,1.034014
ldc2,47,1,universal,selected64,6,151.233,10.800,0.994555,0.910754,1.020013,5.385516,5.299219,5.879445,0.996067,0.941732,1.012595
ldc2,47,1,universal,vector16store,6,151.489,5.334,0.999511,0.967105,1.015860,5.381613,5.249783,5.536860,1.000000,1.000000,1.000000
ldc2,47,1,universal,cpp-approved-execution,6,28.149,0.954,5.343886,5.277537,5.481353,1.000000,1.000000,1.000000,5.381613,5.249783,5.536860
ldc2,47,17,contiguous,original,6,114.634,1.064,1.000000,1.000000,1.000000,1.834146,1.825243,1.844660,1.000000,0.992105,1.002660
ldc2,47,17,contiguous,selected64,6,114.634,0.266,1.000000,0.997347,1.007958,1.827670,1.825243,1.839024,1.000000,1.000000,1.002660
ldc2,47,17,contiguous,vector16store,6,114.939,0.265,1.000000,0.997347,1.007958,1.830097,1.825243,1.839024,1.000000,1.000000,1.000000
ldc2,47,17,contiguous,cpp-approved-execution,6,62.805,0.485,1.834146,1.825243,1.844660,1.000000,1.000000,1.000000,1.830097,1.825243,1.839024
ldc2,47,17,negative-both,original,6,365.701,0.834,1.000000,1.000000,1.000000,3.215818,3.209115,3.235925,1.000417,0.996658,1.003317
ldc2,47,17,negative-both,selected64,6,366.311,25.052,1.000832,0.802676,1.002513,3.221180,3.201072,4.008043,0.999581,0.803344,1.004149
ldc2,47,17,negative-both,vector16store,6,366.159,1.415,0.999584,0.996694,1.003353,3.219839,3.198391,3.243968,1.000000,1.000000,1.000000
ldc2,47,17,negative-both,cpp-approved-execution,6,113.720,0.000,3.215818,3.209115,3.235925,1.000000,1.000000,1.000000,3.219839,3.198391,3.243968
ldc2,47,17,negative-source,original,6,366.311,0.832,1.000000,1.000000,1.000000,3.221180,3.198391,3.225201,1.000000,0.995012,1.000837
ldc2,47,17,negative-source,selected64,6,365.854,2.417,0.999169,0.982026,1.001668,3.217158,3.203753,3.281501,0.997500,0.982026,1.002502
ldc2,47,17,negative-source,vector16store,6,365.549,0.751,1.000000,0.999164,1.005013,3.214477,3.198391,3.222520,1.000000,1.000000,1.000000
ldc2,47,17,negative-source,cpp-approved-execution,6,113.720,0.000,3.221180,3.198391,3.225201,1.000000,1.000000,1.000000,3.214477,3.198391,3.222520
ldc2,47,17,padded,original,6,148.018,0.618,1.000000,1.000000,1.000000,1.299867,1.297587,1.305630,1.000000,0.995893,1.002066
ldc2,47,17,padded,selected64,6,148.171,0.206,0.998971,0.995885,1.002058,1.302949,1.299465,1.302949,0.997942,0.995885,1.000000
ldc2,47,17,padded,vector16store,6,147.866,0.412,1.000000,0.997938,1.004124,1.300268,1.296791,1.302949,1.000000,1.000000,1.000000
ldc2,47,17,padded,cpp-approved-execution,6,113.720,0.268,1.299867,1.297587,1.305630,1.000000,1.000000,1.000000,1.300268,1.296791,1.302949
ldc2,47,17,repeated-source,original,6,147.409,0.620,1.000000,1.000000,1.000000,1.294906,1.292225,1.297587,1.001031,1.000000,1.002075
ldc2,47,17,repeated-source,selected64,6,147.561,0.826,0.998967,0.995868,1.002070,1.297587,1.294906,1.298667,0.998973,0.997934,1.004141
ldc2,47,17,repeated-source,vector16store,6,147.409,0.620,0.998971,0.997930,1.000000,1.295453,1.294906,1.300268,1.000000,1.000000,1.000000
ldc2,47,17,repeated-source,cpp-approved-execution,6,113.720,0.536,1.294906,1.292225,1.297587,1.000000,1.000000,1.000000,1.295453,1.294906,1.300268
ldc2,47,17,universal,original,6,1846.799,8.122,1.000000,1.000000,1.000000,4.105397,4.062373,4.392954,0.996580,0.988547,1.050341
ldc2,47,17,universal,selected64,6,1834.299,11.502,1.000668,0.970949,1.020197,4.078983,4.058305,4.524390,1.004670,0.969152,1.027633
ldc2,47,17,universal,vector16store,6,1841.159,8.081,1.003434,0.952072,1.011586,4.095627,4.056949,4.384824,1.000000,1.000000,1.000000
ldc2,47,17,universal,cpp-approved-execution,6,449.695,0.136,4.105397,4.062373,4.392954,1.000000,1.000000,1.000000,4.095627,4.056949,4.384824
ldc2,47,128,contiguous,original,6,762.791,0.915,1.000000,1.000000,1.000000,1.582126,1.559242,1.600000,1.000000,0.993902,1.009174
ldc2,47,128,contiguous,selected64,6,763.953,1.522,0.998480,0.993921,1.000000,1.589372,1.559809,1.600000,0.996970,0.993902,1.003040
ldc2,47,128,contiguous,vector16store,6,761.628,1.221,1.000000,0.990909,1.006135,1.585960,1.559809,1.594203,1.000000,1.000000,1.000000
ldc2,47,128,contiguous,cpp-approved-execution,6,481.395,2.899,1.582126,1.559242,1.600000,1.000000,1.000000,1.000000,1.585960,1.559809,1.594203
ldc2,47,128,negative-both,original,6,2484.884,0.562,1.000000,1.000000,1.000000,2.889196,2.873315,2.897297,0.999533,0.996251,1.001876
ldc2,47,128,negative-both,selected64,6,2483.721,0.749,1.000472,0.998127,1.007526,2.882596,2.865229,2.897019,1.001873,0.994387,1.006585
ldc2,47,128,negative-both,vector16store,6,2484.884,0.842,1.000467,0.998127,1.003763,2.885292,2.878706,2.897297,1.000000,1.000000,1.000000
ldc2,47,128,negative-both,cpp-approved-execution,6,860.465,0.541,2.889196,2.873315,2.897297,1.000000,1.000000,1.000000,2.885292,2.878706,2.897297
ldc2,47,128,negative-source,original,6,2475.581,7.515,1.000000,1.000000,1.000000,2.877027,2.844920,3.053476,1.000469,0.998120,1.001883
ldc2,47,128,negative-source,selected64,6,2476.744,7.700,0.999531,0.997380,1.001876,2.878378,2.844920,3.061497,1.000469,0.997380,1.000941
ldc2,47,128,negative-source,vector16store,6,2479.070,7.505,0.999531,0.998120,1.001883,2.881081,2.839572,3.053476,1.000000,1.000000,1.000000
ldc2,47,128,negative-source,cpp-approved-execution,6,861.628,1.080,2.877027,2.844920,3.053476,1.000000,1.000000,1.000000,2.881081,2.839572,3.053476
ldc2,47,128,padded,original,6,841.860,0.829,1.000000,1.000000,1.000000,0.975741,0.973118,0.981132,1.000000,0.997238,1.002770
ldc2,47,128,padded,selected64,6,843.023,0.552,1.000000,0.997245,1.002770,0.977056,0.973046,0.981081,1.000000,0.994490,1.002770
ldc2,47,128,padded,vector16store,6,841.860,0.829,1.000000,0.997238,1.002770,0.975748,0.973046,0.981132,1.000000,1.000000,1.000000
ldc2,47,128,padded,cpp-approved-execution,6,862.791,0.539,0.975741,0.973118,0.981132,1.000000,1.000000,1.000000,0.975748,0.973046,0.981132
ldc2,47,128,repeated-source,original,6,832.558,0.838,1.000000,1.000000,1.000000,0.974151,0.967391,0.975543,1.000000,0.994413,1.008427
ldc2,47,128,repeated-source,selected64,6,830.233,0.560,1.002793,1.000000,1.005618,0.971427,0.967391,0.972826,1.002793,1.000000,1.008427
ldc2,47,128,repeated-source,vector16store,6,834.884,0.836,1.000000,0.991643,1.005618,0.975543,0.970027,0.975543,1.000000,1.000000,1.000000
ldc2,47,128,repeated-source,cpp-approved-execution,6,855.814,0.272,0.974151,0.967391,0.975543,1.000000,1.000000,1.000000,0.975543,0.970027,0.975543
ldc2,47,128,universal,original,6,14046.512,5.613,1.000000,1.000000,1.000000,4.201758,4.127349,4.363257,0.996675,0.964593,1.016767
ldc2,47,128,universal,selected64,6,13989.535,5.619,1.004729,0.992729,1.035679,4.184705,4.071677,4.297917,1.006683,0.985458,1.015353
ldc2,47,128,universal,vector16store,6,14043.023,2.716,1.003352,0.983509,1.036706,4.202157,4.130132,4.235417,1.000000,1.000000,1.000000
ldc2,47,128,universal,cpp-approved-execution,6,3341.860,0.209,4.201758,4.127349,4.363257,1.000000,1.000000,1.000000,4.202157,4.130132,4.235417
ldc2,63,1,contiguous,original,6,25.134,1.457,1.000000,1.000000,1.000000,2.580201,2.571429,2.609023,1.030157,1.016330,1.033010
ldc2,63,1,contiguous,selected64,6,25.220,0.968,0.996126,0.989433,1.007744,2.588972,2.583960,2.609023,1.024685,1.022094,1.027158
ldc2,63,1,contiguous,vector16store,6,25.854,0.567,0.970727,0.968045,0.983932,2.654135,2.651629,2.666667,1.000000,1.000000,1.000000
ldc2,63,1,contiguous,cpp-approved-execution,6,9.741,0.000,2.580201,2.571429,2.609023,1.000000,1.000000,1.000000,2.654135,2.651629,2.666667
ldc2,63,1,negative-both,original,6,45.471,7.463,1.000000,1.000000,1.000000,4.509721,4.456098,4.795122,1.006563,0.995197,1.115972
ldc2,63,1,negative-both,selected64,6,46.204,6.922,0.996467,0.928463,1.005365,4.600000,4.480769,4.807317,1.000268,0.934044,1.117108
ldc2,63,1,negative-both,vector16store,6,45.398,19.037,0.993480,0.896080,1.004826,4.506098,4.483173,5.351220,1.000000,1.000000,1.000000
ldc2,63,1,negative-both,cpp-approved-execution,6,10.010,1.463,4.509721,4.456098,4.795122,1.000000,1.000000,1.000000,4.506098,4.483173,5.351220
ldc2,63,1,negative-source,original,6,45.679,10.743,1.000000,1.000000,1.000000,4.557857,4.448780,4.939024,1.005652,0.917531,1.025147
ldc2,63,1,negative-source,selected64,6,45.898,13.989,0.983568,0.920703,1.098752,4.579725,4.495122,5.136585,0.996474,0.923552,1.008139
ldc2,63,1,negative-source,vector16store,6,45.386,5.541,0.994386,0.975470,1.089882,4.532927,4.492683,4.743902,1.000000,1.000000,1.000000
ldc2,63,1,negative-source,cpp-approved-execution,6,10.010,0.244,4.557857,4.448780,4.939024,1.000000,1.000000,1.000000,4.532927,4.492683,4.743902
ldc2,63,1,padded,original,6,25.098,2.724,1.000000,1.000000,1.000000,2.507317,2.485366,2.553659,1.029670,1.011461,1.038273
ldc2,63,1,padded,selected64,6,25.208,0.775,0.997090,0.985493,1.010618,2.518293,2.514634,2.534146,1.026673,1.022201,1.028874
ldc2,63,1,padded,vector16store,6,25.854,1.039,0.971185,0.963138,0.988669,2.582927,2.580488,2.607317,1.000000,1.000000,1.000000
ldc2,63,1,padded,cpp-approved-execution,6,10.010,0.000,2.507317,2.485366,2.553659,1.000000,1.000000,1.000000,2.582927,2.580488,2.607317
ldc2,63,1,repeated-source,original,6,25.122,6.414,1.000000,1.000000,1.000000,2.509756,2.500000,2.660976,1.029140,1.011916,1.036098
ldc2,63,1,repeated-source,selected64,6,25.256,5.510,0.997578,0.988428,1.002757,2.520097,2.514634,2.653659,1.024663,1.014706,1.027158
ldc2,63,1,repeated-source,vector16store,6,25.867,4.436,0.971685,0.965160,0.988225,2.584146,2.576642,2.692683,1.000000,1.000000,1.000000
ldc2,63,1,repeated-source,cpp-approved-execution,6,10.010,0.244,2.509756,2.500000,2.660976,1.000000,1.000000,1.000000,2.584146,2.576642,2.692683
ldc2,63,1,universal,original,6,185.449,7.425,1.000000,1.000000,1.000000,5.036472,4.977602,5.378505,1.001970,0.946283,1.006220
ldc2,63,1,universal,selected64,6,184.973,10.731,1.002062,0.971566,1.013404,5.024204,4.955204,5.527188,1.005715,0.919376,1.016324
ldc2,63,1,universal,vector16store,6,186.292,6.605,0.998035,0.993818,1.056766,5.046419,5.008564,5.383178,1.000000,1.000000,1.000000
ldc2,63,1,universal,cpp-approved-execution,6,36.816,1.326,5.036472,4.977602,5.378505,1.000000,1.000000,1.000000,5.046419,5.008564,5.383178
ldc2,63,17,contiguous,original,6,132.787,8.642,1.000000,1.000000,1.000000,1.486239,1.433628,1.607306,1.003086,1.000000,1.025568
ldc2,63,17,contiguous,selected64,6,132.787,7.407,1.000000,0.996923,1.011494,1.486239,1.433628,1.589041,1.003086,1.000000,1.037356
ldc2,63,17,contiguous,vector16store,6,133.197,11.385,0.996923,0.975069,1.000000,1.490826,1.433628,1.648402,1.000000,1.000000,1.000000
ldc2,63,17,contiguous,cpp-approved-execution,6,89.344,3.670,1.486239,1.433628,1.607306,1.000000,1.000000,1.000000,1.490826,1.433628,1.648402
ldc2,63,17,negative-both,original,6,478.279,1.371,1.000000,1.000000,1.000000,3.547112,3.476471,3.550152,1.001274,0.999142,1.017995
ldc2,63,17,negative-both,selected64,6,478.689,1.455,0.999577,0.998289,1.000000,3.548632,3.479412,3.553191,1.000423,0.999142,1.017123
ldc2,63,17,negative-both,vector16store,6,479.303,1.967,0.998727,0.982323,1.000858,3.548632,3.482353,3.610942,1.000000,1.000000,1.000000
ldc2,63,17,negative-both,cpp-approved-execution,6,134.836,3.343,3.547112,3.476471,3.550152,1.000000,1.000000,1.000000,3.548632,3.482353,3.610942
ldc2,63,17,negative-source,original,6,481.762,1.786,1.000000,1.000000,1.000000,3.549017,3.528701,3.581325,1.001703,1.000000,1.107877
ldc2,63,17,negative-source,selected64,6,481.148,1.704,1.000845,0.999145,1.003396,3.541496,3.528701,3.578313,1.002956,1.000855,1.107877
ldc2,63,17,negative-source,vector16store,6,484.426,10.406,0.998300,0.902628,1.000000,3.560273,3.537764,3.909366,1.000000,1.000000,1.000000
ldc2,63,17,negative-source,cpp-approved-execution,6,135.656,0.906,3.549017,3.528701,3.581325,1.000000,1.000000,1.000000,3.560273,3.537764,3.909366
ldc2,63,17,padded,original,6,171.721,10.740,1.000000,1.000000,1.000000,1.281346,1.271978,1.301829,1.002389,1.000000,1.006479
ldc2,63,17,padded,selected64,6,172.336,10.702,0.997641,0.995249,1.000000,1.284840,1.271978,1.304878,1.001190,0.997613,1.006479
ldc2,63,17,padded,vector16store,6,172.336,11.415,0.997616,0.993562,1.000000,1.283306,1.280220,1.304878,1.000000,1.000000,1.000000
ldc2,63,17,padded,cpp-approved-execution,6,134.016,11.621,1.281346,1.271978,1.301829,1.000000,1.000000,1.000000,1.283306,1.280220,1.304878
ldc2,63,17,repeated-source,original,6,171.311,0.718,1.000000,1.000000,1.000000,1.277863,1.270517,1.285276,1.000000,0.995215,1.002392
ldc2,63,17,repeated-source,selected64,6,171.311,1.196,1.000000,0.997619,1.007229,1.276747,1.269113,1.285276,1.002392,0.997619,1.002410
ldc2,63,17,repeated-source,vector16store,6,171.721,0.716,1.000000,0.997613,1.004808,1.276756,1.272171,1.285276,1.000000,1.000000,1.000000
ldc2,63,17,repeated-source,cpp-approved-execution,6,133.811,0.919,1.277863,1.270517,1.285276,1.000000,1.000000,1.000000,1.276756,1.272171,1.285276
ldc2,63,17,universal,original,6,2454.303,11.756,1.000000,1.000000,1.000000,4.111568,4.081675,4.564859,0.996578,0.940310,1.007552
ldc2,63,17,universal,selected64,6,2456.148,9.978,1.007386,0.998667,1.027181,4.114657,4.033631,4.444063,0.997855,0.965869,1.015824
ldc2,63,17,universal,vector16store,6,2455.123,4.924,1.003438,0.992505,1.063479,4.114354,4.089911,4.292382,1.000000,1.000000,1.000000
ldc2,63,17,universal,cpp-approved-execution,6,597.131,0.275,4.111568,4.081675,4.564859,1.000000,1.000000,1.000000,4.114354,4.089911,4.292382
ldc2,63,128,contiguous,original,6,928.125,1.010,1.000000,1.000000,1.000000,1.394375,1.391509,1.405660,1.000000,0.993289,1.003390
ldc2,63,128,contiguous,selected64,6,928.125,1.010,1.000000,0.996622,1.003367,1.395296,1.391509,1.400943,0.998316,0.996633,1.000000
ldc2,63,128,contiguous,vector16store,6,925.000,1.014,1.000000,0.996622,1.006757,1.394375,1.389671,1.396226,1.000000,1.000000,1.000000
ldc2,63,128,contiguous,cpp-approved-execution,6,662.500,0.943,1.394375,1.391509,1.405660,1.000000,1.000000,1.000000,1.394375,1.389671,1.396226
ldc2,63,128,negative-both,original,6,3303.125,0.946,1.000000,1.000000,1.000000,3.250382,3.242331,3.259939,1.001416,1.000000,1.003788
ldc2,63,128,negative-both,selected64,6,3306.250,1.134,0.999055,0.998127,1.000947,3.250769,3.245399,3.266055,1.000944,0.998127,1.002838
ldc2,63,128,negative-both,vector16store,6,3310.938,0.755,0.998586,0.996226,1.000000,3.256527,3.245399,3.261538,1.000000,1.000000,1.000000
ldc2,63,128,negative-both,cpp-approved-execution,6,1018.750,0.613,3.250382,3.242331,3.259939,1.000000,1.000000,1.000000,3.256527,3.245399,3.261538
ldc2,63,128,negative-source,original,6,3307.812,0.283,1.000000,1.000000,1.000000,3.294393,3.282609,3.299065,1.000000,0.999054,1.000944
ldc2,63,128,negative-source,selected64,6,3306.250,0.473,1.000473,0.998115,1.001894,3.291277,3.285714,3.305296,1.000001,0.999054,1.001894
ldc2,63,128,negative-source,vector16store,6,3307.812,0.378,1.000000,0.999057,1.000947,3.293938,3.282609,3.302181,1.000000,1.000000,1.000000
ldc2,63,128,negative-source,cpp-approved-execution,6,1003.125,0.312,3.294393,3.282609,3.299065,1.000000,1.000000,1.000000,3.293938,3.282609,3.302181
ldc2,63,128,padded,original,6,1003.125,0.312,1.000000,1.000000,1.000000,0.996885,0.993808,1.000000,1.000000,1.000000,1.003125
ldc2,63,128,padded,selected64,6,1003.125,0.623,0.998447,0.996885,1.003125,0.998442,0.993808,1.000000,1.000000,0.996885,1.003125
ldc2,63,128,padded,vector16store,6,1003.125,0.623,1.000000,0.996885,1.000000,0.998442,0.993808,1.000000,1.000000,1.000000,1.000000
ldc2,63,128,padded,cpp-approved-execution,6,1004.688,0.622,0.996885,0.993808,1.000000,1.000000,1.000000,1.000000,0.998442,0.993808,1.000000
ldc2,63,128,repeated-source,original,6,984.375,0.952,1.000000,1.000000,1.000000,0.984375,0.981424,0.987578,1.000000,1.000000,1.003175
ldc2,63,128,repeated-source,selected64,6,985.938,0.951,1.000000,0.996835,1.000000,0.984375,0.981424,0.987578,1.000000,0.996835,1.003175
ldc2,63,128,repeated-source,vector16store,6,985.938,0.951,1.000000,0.996835,1.000000,0.984375,0.981424,0.987578,1.000000,1.000000,1.000000
ldc2,63,128,repeated-source,cpp-approved-execution,6,1000.000,0.938,0.984375,0.981424,0.987578,1.000000,1.000000,1.000000,0.984375,0.981424,0.987578
ldc2,63,128,universal,original,6,18382.812,4.267,1.000000,1.000000,1.000000,4.119275,4.067086,4.257363,1.001619,0.978093,1.006106
ldc2,63,128,universal,selected64,6,18426.562,6.004,0.998900,0.981189,1.007366,4.132110,4.055905,4.318373,0.999236,0.964274,1.011134
ldc2,63,128,universal,vector16store,6,18434.375,2.289,0.998383,0.993931,1.022398,4.132407,4.055206,4.164095,1.000000,1.000000,1.000000
ldc2,63,128,universal,cpp-approved-execution,6,4467.188,0.420,4.119275,4.067086,4.257363,1.000000,1.000000,1.000000,4.132407,4.055206,4.164095
ldc2,64,1,contiguous,original,6,23.181,1.896,1.000000,1.000000,1.000000,3.229592,3.217687,3.278912,1.040549,1.034232,1.044397
ldc2,64,1,contiguous,selected64,6,23.218,1.893,0.997910,0.989540,1.003158,3.234694,3.224490,3.285714,1.038421,1.032091,1.042194
ldc2,64,1,contiguous,vector16store,6,24.109,1.114,0.961031,0.957490,0.966901,3.358844,3.353741,3.391156,1.000000,1.000000,1.000000
ldc2,64,1,contiguous,cpp-approved-execution,6,7.178,0.000,3.229592,3.217687,3.278912,1.000000,1.000000,1.000000,3.358844,3.353741,3.391156
ldc2,64,1,negative-both,original,6,44.519,0.439,1.000000,1.000000,1.000000,5.880837,5.855305,5.900000,0.995886,0.988518,1.007139
ldc2,64,1,negative-both,selected64,6,44.629,7.057,0.998083,0.931934,0.999454,5.896774,5.868167,6.282958,0.989882,0.933982,1.004932
ldc2,64,1,negative-both,vector16store,6,44.336,1.432,1.004137,0.992912,1.011615,5.855051,5.813505,5.897106,1.000000,1.000000,1.000000
ldc2,64,1,negative-both,cpp-approved-execution,6,7.581,0.322,5.880837,5.855305,5.900000,1.000000,1.000000,1.000000,5.855051,5.813505,5.897106
ldc2,64,1,negative-source,original,6,44.702,1.202,1.000000,1.000000,1.000000,5.880868,5.856230,5.929260,1.002183,0.997831,1.013172
ldc2,64,1,negative-source,selected64,6,44.775,5.889,0.999177,0.941602,1.007100,5.897269,5.874598,6.221865,1.001362,0.954005,1.004915
ldc2,64,1,negative-source,vector16store,6,44.849,0.980,0.997822,0.986999,1.002174,5.916264,5.859425,5.938710,1.000000,1.000000,1.000000
ldc2,64,1,negative-source,cpp-approved-execution,6,7.593,0.965,5.880868,5.856230,5.929260,1.000000,1.000000,1.000000,5.916264,5.859425,5.938710
ldc2,64,1,padded,original,6,23.193,3.053,1.000000,1.000000,1.000000,3.048077,3.041801,3.145161,1.042216,1.027692,1.045073
ldc2,64,1,padded,selected64,6,23.230,2.627,0.998424,0.995794,1.002055,3.056270,3.048232,3.138710,1.039958,1.029805,1.043979
ldc2,64,1,padded,vector16store,6,24.146,1.517,0.959494,0.956871,0.973054,3.180064,3.173633,3.232258,1.000000,1.000000,1.000000
ldc2,64,1,padded,cpp-approved-execution,6,7.593,0.965,3.048077,3.041801,3.145161,1.000000,1.000000,1.000000,3.180064,3.173633,3.232258
ldc2,64,1,repeated-source,original,6,23.206,4.314,1.000000,1.000000,1.000000,3.058065,3.047923,3.183871,1.041732,1.033435,1.163330
ldc2,64,1,repeated-source,selected64,6,23.242,4.097,0.997371,0.995825,1.000000,3.066129,3.060703,3.187097,1.039269,1.032389,1.159664
ldc2,64,1,repeated-source,vector16store,6,24.231,11.990,0.959940,0.859601,0.967647,3.188710,3.177419,3.561290,1.000000,1.000000,1.000000
ldc2,64,1,repeated-source,cpp-approved-execution,6,7.568,0.968,3.058065,3.047923,3.183871,1.000000,1.000000,1.000000,3.188710,3.177419,3.561290
ldc2,64,1,universal,original,6,186.829,8.180,1.000000,1.000000,1.000000,5.005556,4.921493,5.387582,1.006683,0.960451,1.019874
ldc2,64,1,universal,selected64,6,189.478,7.821,0.999943,0.953914,1.003280,5.070874,4.905405,5.379085,0.990982,0.961968,1.023219
ldc2,64,1,universal,vector16store,6,188.013,3.078,0.993367,0.980513,1.041177,5.024503,5.019305,5.174510,1.000000,1.000000,1.000000
ldc2,64,1,universal,cpp-approved-execution,6,37.354,2.288,5.005556,4.921493,5.387582,1.000000,1.000000,1.000000,5.024503,5.019305,5.174510
ldc2,64,17,contiguous,original,6,114.792,8.348,1.000000,1.000000,1.000000,1.315789,1.273973,1.427885,1.003636,1.003367,1.007299
ldc2,64,17,contiguous,selected64,6,114.792,9.437,1.000000,0.986711,1.000000,1.315789,1.273973,1.447115,1.003636,0.990033,1.007246
ldc2,64,17,contiguous,vector16store,6,115.417,7.942,0.996377,0.992754,0.996644,1.320574,1.278539,1.432692,1.000000,1.000000,1.000000
ldc2,64,17,contiguous,cpp-approved-execution,6,87.083,5.263,1.315789,1.273973,1.427885,1.000000,1.000000,1.000000,1.320574,1.278539,1.432692
ldc2,64,17,negative-both,original,6,481.042,16.024,1.000000,1.000000,1.000000,5.111153,4.974249,5.264822,1.000433,0.997398,1.002252
ldc2,64,17,negative-both,selected64,6,480.000,16.753,1.000433,0.994772,1.003481,5.100071,4.978541,5.292490,1.000866,0.997013,1.001732
ldc2,64,17,negative-both,vector16store,6,480.625,16.385,0.999568,0.997753,1.002609,5.102284,4.982833,5.276680,1.000000,1.000000,1.000000
ldc2,64,17,negative-both,cpp-approved-execution,6,95.208,12.691,5.111153,4.974249,5.264822,1.000000,1.000000,1.000000,5.102284,4.982833,5.276680
ldc2,64,17,negative-source,original,6,479.583,0.174,1.000000,1.000000,1.000000,5.136161,5.120000,5.138393,0.999566,0.999130,1.000000
ldc2,64,17,negative-source,selected64,6,478.958,0.261,1.000870,0.999132,1.002611,5.131696,5.106667,5.142857,1.000000,0.998264,1.002611
ldc2,64,17,negative-source,vector16store,6,479.375,0.261,1.000435,1.000000,1.000870,5.131696,5.120000,5.138393,1.000000,1.000000,1.000000
ldc2,64,17,negative-source,cpp-approved-execution,6,93.333,0.446,5.136161,5.120000,5.138393,1.000000,1.000000,1.000000,5.131696,5.120000,5.138393
ldc2,64,17,padded,original,6,144.167,1.156,1.000000,1.000000,1.000000,1.530973,1.522124,1.539823,1.002907,1.000000,1.011561
ldc2,64,17,padded,selected64,6,144.375,0.577,0.998559,0.994220,1.005780,1.530973,1.528634,1.539823,1.002874,0.997118,1.008646
ldc2,64,17,padded,vector16store,6,144.583,1.153,0.997110,0.988571,1.000000,1.535398,1.530973,1.548673,1.000000,1.000000,1.000000
ldc2,64,17,padded,cpp-approved-execution,6,94.167,0.442,1.530973,1.522124,1.539823,1.000000,1.000000,1.000000,1.535398,1.530973,1.548673
ldc2,64,17,repeated-source,original,6,143.333,0.872,1.000000,1.000000,1.000000,1.535714,1.531250,1.540179,1.004360,1.000000,1.008746
ldc2,64,17,repeated-source,selected64,6,143.750,0.870,0.997110,0.994203,1.000000,1.540179,1.535714,1.542222,1.002899,1.000000,1.002907
ldc2,64,17,repeated-source,vector16store,6,144.167,0.578,0.995661,0.991329,1.000000,1.543433,1.540179,1.544643,1.000000,1.000000,1.000000
ldc2,64,17,repeated-source,cpp-approved-execution,6,93.333,0.446,1.535714,1.531250,1.540179,1.000000,1.000000,1.000000,1.543433,1.540179,1.544643
ldc2,64,17,universal,original,6,2513.125,9.384,1.000000,1.000000,1.000000,4.143960,4.073540,4.462543,1.000847,0.970736,1.036646
ldc2,64,17,universal,selected64,6,2503.542,8.821,0.997820,0.982803,1.030491,4.126701,4.076976,4.441237,1.001600,0.994472,1.018819
ldc2,64,17,universal,vector16store,6,2527.083,8.524,0.999162,0.964650,1.030146,4.161258,4.080412,4.435739,1.000000,1.000000,1.000000
ldc2,64,17,universal,cpp-approved-execution,6,606.250,0.275,4.143960,4.073540,4.462543,1.000000,1.000000,1.000000,4.161258,4.080412,4.435739
ldc2,64,128,contiguous,original,6,770.312,1.623,1.000000,1.000000,1.000000,1.130747,1.119816,1.138249,1.000000,1.000000,1.008230
ldc2,64,128,contiguous,selected64,6,767.188,1.222,1.002033,0.995902,1.004082,1.129032,1.124424,1.133641,1.004065,1.000000,1.004098
ldc2,64,128,contiguous,vector16store,6,770.312,0.811,1.000000,0.991837,1.000000,1.131336,1.127854,1.138249,1.000000,1.000000,1.000000
ldc2,64,128,contiguous,cpp-approved-execution,6,678.125,0.922,1.130747,1.119816,1.138249,1.000000,1.000000,1.000000,1.131336,1.127854,1.138249
ldc2,64,128,negative-both,original,6,3339.062,0.655,1.000000,1.000000,1.000000,4.508457,4.363265,4.525424,1.000935,1.000000,1.003756
ldc2,64,128,negative-both,selected64,6,3337.500,0.562,0.999998,0.997191,1.000937,4.514795,4.359184,4.525424,1.000937,0.999068,1.001873
ldc2,64,128,negative-both,vector16store,6,3342.188,0.374,0.999066,0.996258,1.000000,4.514813,4.367347,4.529661,1.000000,1.000000,1.000000
ldc2,64,128,negative-both,cpp-approved-execution,6,740.625,3.797,4.508457,4.363265,4.525424,1.000000,1.000000,1.000000,4.514813,4.367347,4.529661
ldc2,64,128,negative-source,original,6,3334.375,0.469,1.000000,1.000000,1.000000,4.429461,4.355102,4.458333,0.999532,0.999061,1.000938
ldc2,64,128,negative-source,selected64,6,3334.375,0.750,1.000469,0.996265,1.001881,4.427386,4.371429,4.458333,1.000467,0.996265,1.001878
ldc2,64,128,negative-source,vector16store,6,3334.375,0.656,1.000469,0.999063,1.000940,4.425311,4.355102,4.462500,1.000000,1.000000,1.000000
ldc2,64,128,negative-source,cpp-approved-execution,6,753.125,2.075,4.429461,4.355102,4.458333,1.000000,1.000000,1.000000,4.425311,4.355102,4.462500
ldc2,64,128,padded,original,6,818.750,0.382,1.000000,1.000000,1.000000,1.100840,1.096234,1.105042,1.000000,1.000000,1.000000
ldc2,64,128,padded,selected64,6,818.750,0.382,1.000000,1.000000,1.000000,1.100840,1.096234,1.105042,1.000000,1.000000,1.000000
ldc2,64,128,padded,vector16store,6,818.750,0.382,1.000000,1.000000,1.000000,1.100840,1.096234,1.105042,1.000000,1.000000,1.000000
ldc2,64,128,padded,cpp-approved-execution,6,743.750,0.420,1.100840,1.096234,1.105042,1.000000,1.000000,1.000000,1.100840,1.096234,1.105042
ldc2,64,128,repeated-source,original,6,803.125,1.556,1.000000,1.000000,1.000000,1.107298,1.101695,1.112554,1.000000,1.000000,1.000000
ldc2,64,128,repeated-source,selected64,6,803.125,1.946,1.000000,0.996169,1.000000,1.107298,1.103004,1.112554,1.000000,0.996169,1.000000
ldc2,64,128,repeated-source,vector16store,6,803.125,1.556,1.000000,1.000000,1.000000,1.107298,1.101695,1.112554,1.000000,1.000000,1.000000
ldc2,64,128,repeated-source,cpp-approved-execution,6,726.562,2.151,1.107298,1.101695,1.112554,1.000000,1.000000,1.000000,1.107298,1.101695,1.112554
ldc2,64,128,universal,original,6,18890.625,9.810,1.000000,1.000000,1.000000,4.124311,3.826498,4.489318,0.999413,0.924278,1.001182
ldc2,64,128,universal,selected64,6,18779.688,3.378,1.000417,0.997137,1.078320,4.115574,3.827760,4.232254,0.997733,0.996667,1.000997
ldc2,64,128,universal,vector16store,6,18757.812,3.215,1.000588,0.998819,1.081926,4.102847,3.828391,4.218470,1.000000,1.000000,1.000000
ldc2,64,128,universal,cpp-approved-execution,6,4537.500,9.435,4.124311,3.826498,4.489318,1.000000,1.000000,1.000000,4.102847,3.828391,4.218470
ldc2,65,1,contiguous,original,6,23.648,2.622,1.000000,1.000000,1.000000,3.011061,3.003155,3.091772,1.041951,1.033777,1.048319
ldc2,65,1,contiguous,selected64,6,23.723,3.032,0.995818,0.992886,0.997908,3.022122,3.012618,3.113924,1.037114,1.026423,1.043933
ldc2,65,1,contiguous,vector16store,6,24.665,2.011,0.959739,0.953908,0.967327,3.140603,3.123028,3.196203,1.000000,1.000000,1.000000
ldc2,65,1,contiguous,cpp-approved-execution,6,7.850,0.316,3.011061,3.003155,3.091772,1.000000,1.000000,1.000000,3.140603,3.123028,3.196203
ldc2,65,1,negative-both,original,6,45.337,2.298,1.000000,1.000000,1.000000,5.582569,5.484756,5.595745,1.011488,0.995111,1.049472
ldc2,65,1,negative-both,selected64,6,45.139,0.549,1.004396,0.989549,1.007663,5.554035,5.542683,5.562691,1.015119,1.002737,1.038504
ldc2,65,1,negative-both,vector16store,6,45.796,3.249,0.988643,0.952860,1.004913,5.638174,5.568389,5.756098,1.000000,1.000000,1.000000
ldc2,65,1,negative-both,cpp-approved-execution,6,8.135,0.610,5.582569,5.484756,5.595745,1.000000,1.000000,1.000000,5.638174,5.568389,5.756098
ldc2,65,1,negative-source,original,6,45.387,1.694,1.000000,1.000000,1.000000,5.579268,5.535168,5.612805,1.007351,0.995111,1.043094
ldc2,65,1,negative-source,selected64,6,45.250,1.315,1.004946,0.991781,1.009320,5.567931,5.527273,5.618902,1.011780,0.998915,1.034521
ldc2,65,1,negative-source,vector16store,6,45.796,3.033,0.992704,0.958686,1.004913,5.629573,5.551515,5.773700,1.000000,1.000000,1.000000
ldc2,65,1,negative-source,cpp-approved-execution,6,8.135,0.915,5.579268,5.535168,5.612805,1.000000,1.000000,1.000000,5.629573,5.551515,5.773700
ldc2,65,1,padded,original,6,23.624,1.470,1.000000,1.000000,1.000000,2.912844,2.908257,2.942073,1.044095,1.036269,1.047269
ldc2,65,1,padded,selected64,6,23.723,0.523,0.994773,0.990635,1.009414,2.925076,2.914634,2.938838,1.038683,1.035380,1.046025
ldc2,65,1,padded,vector16store,6,24.678,0.704,0.957768,0.954865,0.965000,3.042813,3.036697,3.048930,1.000000,1.000000,1.000000
ldc2,65,1,padded,cpp-approved-execution,6,8.110,0.306,2.912844,2.908257,2.942073,1.000000,1.000000,1.000000,3.042813,3.036697,3.048930
ldc2,65,1,repeated-source,original,6,23.710,2.615,1.000000,1.000000,1.000000,2.923547,2.911315,2.987768,1.040358,1.031730,1.049163
ldc2,65,1,repeated-source,selected64,6,23.834,2.810,0.994775,0.990674,1.000000,2.938838,2.923547,3.006116,1.037453,1.025432,1.039749
ldc2,65,1,repeated-source,vector16store,6,24.727,1.705,0.961208,0.953141,0.969246,3.048930,3.030581,3.082569,1.000000,1.000000,1.000000
ldc2,65,1,repeated-source,cpp-approved-execution,6,8.110,0.000,2.923547,2.911315,2.987768,1.000000,1.000000,1.000000,3.048930,3.030581,3.082569
ldc2,65,1,universal,original,6,189.323,6.393,1.000000,1.000000,1.000000,4.985929,4.698228,5.332235,0.999087,0.986278,1.015370
ldc2,65,1,universal,selected64,6,189.100,3.069,1.001180,0.984763,1.042263,4.982665,4.770922,5.116018,0.999607,0.990525,1.027960
ldc2,65,1,universal,vector16store,6,190.327,5.030,1.000918,0.984862,1.013913,4.981683,4.725718,5.259064,1.000000,1.000000,1.000000
ldc2,65,1,universal,cpp-approved-execution,6,37.897,7.853,4.985929,4.698228,5.332235,1.000000,1.000000,1.000000,4.981683,4.725718,5.259064
ldc2,65,17,contiguous,original,6,119.831,0.352,1.000000,1.000000,1.000000,1.365385,1.365385,1.370192,1.001761,0.996491,1.003521
ldc2,65,17,contiguous,selected64,6,119.831,0.352,1.000000,0.996491,1.003521,1.365385,1.365385,1.370192,1.000000,1.000000,1.003521
ldc2,65,17,contiguous,vector16store,6,120.253,0.351,0.998246,0.996491,1.003521,1.370192,1.365385,1.370192,1.000000,1.000000,1.000000
ldc2,65,17,contiguous,cpp-approved-execution,6,87.764,0.000,1.365385,1.365385,1.370192,1.000000,1.000000,1.000000,1.370192,1.365385,1.370192
ldc2,65,17,negative-both,original,6,486.076,1.302,1.000000,1.000000,1.000000,4.785474,4.620000,4.828452,0.999136,0.996522,1.001744
ldc2,65,17,negative-both,selected64,6,485.021,1.218,1.000864,0.999128,1.003490,4.777175,4.616000,4.820084,1.000000,1.000000,1.001744
ldc2,65,17,negative-both,vector16store,6,485.443,1.217,1.000864,0.998259,1.003490,4.781359,4.616000,4.820084,1.000000,1.000000,1.000000
ldc2,65,17,negative-both,cpp-approved-execution,6,101.688,4.564,4.785474,4.620000,4.828452,1.000000,1.000000,1.000000,4.781359,4.616000,4.820084
ldc2,65,17,negative-source,original,6,486.076,1.302,1.000000,1.000000,1.000000,4.716313,4.696721,4.729508,1.000000,0.996522,1.004333
ldc2,65,17,negative-source,selected64,6,484.810,1.480,1.001302,1.000000,1.004367,4.708117,4.688525,4.725410,1.000871,1.000000,1.005204
ldc2,65,17,negative-source,vector16store,6,485.654,1.303,1.000000,0.995686,1.003490,4.714264,4.696721,4.750000,1.000000,1.000000,1.000000
ldc2,65,17,negative-source,cpp-approved-execution,6,102.954,0.820,4.716313,4.696721,4.729508,1.000000,1.000000,1.000000,4.714264,4.696721,4.750000
ldc2,65,17,padded,original,6,152.110,1.387,1.000000,1.000000,1.000000,1.492747,1.479339,1.512500,1.001385,0.997222,1.005587
ldc2,65,17,padded,selected64,6,151.899,0.833,1.002770,0.994444,1.005556,1.490690,1.483471,1.508333,1.001381,1.000000,1.005556
ldc2,65,17,padded,vector16store,6,152.110,1.110,0.998619,0.994444,1.002786,1.492756,1.483471,1.512500,1.000000,1.000000,1.000000
ldc2,65,17,padded,cpp-approved-execution,6,101.899,0.828,1.492747,1.479339,1.512500,1.000000,1.000000,1.000000,1.492756,1.483471,1.512500
ldc2,65,17,repeated-source,original,6,150.633,0.560,1.000000,1.000000,1.000000,1.466117,1.463115,1.473251,1.005610,1.002793,1.019608
ldc2,65,17,repeated-source,selected64,6,150.422,1.122,1.002805,0.991643,1.008451,1.464068,1.459016,1.477366,1.005610,0.997214,1.022472
ldc2,65,17,repeated-source,vector16store,6,151.477,1.671,0.994421,0.980769,0.997214,1.473251,1.471311,1.491803,1.000000,1.000000,1.000000
ldc2,65,17,repeated-source,cpp-approved-execution,6,102.743,0.411,1.466117,1.463115,1.473251,1.000000,1.000000,1.000000,1.473251,1.471311,1.491803
ldc2,65,17,universal,original,6,2541.139,9.747,1.000000,1.000000,1.000000,3.778248,3.722153,4.479095,0.997580,0.993904,1.108187
ldc2,65,17,universal,selected64,6,2514.135,5.169,1.014229,0.975082,1.097950,3.776200,3.676471,4.079507,1.009166,0.975740,1.216734
ldc2,65,17,universal,vector16store,6,2537.553,21.267,1.002429,0.902375,1.006133,3.771746,3.731539,4.963674,1.000000,1.000000,1.000000
ldc2,65,17,universal,cpp-approved-execution,6,672.574,8.720,3.778248,3.722153,4.479095,1.000000,1.000000,1.000000,3.771746,3.731539,4.963674
ldc2,65,128,contiguous,original,6,806.452,1.200,1.000000,1.000000,1.000000,1.161229,1.146119,1.173709,0.998000,0.995984,1.000000
ldc2,65,128,contiguous,selected64,6,803.226,1.205,1.000000,1.000000,1.004016,1.161229,1.146119,1.173709,1.000000,0.995984,1.000000
ldc2,65,128,contiguous,vector16store,6,803.226,1.205,1.002008,1.000000,1.004032,1.158904,1.146119,1.173709,1.000000,1.000000,1.000000
ldc2,65,128,contiguous,cpp-approved-execution,6,690.323,2.804,1.161229,1.146119,1.173709,1.000000,1.000000,1.000000,1.158904,1.146119,1.173709
ldc2,65,128,negative-both,original,6,3403.226,0.758,1.000000,1.000000,1.000000,4.308782,4.272358,4.318367,1.000473,0.999055,1.121557
ldc2,65,128,negative-both,selected64,6,3406.452,0.758,0.999049,0.998104,1.000946,4.310831,4.276423,4.323770,1.000000,0.999049,1.119431
ldc2,65,128,negative-both,vector16store,6,3411.290,12.388,0.999527,0.891617,1.000946,4.308782,4.276423,4.840164,1.000000,1.000000,1.000000
ldc2,65,128,negative-both,cpp-approved-execution,6,790.323,0.816,4.308782,4.272358,4.318367,1.000000,1.000000,1.000000,4.308782,4.276423,4.840164
ldc2,65,128,negative-source,original,6,3398.387,0.664,1.000000,1.000000,1.000000,4.309426,4.299180,4.327869,0.999049,0.998093,1.001899
ldc2,65,128,negative-source,selected64,6,3390.323,11.703,1.000477,0.901024,1.002854,4.306750,4.299180,4.803279,0.999052,0.899317,1.003806
ldc2,65,128,negative-source,vector16store,6,3398.387,0.759,1.000951,0.998104,1.001910,4.309426,4.290984,4.323770,1.000000,1.000000,1.000000
ldc2,65,128,negative-source,cpp-approved-execution,6,787.097,0.410,4.309426,4.299180,4.327869,1.000000,1.000000,1.000000,4.309426,4.290984,4.323770
ldc2,65,128,padded,original,6,859.677,1.501,1.000000,1.000000,1.000000,1.086067,1.082305,1.094262,1.000000,1.000000,1.003788
ldc2,65,128,padded,selected64,6,858.065,1.504,1.000000,0.996226,1.003759,1.087939,1.082305,1.090535,1.000000,1.000000,1.003759
ldc2,65,128,padded,vector16store,6,859.677,1.501,1.000000,0.996226,1.000000,1.088125,1.082305,1.094262,1.000000,1.000000,1.000000
ldc2,65,128,padded,cpp-approved-execution,6,787.097,1.230,1.086067,1.082305,1.094262,1.000000,1.000000,1.000000,1.088125,1.082305,1.094262
ldc2,65,128,repeated-source,original,6,840.323,1.536,1.000000,1.000000,1.000000,1.076446,1.074380,1.090909,1.000000,1.000000,1.003788
ldc2,65,128,repeated-source,selected64,6,838.710,1.923,1.000000,0.996226,1.003846,1.074380,1.074380,1.095041,1.000000,1.000000,1.003846
ldc2,65,128,repeated-source,vector16store,6,840.323,1.919,1.000000,0.996226,1.000000,1.076446,1.074380,1.095041,1.000000,1.000000,1.000000
ldc2,65,128,repeated-source,cpp-approved-execution,6,780.645,0.000,1.076446,1.074380,1.090909,1.000000,1.000000,1.000000,1.076446,1.074380,1.095041
ldc2,65,128,universal,original,6,19353.226,23.185,1.000000,1.000000,1.000000,3.938972,3.689155,4.561160,1.001094,0.814764,1.005474
ldc2,65,128,universal,selected64,6,19338.710,6.022,1.002937,0.967120,1.202660,3.826862,3.665195,4.232982,0.998556,0.968740,1.011526
ldc2,65,128,universal,vector16store,6,19137.097,3.624,0.998907,0.994555,1.227350,3.742018,3.707440,4.253333,1.000000,1.000000,1.000000
ldc2,65,128,universal,cpp-approved-execution,6,5116.129,10.971,3.938972,3.689155,4.561160,1.000000,1.000000,1.000000,3.742018,3.707440,4.253333
ldc2,95,1,contiguous,original,6,27.909,5.195,1.000000,1.000000,1.000000,2.315790,2.072776,2.433735,1.022757,1.008663,1.025940
ldc2,95,1,contiguous,selected64,6,27.981,4.404,0.998057,0.994819,1.003727,2.325301,2.078167,2.424699,1.019443,1.012422,1.025940
ldc2,95,1,contiguous,vector16store,6,28.597,4.183,0.977750,0.974716,0.991411,2.371423,2.121294,2.454819,1.000000,1.000000,1.000000
ldc2,95,1,contiguous,cpp-approved-execution,6,12.033,11.747,2.315790,2.072776,2.433735,1.000000,1.000000,1.000000,2.371423,2.121294,2.454819
ldc2,95,1,negative-both,original,6,56.923,1.783,1.000000,1.000000,1.000000,4.674107,4.660714,4.744048,1.010824,0.999373,1.020434
ldc2,95,1,negative-both,selected64,6,58.028,8.057,0.980012,0.925131,0.990590,4.764881,4.744048,5.127976,0.994376,0.924550,1.000000
ldc2,95,1,negative-both,vector16store,6,57.756,0.753,0.989292,0.979975,1.000628,4.742560,4.720238,4.755952,1.000000,1.000000,1.000000
ldc2,95,1,negative-both,cpp-approved-execution,6,12.178,0.000,4.674107,4.660714,4.744048,1.000000,1.000000,1.000000,4.742560,4.720238,4.755952
ldc2,95,1,negative-source,original,6,57.086,0.952,1.000000,1.000000,1.000000,4.687500,4.675595,4.720238,1.006991,1.000631,1.012731
ldc2,95,1,negative-source,selected64,6,57.865,1.190,0.985266,0.982489,0.990590,4.751488,4.744048,4.800595,0.994364,0.983881,0.997492
ldc2,95,1,negative-source,vector16store,6,57.521,0.378,0.993062,0.987429,0.999370,4.723214,4.717262,4.735119,1.000000,1.000000,1.000000
ldc2,95,1,negative-source,cpp-approved-execution,6,12.178,0.000,4.687500,4.675595,4.720238,1.000000,1.000000,1.000000,4.723214,4.717262,4.735119
ldc2,95,1,padded,original,6,27.909,0.649,1.000000,1.000000,1.000000,2.291667,2.282738,2.297619,1.020142,1.015584,1.022078
ldc2,95,1,padded,selected64,6,28.054,1.034,0.994184,0.987179,0.998705,2.303571,2.297619,2.321429,1.012920,1.008974,1.019430
ldc2,95,1,padded,vector16store,6,28.416,0.638,0.980256,0.978399,0.984655,2.333333,2.327381,2.342262,1.000000,1.000000,1.000000
ldc2,95,1,padded,cpp-approved-execution,6,12.178,0.000,2.291667,2.282738,2.297619,1.000000,1.000000,1.000000,2.333333,2.327381,2.342262
ldc2,95,1,repeated-source,original,6,27.999,3.754,1.000000,1.000000,1.000000,2.299107,2.238095,2.324405,1.021359,1.007682,1.050532
ldc2,95,1,repeated-source,selected64,6,28.144,1.030,0.996137,0.962868,1.001282,2.311012,2.300595,2.324405,1.012877,1.008974,1.020672
ldc2,95,1,repeated-source,vector16store,6,28.543,0.762,0.979088,0.951899,0.992376,2.343750,2.333333,2.351190,1.000000,1.000000,1.000000
ldc2,95,1,repeated-source,cpp-approved-execution,6,12.178,0.000,2.299107,2.238095,2.324405,1.000000,1.000000,1.000000,2.343750,2.333333,2.351190
ldc2,95,1,universal,original,6,257.920,4.427,1.000000,1.000000,1.000000,4.763052,4.722222,4.956288,1.007992,0.971642,1.039726
ldc2,95,1,universal,selected64,6,261.037,18.078,0.993723,0.881157,1.001401,4.820616,4.726908,5.624748,0.998634,0.856169,1.041182
ldc2,95,1,universal,vector16store,6,259.152,4.839,0.992072,0.961792,1.029186,4.797092,4.743641,4.975234,1.000000,1.000000,1.000000
ldc2,95,1,universal,cpp-approved-execution,6,54.150,0.469,4.763052,4.722222,4.956288,1.000000,1.000000,1.000000,4.797092,4.743641,4.975234
ldc2,95,17,contiguous,original,6,180.247,26.712,1.000000,1.000000,1.000000,1.384256,1.356877,1.407583,0.998299,0.996552,1.013937
ldc2,95,17,contiguous,selected64,6,180.247,24.658,1.000000,0.986254,1.008287,1.386637,1.345725,1.407583,1.000000,0.996552,1.008287
ldc2,95,17,contiguous,vector16store,6,180.247,26.027,1.001706,0.986254,1.003460,1.384245,1.356877,1.412322,1.000000,1.000000,1.000000
ldc2,95,17,contiguous,cpp-approved-execution,6,129.938,28.504,1.384256,1.356877,1.407583,1.000000,1.000000,1.000000,1.384245,1.356877,1.412322
ldc2,95,17,negative-both,original,6,679.321,0.273,1.000000,1.000000,1.000000,3.958633,3.956835,3.967626,1.000000,0.997275,1.000000
ldc2,95,17,negative-both,selected64,6,678.395,0.364,1.000910,1.000907,1.002732,3.953237,3.949640,3.964029,1.000907,1.000000,1.001821
ldc2,95,17,negative-both,vector16store,6,679.012,0.455,1.000000,1.000000,1.002732,3.956835,3.949640,3.967626,1.000000,1.000000,1.000000
ldc2,95,17,negative-both,cpp-approved-execution,6,171.605,0.000,3.958633,3.956835,3.967626,1.000000,1.000000,1.000000,3.956835,3.949640,3.967626
ldc2,95,17,negative-source,original,6,684.568,0.180,1.000000,1.000000,1.000000,3.989209,3.974910,3.992806,1.000000,0.999097,1.001803
ldc2,95,17,negative-source,selected64,6,684.259,0.361,1.000902,0.999099,1.001808,3.985612,3.971326,3.992806,1.000903,0.999099,1.002708
ldc2,95,17,negative-source,vector16store,6,684.568,0.361,1.000000,0.998200,1.000903,3.987410,3.982014,3.992806,1.000000,1.000000,1.000000
ldc2,95,17,negative-source,cpp-approved-execution,6,171.605,0.360,3.989209,3.974910,3.992806,1.000000,1.000000,1.000000,3.987410,3.982014,3.992806
ldc2,95,17,padded,original,6,205.864,0.600,1.000000,1.000000,1.000000,1.199640,1.197842,1.205036,1.001502,1.000000,1.005970
ldc2,95,17,padded,selected64,6,206.173,0.599,0.997010,0.997006,1.000000,1.201439,1.201439,1.208633,1.000000,0.997006,1.002976
ldc2,95,17,padded,vector16store,6,206.173,1.198,0.998503,0.994065,1.000000,1.201439,1.197842,1.212230,1.000000,1.000000,1.000000
ldc2,95,17,padded,cpp-approved-execution,6,171.605,0.000,1.199640,1.197842,1.205036,1.000000,1.000000,1.000000,1.201439,1.197842,1.212230
ldc2,95,17,repeated-source,original,6,205.247,0.301,1.000000,1.000000,1.000000,1.196043,1.194245,1.197842,1.000000,1.000000,1.003012
ldc2,95,17,repeated-source,selected64,6,205.556,0.300,1.000000,0.996997,1.000000,1.197842,1.194245,1.197842,1.000000,1.000000,1.000000
ldc2,95,17,repeated-source,vector16store,6,205.556,0.300,1.000000,0.996997,1.000000,1.197842,1.194245,1.197842,1.000000,1.000000,1.000000
ldc2,95,17,repeated-source,cpp-approved-execution,6,171.605,0.000,1.196043,1.194245,1.197842,1.000000,1.000000,1.000000,1.197842,1.194245,1.197842
ldc2,95,17,universal,original,6,3666.975,5.336,1.000000,1.000000,1.000000,4.112494,4.104498,4.323875,0.998736,0.987676,1.010789
ldc2,95,17,universal,selected64,6,3684.259,2.999,1.002786,0.987186,1.026618,4.130450,4.087889,4.211765,1.001857,0.987006,1.013966
ldc2,95,17,universal,vector16store,6,3663.580,4.179,1.001266,0.989326,1.012478,4.108686,4.098962,4.270588,1.000000,1.000000,1.000000
ldc2,95,17,universal,cpp-approved-execution,6,891.975,0.069,4.112494,4.104498,4.323875,1.000000,1.000000,1.000000,4.108686,4.098962,4.270588
ldc2,95,128,contiguous,original,6,1257.143,0.758,1.000000,1.000000,1.000000,1.276699,1.269231,1.281553,1.000000,0.996198,1.000000
ldc2,95,128,contiguous,selected64,6,1254.762,0.759,1.000000,1.000000,1.003802,1.276699,1.269231,1.280193,1.000000,0.996198,1.003802
ldc2,95,128,contiguous,vector16store,6,1257.143,1.136,1.000000,1.000000,1.003817,1.276031,1.269231,1.281553,1.000000,1.000000,1.000000
ldc2,95,128,contiguous,cpp-approved-execution,6,983.333,0.969,1.276699,1.269231,1.281553,1.000000,1.000000,1.000000,1.276031,1.269231,1.281553
ldc2,95,128,negative-both,original,6,4940.476,1.157,1.000000,1.000000,1.000000,3.580313,3.549488,3.622837,1.000000,1.000000,1.001932
ldc2,95,128,negative-both,selected64,6,4940.476,1.157,1.000000,0.998081,1.000000,3.580313,3.556314,3.622837,1.000000,0.998081,1.001932
ldc2,95,128,negative-both,vector16store,6,4940.476,1.253,1.000000,0.998071,1.000000,3.580313,3.549488,3.626298,1.000000,1.000000,1.000000
ldc2,95,128,negative-both,cpp-approved-execution,6,1378.571,1.382,3.580313,3.549488,3.622837,1.000000,1.000000,1.000000,3.580313,3.549488,3.626298
ldc2,95,128,negative-source,original,6,4880.952,0.293,1.000000,1.000000,1.000000,3.698556,3.673835,3.707581,1.000000,0.999026,1.000000
ldc2,95,128,negative-source,selected64,6,4878.571,0.195,1.000487,1.000000,1.001951,3.696751,3.673835,3.703971,1.000000,1.000000,1.000977
ldc2,95,128,negative-source,vector16store,6,4880.952,0.195,1.000000,1.000000,1.000975,3.698556,3.673835,3.703971,1.000000,1.000000,1.000000
ldc2,95,128,negative-source,cpp-approved-execution,6,1319.048,0.722,3.698556,3.673835,3.707581,1.000000,1.000000,1.000000,3.698556,3.673835,3.703971
ldc2,95,128,padded,original,6,1380.952,0.690,1.000000,1.000000,1.000000,1.043165,1.024911,1.046931,1.000000,0.996552,1.000000
ldc2,95,128,padded,selected64,6,1376.190,0.692,1.000000,0.996540,1.003460,1.043243,1.024911,1.046931,1.000000,0.996540,1.003460
ldc2,95,128,padded,vector16store,6,1378.571,0.691,1.000000,1.000000,1.003460,1.041438,1.024911,1.046931,1.000000,1.000000,1.000000
ldc2,95,128,padded,cpp-approved-execution,6,1321.429,1.441,1.043165,1.024911,1.046931,1.000000,1.000000,1.000000,1.041438,1.024911,1.046931
ldc2,95,128,repeated-source,original,6,1340.476,1.066,1.000000,1.000000,1.000000,1.014440,1.014286,1.025271,1.000000,1.000000,1.003559
ldc2,95,128,repeated-source,selected64,6,1342.857,1.773,1.000000,0.996466,1.003571,1.017921,1.010830,1.025271,1.000000,0.996491,1.003571
ldc2,95,128,repeated-source,vector16store,6,1345.238,1.062,1.000000,0.996454,1.000000,1.018018,1.014286,1.025271,1.000000,1.000000,1.000000
ldc2,95,128,repeated-source,cpp-approved-execution,6,1319.048,1.444,1.014440,1.014286,1.025271,1.000000,1.000000,1.000000,1.018018,1.014286,1.025271
ldc2,95,128,universal,original,6,27742.857,1.425,1.000000,1.000000,1.000000,4.155490,4.119031,4.181170,0.996713,0.982124,1.056394
ldc2,95,128,universal,selected64,6,27766.667,10.599,1.001119,0.910389,1.006352,4.159058,4.101212,4.541696,0.997069,0.913528,1.047951
ldc2,95,128,universal,vector16store,6,27676.190,7.725,1.003308,0.946617,1.018201,4.144027,4.078515,4.392730,1.000000,1.000000,1.000000
ldc2,95,128,universal,cpp-approved-execution,6,6678.571,0.143,4.155490,4.119031,4.181170,1.000000,1.000000,1.000000,4.144027,4.078515,4.392730
ldc2,127,1,contiguous,original,6,30.451,1.114,1.000000,1.000000,1.000000,2.123311,2.108108,2.131757,1.015086,1.006359,1.020833
ldc2,127,1,contiguous,selected64,6,30.523,0.635,0.997619,0.988942,1.003180,2.128378,2.125000,2.138514,1.010317,1.004762,1.017433
ldc2,127,1,contiguous,vector16store,6,30.887,1.412,0.985144,0.979592,0.993681,2.153716,2.138514,2.168919,1.000000,1.000000,1.000000
ldc2,127,1,contiguous,cpp-approved-execution,6,14.341,0.000,2.123311,2.108108,2.131757,1.000000,1.000000,1.000000,2.153716,2.138514,2.168919
ldc2,127,1,negative-both,original,6,68.193,17.833,1.000000,1.000000,1.000000,4.660596,4.629139,5.460265,1.006391,1.002129,1.014554
ldc2,127,1,negative-both,selected64,6,68.798,18.521,0.988783,0.981742,0.997875,4.701987,4.675497,5.546358,0.997991,0.990871,1.000707
ldc2,127,1,negative-both,vector16store,6,68.508,18.529,0.993650,0.985655,0.997875,4.682119,4.672185,5.539735,1.000000,1.000000,1.000000
ldc2,127,1,negative-both,cpp-approved-execution,6,14.632,0.000,4.660596,4.629139,5.460265,1.000000,1.000000,1.000000,4.682119,4.672185,5.539735
ldc2,127,1,negative-source,original,6,68.144,0.640,1.000000,1.000000,1.000000,4.657285,4.642384,4.672185,1.004611,1.000712,1.006410
ldc2,127,1,negative-source,selected64,6,68.992,1.334,0.988062,0.982566,0.995766,4.715232,4.685430,4.748344,0.994031,0.985965,0.999294
ldc2,127,1,negative-source,vector16store,6,68.484,0.920,0.995411,0.993631,0.999288,4.680464,4.652318,4.695364,1.000000,1.000000,1.000000
ldc2,127,1,negative-source,cpp-approved-execution,6,14.632,0.000,4.657285,4.642384,4.672185,1.000000,1.000000,1.000000,4.680464,4.652318,4.695364
ldc2,127,1,padded,original,6,30.354,2.235,1.000000,1.000000,1.000000,2.074503,2.069536,2.115894,1.015106,1.009585,1.024000
ldc2,127,1,padded,selected64,6,30.572,0.634,0.993656,0.990491,1.007886,2.089404,2.086093,2.099338,1.011083,1.003175,1.022082
ldc2,127,1,padded,vector16store,6,30.935,2.506,0.985119,0.976563,0.990506,2.114238,2.092715,2.145695,1.000000,1.000000,1.000000
ldc2,127,1,padded,cpp-approved-execution,6,14.632,0.000,2.074503,2.069536,2.115894,1.000000,1.000000,1.000000,2.114238,2.092715,2.145695
ldc2,127,1,repeated-source,original,6,30.329,19.968,1.000000,1.000000,1.000000,2.069536,1.796163,2.076159,1.018160,1.012780,1.027113
ldc2,127,1,repeated-source,selected64,6,30.426,23.089,0.995215,0.970207,0.998405,2.076159,1.851319,2.086093,1.011962,0.988342,1.023847
ldc2,127,1,repeated-source,vector16store,6,30.814,20.283,0.982164,0.973602,0.987382,2.104305,1.829736,2.132450,1.000000,1.000000,1.000000
ldc2,127,1,repeated-source,cpp-approved-execution,6,14.632,38.079,2.069536,1.796163,2.076159,1.000000,1.000000,1.000000,2.104305,1.829736,2.132450
ldc2,127,1,universal,original,6,331.710,6.675,1.000000,1.000000,1.000000,4.640112,4.581695,4.908163,1.010168,0.990287,1.056609
ldc2,127,1,universal,selected64,6,329.675,6.966,0.994049,0.951934,1.062279,4.618679,4.584011,4.905149,1.005024,0.975276,1.075236
ldc2,127,1,universal,vector16store,6,336.531,7.256,0.989939,0.946424,1.009808,4.705962,4.609492,4.968027,1.000000,1.000000,1.000000
ldc2,127,1,universal,cpp-approved-execution,6,71.463,0.407,4.640112,4.581695,4.908163,1.000000,1.000000,1.000000,4.705962,4.609492,4.968027
ldc2,127,17,contiguous,original,6,215.702,2.682,1.000000,1.000000,1.000000,1.225352,1.191964,1.230047,1.000000,1.000000,1.003817
ldc2,127,17,contiguous,selected64,6,215.702,2.682,1.000000,0.996198,1.000000,1.225352,1.191964,1.234742,1.000000,1.000000,1.000000
ldc2,127,17,contiguous,vector16store,6,215.702,2.682,1.000000,0.996198,1.000000,1.225352,1.191964,1.234742,1.000000,1.000000,1.000000
ldc2,127,17,contiguous,cpp-approved-execution,6,176.033,5.164,1.225352,1.191964,1.230047,1.000000,1.000000,1.000000,1.225352,1.191964,1.234742
ldc2,127,17,negative-both,original,6,891.736,0.741,1.000000,1.000000,1.000000,4.091255,4.011111,4.117871,1.000000,0.997230,1.002775
ldc2,127,17,negative-both,selected64,6,890.083,0.743,1.001389,0.999076,1.003707,4.085551,4.000000,4.114068,1.000924,1.000000,1.006487
ldc2,127,17,negative-both,vector16store,6,890.909,1.020,1.000000,0.997232,1.002778,4.089354,4.000000,4.129278,1.000000,1.000000,1.000000
ldc2,127,17,negative-both,cpp-approved-execution,6,217.355,2.662,4.091255,4.011111,4.117871,1.000000,1.000000,1.000000,4.089354,4.000000,4.129278
ldc2,127,17,negative-source,original,6,892.562,0.648,1.000000,1.000000,1.000000,4.112392,4.098859,4.141221,0.999074,0.998148,1.000928
ldc2,127,17,negative-source,selected64,6,891.736,0.741,1.000463,0.999073,1.000928,4.108583,4.102662,4.145038,0.999540,0.998155,1.000000
ldc2,127,17,negative-source,vector16store,6,891.736,0.649,1.000927,0.999073,1.001855,4.108583,4.098859,4.141221,1.000000,1.000000,1.000000
ldc2,127,17,negative-source,cpp-approved-execution,6,216.942,0.381,4.112392,4.098859,4.141221,1.000000,1.000000,1.000000,4.108583,4.098859,4.141221
ldc2,127,17,padded,original,6,260.331,0.317,1.000000,1.000000,1.000000,1.200382,1.197719,1.202290,1.001587,0.996825,1.003185
ldc2,127,17,padded,selected64,6,260.331,0.635,1.000000,0.996825,1.006390,1.198096,1.194656,1.202290,1.001587,0.996825,1.009585
ldc2,127,17,padded,vector16store,6,260.331,0.635,0.998418,0.996825,1.003185,1.201905,1.197719,1.206107,1.000000,1.000000,1.000000
ldc2,127,17,padded,cpp-approved-execution,6,216.529,0.382,1.200382,1.197719,1.202290,1.000000,1.000000,1.000000,1.201905,1.197719,1.206107
ldc2,127,17,repeated-source,original,6,259.917,2.544,1.000000,1.000000,1.000000,1.200762,1.169742,1.215909,1.000000,0.993631,1.006309
ldc2,127,17,repeated-source,selected64,6,259.917,2.226,1.000000,0.996815,1.000000,1.202678,1.169742,1.215909,0.998408,0.993631,1.006309
ldc2,127,17,repeated-source,vector16store,6,259.504,2.866,1.000000,0.993730,1.006410,1.197318,1.177122,1.215909,1.000000,1.000000,1.000000
ldc2,127,17,repeated-source,cpp-approved-execution,6,217.355,3.802,1.200762,1.169742,1.215909,1.000000,1.000000,1.000000,1.197318,1.177122,1.215909
ldc2,127,17,universal,original,6,4909.091,2.492,1.000000,1.000000,1.000000,4.113864,3.877970,4.187196,0.995295,0.981220,1.008659
ldc2,127,17,universal,selected64,6,4885.537,0.677,1.004904,0.997291,1.016498,4.114595,3.815029,4.137787,1.001434,0.992936,1.005926
ldc2,127,17,universal,vector16store,6,4900.413,0.810,1.004732,0.991416,1.019140,4.118423,3.820167,4.137187,1.000000,1.000000,1.000000
ldc2,127,17,universal,cpp-approved-execution,6,1187.190,8.493,4.113864,3.877970,4.187196,1.000000,1.000000,1.000000,4.118423,3.820167,4.137187
ldc2,127,128,contiguous,original,6,1612.500,0.775,1.000000,1.000000,1.000000,1.226190,1.210280,1.233333,1.000000,0.996124,1.003861
ldc2,127,128,contiguous,selected64,6,1609.375,1.165,1.000000,0.996154,1.003891,1.226190,1.210280,1.238095,1.000000,0.996124,1.000000
ldc2,127,128,contiguous,vector16store,6,1606.250,1.167,1.000000,0.996154,1.003891,1.223810,1.210280,1.238095,1.000000,1.000000,1.000000
ldc2,127,128,contiguous,cpp-approved-execution,6,1312.500,2.381,1.226190,1.210280,1.233333,1.000000,1.000000,1.000000,1.223810,1.210280,1.238095
ldc2,127,128,negative-both,original,6,6550.000,0.668,1.000000,1.000000,1.000000,3.869004,3.852941,3.889299,0.999046,0.994307,1.007634
ldc2,127,128,negative-both,selected64,6,6546.875,0.191,1.000956,1.000000,1.005725,3.867159,3.849265,3.874074,1.000000,1.000000,1.007634
ldc2,127,128,negative-both,vector16store,6,6546.875,0.955,1.000955,0.992424,1.005725,3.867159,3.849265,3.896679,1.000000,1.000000,1.000000
ldc2,127,128,negative-both,cpp-approved-execution,6,1693.750,0.738,3.869004,3.852941,3.889299,1.000000,1.000000,1.000000,3.867159,3.849265,3.896679
ldc2,127,128,negative-source,original,6,6468.750,0.386,1.000000,1.000000,1.000000,3.891182,3.890977,3.905660,0.999518,0.998075,1.000000
ldc2,127,128,negative-source,selected64,6,6475.000,11.680,1.000482,0.899567,1.000967,3.898496,3.887218,4.325843,1.000000,0.897835,1.000967
ldc2,127,128,negative-source,vector16store,6,6468.750,0.290,1.000482,1.000000,1.001929,3.890977,3.883895,3.901887,1.000000,1.000000,1.000000
ldc2,127,128,negative-source,cpp-approved-execution,6,1662.500,0.752,3.891182,3.890977,3.905660,1.000000,1.000000,1.000000,3.890977,3.883895,3.901887
ldc2,127,128,padded,original,6,1696.875,1.473,1.000000,1.000000,1.000000,1.026515,1.026415,1.033962,1.000000,0.992727,1.000000
ldc2,127,128,padded,selected64,6,1696.875,1.105,1.000000,1.000000,1.003650,1.026515,1.026415,1.033962,1.000000,0.996350,1.000000
ldc2,127,128,padded,vector16store,6,1696.875,1.105,1.000000,1.000000,1.007326,1.026515,1.026316,1.033962,1.000000,1.000000,1.000000
ldc2,127,128,padded,cpp-approved-execution,6,1653.125,0.756,1.026515,1.026415,1.033962,1.000000,1.000000,1.000000,1.026515,1.026316,1.033962
ldc2,127,128,repeated-source,original,6,1681.250,1.115,1.000000,1.000000,1.000000,1.022728,1.018939,1.026616,1.000000,0.996310,1.003717
ldc2,127,128,repeated-source,selected64,6,1681.250,0.743,1.000000,0.996283,1.000000,1.022814,1.018939,1.026616,1.000000,0.996283,1.003717
ldc2,127,128,repeated-source,vector16store,6,1684.375,0.742,1.000000,0.996296,1.003704,1.022770,1.018868,1.026616,1.000000,1.000000,1.000000
ldc2,127,128,repeated-source,cpp-approved-execution,6,1643.750,0.760,1.022728,1.018939,1.026616,1.000000,1.000000,1.000000,1.022770,1.018868,1.026616
ldc2,127,128,universal,original,6,36909.375,6.418,1.000000,1.000000,1.000000,4.122469,4.067690,4.344297,0.997184,0.986332,1.039115
ldc2,127,128,universal,selected64,6,37700.000,6.151,0.991593,0.952451,0.994731,4.209377,4.111810,4.377187,0.985421,0.976222,1.004956
ldc2,127,128,universal,vector16store,6,36978.125,8.671,1.002936,0.962358,1.013858,4.135964,4.034242,4.398880,1.000000,1.000000,1.000000
ldc2,127,128,universal,cpp-approved-execution,6,8943.750,0.419,4.122469,4.067690,4.344297,1.000000,1.000000,1.000000,4.135964,4.034242,4.398880
ldc2,128,1,contiguous,original,6,28.711,6.463,1.000000,1.000000,1.000000,2.470588,2.466387,2.626050,1.019575,1.006400,1.025554
ldc2,128,1,contiguous,selected64,6,28.760,6.452,1.000801,0.996604,1.003413,2.474790,2.462185,2.621849,1.021257,1.008013,1.023769
ldc2,128,1,contiguous,vector16store,6,29.419,4.979,0.980801,0.975083,0.993641,2.531513,2.516807,2.642857,1.000000,1.000000,1.000000
ldc2,128,1,contiguous,cpp-approved-execution,6,11.621,0.420,2.470588,2.466387,2.626050,1.000000,1.000000,1.000000,2.531513,2.516807,2.642857
ldc2,128,1,negative-both,original,6,70.776,5.381,1.000000,1.000000,1.000000,5.934426,4.609091,5.942623,1.006563,0.999343,1.071182
ldc2,128,1,negative-both,selected64,6,70.605,5.325,0.999689,0.997925,1.002766,5.926230,4.615152,5.950820,1.006916,0.998030,1.071923
ldc2,128,1,negative-both,vector16store,6,71.411,6.838,0.993482,0.933548,1.000658,5.973361,4.606061,6.352459,1.000000,1.000000,1.000000
ldc2,128,1,negative-both,cpp-approved-execution,6,11.914,35.246,5.934426,4.609091,5.942623,1.000000,1.000000,1.000000,5.973361,4.606061,6.352459
ldc2,128,1,negative-source,original,6,68.799,1.774,1.000000,1.000000,1.000000,5.774590,5.758197,5.860656,1.009226,0.990909,1.012811
ldc2,128,1,negative-source,selected64,6,69.263,0.846,0.996468,0.991543,1.007752,5.813525,5.766393,5.815574,1.002114,0.998591,1.011372
ldc2,128,1,negative-source,vector16store,6,69.434,0.422,0.990858,0.987351,1.009174,5.827869,5.807377,5.831967,1.000000,1.000000,1.000000
ldc2,128,1,negative-source,cpp-approved-execution,6,11.914,0.000,5.774590,5.758197,5.860656,1.000000,1.000000,1.000000,5.827869,5.807377,5.831967
ldc2,128,1,padded,original,6,28.711,3.231,1.000000,1.000000,1.000000,2.409836,2.397541,2.475410,1.017853,1.014901,1.027350
ldc2,128,1,padded,selected64,6,28.687,2.894,1.001680,0.993209,1.003407,2.407787,2.401639,2.471311,1.018719,1.016584,1.023850
ldc2,128,1,padded,vector16store,6,29.297,2.833,0.982466,0.973378,0.985318,2.459016,2.442623,2.512295,1.000000,1.000000,1.000000
ldc2,128,1,padded,cpp-approved-execution,6,11.914,0.000,2.409836,2.397541,2.475410,1.000000,1.000000,1.000000,2.459016,2.442623,2.512295
ldc2,128,1,repeated-source,original,6,28.662,1.874,1.000000,1.000000,1.000000,2.405738,2.385246,2.430328,1.028112,1.016863,1.030928
ldc2,128,1,repeated-source,selected64,6,28.638,1.535,0.999147,0.993186,1.008503,2.403689,2.389344,2.426230,1.026407,1.022147,1.032423
ldc2,128,1,repeated-source,vector16store,6,29.419,0.996,0.972657,0.970000,0.983416,2.469262,2.459016,2.483607,1.000000,1.000000,1.000000
ldc2,128,1,repeated-source,cpp-approved-execution,6,11.914,0.000,2.405738,2.385246,2.430328,1.000000,1.000000,1.000000,2.469262,2.459016,2.483607
ldc2,128,1,universal,original,6,338.135,15.307,1.000000,1.000000,1.000000,4.521377,4.332696,4.996813,1.006445,0.975344,1.032362
ldc2,128,1,universal,selected64,6,336.230,15.161,1.003232,0.979986,1.020331,4.491415,4.357553,4.976418,1.003553,0.992477,1.021097
ldc2,128,1,universal,vector16store,6,340.308,17.060,0.993635,0.968652,1.025279,4.529677,4.336520,5.069471,1.000000,1.000000,1.000000
ldc2,128,1,universal,cpp-approved-execution,6,76.611,6.246,4.521377,4.332696,4.996813,1.000000,1.000000,1.000000,4.529677,4.336520,5.069471
ldc2,128,17,contiguous,original,6,207.917,4.008,1.000000,1.000000,1.000000,1.180952,1.168224,1.228571,1.001938,0.996016,1.028226
ldc2,128,17,contiguous,selected64,6,207.500,4.418,1.000000,1.000000,1.008097,1.180952,1.165094,1.228571,1.001938,0.996016,1.032389
ldc2,128,17,contiguous,vector16store,6,210.417,4.356,0.998069,0.972549,1.004000,1.196653,1.168224,1.233333,1.000000,1.000000,1.000000
ldc2,128,17,contiguous,cpp-approved-execution,6,175.000,1.905,1.180952,1.168224,1.228571,1.000000,1.000000,1.000000,1.196653,1.168224,1.233333
ldc2,128,17,negative-both,original,6,899.167,0.556,1.000000,1.000000,1.000000,5.049175,4.913636,5.065728,0.999074,0.996293,1.000925
ldc2,128,17,negative-both,selected64,6,897.917,0.835,1.000929,0.998153,1.001860,5.044601,4.913636,5.061033,0.999535,0.997230,1.000931
ldc2,128,17,negative-both,vector16store,6,897.083,0.743,1.000927,0.999076,1.003721,5.044491,4.918182,5.061033,1.000000,1.000000,1.000000
ldc2,128,17,negative-both,cpp-approved-execution,6,177.917,3.279,5.049175,4.913636,5.065728,1.000000,1.000000,1.000000,5.044491,4.918182,5.061033
ldc2,128,17,negative-source,original,6,900.000,0.741,1.000000,1.000000,1.000000,5.023256,5.018605,5.055814,1.000000,0.998160,1.001854
ldc2,128,17,negative-source,selected64,6,900.000,0.741,1.000922,0.999074,1.000928,5.023256,5.013953,5.051163,1.000463,0.999079,1.001855
ldc2,128,17,negative-source,vector16store,6,900.417,0.463,1.000000,0.998150,1.001843,5.025581,5.023256,5.046512,1.000000,1.000000,1.000000
ldc2,128,17,negative-source,cpp-approved-execution,6,179.167,0.000,5.023256,5.018605,5.055814,1.000000,1.000000,1.000000,5.025581,5.023256,5.046512
ldc2,128,17,padded,original,6,236.250,0.705,1.000000,1.000000,1.000000,1.316279,1.313364,1.327103,1.000000,0.996479,1.000000
ldc2,128,17,padded,selected64,6,235.833,0.707,1.001761,1.000000,1.007092,1.316279,1.308756,1.322430,1.000000,1.000000,1.003546
ldc2,128,17,padded,vector16store,6,235.833,0.707,1.000000,1.000000,1.003534,1.316279,1.313364,1.322430,1.000000,1.000000,1.000000
ldc2,128,17,padded,cpp-approved-execution,6,179.167,1.395,1.316279,1.313364,1.327103,1.000000,1.000000,1.000000,1.316279,1.313364,1.322430
ldc2,128,17,repeated-source,original,6,235.000,0.709,1.000000,1.000000,1.000000,1.323944,1.313084,1.330189,1.000000,0.996454,1.003559
ldc2,128,17,repeated-source,selected64,6,235.000,0.355,1.000000,0.996454,1.003559,1.321596,1.311628,1.330189,1.000000,1.000000,1.000000
ldc2,128,17,repeated-source,vector16store,6,235.000,0.355,1.000000,0.996454,1.003559,1.321596,1.311628,1.330189,1.000000,1.000000,1.000000
ldc2,128,17,repeated-source,cpp-approved-execution,6,177.500,1.408,1.323944,1.313084,1.330189,1.000000,1.000000,1.000000,1.321596,1.311628,1.330189
ldc2,128,17,universal,original,6,4919.583,4.387,1.000000,1.000000,1.000000,4.116806,4.071080,4.245651,1.002118,0.990443,1.041633
ldc2,128,17,universal,selected64,6,4914.167,7.512,0.998379,0.967338,1.006469,4.110839,4.086411,4.389005,1.005248,0.992884,1.015518
ldc2,128,17,universal,vector16store,6,4930.000,8.367,0.997887,0.960031,1.009650,4.125523,4.083624,4.422408,1.000000,1.000000,1.000000
ldc2,128,17,universal,cpp-approved-execution,6,1195.833,0.209,4.116806,4.071080,4.245651,1.000000,1.000000,1.000000,4.125523,4.083624,4.422408
ldc2,128,128,contiguous,original,6,1456.250,0.858,1.000000,1.000000,1.000000,1.093677,1.089202,1.099057,1.002137,1.000000,1.008621
ldc2,128,128,contiguous,selected64,6,1456.250,0.858,1.000000,0.995708,1.004310,1.093677,1.088785,1.099057,1.004292,1.000000,1.008584
ldc2,128,128,contiguous,vector16store,6,1462.500,0.855,0.997872,0.991453,1.000000,1.098361,1.093458,1.099057,1.000000,1.000000,1.000000
ldc2,128,128,contiguous,cpp-approved-execution,6,1331.250,0.939,1.093677,1.089202,1.099057,1.000000,1.000000,1.000000,1.098361,1.093458,1.099057
ldc2,128,128,negative-both,original,6,6606.250,2.176,1.000000,1.000000,1.000000,4.611354,4.595652,4.650862,0.999537,0.998108,1.000000
ldc2,128,128,negative-both,selected64,6,6653.125,25.176,1.000937,0.798186,1.001896,4.626769,4.591304,5.777293,1.000000,0.798186,1.000948
ldc2,128,128,negative-both,vector16store,6,6600.000,2.178,1.000464,1.000000,1.001896,4.609170,4.591304,4.646552,1.000000,1.000000,1.000000
ldc2,128,128,negative-both,cpp-approved-execution,6,1434.375,1.307,4.611354,4.595652,4.650862,1.000000,1.000000,1.000000,4.609170,4.591304,4.646552
ldc2,128,128,negative-source,original,6,6525.000,0.383,1.000000,1.000000,1.000000,4.532609,4.476395,4.547826,1.000479,0.999041,1.103349
ldc2,128,128,negative-source,selected64,6,6521.875,0.575,1.000000,0.997137,1.000960,4.532609,4.472103,4.547826,1.000959,0.999041,1.100191
ldc2,128,128,negative-source,vector16store,6,6528.125,10.627,0.999521,0.906331,1.000960,4.539130,4.480687,4.969828,1.000000,1.000000,1.000000
ldc2,128,128,negative-source,cpp-approved-execution,6,1437.500,1.304,4.532609,4.476395,4.547826,1.000000,1.000000,1.000000,4.539130,4.480687,4.969828
ldc2,128,128,padded,original,6,1543.750,1.215,1.000000,1.000000,1.000000,1.080958,1.073913,1.092105,1.000000,0.995951,1.004049
ldc2,128,128,padded,selected64,6,1543.750,0.810,1.000000,1.000000,1.004032,1.080958,1.073913,1.087719,1.000000,0.995951,1.004049
ldc2,128,128,padded,vector16store,6,1546.875,0.808,1.000000,0.995968,1.004065,1.080958,1.069565,1.087719,1.000000,1.000000,1.000000
ldc2,128,128,padded,cpp-approved-execution,6,1428.125,0.875,1.080958,1.073913,1.092105,1.000000,1.000000,1.000000,1.080958,1.069565,1.087719
ldc2,128,128,repeated-source,original,6,1525.000,0.820,1.000000,1.000000,1.000000,1.072368,1.065502,1.088496,0.997959,0.991870,1.004098
ldc2,128,128,repeated-source,selected64,6,1525.000,0.000,1.000000,1.000000,1.008197,1.070175,1.065502,1.079646,1.000000,0.995902,1.004098
ldc2,128,128,repeated-source,vector16store,6,1525.000,0.820,1.002049,0.995918,1.008197,1.070175,1.065502,1.084071,1.000000,1.000000,1.000000
ldc2,128,128,repeated-source,cpp-approved-execution,6,1425.000,1.316,1.072368,1.065502,1.088496,1.000000,1.000000,1.000000,1.070175,1.065502,1.084071
ldc2,128,128,universal,original,6,37331.250,2.260,1.000000,1.000000,1.000000,4.164575,4.149826,4.243902,0.997069,0.981833,1.008396
ldc2,128,128,universal,selected64,6,37393.750,12.502,1.000055,0.894278,1.017647,4.172245,4.122036,4.640418,0.998734,0.901787,1.000654
ldc2,128,128,universal,vector16store,6,37215.625,3.628,1.002944,0.991674,1.018503,4.152371,4.115760,4.263415,1.000000,1.000000,1.000000
ldc2,128,128,universal,cpp-approved-execution,6,8965.625,0.070,4.164575,4.149826,4.243902,1.000000,1.000000,1.000000,4.152371,4.115760,4.263415
ldc2,129,1,contiguous,original,6,29.429,1.505,1.000000,1.000000,1.000000,2.354321,2.347826,2.383399,1.014197,1.003328,1.018487
ldc2,129,1,contiguous,selected64,6,29.380,1.675,1.000014,0.996644,1.005017,2.355731,2.347826,2.387352,1.014198,1.008361,1.020033
ldc2,129,1,contiguous,vector16store,6,29.749,1.654,0.986003,0.981848,0.996683,2.389328,2.379447,2.418972,1.000000,1.000000,1.000000
ldc2,129,1,contiguous,cpp-approved-execution,6,12.451,0.791,2.354321,2.347826,2.383399,1.000000,1.000000,1.000000,2.389328,2.379447,2.418972
ldc2,129,1,negative-both,original,6,69.168,1.494,1.000000,1.000000,1.000000,5.490234,5.429687,5.511719,1.006404,0.997874,1.113395
ldc2,129,1,negative-both,selected64,6,69.316,3.053,0.998224,0.979563,1.008615,5.501953,5.441406,5.609375,1.004616,0.993658,1.094011
ldc2,129,1,negative-both,vector16store,6,69.513,11.540,0.993638,0.898154,1.002131,5.517578,5.500000,6.136719,1.000000,1.000000,1.000000
ldc2,129,1,negative-both,cpp-approved-execution,6,12.598,0.000,5.490234,5.429687,5.511719,1.000000,1.000000,1.000000,5.517578,5.500000,6.136719
ldc2,129,1,negative-source,original,6,68.947,0.857,1.000000,1.000000,1.000000,5.472656,5.460938,5.507812,1.008217,1.002837,1.010699
ldc2,129,1,negative-source,selected64,6,69.021,2.781,0.998245,0.984637,1.007179,5.478516,5.441406,5.593750,1.008224,0.987430,1.012922
ldc2,129,1,negative-source,vector16store,6,69.439,0.496,0.991850,0.989414,0.997171,5.511719,5.507812,5.535156,1.000000,1.000000,1.000000
ldc2,129,1,negative-source,cpp-approved-execution,6,12.598,0.000,5.472656,5.460938,5.507812,1.000000,1.000000,1.000000,5.511719,5.507812,5.535156
ldc2,129,1,padded,original,6,29.281,0.672,1.000000,1.000000,1.000000,2.324219,2.320312,2.335937,1.016807,1.015050,1.020168
ldc2,129,1,padded,selected64,6,29.331,0.168,0.998322,0.996644,1.001675,2.328125,2.328125,2.332031,1.015101,1.015101,1.016750
ldc2,129,1,padded,vector16store,6,29.774,0.331,0.983471,0.980231,0.985173,2.363281,2.363281,2.371094,1.000000,1.000000,1.000000
ldc2,129,1,padded,cpp-approved-execution,6,12.598,0.000,2.324219,2.320312,2.335937,1.000000,1.000000,1.000000,2.363281,2.363281,2.371094
ldc2,129,1,repeated-source,original,6,29.306,1.008,1.000000,1.000000,1.000000,2.326172,2.312500,2.335937,1.018420,1.008403,1.027027
ldc2,129,1,repeated-source,selected64,6,29.281,0.504,1.000000,0.996633,1.005051,2.324219,2.320312,2.332031,1.018500,1.008403,1.023569
ldc2,129,1,repeated-source,vector16store,6,29.847,1.814,0.981924,0.973684,0.991667,2.369141,2.343750,2.386719,1.000000,1.000000,1.000000
ldc2,129,1,repeated-source,cpp-approved-execution,6,12.598,0.000,2.326172,2.312500,2.335937,1.000000,1.000000,1.000000,2.369141,2.343750,2.386719
ldc2,129,1,universal,original,6,333.440,1.963,1.000000,1.000000,1.000000,4.325893,4.305680,4.621695,1.006124,0.991452,1.044594
ldc2,129,1,universal,selected64,6,333.784,2.521,0.996131,0.982797,1.007574,4.338010,4.294643,4.679322,1.001709,0.992756,1.031730
ldc2,129,1,universal,vector16store,6,332.505,6.009,0.993929,0.957309,1.008622,4.357243,4.282526,4.827797,1.000000,1.000000,1.000000
ldc2,129,1,universal,cpp-approved-execution,6,77.141,5.933,4.325893,4.305680,4.621695,1.000000,1.000000,1.000000,4.357243,4.282526,4.827797
ldc2,129,17,contiguous,original,6,212.185,1.188,1.000000,1.000000,1.000000,1.196682,1.180556,1.200000,1.001969,1.000000,1.003968
ldc2,129,17,contiguous,selected64,6,212.185,1.188,1.000000,1.000000,1.000000,1.196682,1.180556,1.200000,1.001969,1.000000,1.003968
ldc2,129,17,contiguous,vector16store,6,213.025,1.183,0.998039,0.996047,1.000000,1.197156,1.180556,1.204762,1.000000,1.000000,1.000000
ldc2,129,17,contiguous,cpp-approved-execution,6,177.311,2.844,1.196682,1.180556,1.200000,1.000000,1.000000,1.000000,1.197156,1.180556,1.204762
ldc2,129,17,negative-both,original,6,905.042,1.207,1.000000,1.000000,1.000000,4.879833,4.816964,4.940909,0.999537,0.992640,1.030698
ldc2,129,17,negative-both,selected64,6,903.782,0.465,1.001393,1.000000,1.007414,4.875309,4.808036,4.904545,1.000929,0.999070,1.030698
ldc2,129,17,negative-both,vector16store,6,905.462,3.155,1.000464,0.970217,1.007414,4.882116,4.812500,5.036364,1.000000,1.000000,1.000000
ldc2,129,17,negative-both,cpp-approved-execution,6,185.294,1.814,4.879833,4.816964,4.940909,1.000000,1.000000,1.000000,4.882116,4.812500,5.036364
ldc2,129,17,negative-source,original,6,909.244,1.201,1.000000,1.000000,1.000000,4.900247,4.670940,4.922727,0.999538,0.998150,1.000000
ldc2,129,17,negative-source,selected64,6,908.403,1.388,1.001386,1.000000,1.003714,4.884664,4.666667,4.918182,1.000924,0.999084,1.003714
ldc2,129,17,negative-source,vector16store,6,908.824,1.110,1.000462,1.000000,1.001854,4.897974,4.662393,4.918182,1.000000,1.000000,1.000000
ldc2,129,17,negative-source,cpp-approved-execution,6,185.294,6.349,4.900247,4.670940,4.922727,1.000000,1.000000,1.000000,4.897974,4.662393,4.918182
ldc2,129,17,padded,original,6,241.176,0.348,1.000000,1.000000,1.000000,1.310502,1.304545,1.310502,1.006969,1.003472,1.006969
ldc2,129,17,padded,selected64,6,241.176,0.348,1.000000,1.000000,1.003497,1.308219,1.304545,1.310502,1.006969,1.006969,1.006993
ldc2,129,17,padded,vector16store,6,242.857,0.346,0.993080,0.993080,0.996540,1.317352,1.313636,1.319635,1.000000,1.000000,1.000000
ldc2,129,17,padded,cpp-approved-execution,6,184.034,0.457,1.310502,1.304545,1.310502,1.000000,1.000000,1.000000,1.317352,1.313636,1.319635
ldc2,129,17,repeated-source,original,6,241.176,0.697,1.000000,1.000000,1.000000,1.300921,1.280000,1.304545,1.000000,0.996516,1.003497
ldc2,129,17,repeated-source,selected64,6,241.176,0.348,1.001742,0.996516,1.003497,1.299321,1.275556,1.304545,1.000000,1.000000,1.003484
ldc2,129,17,repeated-source,vector16store,6,241.176,0.697,1.000000,0.996516,1.003497,1.299321,1.280000,1.304545,1.000000,1.000000,1.000000
ldc2,129,17,repeated-source,cpp-approved-execution,6,185.294,2.268,1.300921,1.280000,1.304545,1.000000,1.000000,1.000000,1.299321,1.280000,1.304545
ldc2,129,17,universal,original,6,5065.126,8.776,1.000000,1.000000,1.000000,4.204721,4.096234,4.462021,0.998731,0.952522,1.022812
ldc2,129,17,universal,selected64,6,5000.000,6.555,1.007024,0.984562,1.070199,4.149219,4.027894,4.299861,1.000751,0.987663,1.040166
ldc2,129,17,universal,vector16store,6,5052.101,5.406,1.001292,0.977696,1.049844,4.193932,4.078158,4.301953,1.000000,1.000000,1.000000
ldc2,129,17,universal,cpp-approved-execution,6,1205.042,0.139,4.204721,4.096234,4.462021,1.000000,1.000000,1.000000,4.193932,4.078158,4.301953
ldc2,129,128,contiguous,original,6,1496.667,0.445,1.000000,1.000000,1.000000,1.116915,1.113861,1.120000,1.000000,0.995556,1.000000
ldc2,129,128,contiguous,selected64,6,1493.333,0.893,1.000000,1.000000,1.004484,1.114428,1.113861,1.120000,1.000000,0.995556,1.004484
ldc2,129,128,contiguous,vector16store,6,1493.333,0.446,1.000000,1.000000,1.004464,1.116915,1.108911,1.120000,1.000000,1.000000,1.000000
ldc2,129,128,contiguous,cpp-approved-execution,6,1340.000,0.995,1.116915,1.113861,1.120000,1.000000,1.000000,1.000000,1.116915,1.108911,1.120000
ldc2,129,128,negative-both,original,6,6643.333,0.903,1.000000,1.000000,1.000000,4.556083,4.500000,4.573394,1.000000,0.998999,1.073705
ldc2,129,128,negative-both,selected64,6,6650.000,0.802,0.999001,0.990050,1.001002,4.562953,4.495495,4.610092,0.999498,0.990050,1.072637
ldc2,129,128,negative-both,vector16store,6,6646.667,8.325,1.000000,0.931354,1.001002,4.566514,4.495495,4.855856,1.000000,1.000000,1.000000
ldc2,129,128,negative-both,cpp-approved-execution,6,1456.667,1.831,4.556083,4.500000,4.573394,1.000000,1.000000,1.000000,4.566514,4.495495,4.855856
ldc2,129,128,negative-source,original,6,6570.000,0.406,1.000000,1.000000,1.000000,4.614486,4.586047,4.624413,1.000000,1.000000,1.001015
ldc2,129,128,negative-source,selected64,6,6586.667,0.506,0.998483,0.995951,1.000000,4.621495,4.595349,4.638498,0.998990,0.995951,1.000000
ldc2,129,128,negative-source,vector16store,6,6573.333,0.406,1.000000,0.998986,1.000000,4.616822,4.586047,4.629108,1.000000,1.000000,1.000000
ldc2,129,128,negative-source,cpp-approved-execution,6,1426.667,0.935,4.614486,4.586047,4.624413,1.000000,1.000000,1.000000,4.616822,4.586047,4.629108
ldc2,129,128,padded,original,6,1560.000,0.855,1.000000,1.000000,1.000000,1.093241,1.088372,1.093458,1.000000,1.000000,1.000000
ldc2,129,128,padded,selected64,6,1560.000,0.855,1.000000,1.000000,1.000000,1.093241,1.088372,1.093458,1.000000,1.000000,1.000000
ldc2,129,128,padded,vector16store,6,1560.000,0.855,1.000000,1.000000,1.000000,1.093241,1.088372,1.093458,1.000000,1.000000,1.000000
ldc2,129,128,padded,cpp-approved-execution,6,1426.667,0.467,1.093241,1.088372,1.093458,1.000000,1.000000,1.000000,1.093241,1.088372,1.093458
ldc2,129,128,repeated-source,original,6,1546.667,0.862,1.000000,1.000000,1.000000,1.089204,1.084507,1.099057,0.997854,0.995671,1.004329
ldc2,129,128,repeated-source,selected64,6,1550.000,0.860,1.000000,0.995690,1.000000,1.091341,1.084507,1.099057,0.997854,0.995671,1.000000
ldc2,129,128,repeated-source,vector16store,6,1546.667,1.293,1.002155,0.995690,1.004348,1.089202,1.079812,1.094340,1.000000,1.000000,1.000000
ldc2,129,128,repeated-source,cpp-approved-execution,6,1420.000,0.939,1.089204,1.084507,1.099057,1.000000,1.000000,1.000000,1.089202,1.079812,1.094340
ldc2,129,128,universal,original,6,37486.667,1.814,1.000000,1.000000,1.000000,4.142182,4.110701,4.185978,1.003657,0.970521,1.109453
ldc2,129,128,universal,selected64,6,37710.000,2.139,0.996560,0.984060,1.007649,4.172996,4.120944,4.200883,0.998065,0.977944,1.101623
ldc2,129,128,universal,vector16store,6,37580.000,13.234,0.996356,0.901345,1.030375,4.154026,4.051584,4.604720,1.000000,1.000000,1.000000
ldc2,129,128,universal,cpp-approved-execution,6,9040.000,0.295,4.142182,4.110701,4.185978,1.000000,1.000000,1.000000,4.154026,4.051584,4.604720
ldc2,255,1,contiguous,original,6,40.710,1.673,1.000000,1.000000,1.000000,1.751046,1.744770,1.765690,1.014354,1.009434,1.021480
ldc2,255,1,contiguous,selected64,6,40.710,0.956,1.000000,0.997608,1.004762,1.749996,1.748954,1.757322,1.014354,1.011962,1.021480
ldc2,255,1,contiguous,vector16store,6,41.440,1.174,0.985849,0.978972,0.990654,1.774996,1.769874,1.790795,1.000000,1.000000,1.000000
ldc2,255,1,contiguous,cpp-approved-execution,6,23.249,0.837,1.751046,1.744770,1.765690,1.000000,1.000000,1.000000,1.774996,1.769874,1.790795
ldc2,255,1,negative-both,original,6,118.434,0.411,1.000000,1.000000,1.000000,5.030992,5.016529,5.037190,1.003693,1.000000,1.005757
ldc2,255,1,negative-both,selected64,6,119.018,0.409,0.994687,0.992641,0.996724,5.055785,5.045455,5.066116,0.997958,0.995098,1.000000
ldc2,255,1,negative-both,vector16store,6,118.823,0.409,0.996321,0.994276,1.000000,5.047521,5.033058,5.053719,1.000000,1.000000,1.000000
ldc2,255,1,negative-both,cpp-approved-execution,6,23.541,0.000,5.030992,5.016529,5.037190,1.000000,1.000000,1.000000,5.047521,5.033058,5.053719
ldc2,255,1,negative-source,original,6,118.434,2.218,1.000000,1.000000,1.000000,5.030992,5.020661,5.132231,1.004060,1.001637,1.009877
ldc2,255,1,negative-source,selected64,6,119.018,2.125,0.994336,0.992647,0.996729,5.055785,5.053719,5.161157,0.998782,0.997547,1.002451
ldc2,255,1,negative-source,vector16store,6,119.115,2.287,0.995957,0.990220,0.998366,5.059917,5.041322,5.157025,1.000000,1.000000,1.000000
ldc2,255,1,negative-source,cpp-approved-execution,6,23.541,0.000,5.030992,5.020661,5.132231,1.000000,1.000000,1.000000,5.059917,5.041322,5.157025
ldc2,255,1,padded,original,6,40.661,4.306,1.000000,1.000000,1.000000,1.727273,1.714876,1.789256,1.009445,1.002392,1.016867
ldc2,255,1,padded,selected64,6,40.613,3.832,1.002365,0.992823,1.004808,1.725207,1.719008,1.785124,1.009414,1.006993,1.014423
ldc2,255,1,padded,vector16store,6,41.099,4.024,0.990649,0.983412,0.997613,1.745868,1.731405,1.801653,1.000000,1.000000,1.000000
ldc2,255,1,padded,cpp-approved-execution,6,23.541,0.000,1.727273,1.714876,1.789256,1.000000,1.000000,1.000000,1.745868,1.731405,1.801653
ldc2,255,1,repeated-source,original,6,40.516,1.200,1.000000,1.000000,1.000000,1.721074,1.714876,1.735537,1.014423,1.004762,1.019277
ldc2,255,1,repeated-source,selected64,6,40.564,0.719,0.996414,0.990476,1.007194,1.723140,1.723140,1.735537,1.011990,1.004762,1.014388
ldc2,255,1,repeated-source,vector16store,6,41.051,1.185,0.985782,0.981087,0.995261,1.743802,1.735537,1.756198,1.000000,1.000000,1.000000
ldc2,255,1,repeated-source,cpp-approved-execution,6,23.541,0.000,1.721074,1.714876,1.735537,1.000000,1.000000,1.000000,1.743802,1.735537,1.756198
ldc2,255,1,universal,original,6,617.218,5.768,1.000000,1.000000,1.000000,4.384934,4.304768,4.551415,0.998297,0.968461,1.013806
ldc2,255,1,universal,selected64,6,620.525,4.844,1.000081,0.983268,1.011832,4.408431,4.331030,4.538302,0.994374,0.971259,1.009414
ldc2,255,1,universal,vector16store,6,616.148,1.137,1.001735,0.986382,1.032566,4.377332,4.364202,4.407867,1.000000,1.000000,1.000000
ldc2,255,1,universal,cpp-approved-execution,6,140.759,0.138,4.384934,4.304768,4.551415,1.000000,1.000000,1.000000,4.377332,4.364202,4.407867
ldc2,255,17,contiguous,original,6,391.667,0.851,1.000000,1.000000,1.000000,1.119048,1.107477,1.124402,1.000000,0.995763,1.000000
ldc2,255,17,contiguous,selected64,6,392.500,0.849,1.000000,0.995763,1.000000,1.119048,1.107477,1.124402,0.997890,0.995763,1.000000
ldc2,255,17,contiguous,vector16store,6,391.667,0.426,1.000000,1.000000,1.004255,1.119048,1.102804,1.124402,1.000000,1.000000,1.000000
ldc2,255,17,contiguous,cpp-approved-execution,6,350.000,2.381,1.119048,1.107477,1.124402,1.000000,1.000000,1.000000,1.119048,1.102804,1.124402
ldc2,255,17,negative-both,original,6,1760.833,1.420,1.000000,1.000000,1.000000,4.695556,4.539130,4.706667,1.000000,0.987701,1.009542
ldc2,255,17,negative-both,selected64,6,1740.000,0.670,1.012937,1.000000,1.014409,4.631111,4.539130,4.640000,1.010997,1.000000,1.014409
ldc2,255,17,negative-both,vector16store,6,1760.833,1.325,1.000000,0.990548,1.012452,4.666667,4.539130,4.702222,1.000000,1.000000,1.000000
ldc2,255,17,negative-both,cpp-approved-execution,6,375.000,2.222,4.695556,4.539130,4.706667,1.000000,1.000000,1.000000,4.666667,4.539130,4.702222
ldc2,255,17,negative-source,original,6,1748.333,2.383,1.000000,1.000000,1.000000,4.651927,4.592105,4.707965,0.998567,0.981203,1.001903
ldc2,255,17,negative-source,selected64,6,1744.167,0.860,1.005766,0.999039,1.016221,4.624444,4.587719,4.641593,0.999522,0.995234,1.012500
ldc2,255,17,negative-source,vector16store,6,1742.500,1.148,1.001435,0.998101,1.019157,4.623068,4.583333,4.680000,1.000000,1.000000,1.000000
ldc2,255,17,negative-source,cpp-approved-execution,6,376.667,1.327,4.651927,4.592105,4.707965,1.000000,1.000000,1.000000,4.623068,4.583333,4.680000
ldc2,255,17,padded,original,6,432.500,4.239,1.000000,1.000000,1.000000,1.155211,1.151111,1.189427,1.000000,0.996296,1.003861
ldc2,255,17,padded,selected64,6,433.333,4.231,0.998084,0.996154,1.003846,1.157778,1.150442,1.189427,0.998148,0.996154,1.003846
ldc2,255,17,padded,vector16store,6,433.333,3.846,1.000000,0.996154,1.003717,1.155211,1.151111,1.185022,1.000000,1.000000,1.000000
ldc2,255,17,padded,cpp-approved-execution,6,375.000,1.333,1.155211,1.151111,1.189427,1.000000,1.000000,1.000000,1.155211,1.151111,1.185022
ldc2,255,17,repeated-source,original,6,432.500,1.156,1.000000,1.000000,1.000000,1.145696,1.120690,1.151111,1.000000,1.000000,1.003876
ldc2,255,17,repeated-source,selected64,6,432.500,0.771,1.000000,0.996139,1.000000,1.147899,1.120690,1.151111,1.000000,0.996169,1.000000
ldc2,255,17,repeated-source,vector16store,6,432.500,0.771,1.000000,0.996139,1.000000,1.146018,1.120690,1.151111,1.000000,1.000000,1.000000
ldc2,255,17,repeated-source,cpp-approved-execution,6,377.500,3.091,1.145696,1.120690,1.151111,1.000000,1.000000,1.000000,1.146018,1.120690,1.151111
ldc2,255,17,universal,original,6,9844.167,3.031,1.000000,1.000000,1.000000,4.044159,3.995913,4.134155,0.997630,0.993418,1.001868
ldc2,255,17,universal,selected64,6,9798.333,8.471,1.002742,0.932542,1.018394,4.022603,3.981520,4.325342,1.000169,0.934283,1.014956
ldc2,255,17,universal,vector16store,6,9821.667,2.681,1.002377,0.998136,1.006626,4.036287,3.990463,4.117728,1.000000,1.000000,1.000000
ldc2,255,17,universal,cpp-approved-execution,6,2434.167,0.548,4.044159,3.995913,4.134155,1.000000,1.000000,1.000000,4.036287,3.990463,4.117728
ldc2,255,128,contiguous,original,6,3018.750,1.242,1.000000,1.000000,1.000000,1.146919,1.142180,1.156398,1.000000,0.995851,1.004132
ldc2,255,128,contiguous,selected64,6,3018.750,1.656,1.000000,1.000000,1.004167,1.144888,1.137441,1.156398,1.000000,1.000000,1.004167
ldc2,255,128,contiguous,vector16store,6,3018.750,1.656,1.000000,0.995885,1.004167,1.147269,1.137441,1.156398,1.000000,1.000000,1.000000
ldc2,255,128,contiguous,cpp-approved-execution,6,2637.500,0.474,1.146919,1.142180,1.156398,1.000000,1.000000,1.000000,1.147269,1.137441,1.156398
ldc2,255,128,negative-both,original,6,13206.250,2.082,1.000000,1.000000,1.000000,4.303451,4.273469,4.346939,1.004253,0.980282,1.018993
ldc2,255,128,negative-both,selected64,6,13062.500,0.478,1.012941,0.998086,1.018164,4.260702,4.243902,4.282787,1.008612,0.997135,1.029750
ldc2,255,128,negative-both,vector16store,6,13175.000,2.751,0.995776,0.981361,1.020115,4.310076,4.243902,4.379592,1.000000,1.000000,1.000000
ldc2,255,128,negative-both,cpp-approved-execution,6,3062.500,0.816,4.303451,4.273469,4.346939,1.000000,1.000000,1.000000,4.310076,4.243902,4.379592
ldc2,255,128,negative-source,original,6,13200.000,4.167,1.000000,1.000000,1.000000,4.364120,4.297521,4.466942,0.998615,0.962997,1.018252
ldc2,255,128,negative-source,selected64,6,12993.750,0.385,1.015867,0.995202,1.038425,4.297521,4.275720,4.341667,1.016850,0.996161,1.026949
ldc2,255,128,negative-source,vector16store,6,13200.000,2.746,1.001393,0.982075,1.038425,4.363636,4.301653,4.419087,1.000000,1.000000,1.000000
ldc2,255,128,negative-source,cpp-approved-execution,6,3025.000,1.240,4.364120,4.297521,4.466942,1.000000,1.000000,1.000000,4.363636,4.301653,4.419087
ldc2,255,128,padded,original,6,3100.000,0.806,1.000000,1.000000,1.000000,1.059829,1.059829,1.068376,1.000000,0.996000,1.000000
ldc2,255,128,padded,selected64,6,3100.000,0.403,1.000000,1.000000,1.004016,1.059829,1.059829,1.064103,1.000000,1.000000,1.000000
ldc2,255,128,padded,vector16store,6,3100.000,0.403,1.000000,1.000000,1.004016,1.059829,1.059829,1.064103,1.000000,1.000000,1.000000
ldc2,255,128,padded,cpp-approved-execution,6,2925.000,0.000,1.059829,1.059829,1.068376,1.000000,1.000000,1.000000,1.059829,1.059829,1.064103
ldc2,255,128,repeated-source,original,6,3081.250,0.811,1.000000,1.000000,1.000000,1.048936,1.046809,1.055319,1.000000,0.995968,1.000000
ldc2,255,128,repeated-source,selected64,6,3075.000,0.407,1.000000,1.000000,1.004065,1.046809,1.046809,1.051064,1.000000,1.000000,1.004065
ldc2,255,128,repeated-source,vector16store,6,3081.250,0.406,1.000000,1.000000,1.004049,1.048936,1.046809,1.051064,1.000000,1.000000,1.000000
ldc2,255,128,repeated-source,cpp-approved-execution,6,2937.500,0.000,1.048936,1.046809,1.055319,1.000000,1.000000,1.000000,1.048936,1.046809,1.051064
ldc2,255,128,universal,original,6,74243.750,3.014,1.000000,1.000000,1.000000,4.030871,3.980379,4.123810,1.004749,0.996623,1.011547
ldc2,255,128,universal,selected64,6,74568.750,3.990,0.995706,0.975649,1.015580,4.049920,4.025833,4.179104,0.997222,0.976623,1.027308
ldc2,255,128,universal,vector16store,6,74418.750,3.846,0.995288,0.988584,1.003388,4.037648,4.012916,4.171429,1.000000,1.000000,1.000000
ldc2,255,128,universal,cpp-approved-execution,6,18418.750,0.543,4.030871,3.980379,4.123810,1.000000,1.000000,1.000000,4.037648,4.012916,4.171429
ldc2,256,1,contiguous,original,6,39.111,0.499,1.000000,1.000000,1.000000,1.889151,1.882075,1.891509,1.014963,1.009975,1.022556
ldc2,256,1,contiguous,selected64,6,38.965,0.501,1.001253,0.997506,1.005013,1.882075,1.882075,1.891509,1.015038,1.012469,1.022556
ldc2,256,1,contiguous,vector16store,6,39.697,0.738,0.985258,0.977941,0.990123,1.917453,1.910377,1.924528,1.000000,1.000000,1.000000
ldc2,256,1,contiguous,cpp-approved-execution,6,20.703,0.000,1.889151,1.882075,1.891509,1.000000,1.000000,1.000000,1.917453,1.910377,1.924528
ldc2,256,1,negative-both,original,6,118.799,0.247,1.000000,1.000000,1.000000,5.631944,5.629630,5.643519,1.004922,1.002467,1.006579
ldc2,256,1,negative-both,selected64,6,119.238,1.392,0.995906,0.991057,1.004946,5.652778,5.615741,5.694444,0.999592,0.995925,1.009893
ldc2,256,1,negative-both,vector16store,6,119.434,0.491,0.995102,0.993464,0.997539,5.662037,5.643519,5.671296,1.000000,1.000000,1.000000
ldc2,256,1,negative-both,cpp-approved-execution,6,21.094,0.000,5.631944,5.629630,5.643519,1.000000,1.000000,1.000000,5.662037,5.643519,5.671296
ldc2,256,1,negative-source,original,6,121.191,1.289,1.000000,1.000000,1.000000,5.745370,5.714286,5.810185,1.002820,0.996813,1.005650
ldc2,256,1,negative-source,selected64,6,121.533,0.804,0.997587,0.995987,1.004804,5.756944,5.732719,5.782407,1.001604,0.997590,1.003221
ldc2,256,1,negative-source,vector16store,6,121.680,0.722,0.997192,0.994382,1.003197,5.759259,5.741935,5.791667,1.000000,1.000000,1.000000
ldc2,256,1,negative-source,cpp-approved-execution,6,21.094,0.463,5.745370,5.714286,5.810185,1.000000,1.000000,1.000000,5.759259,5.741935,5.791667
ldc2,256,1,padded,original,6,39.014,1.001,1.000000,1.000000,1.000000,1.849537,1.837963,1.856481,1.015000,1.002500,1.027708
ldc2,256,1,padded,selected64,6,38.965,0.251,1.001253,0.994987,1.007538,1.847222,1.842593,1.847222,1.017544,1.005013,1.022613
ldc2,256,1,padded,vector16store,6,39.648,1.724,0.985222,0.973039,0.997506,1.879630,1.856481,1.888889,1.000000,1.000000,1.000000
ldc2,256,1,padded,cpp-approved-execution,6,21.094,0.000,1.849537,1.837963,1.856481,1.000000,1.000000,1.000000,1.879630,1.856481,1.888889
ldc2,256,1,repeated-source,original,6,39.160,0.748,1.000000,1.000000,1.000000,1.856481,1.699153,1.870370,1.016166,1.012376,1.017456
ldc2,256,1,repeated-source,selected64,6,39.160,0.249,1.002500,1.000000,1.007481,1.854167,1.699153,1.856481,1.019975,1.014963,1.022444
ldc2,256,1,repeated-source,vector16store,6,39.844,0.735,0.984092,0.982843,0.987775,1.888889,1.724576,1.898148,1.000000,1.000000,1.000000
ldc2,256,1,repeated-source,cpp-approved-execution,6,21.094,9.259,1.856481,1.699153,1.870370,1.000000,1.000000,1.000000,1.888889,1.724576,1.898148
ldc2,256,1,universal,original,6,622.559,4.000,1.000000,1.000000,1.000000,4.401093,4.360055,4.533149,1.005518,0.965417,1.012964
ldc2,256,1,universal,selected64,6,618.994,1.941,1.001740,0.995749,1.035821,4.378930,4.351724,4.438148,1.008536,0.993927,1.018225
ldc2,256,1,universal,vector16store,6,624.512,1.376,0.994514,0.987201,1.035821,4.421115,4.376381,4.437457,1.000000,1.000000,1.000000
ldc2,256,1,universal,cpp-approved-execution,6,141.309,0.346,4.401093,4.360055,4.533149,1.000000,1.000000,1.000000,4.421115,4.376381,4.437457
ldc2,256,17,contiguous,original,6,395.000,0.844,1.000000,1.000000,1.000000,1.131271,1.106977,1.133971,0.997890,0.995781,1.008475
ldc2,256,17,contiguous,selected64,6,395.000,0.422,1.000000,0.991597,1.000000,1.133652,1.106977,1.133971,0.997890,0.995781,1.000000
ldc2,256,17,contiguous,vector16store,6,394.167,0.846,1.002119,0.991597,1.004237,1.129187,1.106977,1.133333,1.000000,1.000000,1.000000
ldc2,256,17,contiguous,cpp-approved-execution,6,349.167,2.864,1.131271,1.106977,1.133971,1.000000,1.000000,1.000000,1.129187,1.106977,1.133333
ldc2,256,17,negative-both,original,6,1747.500,2.194,1.000000,1.000000,1.000000,4.978718,4.929245,5.071770,0.999045,0.997170,1.153110
ldc2,256,17,negative-both,selected64,6,1759.167,2.179,0.999523,0.981203,1.016299,5.009536,4.929577,5.042654,1.000955,0.980263,1.135721
ldc2,256,17,negative-both,vector16store,6,1756.667,15.370,1.000956,0.867220,1.002838,5.023788,4.924883,5.683962,1.000000,1.000000,1.000000
ldc2,256,17,negative-both,cpp-approved-execution,6,352.500,1.891,4.978718,4.929245,5.071770,1.000000,1.000000,1.000000,5.023788,4.924883,5.683962
ldc2,256,17,negative-source,original,6,1744.167,1.720,1.000000,1.000000,1.000000,4.952607,4.920188,5.033175,1.000478,0.983035,1.185115
ldc2,256,17,negative-source,selected64,6,1759.167,2.179,0.998114,0.980300,1.017258,4.995261,4.924883,5.052133,0.992958,0.981238,1.183985
ldc2,256,17,negative-source,vector16store,6,1743.333,19.025,0.999522,0.843800,1.017258,4.957346,4.943128,5.830986,1.000000,1.000000,1.000000
ldc2,256,17,negative-source,cpp-approved-execution,6,351.667,0.948,4.952607,4.920188,5.033175,1.000000,1.000000,1.000000,4.957346,4.943128,5.830986
ldc2,256,17,padded,original,6,423.333,0.394,1.000000,1.000000,1.000000,1.207143,1.181395,1.209524,1.000000,0.996063,1.003937
ldc2,256,17,padded,selected64,6,423.333,0.394,1.000000,1.000000,1.003953,1.204762,1.181395,1.209524,1.000000,1.000000,1.003937
ldc2,256,17,padded,vector16store,6,423.333,0.787,1.000000,0.996078,1.003953,1.204762,1.186047,1.214286,1.000000,1.000000,1.000000
ldc2,256,17,padded,cpp-approved-execution,6,350.000,2.381,1.207143,1.181395,1.209524,1.000000,1.000000,1.000000,1.204762,1.186047,1.214286
ldc2,256,17,repeated-source,original,6,422.500,1.183,1.000000,1.000000,1.000000,1.197156,1.175115,1.204762,1.003922,1.000000,1.003968
ldc2,256,17,repeated-source,selected64,6,422.500,1.183,0.998047,0.996047,1.000000,1.201422,1.175115,1.204762,1.000000,1.000000,1.003922
ldc2,256,17,repeated-source,vector16store,6,422.500,1.183,0.996094,0.996047,1.000000,1.201422,1.179724,1.204762,1.000000,1.000000,1.000000
ldc2,256,17,repeated-source,cpp-approved-execution,6,351.667,3.318,1.197156,1.175115,1.204762,1.000000,1.000000,1.000000,1.201422,1.179724,1.204762
ldc2,256,17,universal,original,6,9904.167,5.149,1.000000,1.000000,1.000000,4.052176,4.000680,4.218281,1.016069,0.961837,1.047805
ldc2,256,17,universal,selected64,6,9866.667,6.064,0.993501,0.967302,1.046716,4.039580,4.008180,4.255798,1.003866,0.991192,1.038267
ldc2,256,17,universal,vector16store,6,10062.500,6.509,0.984306,0.954376,1.039677,4.116940,3.980952,4.259891,1.000000,1.000000,1.000000
ldc2,256,17,universal,cpp-approved-execution,6,2443.333,0.341,4.052176,4.000680,4.218281,1.000000,1.000000,1.000000,4.116940,3.980952,4.259891
ldc2,256,128,contiguous,original,6,2875.000,0.435,1.000000,1.000000,1.000000,1.079812,1.075117,1.080189,1.002174,1.000000,1.004367
ldc2,256,128,contiguous,selected64,6,2868.750,0.436,1.000000,1.000000,1.004367,1.079812,1.075117,1.080189,1.004357,1.000000,1.004367
ldc2,256,128,contiguous,vector16store,6,2875.000,0.435,0.997835,0.995652,1.000000,1.079812,1.079812,1.084906,1.000000,1.000000,1.000000
ldc2,256,128,contiguous,cpp-approved-execution,6,2662.500,0.469,1.079812,1.075117,1.080189,1.000000,1.000000,1.000000,1.079812,1.079812,1.084906
ldc2,256,128,negative-both,original,6,13262.500,1.885,1.000000,1.000000,1.000000,4.583221,4.510730,4.607759,0.997655,0.979420,1.008547
ldc2,256,128,negative-both,selected64,6,13281.250,2.918,0.997209,0.973148,1.020019,4.570020,4.487179,4.716157,0.993937,0.972222,1.016206
ldc2,256,128,negative-both,vector16store,6,13131.250,1.809,1.002352,0.991525,1.021012,4.544019,4.482906,4.585153,1.000000,1.000000,1.000000
ldc2,256,128,negative-both,cpp-approved-execution,6,2906.250,2.151,4.583221,4.510730,4.607759,1.000000,1.000000,1.000000,4.544019,4.482906,4.585153
ldc2,256,128,negative-source,original,6,13075.000,1.816,1.000000,1.000000,1.000000,4.637958,4.576419,4.686099,0.998593,0.986603,1.010628
ldc2,256,128,negative-source,selected64,6,13081.250,3.058,1.001919,0.985876,1.014563,4.626598,4.554585,4.708520,0.997628,0.976460,1.012585
ldc2,256,128,negative-source,vector16store,6,13056.250,2.202,1.001460,0.989484,1.013579,4.613421,4.588496,4.681614,1.000000,1.000000,1.000000
ldc2,256,128,negative-source,cpp-approved-execution,6,2812.500,2.667,4.637958,4.576419,4.686099,1.000000,1.000000,1.000000,4.613421,4.588496,4.681614
ldc2,256,128,padded,original,6,2962.500,0.422,1.000000,1.000000,1.000000,1.077273,1.072398,1.082192,1.000000,1.000000,1.004219
ldc2,256,128,padded,selected64,6,2962.500,0.000,1.000000,1.000000,1.004219,1.077273,1.072398,1.082192,1.002110,1.000000,1.004219
ldc2,256,128,padded,vector16store,6,2968.750,0.421,1.000000,0.995798,1.000000,1.077273,1.076923,1.082192,1.000000,1.000000,1.000000
ldc2,256,128,padded,cpp-approved-execution,6,2750.000,0.909,1.077273,1.072398,1.082192,1.000000,1.000000,1.000000,1.077273,1.076923,1.082192
ldc2,256,128,repeated-source,original,6,2937.500,0.851,1.000000,1.000000,1.000000,1.072893,1.068182,1.082569,1.000000,0.995763,1.004255
ldc2,256,128,repeated-source,selected64,6,2943.750,0.849,1.000000,0.995763,1.000000,1.073061,1.068182,1.082569,1.000000,0.995763,1.000000
ldc2,256,128,repeated-source,vector16store,6,2937.500,0.851,1.000000,0.995763,1.004255,1.073061,1.068182,1.077982,1.000000,1.000000,1.000000
ldc2,256,128,repeated-source,cpp-approved-execution,6,2743.750,0.911,1.072893,1.068182,1.082569,1.000000,1.000000,1.000000,1.073061,1.068182,1.077982
ldc2,256,128,universal,original,6,75050.000,4.680,1.000000,1.000000,1.000000,4.071892,4.033220,4.226594,1.003400,0.963563,1.012675
ldc2,256,128,universal,selected64,6,74850.000,4.676,1.007030,0.997840,1.018142,4.062408,4.004746,4.197422,1.005854,0.970260,1.028795
ldc2,256,128,universal,vector16store,6,75418.750,4.127,0.996651,0.987484,1.037814,4.090496,4.021695,4.190508,1.000000,1.000000,1.000000
ldc2,256,128,universal,cpp-approved-execution,6,18437.500,0.203,4.071892,4.033220,4.226594,1.000000,1.000000,1.000000,4.090496,4.021695,4.190508
ldc2,257,1,contiguous,original,6,39.657,9.642,1.000000,1.000000,1.000000,1.853211,1.342424,1.922018,1.011126,0.997743,1.014851
ldc2,257,1,contiguous,selected64,6,39.706,9.383,1.001131,0.997531,1.004796,1.855505,1.339394,1.912844,1.012168,1.000000,1.012376
ldc2,257,1,contiguous,vector16store,6,40.147,8.059,0.988998,0.985366,1.002262,1.876147,1.339394,1.935780,1.000000,1.000000,1.000000
ldc2,257,1,contiguous,cpp-approved-execution,6,21.373,51.376,1.853211,1.342424,1.922018,1.000000,1.000000,1.000000,1.876147,1.339394,1.935780
ldc2,257,1,negative-both,original,6,118.971,1.154,1.000000,1.000000,1.000000,5.490950,5.466063,5.529412,1.007005,0.997545,1.023179
ldc2,257,1,negative-both,selected64,6,119.804,0.900,0.994275,0.987775,1.004934,5.529412,5.502262,5.552036,1.002052,0.995098,1.011457
ldc2,257,1,negative-both,vector16store,6,119.804,1.473,0.993048,0.977346,1.002461,5.529412,5.511312,5.592760,1.000000,1.000000,1.000000
ldc2,257,1,negative-both,cpp-approved-execution,6,21.667,0.000,5.490950,5.466063,5.529412,1.000000,1.000000,1.000000,5.529412,5.511312,5.592760
ldc2,257,1,negative-source,original,6,119.314,0.657,1.000000,1.000000,1.000000,5.506787,5.484163,5.520362,1.000001,0.995082,1.008251
ldc2,257,1,negative-source,selected64,6,119.314,1.068,0.999177,0.991006,1.002465,5.506787,5.493213,5.552036,0.999591,0.992665,1.007414
ldc2,257,1,negative-source,vector16store,6,119.363,0.739,1.000000,0.991817,1.004942,5.509050,5.493213,5.533937,1.000000,1.000000,1.000000
ldc2,257,1,negative-source,cpp-approved-execution,6,21.667,0.000,5.506787,5.484163,5.520362,1.000000,1.000000,1.000000,5.509050,5.493213,5.533937
ldc2,257,1,padded,original,6,39.510,0.993,1.000000,1.000000,1.000000,1.823529,1.814480,1.832579,1.013648,1.004938,1.024938
ldc2,257,1,padded,selected64,6,39.559,1.487,1.001238,0.995037,1.010025,1.825792,1.805430,1.832579,1.013651,1.007426,1.025063
ldc2,257,1,padded,vector16store,6,40.098,0.978,0.986538,0.975669,0.995086,1.850679,1.841629,1.859729,1.000000,1.000000,1.000000
ldc2,257,1,padded,cpp-approved-execution,6,21.667,0.000,1.823529,1.814480,1.832579,1.000000,1.000000,1.000000,1.850679,1.841629,1.859729
ldc2,257,1,repeated-source,original,6,39.412,11.443,1.000000,1.000000,1.000000,1.816742,1.683019,1.819005,1.015348,1.012438,1.022444
ldc2,257,1,repeated-source,selected64,6,39.608,11.386,0.997641,0.985222,1.002494,1.821267,1.686792,1.837104,1.012884,1.000000,1.017456
ldc2,257,1,repeated-source,vector16store,6,40.049,11.506,0.984885,0.978049,0.987715,1.843891,1.709434,1.855204,1.000000,1.000000,1.000000
ldc2,257,1,repeated-source,cpp-approved-execution,6,21.667,19.910,1.816742,1.683019,1.819005,1.000000,1.000000,1.000000,1.843891,1.709434,1.855204
ldc2,257,1,universal,original,6,623.824,3.662,1.000000,1.000000,1.000000,4.400087,4.357982,4.433220,1.001181,0.980578,1.049281
ldc2,257,1,universal,selected64,6,618.627,2.520,1.012022,1.002217,1.023798,4.347384,4.304077,4.379406,1.008544,0.995108,1.053775
ldc2,257,1,universal,vector16store,6,625.931,5.466,0.998830,0.953033,1.019807,4.375605,4.347119,4.587707,1.000000,1.000000,1.000000
ldc2,257,1,universal,cpp-approved-execution,6,141.863,2.073,4.400087,4.357982,4.433220,1.000000,1.000000,1.000000,4.375605,4.347119,4.587707
ldc2,257,17,contiguous,original,6,400.000,1.667,1.000000,1.000000,1.000000,1.137441,1.126761,1.161905,0.997917,0.991667,1.000000
ldc2,257,17,contiguous,selected64,6,400.833,1.663,1.000000,0.995851,1.000000,1.137441,1.131455,1.161905,0.995842,0.991667,1.000000
ldc2,257,17,contiguous,vector16store,6,399.167,2.505,1.002092,1.000000,1.008403,1.130332,1.126761,1.161905,1.000000,1.000000,1.000000
ldc2,257,17,contiguous,cpp-approved-execution,6,351.667,1.422,1.137441,1.126761,1.161905,1.000000,1.000000,1.000000,1.130332,1.126761,1.161905
ldc2,257,17,negative-both,original,6,1761.667,2.081,1.000000,1.000000,1.000000,4.937136,4.847926,5.042453,0.995292,0.984097,1.012369
ldc2,257,17,negative-both,selected64,6,1753.333,0.380,1.004753,1.000000,1.017110,4.904568,4.847926,4.962264,1.000475,1.000000,1.012369
ldc2,257,17,negative-both,vector16store,6,1753.333,1.426,1.004753,0.987782,1.016160,4.937020,4.847926,4.962264,1.000000,1.000000,1.000000
ldc2,257,17,negative-both,cpp-approved-execution,6,356.667,2.336,4.937136,4.847926,5.042453,1.000000,1.000000,1.000000,4.937020,4.847926,4.962264
ldc2,257,17,negative-source,original,6,1748.333,1.239,1.000000,1.000000,1.000000,4.879070,4.840183,4.962617,1.000000,0.990584,1.000943
ldc2,257,17,negative-source,selected64,6,1748.333,1.049,1.000000,1.000000,1.009506,4.879070,4.840183,4.924883,1.000000,0.999047,1.000943
ldc2,257,17,negative-source,vector16store,6,1748.333,1.239,1.000000,0.999057,1.009506,4.879070,4.844749,4.924883,1.000000,1.000000,1.000000
ldc2,257,17,negative-source,cpp-approved-execution,6,358.333,2.791,4.879070,4.840183,4.962617,1.000000,1.000000,1.000000,4.879070,4.844749,4.924883
ldc2,257,17,padded,original,6,430.000,0.775,1.000000,1.000000,1.000000,1.206090,1.193548,1.210280,1.000000,0.996139,1.000000
ldc2,257,17,padded,selected64,6,430.833,1.161,0.998077,0.996124,1.003891,1.208427,1.195349,1.211268,0.996146,0.996124,1.003891
ldc2,257,17,padded,vector16store,6,430.000,0.775,1.000000,1.000000,1.003876,1.205607,1.193548,1.206573,1.000000,1.000000,1.000000
ldc2,257,17,padded,cpp-approved-execution,6,356.667,1.869,1.206090,1.193548,1.210280,1.000000,1.000000,1.000000,1.205607,1.193548,1.206573
ldc2,257,17,repeated-source,original,6,426.667,0.781,1.000000,1.000000,1.000000,1.201406,1.196262,1.201878,1.000000,0.996109,1.003922
ldc2,257,17,repeated-source,selected64,6,426.667,0.391,1.000000,0.996094,1.003922,1.199531,1.196262,1.201878,1.000000,1.000000,1.003922
ldc2,257,17,repeated-source,vector16store,6,426.667,0.000,1.000000,0.996094,1.003906,1.201878,1.196262,1.201878,1.000000,1.000000,1.000000
ldc2,257,17,repeated-source,cpp-approved-execution,6,355.000,0.469,1.201406,1.196262,1.201878,1.000000,1.000000,1.000000,1.201878,1.196262,1.201878
ldc2,257,17,universal,original,6,10006.667,2.732,1.000000,1.000000,1.000000,4.055982,4.025153,4.114266,1.002587,0.996966,1.031271
ldc2,257,17,universal,selected64,6,9953.333,2.344,1.001435,0.997977,1.012462,4.046955,4.021754,4.094659,1.004144,0.997135,1.044123
ldc2,257,17,universal,vector16store,6,10093.333,4.723,0.997428,0.969677,1.003044,4.088673,4.020394,4.214820,1.000000,1.000000,1.000000
ldc2,257,17,universal,cpp-approved-execution,6,2458.333,1.017,4.055982,4.025153,4.114266,1.000000,1.000000,1.000000,4.088673,4.020394,4.214820
ldc2,257,128,contiguous,original,6,2912.500,0.858,1.000000,1.000000,1.000000,1.094340,1.088785,1.103774,1.002146,0.995726,1.004310
ldc2,257,128,contiguous,selected64,6,2912.500,0.858,1.000000,1.000000,1.004292,1.094118,1.088785,1.103774,1.002146,0.995726,1.004310
ldc2,257,128,contiguous,vector16store,6,2912.500,0.429,0.997863,0.995708,1.004292,1.098824,1.088785,1.099057,1.000000,1.000000,1.000000
ldc2,257,128,contiguous,cpp-approved-execution,6,2656.250,0.941,1.094340,1.088785,1.103774,1.000000,1.000000,1.000000,1.098824,1.088785,1.099057
ldc2,257,128,negative-both,original,6,13175.000,2.277,1.000000,1.000000,1.000000,4.684444,4.625551,4.752212,0.998574,0.990593,1.011364
ldc2,257,128,negative-both,selected64,6,13131.250,1.428,1.004287,0.988722,1.018975,4.665192,4.629956,4.707965,1.004283,0.988722,1.017143
ldc2,257,128,negative-both,vector16store,6,13187.500,1.801,1.001430,0.988764,1.009497,4.681558,4.654867,4.746667,1.000000,1.000000,1.000000
ldc2,257,128,negative-both,cpp-approved-execution,6,2818.750,1.330,4.684444,4.625551,4.752212,1.000000,1.000000,1.000000,4.681558,4.654867,4.746667
ldc2,257,128,negative-source,original,6,13031.250,2.974,1.000000,1.000000,1.000000,4.717195,4.672646,4.793722,0.999042,0.975678,1.007707
ldc2,257,128,negative-source,selected64,6,13006.250,0.481,1.001442,0.998077,1.024928,4.705882,4.668161,4.728507,1.000481,1.000000,1.005769
ldc2,257,128,negative-source,vector16store,6,13050.000,0.479,1.000959,0.992352,1.024928,4.719457,4.668161,4.733032,1.000000,1.000000,1.000000
ldc2,257,128,negative-source,cpp-approved-execution,6,2762.500,0.905,4.717195,4.672646,4.793722,1.000000,1.000000,1.000000,4.719457,4.668161,4.733032
ldc2,257,128,padded,original,6,2987.500,0.837,1.000000,1.000000,1.000000,1.091743,1.091324,1.096330,1.000000,0.995816,1.000000
ldc2,257,128,padded,selected64,6,2981.250,0.839,1.000000,1.000000,1.004202,1.091743,1.091324,1.095890,1.000000,1.000000,1.000000
ldc2,257,128,padded,vector16store,6,2981.250,0.839,1.000000,1.000000,1.004202,1.091743,1.091324,1.095890,1.000000,1.000000,1.000000
ldc2,257,128,padded,cpp-approved-execution,6,2731.250,0.458,1.091743,1.091324,1.096330,1.000000,1.000000,1.000000,1.091743,1.091324,1.095890
ldc2,257,128,repeated-source,original,6,2950.000,0.847,1.000000,1.000000,1.000000,1.087558,1.082949,1.092593,1.000000,0.995763,1.004255
ldc2,257,128,repeated-source,selected64,6,2943.750,0.849,1.000000,1.000000,1.004255,1.087357,1.082949,1.092593,1.002119,1.000000,1.004255
ldc2,257,128,repeated-source,vector16store,6,2950.000,0.847,1.000000,0.995763,1.004255,1.087558,1.087156,1.097222,1.000000,1.000000,1.000000
ldc2,257,128,repeated-source,cpp-approved-execution,6,2712.500,0.922,1.087558,1.082949,1.092593,1.000000,1.000000,1.000000,1.087558,1.087156,1.097222
ldc2,257,128,universal,original,6,76062.500,3.122,1.000000,1.000000,1.000000,4.114160,3.477928,4.129579,1.004601,0.990310,1.026062
ldc2,257,128,universal,selected64,6,75731.250,6.355,1.002303,0.970659,1.007779,4.097731,3.464391,4.254410,1.002556,0.976240,1.030071
ldc2,257,128,universal,vector16store,6,76043.750,4.290,0.995421,0.974600,1.009784,4.103447,3.568570,4.177823,1.000000,1.000000,1.000000
ldc2,257,128,universal,cpp-approved-execution,6,18481.250,15.218,4.114160,3.477928,4.129579,1.000000,1.000000,1.000000,4.103447,3.568570,4.177823
ldc2,511,1,contiguous,original,6,61.306,0.318,1.000000,1.000000,1.000000,1.465116,1.460465,1.467290,1.011131,1.009524,1.012739
ldc2,511,1,contiguous,selected64,6,61.404,0.000,0.998413,0.996825,1.000000,1.465116,1.465116,1.471963,1.009524,1.009524,1.009524
ldc2,511,1,contiguous,vector16store,6,61.988,0.000,0.988994,0.987421,0.990566,1.479070,1.479070,1.485981,1.000000,1.000000,1.000000
ldc2,511,1,contiguous,cpp-approved-execution,6,41.910,0.465,1.465116,1.460465,1.467290,1.000000,1.000000,1.000000,1.479070,1.479070,1.485981
ldc2,511,1,negative-both,original,6,216.374,0.991,1.000000,1.000000,1.000000,5.184579,5.115207,5.233645,1.001347,0.999099,1.002700
ldc2,511,1,negative-both,selected64,6,216.667,1.439,0.998203,0.995556,1.000000,5.193925,5.115207,5.257009,0.999550,0.996406,1.001803
ldc2,511,1,negative-both,vector16store,6,216.667,1.080,0.998655,0.997307,1.000902,5.186916,5.124424,5.238318,1.000000,1.000000,1.000000
ldc2,511,1,negative-both,cpp-approved-execution,6,41.715,1.402,5.184579,5.115207,5.233645,1.000000,1.000000,1.000000,5.186916,5.124424,5.238318
ldc2,511,1,negative-source,original,6,216.569,0.810,1.000000,1.000000,1.000000,5.179907,5.133641,5.205607,1.001798,0.998205,1.005430
ldc2,511,1,negative-source,selected64,6,216.569,0.810,0.998655,0.997302,1.003604,5.184579,5.115207,5.214953,1.001804,0.997302,1.003613
ldc2,511,1,negative-source,vector16store,6,216.667,0.720,0.998206,0.994599,1.001799,5.186916,5.124424,5.219626,1.000000,1.000000,1.000000
ldc2,511,1,negative-source,cpp-approved-execution,6,41.715,1.402,5.179907,5.133641,5.205607,1.000000,1.000000,1.000000,5.186916,5.124424,5.219626
ldc2,511,1,padded,original,6,61.598,10.759,1.000000,1.000000,1.000000,1.473201,1.446512,1.597222,1.007911,0.973913,1.022508
ldc2,511,1,padded,selected64,6,61.598,7.278,1.001582,0.987302,1.026786,1.472114,1.455814,1.555556,1.009479,1.000000,1.015974
ldc2,511,1,padded,vector16store,6,62.086,5.651,0.992153,0.977987,1.026786,1.483731,1.479070,1.555556,1.000000,1.000000,1.000000
ldc2,511,1,padded,cpp-approved-execution,6,41.910,0.930,1.473201,1.446512,1.597222,1.000000,1.000000,1.000000,1.483731,1.479070,1.555556
ldc2,511,1,repeated-source,original,6,61.306,1.272,1.000000,1.000000,1.000000,1.467290,1.408889,1.471963,1.009539,1.006309,1.012780
ldc2,511,1,repeated-source,selected64,6,61.306,0.954,1.001582,0.990506,1.003195,1.467290,1.404444,1.476636,1.009539,1.003165,1.012780
ldc2,511,1,repeated-source,vector16store,6,61.793,0.631,0.990551,0.987382,0.993730,1.481308,1.417778,1.485981,1.000000,1.000000,1.000000
ldc2,511,1,repeated-source,cpp-approved-execution,6,41.715,5.140,1.467290,1.408889,1.471963,1.000000,1.000000,1.000000,1.481308,1.417778,1.485981
ldc2,511,1,universal,original,6,1184.113,3.309,1.000000,1.000000,1.000000,4.169183,4.130405,4.268360,1.003120,0.982955,1.027916
ldc2,511,1,universal,selected64,6,1187.914,1.756,1.001160,0.985911,1.009906,4.182567,4.153054,4.226493,1.004115,0.992692,1.013434
ldc2,511,1,universal,vector16store,6,1192.495,2.011,0.996889,0.972842,1.017340,4.198696,4.161290,4.245710,1.000000,1.000000,1.000000
ldc2,511,1,universal,cpp-approved-execution,6,284.016,0.000,4.169183,4.130405,4.268360,1.000000,1.000000,1.000000,4.198696,4.161290,4.245710
ldc2,511,17,contiguous,original,6,788.333,0.846,1.000000,1.000000,1.000000,1.100239,1.093023,1.107477,1.000000,0.995781,1.004237
ldc2,511,17,contiguous,selected64,6,786.667,0.847,1.000000,0.995781,1.004237,1.100239,1.093023,1.107477,1.000000,1.000000,1.004237
ldc2,511,17,contiguous,vector16store,6,788.333,1.268,1.000000,0.995781,1.004237,1.102328,1.093023,1.107477,1.000000,1.000000,1.000000
ldc2,511,17,contiguous,cpp-approved-execution,6,715.000,0.932,1.100239,1.093023,1.107477,1.000000,1.000000,1.000000,1.102328,1.093023,1.107477
ldc2,511,17,negative-both,original,6,3488.333,0.478,1.000000,1.000000,1.000000,4.529155,4.528139,4.552174,1.000000,1.000000,1.000956
ldc2,511,17,negative-both,selected64,6,3491.667,0.477,1.000476,0.999045,1.000957,4.530303,4.523810,4.556522,1.000953,0.999045,1.000957
ldc2,511,17,negative-both,vector16store,6,3490.000,0.478,1.000000,0.999045,1.000000,4.531320,4.528139,4.552174,1.000000,1.000000,1.000000
ldc2,511,17,negative-both,cpp-approved-execution,6,770.000,0.866,4.529155,4.528139,4.552174,1.000000,1.000000,1.000000,4.531320,4.528139,4.552174
ldc2,511,17,negative-source,original,6,3496.667,0.572,1.000000,1.000000,1.000000,4.641593,4.600877,4.659292,1.000000,0.998101,1.000000
ldc2,511,17,negative-source,selected64,6,3496.667,0.381,1.000476,1.000000,1.001903,4.639381,4.600877,4.650442,1.000000,0.999047,1.000954
ldc2,511,17,negative-source,vector16store,6,3496.667,0.477,1.000000,1.000000,1.001903,4.641593,4.596491,4.654867,1.000000,1.000000,1.000000
ldc2,511,17,negative-source,cpp-approved-execution,6,753.333,0.885,4.641593,4.600877,4.659292,1.000000,1.000000,1.000000,4.641593,4.596491,4.654867
ldc2,511,17,padded,original,6,828.333,0.402,1.000000,1.000000,1.000000,1.132420,1.131818,1.142202,1.000000,0.995984,1.004032
ldc2,511,17,padded,selected64,6,826.667,0.403,1.002016,0.995984,1.004032,1.132420,1.127273,1.142202,1.000000,1.000000,1.004032
ldc2,511,17,padded,vector16store,6,828.333,0.402,1.000000,0.995984,1.004032,1.134703,1.127273,1.142202,1.000000,1.000000,1.000000
ldc2,511,17,padded,cpp-approved-execution,6,730.000,0.913,1.132420,1.131818,1.142202,1.000000,1.000000,1.000000,1.134703,1.127273,1.142202
ldc2,511,17,repeated-source,original,6,813.333,3.279,1.000000,1.000000,1.000000,1.130233,1.120536,1.134884,1.000000,0.995902,1.004115
ldc2,511,17,repeated-source,selected64,6,815.000,3.681,1.000000,0.995918,1.004132,1.129632,1.120536,1.139535,1.000000,0.995902,1.008264
ldc2,511,17,repeated-source,vector16store,6,813.333,3.279,1.000000,0.995902,1.004115,1.132558,1.120536,1.134884,1.000000,1.000000,1.000000
ldc2,511,17,repeated-source,cpp-approved-execution,6,716.667,4.186,1.130233,1.120536,1.134884,1.000000,1.000000,1.000000,1.132558,1.120536,1.134884
ldc2,511,17,universal,original,6,19653.333,4.545,1.000000,1.000000,1.000000,4.087369,4.048443,4.233910,1.002477,0.996626,1.119715
ldc2,511,17,universal,selected64,6,19571.667,16.452,1.002643,0.904227,1.011952,4.070394,4.013841,4.682353,1.007521,0.913538,1.055716
ldc2,511,17,universal,vector16store,6,19671.667,12.522,0.997532,0.893085,1.003386,4.091167,4.051903,4.563322,1.000000,1.000000,1.000000
ldc2,511,17,universal,cpp-approved-execution,6,4816.667,0.346,4.087369,4.048443,4.233910,1.000000,1.000000,1.000000,4.091167,4.051903,4.563322
ldc2,511,128,contiguous,original,6,5812.500,0.645,1.000000,1.000000,1.000000,1.104513,1.099291,1.107143,1.000000,0.997849,1.002155
ldc2,511,128,contiguous,selected64,6,5825.000,0.429,0.997854,0.995717,1.002151,1.104513,1.101415,1.111905,0.998927,0.993576,1.000000
ldc2,511,128,contiguous,vector16store,6,5812.500,0.645,1.000000,0.997849,1.002155,1.104513,1.099291,1.107143,1.000000,1.000000,1.000000
ldc2,511,128,contiguous,cpp-approved-execution,6,5262.500,0.950,1.104513,1.099291,1.107143,1.000000,1.000000,1.000000,1.104513,1.099291,1.107143
ldc2,511,128,negative-both,original,6,26237.500,14.578,1.000000,1.000000,1.000000,4.314511,4.283368,4.905350,1.002101,0.887584,1.009143
ldc2,511,128,negative-both,selected64,6,26112.500,1.340,1.005227,0.998564,1.132542,4.289528,4.283951,4.331276,1.005485,0.999521,1.015187
ldc2,511,128,negative-both,vector16store,6,26237.500,2.716,0.997919,0.990939,1.126654,4.318940,4.283951,4.392197,1.000000,1.000000,1.000000
ldc2,511,128,negative-both,cpp-approved-execution,6,6081.250,0.411,4.314511,4.283368,4.905350,1.000000,1.000000,1.000000,4.318940,4.283951,4.392197
ldc2,511,128,negative-source,original,6,25950.000,0.241,1.000000,1.000000,1.000000,4.338561,4.329167,4.376842,1.035384,0.998072,1.065542
ldc2,511,128,negative-source,selected64,6,25968.750,2.551,0.999519,0.976952,1.001445,4.353673,4.331250,4.438413,1.022951,0.999035,1.059759
ldc2,511,128,negative-source,vector16store,6,26887.500,6.509,0.966277,0.938489,1.001931,4.486028,4.332636,4.654737,1.000000,1.000000,1.000000
ldc2,511,128,negative-source,cpp-approved-execution,6,5981.250,1.045,4.338561,4.329167,4.376842,1.000000,1.000000,1.000000,4.486028,4.332636,4.654737
ldc2,511,128,padded,original,6,5950.000,0.840,1.000000,1.000000,1.000000,1.079455,1.076923,1.086364,1.000000,0.997904,1.004202
ldc2,511,128,padded,selected64,6,5950.000,0.630,1.000000,0.997895,1.002101,1.079545,1.076923,1.086364,1.000000,0.997895,1.004202
ldc2,511,128,padded,vector16store,6,5956.250,0.839,1.000000,0.995816,1.002101,1.080497,1.077273,1.086364,1.000000,1.000000,1.000000
ldc2,511,128,padded,cpp-approved-execution,6,5506.250,0.454,1.079455,1.076923,1.086364,1.000000,1.000000,1.000000,1.080497,1.077273,1.086364
ldc2,511,128,repeated-source,original,6,5906.250,0.635,1.000000,1.000000,1.000000,1.066441,1.063205,1.069977,1.000000,0.997890,1.002123
ldc2,511,128,repeated-source,selected64,6,5900.000,0.847,1.001057,0.997881,1.002123,1.065537,1.063063,1.069820,1.001059,0.997881,1.002123
ldc2,511,128,repeated-source,vector16store,6,5906.250,0.635,1.000000,0.997881,1.002114,1.066515,1.063205,1.067873,1.000000,1.000000,1.000000
ldc2,511,128,repeated-source,cpp-approved-execution,6,5537.500,0.451,1.066441,1.063205,1.069977,1.000000,1.000000,1.000000,1.066515,1.063205,1.067873
ldc2,511,128,universal,original,6,148187.500,11.033,1.000000,1.000000,1.000000,4.077960,3.891483,4.335321,1.002617,0.951850,1.013855
ldc2,511,128,universal,selected64,6,148756.250,1.462,0.998785,0.991454,1.089698,4.078210,3.925025,4.094203,1.001645,0.994471,1.037228
ldc2,511,128,universal,vector16store,6,148506.250,5.160,0.997390,0.986334,1.050586,4.092435,3.903321,4.129275,1.000000,1.000000,1.000000
ldc2,511,128,universal,cpp-approved-execution,6,36425.000,4.907,4.077960,3.891483,4.335321,1.000000,1.000000,1.000000,4.092435,3.903321,4.129275
ldc2,512,1,contiguous,original,6,60.059,16.585,1.000000,1.000000,1.000000,1.519802,1.509901,1.603604,1.006504,0.985955,1.016393
ldc2,512,1,contiguous,selected64,6,60.059,11.707,1.000000,0.993485,1.037901,1.519802,1.517241,1.545045,1.009756,1.003247,1.023324
ldc2,512,1,contiguous,vector16store,6,60.547,13.548,0.993538,0.983871,1.014245,1.534653,1.522167,1.581081,1.000000,1.000000,1.000000
ldc2,512,1,contiguous,cpp-approved-execution,6,39.453,9.901,1.519802,1.509901,1.603604,1.000000,1.000000,1.000000,1.534653,1.522167,1.581081
ldc2,512,1,negative-both,original,6,216.895,1.351,1.000000,1.000000,1.000000,5.514925,5.485149,5.582090,1.007218,0.999109,1.015302
ldc2,512,1,negative-both,selected64,6,216.113,2.169,1.001355,0.984929,1.016304,5.504975,5.475248,5.584158,1.009036,1.000000,1.015399
ldc2,512,1,negative-both,vector16store,6,218.848,1.517,0.992854,0.984929,1.000892,5.560822,5.527363,5.584158,1.000000,1.000000,1.000000
ldc2,512,1,negative-both,cpp-approved-execution,6,39.258,0.498,5.514925,5.485149,5.582090,1.000000,1.000000,1.000000,5.560822,5.527363,5.584158
ldc2,512,1,negative-source,original,6,216.602,0.812,1.000000,1.000000,1.000000,5.540000,5.495050,5.565000,0.999102,0.997292,1.012579
ldc2,512,1,negative-source,selected64,6,215.918,1.176,1.002262,0.999106,1.004525,5.525000,5.470297,5.565000,1.002262,0.998211,1.013562
ldc2,512,1,negative-source,vector16store,6,217.285,1.978,1.000899,0.987578,1.002715,5.527500,5.490099,5.635000,1.000000,1.000000,1.000000
ldc2,512,1,negative-source,cpp-approved-execution,6,39.062,1.500,5.540000,5.495050,5.565000,1.000000,1.000000,1.000000,5.527500,5.490099,5.635000
ldc2,512,1,padded,original,6,59.570,0.656,1.000000,1.000000,1.000000,1.517413,1.512438,1.525000,1.011475,1.006536,1.019737
ldc2,512,1,padded,selected64,6,59.668,0.327,0.998366,0.996721,1.003279,1.522388,1.509901,1.525000,1.009836,1.009804,1.016393
ldc2,512,1,padded,vector16store,6,60.352,0.647,0.988657,0.980645,0.993506,1.538657,1.524752,1.542289,1.000000,1.000000,1.000000
ldc2,512,1,padded,cpp-approved-execution,6,39.258,0.995,1.517413,1.512438,1.525000,1.000000,1.000000,1.000000,1.538657,1.524752,1.542289
ldc2,512,1,repeated-source,original,6,59.766,2.288,1.000000,1.000000,1.000000,1.500000,1.437788,1.507389,1.009804,1.006410,1.013115
ldc2,512,1,repeated-source,selected64,6,59.863,1.958,0.999979,0.996732,1.003279,1.501232,1.433180,1.512315,1.009725,1.006515,1.013115
ldc2,512,1,repeated-source,vector16store,6,60.352,1.618,0.990291,0.987055,0.993631,1.514706,1.447005,1.522167,1.000000,1.000000,1.000000
ldc2,512,1,repeated-source,cpp-approved-execution,6,39.844,6.863,1.500000,1.437788,1.507389,1.000000,1.000000,1.000000,1.514706,1.447005,1.522167
ldc2,512,1,universal,original,6,1187.402,4.622,1.000000,1.000000,1.000000,4.172615,4.081675,4.274537,1.002708,0.998354,1.028467
ldc2,512,1,universal,selected64,6,1190.625,3.560,0.992758,0.976198,1.010357,4.183940,4.163349,4.312286,1.002919,0.976691,1.012787
ldc2,512,1,universal,vector16store,6,1197.656,5.235,0.997303,0.972321,1.001649,4.208648,4.083734,4.304049,1.000000,1.000000,1.000000
ldc2,512,1,universal,cpp-approved-execution,6,284.570,0.000,4.172615,4.081675,4.274537,1.000000,1.000000,1.000000,4.208648,4.083734,4.304049
ldc2,512,17,contiguous,original,6,780.000,0.427,1.000000,1.000000,1.000000,1.088372,1.078341,1.098131,1.004274,1.004255,1.004274
ldc2,512,17,contiguous,selected64,6,780.000,0.427,1.000000,1.000000,1.000000,1.088372,1.078341,1.098131,1.004274,1.004255,1.004274
ldc2,512,17,contiguous,vector16store,6,783.333,0.426,0.995745,0.995745,0.995763,1.093023,1.082949,1.102804,1.000000,1.000000,1.000000
ldc2,512,17,contiguous,cpp-approved-execution,6,716.667,1.395,1.088372,1.078341,1.098131,1.000000,1.000000,1.000000,1.093023,1.082949,1.102804
ldc2,512,17,negative-both,original,6,3511.667,0.854,1.000000,1.000000,1.000000,4.467289,4.405858,4.485106,0.999527,0.998101,1.000000
ldc2,512,17,negative-both,selected64,6,3506.667,0.951,1.001902,1.000951,1.003795,4.456705,4.401674,4.476596,1.001420,1.000000,1.002860
ldc2,512,17,negative-both,vector16store,6,3510.000,0.950,1.000473,1.000000,1.001903,4.465162,4.405858,4.480851,1.000000,1.000000,1.000000
ldc2,512,17,negative-both,cpp-approved-execution,6,788.333,1.691,4.467289,4.405858,4.485106,1.000000,1.000000,1.000000,4.465162,4.405858,4.480851
ldc2,512,17,negative-source,original,6,3515.000,0.379,1.000000,1.000000,1.000000,4.721973,4.663717,4.739910,0.999054,0.999051,1.000950
ldc2,512,17,negative-source,selected64,6,3515.000,0.379,1.000000,0.997159,1.002846,4.724215,4.663717,4.739910,0.999053,0.998106,1.001898
ldc2,512,17,negative-source,vector16store,6,3513.333,0.285,1.000947,0.999051,1.000950,4.724215,4.659292,4.735426,1.000000,1.000000,1.000000
ldc2,512,17,negative-source,cpp-approved-execution,6,743.333,1.345,4.721973,4.663717,4.739910,1.000000,1.000000,1.000000,4.724215,4.659292,4.735426
ldc2,512,17,padded,original,6,830.000,0.000,1.000000,1.000000,1.000000,1.142202,1.131818,1.147465,1.000000,0.995984,1.000000
ldc2,512,17,padded,selected64,6,830.000,0.803,1.000000,0.996000,1.004032,1.142202,1.131818,1.142857,1.000000,0.996000,1.000000
ldc2,512,17,padded,vector16store,6,830.000,0.402,1.000000,1.000000,1.004032,1.142202,1.131818,1.142857,1.000000,1.000000,1.000000
ldc2,512,17,padded,cpp-approved-execution,6,726.667,1.376,1.142202,1.131818,1.147465,1.000000,1.000000,1.000000,1.142202,1.131818,1.142857
ldc2,512,17,repeated-source,original,6,815.000,0.818,1.000000,1.000000,1.000000,1.129331,1.124424,1.134884,1.000000,0.995918,1.004082
ldc2,512,17,repeated-source,selected64,6,813.333,0.820,1.002041,1.000000,1.004115,1.127016,1.124424,1.134884,1.000000,1.000000,1.004115
ldc2,512,17,repeated-source,vector16store,6,813.333,0.820,1.000000,0.995935,1.004098,1.129331,1.124424,1.134884,1.000000,1.000000,1.000000
ldc2,512,17,repeated-source,cpp-approved-execution,6,723.333,0.922,1.129331,1.124424,1.134884,1.000000,1.000000,1.000000,1.129331,1.124424,1.134884
ldc2,512,17,universal,original,6,19805.000,2.642,1.000000,1.000000,1.000000,4.103246,4.068370,4.179682,1.010212,1.001493,1.042242
ldc2,512,17,universal,selected64,6,19986.667,2.702,1.000518,0.977759,1.005000,4.142316,4.072564,4.184520,1.008039,0.987220,1.033545
ldc2,512,17,universal,vector16store,6,20253.333,4.444,0.989892,0.959470,0.998510,4.199032,4.093296,4.276934,1.000000,1.000000,1.000000
ldc2,512,17,universal,cpp-approved-execution,6,4825.000,0.069,4.103246,4.068370,4.179682,1.000000,1.000000,1.000000,4.199032,4.093296,4.276934
ldc2,512,128,contiguous,original,6,5687.500,0.879,1.000000,1.000000,1.000000,1.076747,1.065728,1.080189,0.998906,0.995633,1.002203
ldc2,512,128,contiguous,selected64,6,5693.750,0.439,1.001096,0.997802,1.004386,1.075472,1.068075,1.078199,1.000000,0.997802,1.002203
ldc2,512,128,contiguous,vector16store,6,5693.750,0.439,1.001096,0.997802,1.004386,1.075472,1.068075,1.078199,1.000000,1.000000,1.000000
ldc2,512,128,contiguous,cpp-approved-execution,6,5300.000,0.943,1.076747,1.065728,1.080189,1.000000,1.000000,1.000000,1.075472,1.068075,1.078199
ldc2,512,128,negative-both,original,6,26231.250,2.240,1.000000,1.000000,1.000000,4.406934,4.352818,4.478992,0.996680,0.980724,1.017192
ldc2,512,128,negative-both,selected64,6,26031.250,5.474,1.006027,0.974406,1.019655,4.358795,4.329854,4.596639,1.005301,0.965265,1.022073
ldc2,512,128,negative-both,vector16store,6,26281.250,2.188,1.003364,0.983099,1.019655,4.415530,4.354906,4.446764,1.000000,1.000000,1.000000
ldc2,512,128,negative-both,cpp-approved-execution,6,5975.000,1.046,4.406934,4.352818,4.478992,1.000000,1.000000,1.000000,4.415530,4.354906,4.446764
ldc2,512,128,negative-source,original,6,26018.750,6.245,1.000000,1.000000,1.000000,4.496216,4.484914,4.766739,1.000241,0.944268,1.059106
ldc2,512,128,negative-source,selected64,6,25993.750,0.240,1.001443,0.999519,1.060548,4.490814,4.473118,4.494600,1.003365,1.000000,1.060125
ldc2,512,128,negative-source,vector16store,6,26093.750,6.036,0.999759,0.944192,1.059021,4.499458,4.488121,4.750000,1.000000,1.000000,1.000000
ldc2,512,128,negative-source,cpp-approved-execution,6,5787.500,0.648,4.496216,4.484914,4.766739,1.000000,1.000000,1.000000,4.499458,4.488121,4.750000
ldc2,512,128,padded,original,6,5806.250,1.076,1.000000,1.000000,1.000000,1.083917,1.073903,1.091335,0.998927,0.995699,1.004310
ldc2,512,128,padded,selected64,6,5793.750,0.647,1.002153,0.997835,1.006479,1.081586,1.071594,1.086449,1.001075,0.997845,1.002160
ldc2,512,128,padded,vector16store,6,5800.000,0.862,1.001075,0.995708,1.004320,1.082754,1.069284,1.088785,1.000000,1.000000,1.000000
ldc2,512,128,padded,cpp-approved-execution,6,5350.000,1.402,1.083917,1.073903,1.091335,1.000000,1.000000,1.000000,1.082754,1.069284,1.088785
ldc2,512,128,repeated-source,original,6,5775.000,0.216,1.000000,1.000000,1.000000,1.069525,1.064516,1.071926,1.000000,0.997835,1.000000
ldc2,512,128,repeated-source,selected64,6,5762.500,0.217,1.000000,1.000000,1.002169,1.068368,1.064516,1.071926,1.000000,1.000000,1.002169
ldc2,512,128,repeated-source,vector16store,6,5768.750,0.217,1.000000,1.000000,1.002169,1.069525,1.064516,1.071926,1.000000,1.000000,1.000000
ldc2,512,128,repeated-source,cpp-approved-execution,6,5393.750,0.695,1.069525,1.064516,1.071926,1.000000,1.000000,1.000000,1.069525,1.064516,1.071926
ldc2,512,128,universal,original,6,149556.250,2.850,1.000000,1.000000,1.000000,4.073023,3.986987,4.181536,1.005532,0.979652,1.014910
ldc2,512,128,universal,selected64,6,149300.000,1.465,1.001178,0.992517,1.016999,4.084045,3.928289,4.146988,1.003741,0.992323,1.029057
ldc2,512,128,universal,vector16store,6,149731.250,3.314,0.994499,0.985309,1.020770,4.104010,3.986653,4.141824,1.000000,1.000000,1.000000
ldc2,512,128,universal,cpp-approved-execution,6,36368.750,4.709,4.073023,3.986987,4.181536,1.000000,1.000000,1.000000,4.104010,3.986653,4.141824
ldc2,513,1,contiguous,original,6,60.470,0.971,1.000000,1.000000,1.000000,1.512255,1.507317,1.539604,1.008091,1.003215,1.012987
ldc2,513,1,contiguous,selected64,6,60.470,0.647,1.000000,0.993569,1.006472,1.518437,1.507317,1.529703,1.009709,1.000000,1.009709
ldc2,513,1,contiguous,vector16store,6,61.057,0.321,0.991977,0.987179,0.996795,1.526961,1.517073,1.544554,1.000000,1.000000,1.000000
ldc2,513,1,contiguous,cpp-approved-execution,6,39.922,1.471,1.512255,1.507317,1.539604,1.000000,1.000000,1.000000,1.526961,1.517073,1.544554
ldc2,513,1,negative-both,original,6,217.515,0.810,1.000000,1.000000,1.000000,5.453431,5.416667,5.472906,1.004048,1.000000,1.008145
ldc2,513,1,negative-both,selected64,6,217.515,0.540,0.999998,0.993705,1.004517,5.448529,5.426471,5.482759,1.001351,0.998203,1.012647
ldc2,513,1,negative-both,vector16store,6,218.004,1.077,0.995973,0.991921,1.000000,5.466845,5.436275,5.495098,1.000000,1.000000,1.000000
ldc2,513,1,negative-both,cpp-approved-execution,6,39.922,0.490,5.453431,5.416667,5.472906,1.000000,1.000000,1.000000,5.466845,5.436275,5.495098
ldc2,513,1,negative-source,original,6,217.613,1.259,1.000000,1.000000,1.000000,5.467980,5.441748,5.490196,1.002241,0.988393,1.012590
ldc2,513,1,negative-source,selected64,6,217.515,1.619,1.000000,0.999102,1.008101,5.449902,5.438424,5.482759,1.002246,0.996400,1.011680
ldc2,513,1,negative-source,vector16store,6,217.221,1.712,0.997765,0.987567,1.011743,5.467980,5.426471,5.546798,1.000000,1.000000,1.000000
ldc2,513,1,negative-source,cpp-approved-execution,6,39.726,1.478,5.467980,5.441748,5.490196,1.000000,1.000000,1.000000,5.467980,5.426471,5.546798
ldc2,513,1,padded,original,6,60.078,0.651,1.000000,1.000000,1.000000,1.512315,1.512315,1.514706,1.011401,1.006472,1.013029
ldc2,513,1,padded,selected64,6,60.176,0.976,0.998377,0.993528,1.006515,1.514778,1.504902,1.522167,1.011385,1.003236,1.013072
ldc2,513,1,padded,vector16store,6,60.861,0.322,0.988730,0.987138,0.993569,1.529557,1.524510,1.532020,1.000000,1.000000,1.000000
ldc2,513,1,padded,cpp-approved-execution,6,39.726,0.493,1.512315,1.512315,1.514706,1.000000,1.000000,1.000000,1.529557,1.524510,1.532020
ldc2,513,1,repeated-source,original,6,60.274,0.325,1.000000,1.000000,1.000000,1.495146,1.495146,1.500000,1.009740,1.009709,1.012987
ldc2,513,1,repeated-source,selected64,6,60.470,0.647,0.996769,0.996764,1.000000,1.500000,1.495146,1.504854,1.006472,1.006452,1.012987
ldc2,513,1,repeated-source,vector16store,6,60.861,0.322,0.990354,0.987179,0.990385,1.509709,1.509709,1.514563,1.000000,1.000000,1.000000
ldc2,513,1,repeated-source,cpp-approved-execution,6,40.313,0.000,1.495146,1.495146,1.500000,1.000000,1.000000,1.000000,1.509709,1.509709,1.514563
ldc2,513,1,universal,original,6,1192.466,3.692,1.000000,1.000000,1.000000,4.180791,4.079616,4.228239,1.018074,0.990963,1.160966
ldc2,513,1,universal,selected64,6,1198.924,4.587,0.992576,0.967921,1.005761,4.204873,4.168724,4.356408,1.007960,0.992267,1.126809
ldc2,513,1,universal,vector16store,6,1201.957,18.414,0.982253,0.861352,1.009120,4.215511,4.136488,4.908842,1.000000,1.000000,1.000000
ldc2,513,1,universal,cpp-approved-execution,6,285.127,0.137,4.180791,4.079616,4.228239,1.000000,1.000000,1.000000,4.215511,4.136488,4.908842
ldc2,513,17,contiguous,original,6,765.000,45.752,1.000000,1.000000,1.000000,1.060185,1.027692,1.074419,1.002183,0.991342,1.008982
ldc2,513,17,contiguous,selected64,6,765.000,57.081,1.000000,0.927778,1.000000,1.062651,1.050228,1.107692,1.000000,0.936111,1.004367
ldc2,513,17,contiguous,vector16store,6,766.667,46.957,0.997826,0.991098,1.008734,1.064815,1.036923,1.065116,1.000000,1.000000,1.000000
ldc2,513,17,contiguous,cpp-approved-execution,6,720.000,50.926,1.060185,1.027692,1.074419,1.000000,1.000000,1.000000,1.064815,1.036923,1.065116
ldc2,513,17,negative-both,original,6,3510.000,0.285,1.000000,1.000000,1.000000,4.732608,4.709821,4.764706,1.000475,1.000000,1.008531
ldc2,513,17,negative-both,selected64,6,3506.667,0.380,1.001426,1.000000,1.001905,4.728114,4.705357,4.755656,1.001904,1.001901,1.009488
ldc2,513,17,negative-both,vector16store,6,3513.333,1.139,0.999526,0.991541,1.000000,4.748874,4.717489,4.764706,1.000000,1.000000,1.000000
ldc2,513,17,negative-both,cpp-approved-execution,6,741.667,1.348,4.732608,4.709821,4.764706,1.000000,1.000000,1.000000,4.748874,4.717489,4.764706
ldc2,513,17,negative-source,original,6,3515.000,1.043,1.000000,1.000000,1.000000,4.904651,4.893023,4.944186,0.999053,0.998104,1.000950
ldc2,513,17,negative-source,selected64,6,3506.667,7.985,1.001903,0.934744,1.004726,4.893023,4.883721,5.250000,1.001427,0.933862,1.002836
ldc2,513,17,negative-source,vector16store,6,3513.333,0.949,1.000948,0.999051,1.001899,4.902326,4.888372,4.934884,1.000000,1.000000,1.000000
ldc2,513,17,negative-source,cpp-approved-execution,6,716.667,0.465,4.904651,4.893023,4.944186,1.000000,1.000000,1.000000,4.902326,4.888372,4.934884
ldc2,513,17,padded,original,6,806.667,60.744,1.000000,1.000000,1.000000,1.142519,1.087079,1.152381,1.000000,0.995868,1.004167
ldc2,513,17,padded,selected64,6,805.000,61.284,0.997942,0.994859,1.004149,1.142180,1.092697,1.157143,1.000000,0.994859,1.000000
ldc2,513,17,padded,vector16store,6,805.000,60.455,1.000000,0.995851,1.004149,1.142180,1.087079,1.152381,1.000000,1.000000,1.000000
ldc2,513,17,padded,cpp-approved-execution,6,703.333,69.194,1.142519,1.087079,1.152381,1.000000,1.000000,1.000000,1.142180,1.087079,1.152381
ldc2,513,17,repeated-source,original,6,790.000,0.844,1.000000,1.000000,1.000000,1.134293,1.128571,1.139423,1.000000,1.000000,1.004237
ldc2,513,17,repeated-source,selected64,6,790.000,0.422,1.000000,0.995781,1.000000,1.136697,1.128571,1.139423,1.000000,1.000000,1.004202
ldc2,513,17,repeated-source,vector16store,6,790.000,0.844,1.000000,0.995781,1.000000,1.138759,1.128571,1.139423,1.000000,1.000000,1.000000
ldc2,513,17,repeated-source,cpp-approved-execution,6,695.000,0.959,1.134293,1.128571,1.139423,1.000000,1.000000,1.000000,1.138759,1.128571,1.139423
ldc2,513,17,universal,original,6,19783.333,3.673,1.000000,1.000000,1.000000,4.074801,3.919271,4.167586,1.005329,0.961794,1.058541
ldc2,513,17,universal,selected64,6,19973.333,12.667,0.999747,0.878582,1.005621,4.092731,4.005208,4.569263,1.002787,0.930015,1.010220
ldc2,513,17,universal,vector16store,6,19905.000,6.297,0.994700,0.944697,1.039724,4.116861,3.769531,4.249483,1.000000,1.000000,1.000000
ldc2,513,17,universal,cpp-approved-execution,6,4835.000,5.929,4.074801,3.919271,4.167586,1.000000,1.000000,1.000000,4.116861,3.769531,4.249483
ldc2,513,128,contiguous,original,6,5550.000,0.225,1.000000,1.000000,1.000000,1.048349,1.042254,1.049645,1.000000,0.997748,1.002252
ldc2,513,128,contiguous,selected64,6,5543.750,0.902,1.001129,0.993289,1.002257,1.047281,1.044811,1.049528,1.000000,0.995526,1.002257
ldc2,513,128,contiguous,vector16store,6,5550.000,0.450,1.000000,0.997753,1.002257,1.047226,1.044601,1.049645,1.000000,1.000000,1.000000
ldc2,513,128,contiguous,cpp-approved-execution,6,5300.000,0.708,1.048349,1.042254,1.049645,1.000000,1.000000,1.000000,1.047226,1.044601,1.049645
ldc2,513,128,negative-both,original,6,26275.000,6.803,1.000000,1.000000,1.000000,4.505379,4.441860,4.781585,0.998095,0.945813,1.002853
ldc2,513,128,negative-both,selected64,6,26125.000,6.746,1.002396,0.944270,1.068421,4.485011,4.475375,4.704017,1.005021,0.939326,1.010526
ldc2,513,128,negative-both,vector16store,6,26225.000,1.049,1.001909,0.997155,1.057292,4.507497,4.418605,4.544469,1.000000,1.000000,1.000000
ldc2,513,128,negative-both,cpp-approved-execution,6,5831.250,2.572,4.505379,4.441860,4.781585,1.000000,1.000000,1.000000,4.507497,4.418605,4.544469
ldc2,513,128,negative-source,original,6,26025.000,0.432,1.000000,1.000000,1.000000,4.547046,4.536957,4.575824,1.000961,0.997125,1.012002
ldc2,513,128,negative-source,selected64,6,26050.000,1.152,0.998325,0.990485,1.002402,4.565170,4.526087,4.591209,0.998802,0.990961,1.012488
ldc2,513,128,negative-source,vector16store,6,26050.000,1.392,0.999040,0.988140,1.002883,4.557987,4.523913,4.622807,1.000000,1.000000,1.000000
ldc2,513,128,negative-source,cpp-approved-execution,6,5712.500,1.094,4.547046,4.536957,4.575824,1.000000,1.000000,1.000000,4.557987,4.523913,4.622807
ldc2,513,128,padded,original,6,5850.000,0.641,1.000000,1.000000,1.000000,1.105201,1.103286,1.106383,1.000000,0.997863,1.002137
ldc2,513,128,padded,selected64,6,5850.000,0.641,1.000000,0.997863,1.002141,1.105201,1.103286,1.106383,0.998932,0.997863,1.004283
ldc2,513,128,padded,vector16store,6,5843.750,0.642,1.000000,0.997868,1.002141,1.104019,1.103286,1.108747,1.000000,1.000000,1.000000
ldc2,513,128,padded,cpp-approved-execution,6,5287.500,0.709,1.105201,1.103286,1.106383,1.000000,1.000000,1.000000,1.104019,1.103286,1.108747
ldc2,513,128,repeated-source,original,6,5793.750,0.863,1.000000,1.000000,1.000000,1.086957,1.083721,1.089202,1.000000,0.997845,1.002165
ldc2,513,128,repeated-source,selected64,6,5787.500,0.864,1.000000,0.997840,1.004329,1.085579,1.083721,1.089412,1.000000,1.000000,1.004310
ldc2,513,128,repeated-source,vector16store,6,5787.500,0.648,1.000000,0.997840,1.002160,1.086854,1.083721,1.091335,1.000000,1.000000,1.000000
ldc2,513,128,repeated-source,cpp-approved-execution,6,5331.250,1.172,1.086957,1.083721,1.089202,1.000000,1.000000,1.000000,1.086854,1.083721,1.091335
ldc2,513,128,universal,original,6,151168.750,10.518,1.000000,1.000000,1.000000,4.134092,3.958922,4.270569,0.995346,0.912961,1.005105
ldc2,513,128,universal,selected64,6,150443.750,4.163,1.001734,0.962697,1.091604,4.120697,3.912195,4.253598,0.996956,0.967612,1.001091
ldc2,513,128,universal,vector16store,6,149993.750,1.925,1.004698,0.994921,1.095337,4.098526,3.898862,4.173255,1.000000,1.000000,1.000000
ldc2,513,128,universal,cpp-approved-execution,6,36475.000,5.929,4.134092,3.958922,4.270569,1.000000,1.000000,1.000000,4.098526,3.898862,4.173255
ldc2,2048,1,contiguous,original,6,196.875,4.365,1.000000,1.000000,1.000000,1.175640,1.116883,1.183099,1.003922,0.996032,1.020243
ldc2,2048,1,contiguous,selected64,6,196.094,2.789,1.003938,0.980159,1.008000,1.175234,1.112554,1.178404,1.003984,1.000000,1.012000
ldc2,2048,1,contiguous,vector16store,6,196.875,3.175,0.996093,0.980159,1.003984,1.177987,1.121212,1.183099,1.000000,1.000000,1.000000
ldc2,2048,1,contiguous,cpp-approved-execution,6,167.188,8.411,1.175640,1.116883,1.183099,1.000000,1.000000,1.000000,1.177987,1.121212,1.183099
ldc2,2048,1,negative-both,original,6,813.281,0.865,1.000000,1.000000,1.000000,4.887410,4.623894,4.947867,1.000482,0.998077,1.190613
ldc2,2048,1,negative-both,selected64,6,812.500,0.673,1.000479,0.999036,1.001927,4.882693,4.619469,4.938389,1.000479,1.000000,1.192898
ldc2,2048,1,negative-both,vector16store,6,812.500,19.808,0.999518,0.839903,1.001927,4.882693,4.623894,5.890995,1.000000,1.000000,1.000000
ldc2,2048,1,negative-both,cpp-approved-execution,6,166.406,7.042,4.887410,4.623894,4.947867,1.000000,1.000000,1.000000,4.882693,4.623894,5.890995
ldc2,2048,1,negative-source,original,6,811.328,2.504,1.000000,1.000000,1.000000,4.921801,4.818605,5.033175,1.000002,0.981168,1.001929
ldc2,2048,1,negative-source,selected64,6,810.547,0.482,1.000000,0.999036,1.020173,4.917062,4.823256,4.938389,1.000480,0.999040,1.001929
ldc2,2048,1,negative-source,vector16store,6,811.328,0.481,0.999999,0.998075,1.019194,4.921801,4.823256,4.938389,1.000000,1.000000,1.000000
ldc2,2048,1,negative-source,cpp-approved-execution,6,164.844,1.896,4.921801,4.818605,5.033175,1.000000,1.000000,1.000000,4.921801,4.823256,4.938389
ldc2,2048,1,padded,original,6,196.484,0.795,1.000000,1.000000,1.000000,1.170170,1.151376,1.183099,1.003984,1.000000,1.007905
ldc2,2048,1,padded,selected64,6,196.094,1.594,1.001984,0.996063,1.004000,1.167833,1.151376,1.178404,1.003984,1.003937,1.008000
ldc2,2048,1,padded,vector16store,6,196.875,1.190,0.996032,0.992157,1.000000,1.174832,1.155963,1.183099,1.000000,1.000000,1.000000
ldc2,2048,1,padded,cpp-approved-execution,6,167.969,2.326,1.170170,1.151376,1.183099,1.000000,1.000000,1.000000,1.174832,1.155963,1.183099
ldc2,2048,1,repeated-source,original,6,196.484,0.795,1.000000,1.000000,1.000000,1.172897,1.172093,1.177570,1.000000,0.988142,1.003984
ldc2,2048,1,repeated-source,selected64,6,195.703,0.399,1.003992,1.000000,1.012000,1.170561,1.162791,1.172897,1.003984,1.000000,1.008000
ldc2,2048,1,repeated-source,vector16store,6,196.875,0.794,1.000000,0.996032,1.012000,1.175234,1.162791,1.177570,1.000000,1.000000,1.000000
ldc2,2048,1,repeated-source,cpp-approved-execution,6,167.188,0.467,1.172897,1.172093,1.177570,1.000000,1.000000,1.000000,1.175234,1.162791,1.177570
ldc2,2048,1,universal,original,6,4647.266,9.330,1.000000,1.000000,1.000000,4.159781,4.121763,4.506993,1.001812,0.993972,1.022581
ldc2,2048,1,universal,selected64,6,4654.688,9.953,0.996330,0.987758,1.004578,4.166438,4.127362,4.539161,0.997589,0.993581,1.011529
ldc2,2048,1,universal,vector16store,6,4683.203,9.676,0.998192,0.977918,1.006065,4.194892,4.116165,4.518881,1.000000,1.000000,1.000000
ldc2,2048,1,universal,cpp-approved-execution,6,1116.797,0.210,4.159781,4.121763,4.506993,1.000000,1.000000,1.000000,4.194892,4.116165,4.518881
ldc2,2048,17,contiguous,original,6,3025.000,1.653,1.000000,1.000000,1.000000,1.070954,1.069869,1.075556,1.000000,0.995918,1.000000
ldc2,2048,17,contiguous,selected64,6,3025.000,2.066,1.000000,0.995868,1.004149,1.072673,1.070796,1.075556,1.000000,0.991870,1.004149
ldc2,2048,17,contiguous,vector16store,6,3025.000,1.240,1.000000,1.000000,1.004098,1.070954,1.065502,1.075556,1.000000,1.000000,1.000000
ldc2,2048,17,contiguous,cpp-approved-execution,6,2818.750,1.774,1.070954,1.069869,1.075556,1.000000,1.000000,1.000000,1.070954,1.065502,1.075556
ldc2,2048,17,negative-both,original,6,13756.250,3.635,1.000000,1.000000,1.000000,4.795225,4.769565,4.813559,0.998209,0.997275,0.999088
ldc2,2048,17,negative-both,selected64,6,13712.500,3.464,1.002281,1.001767,1.003646,4.783843,4.760870,4.796610,1.000912,1.000000,1.000914
ldc2,2048,17,negative-both,vector16store,6,13725.000,3.461,1.001794,1.000912,1.002732,4.788210,4.765217,4.800847,1.000000,1.000000,1.000000
ldc2,2048,17,negative-both,cpp-approved-execution,6,2875.000,3.043,4.795225,4.769565,4.813559,1.000000,1.000000,1.000000,4.788210,4.765217,4.800847
ldc2,2048,17,negative-source,original,6,13750.000,0.545,1.000000,1.000000,1.000000,4.796943,4.761905,4.850220,0.999088,0.997273,1.001817
ldc2,2048,17,negative-source,selected64,6,13731.250,0.455,1.000456,1.000000,1.002735,4.788210,4.761905,4.850220,1.000000,0.998182,1.003636
ldc2,2048,17,negative-source,vector16store,6,13718.750,0.820,1.000913,0.998187,1.002735,4.788210,4.753247,4.859031,1.000000,1.000000,1.000000
ldc2,2048,17,negative-source,cpp-approved-execution,6,2862.500,1.747,4.796943,4.761905,4.850220,1.000000,1.000000,1.000000,4.788210,4.753247,4.859031
ldc2,2048,17,padded,original,6,3075.000,1.626,1.000000,1.000000,1.000000,1.088496,1.083700,1.111111,1.000000,0.980000,1.004065
ldc2,2048,17,padded,selected64,6,3093.750,1.616,0.995968,0.991935,1.020408,1.092716,1.088496,1.097345,0.995984,0.991935,1.000000
ldc2,2048,17,padded,vector16store,6,3075.000,0.813,1.000000,0.995951,1.020408,1.088496,1.083700,1.092920,1.000000,1.000000,1.000000
ldc2,2048,17,padded,cpp-approved-execution,6,2825.000,0.885,1.088496,1.083700,1.111111,1.000000,1.000000,1.000000,1.088496,1.083700,1.092920
ldc2,2048,17,repeated-source,original,6,3062.500,0.816,1.000000,1.000000,1.000000,1.079295,1.078947,1.083700,0.997967,0.995918,1.004098
ldc2,2048,17,repeated-source,selected64,6,3062.500,0.816,1.002041,0.995918,1.004098,1.079295,1.074561,1.084071,1.000000,0.995918,1.004098
ldc2,2048,17,repeated-source,vector16store,6,3062.500,0.408,1.002041,0.995918,1.004098,1.079295,1.074561,1.084071,1.000000,1.000000,1.000000
ldc2,2048,17,repeated-source,cpp-approved-execution,6,2837.500,0.881,1.079295,1.078947,1.083700,1.000000,1.000000,1.000000,1.079295,1.074561,1.084071
ldc2,2048,17,universal,original,6,79700.000,4.219,1.000000,1.000000,1.000000,4.198876,3.810103,4.295395,0.997293,0.991270,1.004724
ldc2,2048,17,universal,selected64,6,79156.250,1.690,1.006400,0.998270,1.035199,4.165830,3.814973,4.192890,1.007445,0.990720,1.026161
ldc2,2048,17,universal,vector16store,6,79781.250,4.011,1.002714,0.995299,1.008807,4.203161,3.805234,4.275953,1.000000,1.000000,1.000000
ldc2,2048,17,universal,cpp-approved-execution,6,19006.250,8.221,4.198876,3.810103,4.295395,1.000000,1.000000,1.000000,4.203161,3.805234,4.275953
ldc2,2048,128,contiguous,original,6,23018.750,0.489,1.000000,1.000000,1.000000,1.071325,1.066551,1.083187,0.995930,0.985923,1.003804
ldc2,2048,128,contiguous,selected64,6,23056.250,7.753,0.999459,0.932118,1.009831,1.072553,1.068287,1.149010,0.992423,0.932624,1.004350
ldc2,2048,128,contiguous,vector16store,6,22925.000,1.418,1.004096,0.996210,1.014278,1.068196,1.059028,1.075713,1.000000,1.000000,1.000000
ldc2,2048,128,contiguous,cpp-approved-execution,6,21468.750,1.223,1.071325,1.066551,1.083187,1.000000,1.000000,1.000000,1.068196,1.059028,1.075713
ldc2,2048,128,negative-both,original,6,107456.250,2.047,1.000000,1.000000,1.000000,4.373081,4.110368,4.449719,0.999941,0.989845,1.055983
ldc2,2048,128,negative-both,selected64,6,107425.000,2.083,1.001590,0.987865,1.017390,4.375102,4.150502,4.417050,0.999818,0.990061,1.074346
ldc2,2048,128,negative-both,vector16store,6,107156.250,7.979,1.000065,0.946985,1.010259,4.368880,4.155757,4.698826,1.000000,1.000000,1.000000
ldc2,2048,128,negative-both,cpp-approved-execution,6,24500.000,7.602,4.373081,4.110368,4.449719,1.000000,1.000000,1.000000,4.368880,4.155757,4.698826
ldc2,2048,128,negative-source,original,6,106512.500,4.577,1.000000,1.000000,1.000000,4.544535,4.237599,4.749598,0.998649,0.973809,1.012045
ldc2,2048,128,negative-source,selected64,6,106118.750,2.379,1.002417,0.989552,1.022274,4.543381,4.210317,4.646113,0.999012,0.982630,1.011806
ldc2,2048,128,negative-source,vector16store,6,106993.750,3.622,1.001357,0.988098,1.026895,4.541974,4.240575,4.625201,1.000000,1.000000,1.000000
ldc2,2048,128,negative-source,cpp-approved-execution,6,23368.750,8.505,4.544535,4.237599,4.749598,1.000000,1.000000,1.000000,4.541974,4.240575,4.625201
ldc2,2048,128,padded,original,6,23481.250,3.088,1.000000,1.000000,1.000000,1.079204,0.988378,1.088966,1.003191,0.978227,1.025655
ldc2,2048,128,padded,selected64,6,23525.000,0.744,0.998934,0.991534,1.023342,1.079336,0.991020,1.088966,1.002130,0.994180,1.022921
ldc2,2048,128,padded,vector16store,6,23556.250,2.282,0.996820,0.974987,1.022258,1.077785,1.013735,1.093010,1.000000,1.000000,1.000000
ldc2,2048,128,padded,cpp-approved-execution,6,21775.000,9.300,1.079204,0.988378,1.088966,1.000000,1.000000,1.000000,1.077785,1.013735,1.093010
ldc2,2048,128,repeated-source,original,6,23193.750,2.048,1.000000,1.000000,1.000000,1.066685,1.059026,1.093550,1.000269,0.977683,1.138190
ldc2,2048,128,repeated-source,selected64,6,23225.000,0.969,0.997575,0.992465,1.016748,1.072222,1.062286,1.075537,0.996500,0.990850,1.143088
ldc2,2048,128,repeated-source,vector16store,6,23125.000,15.405,0.999735,0.878588,1.022826,1.068471,1.061318,1.214286,1.000000,1.000000,1.000000
ldc2,2048,128,repeated-source,cpp-approved-execution,6,21712.500,1.670,1.066685,1.059026,1.093550,1.000000,1.000000,1.000000,1.068471,1.061318,1.214286
ldc2,2048,128,universal,original,6,611468.750,6.302,1.000000,1.000000,1.000000,4.106165,4.092669,4.320721,0.999298,0.957756,1.014859
ldc2,2048,128,universal,selected64,6,609100.000,4.650,1.001242,0.966763,1.049066,4.118284,4.077941,4.241607,1.001691,0.960847,1.018525
ldc2,2048,128,universal,vector16store,6,602975.000,5.123,1.000732,0.985358,1.044107,4.125950,4.075534,4.153483,1.000000,1.000000,1.000000
ldc2,2048,128,universal,cpp-approved-execution,6,146631.250,4.143,4.106165,4.092669,4.320721,1.000000,1.000000,1.000000,4.125950,4.075534,4.153483
ldc2,2048,512,contiguous,original,6,93887.500,80.562,1.000000,1.000000,1.000000,1.074930,1.067191,1.855063,1.000408,0.573502,1.005846
ldc2,2048,512,contiguous,selected64,6,94318.750,4.029,1.000266,0.988742,1.739629,1.076705,1.066355,1.080372,1.000395,0.993642,1.014056
ldc2,2048,512,contiguous,vector16store,6,94206.250,3.622,0.999597,0.994188,1.743673,1.074827,1.063882,1.095559,1.000000,1.000000,1.000000
ldc2,2048,512,contiguous,cpp-approved-execution,6,87343.750,4.637,1.074930,1.067191,1.855063,1.000000,1.000000,1.000000,1.074827,1.063882,1.095559
ldc2,2048,512,negative-both,original,6,436212.500,5.000,1.000000,1.000000,1.000000,4.133351,4.044851,4.247309,1.003206,0.990781,1.019997
ldc2,2048,512,negative-both,selected64,6,441256.250,5.705,0.997590,0.976748,1.002000,4.145711,4.053065,4.270707,0.997134,0.987590,1.014409
ldc2,2048,512,negative-both,vector16store,6,436787.500,7.023,0.996806,0.980395,1.009305,4.155772,4.018346,4.332241,1.000000,1.000000,1.000000
ldc2,2048,512,negative-both,cpp-approved-execution,6,106237.500,5.177,4.133351,4.044851,4.247309,1.000000,1.000000,1.000000,4.155772,4.018346,4.332241
ldc2,2048,512,negative-source,original,6,437718.750,4.435,1.000000,1.000000,1.000000,4.415486,4.154651,4.549687,1.002515,0.975270,1.047188
ldc2,2048,512,negative-source,selected64,6,431575.000,5.283,1.003518,0.991588,1.033139,4.397057,4.135142,4.502383,1.003252,0.997363,1.052129
ldc2,2048,512,negative-source,vector16store,6,440868.750,7.176,0.997512,0.954938,1.025357,4.418380,4.350702,4.503842,1.000000,1.000000,1.000000
ldc2,2048,512,negative-source,cpp-approved-execution,6,98612.500,8.467,4.415486,4.154651,4.549687,1.000000,1.000000,1.000000,4.418380,4.350702,4.503842
ldc2,2048,512,padded,original,6,95793.750,3.249,1.000000,1.000000,1.000000,1.090798,1.081241,1.094953,1.009168,0.969528,1.039786
ldc2,2048,512,padded,selected64,6,96337.500,3.283,1.001308,0.985845,1.007796,1.088621,1.077997,1.108881,1.005189,0.976346,1.042915
ldc2,2048,512,padded,vector16store,6,96675.000,4.836,0.991044,0.961736,1.031430,1.101539,1.061588,1.124260,1.000000,1.000000,1.000000
ldc2,2048,512,padded,cpp-approved-execution,6,87756.250,2.678,1.090798,1.081241,1.094953,1.000000,1.000000,1.000000,1.101539,1.061588,1.124260
ldc2,2048,512,repeated-source,original,6,94106.250,2.882,1.000000,1.000000,1.000000,1.065996,1.049320,1.074274,1.008984,0.987993,1.426140
ldc2,2048,512,repeated-source,selected64,6,94331.250,7.076,0.995635,0.949657,1.011747,1.070670,1.061800,1.106897,0.999136,0.977072,1.418783
ldc2,2048,512,repeated-source,vector16store,6,94131.250,43.251,0.991180,0.701193,1.012153,1.070134,1.057932,1.518833,1.000000,1.000000,1.000000
ldc2,2048,512,repeated-source,cpp-approved-execution,6,88225.000,3.287,1.065996,1.049320,1.074274,1.000000,1.000000,1.000000,1.070134,1.057932,1.518833
ldc2,2048,512,universal,original,6,2436593.750,4.566,1.000000,1.000000,1.000000,4.089948,4.051508,4.136325,1.000082,0.990344,1.010862
ldc2,2048,512,universal,selected64,6,2434087.500,8.558,1.000338,0.963069,1.004156,4.098222,4.086282,4.222731,0.999992,0.966545,1.001237
ldc2,2048,512,universal,vector16store,6,2430031.250,4.974,0.999921,0.989255,1.009750,4.094606,4.081461,4.105359,1.000000,1.000000,1.000000
ldc2,2048,512,universal,cpp-approved-execution,6,592750.000,5.230,4.089948,4.051508,4.136325,1.000000,1.000000,1.000000,4.094606,4.081461,4.105359
