compiler,width,height,layout,form,processes,ns_per_call,process_spread_pct,original_over_form_median,original_over_form_min,original_over_form_max,form_over_cpp_median,form_over_cpp_min,form_over_cpp_max,unconditional_over_form_median,unconditional_over_form_min,unconditional_over_form_max
dmd,1,1,contiguous,original,6,52.246,2.570,1.000000,1.000000,1.000000,13.806452,13.561290,13.916129,1.056977,1.038016,1.191825
dmd,1,1,contiguous,selected64,6,54.395,8.528,0.954498,0.894103,0.966637,14.374194,14.309677,15.535484,1.013289,0.988536,1.067628
dmd,1,1,contiguous,vector16store,6,54.919,14.537,0.946109,0.839049,0.963377,14.512903,14.445161,16.554839,1.000000,1.000000,1.000000
dmd,1,1,contiguous,cpp-approved-execution,6,3.784,0.000,13.806452,13.561290,13.916129,1.000000,1.000000,1.000000,14.512903,14.445161,16.554839
dmd,1,1,negative-both,original,6,51.941,0.658,1.000000,1.000000,1.000000,11.983098,11.949438,12.050847,1.070060,1.064380,1.117508
dmd,1,1,negative-both,selected64,6,54.956,6.131,0.945028,0.891926,0.949688,12.697740,12.655367,13.435028,1.005998,0.957107,1.057143
dmd,1,1,negative-both,vector16store,6,55.566,4.569,0.934534,0.894848,0.939514,12.858757,12.719101,13.378531,1.000000,1.000000,1.000000
dmd,1,1,negative-both,cpp-approved-execution,6,4.321,0.565,11.983098,11.949438,12.050847,1.000000,1.000000,1.000000,12.858757,12.719101,13.378531
dmd,1,1,negative-source,original,6,52.417,13.740,1.000000,1.000000,1.000000,12.112360,11.876404,13.533708,1.045890,0.929846,1.124294
dmd,1,1,negative-source,selected64,6,54.443,6.054,0.951080,0.922227,1.086114,12.552181,12.460674,13.293785,1.005157,0.952826,1.072776
dmd,1,1,negative-source,vector16store,6,54.724,6.603,0.956264,0.889447,1.075446,12.625436,12.584270,13.491525,1.000000,1.000000,1.000000
dmd,1,1,negative-source,cpp-approved-execution,6,4.333,0.563,12.112360,11.876404,13.533708,1.000000,1.000000,1.000000,12.625436,12.584270,13.491525
dmd,1,1,padded,original,6,51.990,2.254,1.000000,1.000000,1.000000,12.027995,11.876404,12.096045,1.059074,1.038569,1.111163
dmd,1,1,padded,selected64,6,54.211,2.027,0.955442,0.948175,0.963980,12.545198,12.415730,12.668539,1.011715,0.991131,1.067774
dmd,1,1,padded,vector16store,6,54.712,6.426,0.944221,0.899958,0.962864,12.655367,12.556180,13.440678,1.000000,1.000000,1.000000
dmd,1,1,padded,cpp-approved-execution,6,4.321,0.565,12.027995,11.876404,12.096045,1.000000,1.000000,1.000000,12.655367,12.556180,13.440678
dmd,1,1,repeated-source,original,6,52.185,4.772,1.000000,1.000000,1.000000,12.076271,11.938202,12.505618,1.063924,1.016173,1.071429
dmd,1,1,repeated-source,selected64,6,54.919,2.045,0.951478,0.927106,0.989333,12.703390,12.640449,12.943503,1.004890,0.992580,1.015590
dmd,1,1,repeated-source,vector16store,6,55.457,0.924,0.939929,0.933333,0.984085,12.805085,12.707865,12.881356,1.000000,1.000000,1.000000
dmd,1,1,repeated-source,cpp-approved-execution,6,4.321,0.565,12.076271,11.938202,12.505618,1.000000,1.000000,1.000000,12.805085,12.707865,12.881356
dmd,1,1,universal,original,6,130.469,1.628,1.000000,1.000000,1.000000,37.111111,36.958333,37.548611,0.998328,0.981143,1.008972
dmd,1,1,universal,selected64,6,131.067,5.402,0.993455,0.967956,1.010196,37.281250,36.777778,38.791667,0.990697,0.965807,1.019260
dmd,1,1,universal,vector16store,6,130.298,2.080,1.001675,0.991108,1.019220,37.062500,36.600000,37.486111,1.000000,1.000000,1.000000
dmd,1,1,universal,cpp-approved-execution,6,3.516,0.694,37.111111,36.958333,37.548611,1.000000,1.000000,1.000000,37.062500,36.600000,37.486111
dmd,1,17,contiguous,original,6,69.116,3.992,1.000000,1.000000,1.000000,14.155000,14.090000,14.655000,2.149020,2.038553,2.342837
dmd,1,17,contiguous,selected64,6,134.778,16.502,0.515128,0.459719,0.531151,27.602500,26.725000,31.280000,1.076936,1.068595,1.163517
dmd,1,17,contiguous,vector16store,6,148.108,14.259,0.465444,0.426833,0.490544,30.332500,29.365000,33.690000,1.000000,1.000000,1.000000
dmd,1,17,contiguous,cpp-approved-execution,6,4.883,0.000,14.155000,14.090000,14.655000,1.000000,1.000000,1.000000,30.332500,29.365000,33.690000
dmd,1,17,negative-both,original,6,149.927,2.915,1.000000,1.000000,1.000000,4.944444,4.848631,4.992754,1.328482,1.283461,1.419501
dmd,1,17,negative-both,selected64,6,210.095,2.626,0.718607,0.695060,0.728209,6.928744,6.798712,6.980676,0.943752,0.934628,1.023234
dmd,1,17,negative-both,vector16store,6,199.548,10.669,0.752786,0.704473,0.779143,6.580918,6.354267,7.056361,1.000000,1.000000,1.000000
dmd,1,17,negative-both,cpp-approved-execution,6,30.322,0.000,4.944444,4.848631,4.992754,1.000000,1.000000,1.000000,6.580918,6.354267,7.056361
dmd,1,17,negative-source,original,6,148.792,3.134,1.000000,1.000000,1.000000,4.907005,4.834944,4.988728,1.306484,1.281419,1.457133
dmd,1,17,negative-source,selected64,6,207.703,2.692,0.715786,0.709057,0.733742,6.849839,6.698068,6.882448,0.933305,0.912494,1.058901
dmd,1,17,negative-source,vector16store,6,193.872,13.285,0.765430,0.686279,0.780385,6.393720,6.280193,7.129630,1.000000,1.000000,1.000000
dmd,1,17,negative-source,cpp-approved-execution,6,30.322,0.000,4.907005,4.834944,4.988728,1.000000,1.000000,1.000000,6.393720,6.280193,7.129630
dmd,1,17,padded,original,6,145.349,2.839,1.000000,1.000000,1.000000,4.783414,4.389257,4.905797,1.306973,1.273100,1.338132
dmd,1,17,padded,selected64,6,205.652,2.956,0.709052,0.694897,0.717511,6.745572,6.217071,6.904187,0.921340,0.904606,0.960125
dmd,1,17,padded,vector16store,6,189.771,3.847,0.765135,0.747310,0.785484,6.258454,5.662252,6.436393,1.000000,1.000000,1.000000
dmd,1,17,padded,cpp-approved-execution,6,30.322,9.420,4.783414,4.389257,4.905797,1.000000,1.000000,1.000000,6.258454,5.662252,6.436393
dmd,1,17,repeated-source,original,6,145.020,1.178,1.000000,1.000000,1.000000,4.782609,4.772947,4.829308,1.349009,1.312100,1.655533
dmd,1,17,repeated-source,selected64,6,205.457,1.426,0.707564,0.699269,0.712267,6.775765,6.735910,6.832528,0.955725,0.917511,1.173082
dmd,1,17,repeated-source,vector16store,6,196.045,25.255,0.741291,0.604035,0.762137,6.465378,6.268921,7.901771,1.000000,1.000000,1.000000
dmd,1,17,repeated-source,cpp-approved-execution,6,30.322,0.000,4.782609,4.772947,4.829308,1.000000,1.000000,1.000000,6.465378,6.268921,7.901771
dmd,1,17,universal,original,6,276.172,2.369,1.000000,1.000000,1.000000,14.097249,13.781327,14.225282,0.998694,0.986363,1.065551
dmd,1,17,universal,selected64,6,274.316,7.556,1.011718,0.935847,1.020470,14.002490,13.788250,14.726044,1.001660,0.994494,1.085131
dmd,1,17,universal,vector16store,6,274.390,9.129,1.001356,0.938482,1.013826,14.068859,14.015019,14.962056,1.000000,1.000000,1.000000
dmd,1,17,universal,cpp-approved-execution,6,19.507,2.378,14.097249,13.781327,14.225282,1.000000,1.000000,1.000000,14.068859,14.015019,14.962056
dmd,1,128,contiguous,original,6,189.868,6.764,1.000000,1.000000,1.000000,15.584940,15.248000,16.300000,3.865076,3.746748,4.060598
dmd,1,128,contiguous,selected64,6,642.065,8.145,0.291661,0.282080,0.300536,52.703598,52.240000,56.524000,1.154596,1.080461,1.178903
dmd,1,128,contiguous,vector16store,6,742.529,4.235,0.258730,0.246269,0.266898,60.828000,59.578313,62.152610,1.000000,1.000000,1.000000
dmd,1,128,contiguous,cpp-approved-execution,6,12.207,0.400,15.584940,15.248000,16.300000,1.000000,1.000000,1.000000,60.828000,59.578313,62.152610
dmd,1,128,negative-both,original,6,269.824,0.796,1.000000,1.000000,1.000000,1.226034,1.209103,1.244935,2.864168,2.759956,2.984434
dmd,1,128,negative-both,selected64,6,730.249,5.503,0.367624,0.355511,0.375730,3.314396,3.275938,3.497075,1.061856,1.014031,1.073184
dmd,1,128,negative-both,vector16store,6,772.729,8.290,0.349196,0.335072,0.362325,3.518422,3.337071,3.710396,1.000000,1.000000,1.000000
dmd,1,128,negative-both,cpp-approved-execution,6,219.556,2.602,1.226034,1.209103,1.244935,1.000000,1.000000,1.000000,3.518422,3.337071,3.710396
dmd,1,128,negative-source,original,6,267.896,1.094,1.000000,1.000000,1.000000,1.206905,1.170467,1.225277,2.861344,2.620198,2.952806
dmd,1,128,negative-source,selected64,6,726.392,12.852,0.368340,0.351682,0.399182,3.283305,3.002193,3.418401,1.052661,1.038449,1.058726
dmd,1,128,negative-source,vector16store,6,766.895,11.989,0.349505,0.338661,0.381651,3.456057,3.140101,3.549836,1.000000,1.000000,1.000000
dmd,1,128,negative-source,cpp-approved-execution,6,221.875,5.062,1.206905,1.170467,1.225277,1.000000,1.000000,1.000000,3.456057,3.140101,3.549836
dmd,1,128,padded,original,6,265.283,10.418,1.000000,1.000000,1.000000,1.206894,1.168056,1.285745,2.894118,2.771986,2.948362
dmd,1,128,padded,selected64,6,725.635,4.004,0.371711,0.356717,0.391727,3.267934,3.175242,3.363698,1.075528,1.037990,1.097777
dmd,1,128,padded,vector16store,6,775.952,5.254,0.345536,0.339171,0.360752,3.486906,3.398859,3.582996,1.000000,1.000000,1.000000
dmd,1,128,padded,cpp-approved-execution,6,222.314,2.965,1.206894,1.168056,1.285745,1.000000,1.000000,1.000000,3.486906,3.398859,3.582996
dmd,1,128,repeated-source,original,6,263.892,1.536,1.000000,1.000000,1.000000,1.188441,1.170914,1.217019,3.062681,2.936945,3.192671
dmd,1,128,repeated-source,selected64,6,715.454,12.332,0.366575,0.331026,0.372925,3.256879,3.189409,3.587253,1.127295,1.056331,1.153530
dmd,1,128,repeated-source,vector16store,6,807.544,8.266,0.326512,0.313217,0.340490,3.652492,3.572425,3.791209,1.000000,1.000000,1.000000
dmd,1,128,repeated-source,cpp-approved-execution,6,222.192,2.989,1.188441,1.170914,1.217019,1.000000,1.000000,1.000000,3.652492,3.572425,3.791209
dmd,1,128,universal,original,6,1219.556,2.314,1.000000,1.000000,1.000000,8.624214,8.334661,8.807263,1.008019,0.995124,1.050351
dmd,1,128,universal,selected64,6,1223.950,2.310,0.993027,0.984719,1.018164,8.648445,8.396414,8.822502,1.001880,0.994213,1.042626
dmd,1,128,universal,vector16store,6,1226.343,6.486,0.992056,0.952063,1.004900,8.731980,8.457440,8.780573,1.000000,1.000000,1.000000
dmd,1,128,universal,cpp-approved-execution,6,139.795,5.239,8.624214,8.334661,8.807263,1.000000,1.000000,1.000000,8.731980,8.457440,8.780573
dmd,7,1,contiguous,original,6,56.348,5.546,1.000000,1.000000,1.000000,10.371622,9.467213,10.500000,1.024540,1.022550,1.059745
dmd,7,1,contiguous,selected64,6,57.812,7.390,0.972962,0.957774,0.977533,10.632883,9.692623,10.846847,1.000001,0.994095,1.014996
dmd,7,1,contiguous,vector16store,6,57.666,9.102,0.976049,0.943624,0.977947,10.619369,9.684426,10.981982,1.000000,1.000000,1.000000
dmd,7,1,contiguous,cpp-approved-execution,6,5.420,14.865,10.371622,9.467213,10.500000,1.000000,1.000000,1.000000,10.619369,9.684426,10.981982
dmd,7,1,negative-both,original,6,56.628,7.502,1.000000,1.000000,1.000000,9.763713,9.635659,9.949367,1.028097,1.005937,1.090105
dmd,7,1,negative-both,selected64,6,57.751,6.764,0.981177,0.977177,0.995777,9.981013,9.779070,10.012712,1.006973,0.999154,1.074118
dmd,7,1,negative-both,vector16store,6,58.191,14.642,0.972727,0.917343,0.994098,10.056962,9.970464,10.503876,1.000000,1.000000,1.000000
dmd,7,1,negative-both,cpp-approved-execution,6,5.786,9.283,9.763713,9.635659,9.949367,1.000000,1.000000,1.000000,10.056962,9.970464,10.503876
dmd,7,1,negative-source,original,6,56.274,0.564,1.000000,1.000000,1.000000,9.736287,9.704641,9.766949,1.024539,1.020346,1.036506
dmd,7,1,negative-source,selected64,6,57.654,1.863,0.975847,0.963349,0.977938,9.978876,9.957806,10.130802,0.998539,0.994515,1.010593
dmd,7,1,negative-source,vector16store,6,57.617,1.610,0.976049,0.964780,0.980059,9.978912,9.945148,10.105485,1.000000,1.000000,1.000000
dmd,7,1,negative-source,cpp-approved-execution,6,5.786,0.422,9.736287,9.704641,9.766949,1.000000,1.000000,1.000000,9.978912,9.945148,10.105485
dmd,7,1,padded,original,6,56.201,0.521,1.000000,1.000000,1.000000,9.713080,9.687764,9.738397,1.025195,1.022097,1.078363
dmd,7,1,padded,selected64,6,57.642,1.144,0.973952,0.963491,0.979626,9.962025,9.940928,10.054852,0.999577,0.992866,1.048688
dmd,7,1,padded,vector16store,6,57.666,5.165,0.975428,0.927331,0.978381,9.966245,9.936709,10.451477,1.000000,1.000000,1.000000
dmd,7,1,padded,cpp-approved-execution,6,5.786,0.000,9.713080,9.687764,9.738397,1.000000,1.000000,1.000000,9.966245,9.936709,10.451477
dmd,7,1,repeated-source,original,6,56.213,14.463,1.000000,1.000000,1.000000,9.715190,7.242424,9.742616,1.028480,1.001521,1.060105
dmd,7,1,repeated-source,selected64,6,58.203,11.997,0.973500,0.933522,0.994327,9.974666,7.283747,10.409283,0.997483,0.962708,1.032231
dmd,7,1,repeated-source,vector16store,6,58.313,11.681,0.972316,0.943303,0.998481,9.978903,7.253444,10.313559,1.000000,1.000000,1.000000
dmd,7,1,repeated-source,cpp-approved-execution,6,5.786,53.586,9.715190,7.242424,9.742616,1.000000,1.000000,1.000000,9.978903,7.253444,10.313559
dmd,7,1,universal,original,6,182.947,5.205,1.000000,1.000000,1.000000,26.955036,26.711191,28.017986,1.013203,0.982925,1.025070
dmd,7,1,universal,selected64,6,185.779,2.444,0.982769,0.965197,1.025678,27.421688,27.316547,27.906475,0.996975,0.968033,1.009720
dmd,7,1,universal,vector16store,6,184.839,2.338,0.986989,0.975543,1.017372,27.332130,27.014388,27.651079,1.000000,1.000000,1.000000
dmd,7,1,universal,cpp-approved-execution,6,6.775,0.360,26.955036,26.711191,28.017986,1.000000,1.000000,1.000000,27.332130,27.014388,27.651079
dmd,7,17,contiguous,original,6,109.037,12.703,1.000000,1.000000,1.000000,8.057047,8.043624,9.036789,1.311267,1.165433,1.328333
dmd,7,17,contiguous,selected64,6,135.014,9.586,0.808493,0.738220,0.910991,9.976510,9.919732,10.895973,1.058413,0.973514,1.076300
dmd,7,17,contiguous,vector16store,6,143.279,1.553,0.762621,0.752823,0.858050,10.587248,10.531773,10.697987,1.000000,1.000000,1.000000
dmd,7,17,contiguous,cpp-approved-execution,6,13.533,0.336,8.057047,8.043624,9.036789,1.000000,1.000000,1.000000,10.587248,10.531773,10.697987
dmd,7,17,negative-both,original,6,191.599,7.182,1.000000,1.000000,1.000000,3.581429,3.529213,3.790323,1.157763,1.111758,1.181643
dmd,7,17,negative-both,selected64,6,223.411,5.549,0.850222,0.843022,0.937631,4.178000,4.028085,4.235195,0.999912,0.970435,1.042419
dmd,7,17,negative-both,vector16store,6,223.161,2.157,0.863906,0.846279,0.899476,4.177524,4.109983,4.213922,1.000000,1.000000,1.000000
dmd,7,17,negative-both,cpp-approved-execution,6,53.429,0.680,3.581429,3.529213,3.790323,1.000000,1.000000,1.000000,4.177524,4.109983,4.213922
dmd,7,17,negative-source,original,6,195.300,10.813,1.000000,1.000000,1.000000,3.657020,3.206950,3.930213,1.129274,1.059117,1.161135
dmd,7,17,negative-source,selected64,6,219.210,4.102,0.881609,0.855759,0.954329,4.081566,3.747490,4.211555,0.999314,0.969297,1.050641
dmd,7,17,negative-source,vector16store,6,220.686,6.091,0.885533,0.861226,0.944183,4.137495,3.632432,4.248088,1.000000,1.000000,1.000000
dmd,7,17,negative-source,cpp-approved-execution,6,53.451,10.280,3.657020,3.206950,3.930213,1.000000,1.000000,1.000000,4.137495,3.632432,4.248088
dmd,7,17,padded,original,6,186.444,14.127,1.000000,1.000000,1.000000,3.491062,3.459966,3.943925,1.168736,1.054502,1.199163
dmd,7,17,padded,selected64,6,212.216,4.579,0.877582,0.850072,0.991880,3.971949,3.948041,4.119796,1.046611,0.991812,1.052508
dmd,7,17,padded,vector16store,6,221.253,3.838,0.855655,0.833915,0.948315,4.148149,4.023850,4.176020,1.000000,1.000000,1.000000
dmd,7,17,padded,cpp-approved-execution,6,53.383,0.255,3.491062,3.459966,3.943925,1.000000,1.000000,1.000000,4.148149,4.023850,4.176020
dmd,7,17,repeated-source,original,6,185.036,15.585,1.000000,1.000000,1.000000,3.460237,3.111969,3.970213,1.168023,1.015863,1.211231
dmd,7,17,repeated-source,selected64,6,216.190,10.440,0.854590,0.818342,0.977782,3.991555,3.667954,4.344945,0.991032,0.984388,1.053065
dmd,7,17,repeated-source,vector16store,6,215.963,8.474,0.856162,0.825607,0.984385,4.048964,3.611455,4.306712,1.000000,1.000000,1.000000
dmd,7,17,repeated-source,cpp-approved-execution,6,53.451,10.280,3.460237,3.111969,3.970213,1.000000,1.000000,1.000000,4.048964,3.611455,4.306712
dmd,7,17,universal,original,6,1116.440,1.944,1.000000,1.000000,1.000000,15.131119,15.038130,15.275735,1.005203,1.004068,1.022824
dmd,7,17,universal,selected64,6,1123.819,2.647,0.990666,0.980186,0.998378,15.223932,15.173030,15.500000,0.999640,0.984332,1.008798
dmd,7,17,universal,vector16store,6,1121.094,3.630,0.994825,0.977685,0.995948,15.193907,15.130996,15.624387,1.000000,1.000000,1.000000
dmd,7,17,universal,cpp-approved-execution,6,73.819,0.492,15.131119,15.038130,15.275735,1.000000,1.000000,1.000000,15.193907,15.130996,15.624387
dmd,7,128,contiguous,original,6,487.329,13.844,1.000000,1.000000,1.000000,7.039604,6.879227,8.009901,1.567501,1.355995,1.725228
dmd,7,128,contiguous,selected64,6,683.048,3.109,0.713641,0.691821,0.812249,9.863861,9.632850,10.168317,1.107938,1.075463,1.230576
dmd,7,128,contiguous,vector16store,6,763.356,11.754,0.638002,0.579633,0.737466,11.034653,10.594203,12.093596,1.000000,1.000000,1.000000
dmd,7,128,contiguous,cpp-approved-execution,6,69.178,2.475,7.039604,6.879227,8.009901,1.000000,1.000000,1.000000,11.034653,10.594203,12.093596
dmd,7,128,negative-both,original,6,611.301,2.017,1.000000,1.000000,1.000000,1.589330,1.572824,1.594881,1.349613,1.336469,1.363072
dmd,7,128,negative-both,selected64,6,757.877,0.452,0.807145,0.800271,0.815065,1.966194,1.956752,1.971530,1.088428,1.084501,1.091527
dmd,7,128,negative-both,vector16store,6,825.171,0.623,0.740954,0.733637,0.748240,2.139552,2.131509,2.147059,1.000000,1.000000,1.000000
dmd,7,128,negative-both,cpp-approved-execution,6,385.274,0.978,1.589330,1.572824,1.594881,1.000000,1.000000,1.000000,2.139552,2.131509,2.147059
dmd,7,128,negative-source,original,6,610.959,2.354,1.000000,1.000000,1.000000,1.581328,1.574866,1.605146,1.362810,1.336650,1.383747
dmd,7,128,negative-source,selected64,6,759.589,1.443,0.806277,0.796047,0.812668,1.967188,1.953942,1.983957,1.098957,1.083862,1.105476
dmd,7,128,negative-source,vector16store,6,829.795,2.972,0.733782,0.722675,0.748139,2.151999,2.117803,2.185448,1.000000,1.000000,1.000000
dmd,7,128,negative-source,cpp-approved-execution,6,385.959,0.621,1.581328,1.574866,1.605146,1.000000,1.000000,1.000000,2.151999,2.117803,2.185448
dmd,7,128,padded,original,6,610.103,1.740,1.000000,1.000000,1.000000,1.584267,1.570160,1.597691,1.360608,1.354097,1.369650
dmd,7,128,padded,selected64,6,758.562,1.986,0.806905,0.792918,0.814358,1.967140,1.949198,1.986643,1.097944,1.077095,1.112415
dmd,7,128,padded,vector16store,6,827.568,2.524,0.734967,0.730114,0.738500,2.149912,2.139804,2.188277,1.000000,1.000000,1.000000
dmd,7,128,padded,cpp-approved-execution,6,385.103,0.445,1.584267,1.570160,1.597691,1.000000,1.000000,1.000000,2.149912,2.139804,2.188277
dmd,7,128,repeated-source,original,6,606.336,0.847,1.000000,1.000000,1.000000,1.572506,1.565217,1.578431,1.367543,1.348365,1.455215
dmd,7,128,repeated-source,selected64,6,752.226,0.911,0.804141,0.799545,0.809307,1.955546,1.944987,1.963458,1.099320,1.091241,1.170543
dmd,7,128,repeated-source,vector16store,6,826.712,7.249,0.731250,0.687183,0.741639,2.150624,2.122449,2.277728,1.000000,1.000000,1.000000
dmd,7,128,repeated-source,cpp-approved-execution,6,385.103,0.534,1.572506,1.565217,1.578431,1.000000,1.000000,1.000000,2.150624,2.122449,2.277728
dmd,7,128,universal,original,6,7565.582,4.572,1.000000,1.000000,1.000000,13.460092,13.389563,14.035496,0.999730,0.993850,1.018619
dmd,7,128,universal,selected64,6,7595.034,1.150,0.998845,0.987568,1.029077,13.538706,13.443568,13.638923,0.995982,0.989910,1.048237
dmd,7,128,universal,vector16store,6,7554.623,6.278,1.000271,0.981722,1.006188,13.466794,13.367112,14.296818,1.000000,1.000000,1.000000
dmd,7,128,universal,cpp-approved-execution,6,559.589,0.918,13.460092,13.389563,14.035496,1.000000,1.000000,1.000000,13.466794,13.367112,14.296818
dmd,15,1,contiguous,original,6,59.314,6.750,1.000000,1.000000,1.000000,8.931985,8.849265,9.452206,1.032125,0.981330,1.059826
dmd,15,1,contiguous,selected64,6,60.657,4.790,0.977068,0.925769,1.034191,9.134191,9.121324,9.558824,1.006850,0.981154,1.014883
dmd,15,1,contiguous,vector16store,6,61.292,2.270,0.968882,0.943552,1.019025,9.229779,9.169118,9.378676,1.000000,1.000000,1.000000
dmd,15,1,contiguous,cpp-approved-execution,6,6.641,0.000,8.931985,8.849265,9.452206,1.000000,1.000000,1.000000,9.229779,9.169118,9.378676
dmd,15,1,negative-both,original,6,58.838,0.332,1.000000,1.000000,1.000000,8.368056,8.361111,8.388889,1.039215,1.028560,1.071754
dmd,15,1,negative-both,selected64,6,60.535,1.331,0.972149,0.960558,0.972625,8.609375,8.600694,8.715278,1.010081,1.000403,1.036738
dmd,15,1,negative-both,vector16store,6,61.145,4.033,0.962323,0.933050,0.972233,8.696181,8.621528,8.972222,1.000000,1.000000,1.000000
dmd,15,1,negative-both,cpp-approved-execution,6,7.031,0.000,8.368056,8.361111,8.388889,1.000000,1.000000,1.000000,8.696181,8.621528,8.972222
dmd,15,1,negative-source,original,6,59.070,2.604,1.000000,1.000000,1.000000,8.401042,8.333333,8.552083,1.035349,1.011774,1.144426
dmd,15,1,negative-source,selected64,6,60.596,3.263,0.971129,0.962035,0.989157,8.618056,8.590278,8.871528,1.004646,1.000803,1.100978
dmd,15,1,negative-source,vector16store,6,60.840,13.162,0.965866,0.873800,0.988363,8.652778,8.628472,9.767361,1.000000,1.000000,1.000000
dmd,15,1,negative-source,cpp-approved-execution,6,7.031,0.000,8.401042,8.333333,8.552083,1.000000,1.000000,1.000000,8.652778,8.628472,9.767361
dmd,15,1,padded,original,6,58.972,1.863,1.000000,1.000000,1.000000,8.387153,8.354167,8.510417,1.046753,1.035270,1.080083
dmd,15,1,padded,selected64,6,61.511,4.961,0.966216,0.926923,0.973737,8.748264,8.593750,9.027778,1.010966,1.001154,1.014544
dmd,15,1,padded,vector16store,6,62.195,4.239,0.955337,0.925855,0.965932,8.845486,8.663194,9.038194,1.000000,1.000000,1.000000
dmd,15,1,padded,cpp-approved-execution,6,7.031,0.000,8.387153,8.354167,8.510417,1.000000,1.000000,1.000000,8.845486,8.663194,9.038194
dmd,15,1,repeated-source,original,6,59.045,7.195,1.000000,1.000000,1.000000,8.397569,8.328720,8.916955,1.031050,0.963135,1.054772
dmd,15,1,repeated-source,selected64,6,60.425,5.778,0.973294,0.929885,1.041633,8.593750,8.536332,9.062500,1.007273,0.954406,1.023349
dmd,15,1,repeated-source,vector16store,6,60.840,2.408,0.969905,0.948072,1.038276,8.645833,8.588235,8.826389,1.000000,1.000000,1.000000
dmd,15,1,repeated-source,cpp-approved-execution,6,7.031,0.347,8.397569,8.328720,8.916955,1.000000,1.000000,1.000000,8.645833,8.588235,8.826389
dmd,15,1,universal,original,6,250.366,6.631,1.000000,1.000000,1.000000,22.538462,22.274725,23.769231,1.000894,0.973925,1.011840
dmd,15,1,universal,selected64,6,251.575,5.095,0.990404,0.978645,1.005485,22.647253,22.485714,23.639560,0.990582,0.977322,1.002346
dmd,15,1,universal,vector16store,6,250.024,3.300,0.999112,0.988298,1.026773,22.507692,22.406593,23.149451,1.000000,1.000000,1.000000
dmd,15,1,universal,cpp-approved-execution,6,11.108,0.000,22.538462,22.274725,23.769231,1.000000,1.000000,1.000000,22.507692,22.406593,23.149451
dmd,15,17,contiguous,original,6,164.883,0.354,1.000000,1.000000,1.000000,6.918367,6.897959,6.922449,1.316878,1.312094,1.407429
dmd,15,17,contiguous,selected64,6,204.912,0.332,0.804462,0.803614,0.805423,8.597959,8.579592,8.608163,1.060125,1.055028,1.132890
dmd,15,17,contiguous,vector16store,6,216.975,7.308,0.759372,0.710515,0.762140,9.104082,9.077551,9.742857,1.000000,1.000000,1.000000
dmd,15,17,contiguous,cpp-approved-execution,6,23.833,0.000,6.918367,6.897959,6.922449,1.000000,1.000000,1.000000,9.104082,9.077551,9.742857
dmd,15,17,negative-both,original,6,262.695,8.961,1.000000,1.000000,1.000000,3.567371,3.435931,3.755614,1.124798,1.087232,1.185199
dmd,15,17,negative-both,selected64,6,281.907,6.556,0.924532,0.904067,0.939993,3.828269,3.800528,4.051519,1.047722,1.007825,1.095643
dmd,15,17,negative-both,vector16store,6,295.817,7.267,0.889050,0.843740,0.919767,4.017173,3.960370,4.252312,1.000000,1.000000,1.000000
dmd,15,17,negative-both,cpp-approved-execution,6,73.638,0.000,3.567371,3.435931,3.755614,1.000000,1.000000,1.000000,4.017173,3.960370,4.252312
dmd,15,17,negative-source,original,6,259.193,2.139,1.000000,1.000000,1.000000,3.519815,3.476882,3.547493,1.134414,1.117144,1.140344
dmd,15,17,negative-source,selected64,6,293.142,16.327,0.884673,0.802447,0.930362,3.980845,3.776750,4.420844,1.001279,0.896449,1.060933
dmd,15,17,negative-source,vector16store,6,292.656,1.861,0.881515,0.876928,0.895140,3.971620,3.951123,4.025099,1.000000,1.000000,1.000000
dmd,15,17,negative-source,cpp-approved-execution,6,73.638,0.132,3.519815,3.476882,3.547493,1.000000,1.000000,1.000000,3.971620,3.951123,4.025099
dmd,15,17,padded,original,6,266.051,4.607,1.000000,1.000000,1.000000,3.610596,3.513193,3.684280,1.114551,1.071352,1.204016
dmd,15,17,padded,selected64,6,279.572,17.015,0.934930,0.800778,0.976541,3.794057,3.765172,4.410290,1.046059,0.903679,1.110083
dmd,15,17,padded,vector16store,6,292.267,13.214,0.897251,0.830554,0.933400,3.963720,3.906332,4.435931,1.000000,1.000000,1.000000
dmd,15,17,padded,cpp-approved-execution,6,73.735,0.132,3.610596,3.513193,3.684280,1.000000,1.000000,1.000000,3.963720,3.906332,4.435931
dmd,15,17,repeated-source,original,6,258.658,4.212,1.000000,1.000000,1.000000,3.505284,3.455137,3.619551,1.132197,1.067883,1.253044
dmd,15,17,repeated-source,selected64,6,277.383,15.185,0.932285,0.812290,0.960729,3.766843,3.749009,4.253576,1.054139,0.916539,1.157876
dmd,15,17,repeated-source,vector16store,6,292.023,12.225,0.883249,0.798056,0.936432,3.961030,3.865258,4.350066,1.000000,1.000000,1.000000
dmd,15,17,repeated-source,cpp-approved-execution,6,73.638,1.585,3.505284,3.455137,3.619551,1.000000,1.000000,1.000000,3.961030,3.865258,4.350066
dmd,15,17,universal,original,6,2277.432,5.126,1.000000,1.000000,1.000000,15.229009,15.159477,15.871178,0.989496,0.976265,1.071920
dmd,15,17,universal,selected64,6,2260.700,6.764,1.006831,0.989735,1.016121,15.164864,14.993502,16.035784,0.997537,0.966243,1.078057
dmd,15,17,universal,vector16store,6,2254.475,9.484,1.010616,0.932905,1.024312,15.111675,14.967511,16.438436,1.000000,1.000000,1.000000
dmd,15,17,universal,cpp-approved-execution,6,149.416,0.586,15.229009,15.159477,15.871178,1.000000,1.000000,1.000000,15.111675,14.967511,16.438436
dmd,15,128,contiguous,original,6,905.515,0.893,1.000000,1.000000,1.000000,5.946860,5.830986,5.980583,1.442144,1.430757,1.444354
dmd,15,128,contiguous,selected64,6,1233.088,0.239,0.734347,0.733611,0.741050,8.099034,7.868545,8.140777,1.059314,1.057772,1.060896
dmd,15,128,contiguous,vector16store,6,1306.250,0.169,0.693412,0.692351,0.698931,8.586957,8.342723,8.621359,1.000000,1.000000,1.000000
dmd,15,128,contiguous,cpp-approved-execution,6,152.206,3.382,5.946860,5.830986,5.980583,1.000000,1.000000,1.000000,8.586957,8.342723,8.621359
dmd,15,128,negative-both,original,6,1180.515,1.308,1.000000,1.000000,1.000000,2.188013,2.167341,2.206003,1.183037,1.172542,1.410959
dmd,15,128,negative-both,selected64,6,1320.588,1.002,0.894164,0.891292,0.897336,2.451633,2.423752,2.458390,1.057709,1.052164,1.261693
dmd,15,128,negative-both,vector16store,6,1395.221,19.974,0.845282,0.708738,0.852848,2.593307,2.584932,3.058030,1.000000,1.000000,1.000000
dmd,15,128,negative-both,cpp-approved-execution,6,538.971,1.501,2.188013,2.167341,2.206003,1.000000,1.000000,1.000000,2.593307,2.584932,3.058030
dmd,15,128,negative-source,original,6,1180.147,43.676,1.000000,1.000000,1.000000,2.192629,2.169607,3.119891,1.182901,0.831004,1.196296
dmd,15,128,negative-source,selected64,6,1321.691,2.503,0.891895,0.884762,1.270105,2.451940,2.440977,2.484396,1.055247,1.051782,1.058438
dmd,15,128,negative-source,vector16store,6,1395.221,3.057,0.845379,0.835913,1.203363,2.586063,2.575305,2.629579,1.000000,1.000000,1.000000
dmd,15,128,negative-source,cpp-approved-execution,6,539.338,0.954,2.192629,2.169607,3.119891,1.000000,1.000000,1.000000,2.586063,2.575305,2.629579
dmd,15,128,padded,original,6,1179.412,1.496,1.000000,1.000000,1.000000,2.180831,2.169147,2.190996,1.181053,1.178439,1.184277
dmd,15,128,padded,selected64,6,1320.221,1.559,0.892877,0.890728,0.894649,2.440654,2.431664,2.458616,1.055571,1.049669,1.056205
dmd,15,128,padded,vector16store,6,1393.382,1.003,0.846702,0.844397,0.848580,2.575717,2.568336,2.587995,1.000000,1.000000,1.000000
dmd,15,128,padded,cpp-approved-execution,6,540.809,1.088,2.180831,2.169147,2.190996,1.000000,1.000000,1.000000,2.575717,2.568336,2.587995
dmd,15,128,repeated-source,original,6,1159.191,0.571,1.000000,1.000000,1.000000,2.159589,2.157534,2.169863,1.186865,1.182449,1.192381
dmd,15,128,repeated-source,selected64,6,1300.368,0.565,0.890930,0.888388,0.896942,2.422603,2.416438,2.430137,1.059489,1.054679,1.062818
dmd,15,128,repeated-source,vector16store,6,1376.471,0.748,0.842556,0.838658,0.845702,2.564384,2.557534,2.576712,1.000000,1.000000,1.000000
dmd,15,128,repeated-source,cpp-approved-execution,6,536.765,0.000,2.159589,2.157534,2.169863,1.000000,1.000000,1.000000,2.564384,2.557534,2.576712
dmd,15,128,universal,original,6,16049.265,1.901,1.000000,1.000000,1.000000,14.191808,14.041264,14.384565,1.008956,1.002368,1.010640
dmd,15,128,universal,selected64,6,16146.691,3.133,0.998133,0.970542,1.007015,14.277958,14.151594,14.467440,1.007163,0.979143,1.014298
dmd,15,128,universal,vector16store,6,16171.691,2.232,0.991123,0.989472,0.997638,14.306766,14.165700,14.537613,1.000000,1.000000,1.000000
dmd,15,128,universal,cpp-approved-execution,6,1130.882,0.910,14.191808,14.041264,14.384565,1.000000,1.000000,1.000000,14.306766,14.165700,14.537613
dmd,16,1,contiguous,original,6,59.290,0.535,1.000000,1.000000,1.000000,13.703390,13.589888,13.740113,0.966248,0.963405,0.999175
dmd,16,1,contiguous,selected64,6,60.327,0.688,0.982018,0.975836,0.984996,13.943503,13.853933,14.028249,0.949980,0.945139,0.975030
dmd,16,1,contiguous,vector16store,6,57.275,3.325,1.034931,1.000826,1.037985,13.242938,13.162921,13.677966,1.000000,1.000000,1.000000
dmd,16,1,contiguous,cpp-approved-execution,6,4.321,0.565,13.703390,13.589888,13.740113,1.000000,1.000000,1.000000,13.242938,13.162921,13.677966
dmd,16,1,negative-both,original,6,59.229,0.124,1.000000,1.000000,1.000000,12.898936,12.825397,12.909574,0.969485,0.968274,0.978986
dmd,16,1,negative-both,selected64,6,60.413,0.970,0.979988,0.971955,0.981392,13.156915,13.079365,13.276596,0.950071,0.942308,0.960388
dmd,16,1,negative-both,vector16store,6,57.397,1.106,1.031476,1.021465,1.032766,12.505319,12.500000,12.571429,1.000000,1.000000,1.000000
dmd,16,1,negative-both,cpp-approved-execution,6,4.590,0.532,12.898936,12.825397,12.909574,1.000000,1.000000,1.000000,12.505319,12.500000,12.571429
dmd,16,1,negative-source,original,6,59.412,5.506,1.000000,1.000000,1.000000,12.925532,12.851852,13.632979,0.963415,0.914553,0.966680
dmd,16,1,negative-source,selected64,6,60.425,1.778,0.983233,0.974104,1.038072,13.125000,13.089947,13.351064,0.948708,0.934661,0.950933
dmd,16,1,negative-source,vector16store,6,57.263,0.341,1.037979,1.034468,1.093430,12.470745,12.391534,12.500000,1.000000,1.000000,1.000000
dmd,16,1,negative-source,cpp-approved-execution,6,4.590,0.532,12.925532,12.851852,13.632979,1.000000,1.000000,1.000000,12.470745,12.391534,12.500000
dmd,16,1,padded,original,6,59.363,5.963,1.000000,1.000000,1.000000,12.865079,12.809524,13.576720,0.966557,0.916991,1.016082
dmd,16,1,padded,selected64,6,60.364,0.688,0.984412,0.976641,1.039287,13.082011,13.047619,13.137566,0.951407,0.945793,1.014581
dmd,16,1,padded,vector16store,6,57.361,7.108,1.034603,0.984172,1.090523,12.431217,12.370370,13.253968,1.000000,1.000000,1.000000
dmd,16,1,padded,cpp-approved-execution,6,4.614,0.000,12.865079,12.809524,13.576720,1.000000,1.000000,1.000000,12.431217,12.370370,13.253968
dmd,16,1,repeated-source,original,6,59.827,2.612,1.000000,1.000000,1.000000,12.989108,12.867725,13.212766,0.961604,0.952727,1.016942
dmd,16,1,repeated-source,selected64,6,60.852,2.367,0.978775,0.975889,0.991221,13.247340,13.116402,13.457447,0.948243,0.931648,0.995550
dmd,16,1,repeated-source,vector16store,6,57.605,4.704,1.039954,0.983340,1.049618,12.550532,12.433862,13.090426,1.000000,1.000000,1.000000
dmd,16,1,repeated-source,cpp-approved-execution,6,4.590,0.532,12.989108,12.867725,13.212766,1.000000,1.000000,1.000000,12.550532,12.433862,13.090426
dmd,16,1,universal,original,6,258.667,1.538,1.000000,1.000000,1.000000,22.675966,22.400419,22.774678,1.013815,1.003182,1.026867
dmd,16,1,universal,selected64,6,264.221,4.315,0.980747,0.952244,0.994378,23.121245,22.719078,23.905579,0.987154,0.972669,1.017615
dmd,16,1,universal,vector16store,6,261.609,2.286,0.986391,0.973836,0.996828,22.923820,22.471698,23.375536,1.000000,1.000000,1.000000
dmd,16,1,universal,cpp-approved-execution,6,11.377,2.361,22.675966,22.400419,22.774678,1.000000,1.000000,1.000000,22.923820,22.471698,23.375536
dmd,16,17,contiguous,original,6,172.118,0.965,1.000000,1.000000,1.000000,7.709302,7.688372,7.762791,0.755361,0.751658,0.800479
dmd,16,17,contiguous,selected64,6,214.278,0.485,0.803632,0.801065,0.810982,9.597674,9.562791,9.609302,0.606251,0.603874,0.649174
dmd,16,17,contiguous,vector16store,6,129.855,7.117,1.323871,1.249251,1.330393,5.816279,5.800000,6.213953,1.000000,1.000000,1.000000
dmd,16,17,contiguous,cpp-approved-execution,6,22.326,0.000,7.709302,7.688372,7.762791,1.000000,1.000000,1.000000,5.816279,5.800000,6.213953
dmd,16,17,negative-both,original,6,268.847,2.665,1.000000,1.000000,1.000000,8.193038,8.129747,8.374603,0.780046,0.763408,0.792916
dmd,16,17,negative-both,selected64,6,292.420,17.685,0.917415,0.802556,0.942632,8.911392,8.825949,10.434921,0.717752,0.633709,0.721317
dmd,16,17,negative-both,vector16store,6,209.242,4.020,1.281978,1.261168,1.309915,6.376582,6.335443,6.612698,1.000000,1.000000,1.000000
dmd,16,17,negative-both,cpp-approved-execution,6,32.814,0.316,8.193038,8.129747,8.374603,1.000000,1.000000,1.000000,6.376582,6.335443,6.612698
dmd,16,17,negative-source,original,6,268.795,16.573,1.000000,1.000000,1.000000,8.217460,8.113924,9.471519,0.767820,0.665553,0.772621
dmd,16,17,negative-source,selected64,6,288.006,1.262,0.933966,0.923214,1.078947,8.778129,8.759494,8.888889,0.715962,0.709286,0.719349
dmd,16,17,negative-source,vector16store,6,206.231,0.554,1.302389,1.294296,1.502510,6.294304,6.268987,6.314286,1.000000,1.000000,1.000000
dmd,16,17,negative-source,cpp-approved-execution,6,32.814,0.316,8.217460,8.113924,9.471519,1.000000,1.000000,1.000000,6.294304,6.268987,6.314286
dmd,16,17,padded,original,6,268.744,28.516,1.000000,1.000000,1.000000,8.189873,7.886076,10.221519,0.771514,0.603406,0.868521
dmd,16,17,padded,selected64,6,288.629,7.699,0.923146,0.884395,1.173266,8.795886,8.712025,9.389241,0.707671,0.704382,0.768116
dmd,16,17,padded,vector16store,6,204.621,16.747,1.296310,1.151382,1.657260,6.235759,6.167722,7.212025,1.000000,1.000000,1.000000
dmd,16,17,padded,cpp-approved-execution,6,32.814,0.000,8.189873,7.886076,10.221519,1.000000,1.000000,1.000000,6.235759,6.167722,7.212025
dmd,16,17,repeated-source,original,6,268.484,3.636,1.000000,1.000000,1.000000,8.181962,7.990506,8.287975,0.755268,0.744177,0.771485
dmd,16,17,repeated-source,selected64,6,286.552,1.486,0.934754,0.916183,0.958989,8.732595,8.642405,8.772152,0.706853,0.703102,0.713658
dmd,16,17,repeated-source,vector16store,6,202.492,0.667,1.324035,1.296201,1.343766,6.170886,6.164557,6.205696,1.000000,1.000000,1.000000
dmd,16,17,repeated-source,cpp-approved-execution,6,32.814,0.000,8.181962,7.990506,8.287975,1.000000,1.000000,1.000000,6.170886,6.164557,6.205696
dmd,16,17,universal,original,6,2416.667,5.882,1.000000,1.000000,1.000000,15.200808,14.977154,15.912304,0.998327,0.973292,1.003948
dmd,16,17,universal,selected64,6,2410.228,6.799,1.001883,0.996190,1.033715,15.165298,14.917102,15.973168,1.003115,0.986417,1.008892
dmd,16,17,universal,vector16store,6,2394.912,6.127,1.001692,0.996067,1.027441,15.073855,15.011097,15.975131,1.000000,1.000000,1.000000
dmd,16,17,universal,cpp-approved-execution,6,158.930,0.261,15.200808,14.977154,15.912304,1.000000,1.000000,1.000000,15.073855,15.011097,15.975131
dmd,16,128,contiguous,original,6,965.234,0.567,1.000000,1.000000,1.000000,5.704566,5.672811,5.780374,0.666936,0.665590,0.668831
dmd,16,128,contiguous,selected64,6,1301.562,0.240,0.740785,0.738896,0.742943,7.713128,7.642202,7.794393,0.494298,0.493405,0.495198
dmd,16,128,contiguous,vector16store,6,643.750,0.243,1.499393,1.495146,1.502427,3.812592,3.779817,3.850467,1.000000,1.000000,1.000000
dmd,16,128,contiguous,cpp-approved-execution,6,168.750,1.852,5.704566,5.672811,5.780374,1.000000,1.000000,1.000000,3.812592,3.779817,3.850467
dmd,16,128,negative-both,original,6,1254.297,1.308,1.000000,1.000000,1.000000,5.313600,5.228013,5.375839,0.587374,0.583019,0.638906
dmd,16,128,negative-both,selected64,6,1394.141,1.569,0.896879,0.892897,0.900729,5.940637,5.811075,5.989933,0.527359,0.522548,0.570477
dmd,16,128,negative-both,vector16store,6,737.891,10.693,1.702500,1.565175,1.715210,3.129398,3.065147,3.381579,1.000000,1.000000,1.000000
dmd,16,128,negative-both,cpp-approved-execution,6,236.719,3.300,5.313600,5.228013,5.375839,1.000000,1.000000,1.000000,3.129398,3.065147,3.381579
dmd,16,128,negative-source,original,6,1251.562,42.072,1.000000,1.000000,1.000000,5.370370,5.325581,7.543333,0.582885,0.437472,0.586508
dmd,16,128,negative-source,selected64,6,1390.234,1.405,0.899814,0.896727,1.269209,5.958331,5.900332,6.020339,0.525980,0.520316,0.555244
dmd,16,128,negative-source,vector16store,6,733.594,7.242,1.715626,1.705005,2.285859,3.139185,3.104377,3.300000,1.000000,1.000000,1.000000
dmd,16,128,negative-source,cpp-approved-execution,6,233.203,2.345,5.370370,5.325581,7.543333,1.000000,1.000000,1.000000,3.139185,3.104377,3.300000
dmd,16,128,padded,original,6,1251.562,8.926,1.000000,1.000000,1.000000,5.395270,5.280528,5.786667,0.589574,0.546659,0.604824
dmd,16,128,padded,selected64,6,1391.016,1.123,0.901266,0.896861,0.974186,5.958176,5.887789,6.003356,0.532529,0.521764,0.546674
dmd,16,128,padded,vector16store,6,741.406,5.796,1.696169,1.653374,1.829294,3.152859,3.118243,3.281879,1.000000,1.000000,1.000000
dmd,16,128,padded,cpp-approved-execution,6,233.594,2.341,5.395270,5.280528,5.786667,1.000000,1.000000,1.000000,3.152859,3.118243,3.281879
dmd,16,128,repeated-source,original,6,1229.688,0.572,1.000000,1.000000,1.000000,5.335593,5.322034,5.352542,0.582644,0.578847,0.594166
dmd,16,128,repeated-source,selected64,6,1368.359,0.742,0.896887,0.895726,0.903725,5.937288,5.915254,5.959322,0.522519,0.521368,0.536963
dmd,16,128,repeated-source,vector16store,6,715.234,2.512,1.716316,1.683031,1.727571,3.103390,3.098305,3.176271,1.000000,1.000000,1.000000
dmd,16,128,repeated-source,cpp-approved-execution,6,230.469,0.000,5.335593,5.322034,5.352542,1.000000,1.000000,1.000000,3.103390,3.098305,3.176271
dmd,16,128,universal,original,6,17264.453,7.562,1.000000,1.000000,1.000000,14.424602,14.343118,15.443211,0.997911,0.967877,1.008726
dmd,16,128,universal,selected64,6,17365.625,6.519,0.998716,0.994115,1.011890,14.509131,14.306588,15.261749,0.994555,0.979385,1.009666
dmd,16,128,universal,vector16store,6,17319.531,4.362,1.002094,0.991349,1.033189,14.480124,14.325278,14.947128,1.000000,1.000000,1.000000
dmd,16,128,universal,cpp-approved-execution,6,1197.266,0.783,14.424602,14.343118,15.443211,1.000000,1.000000,1.000000,14.480124,14.325278,14.947128
dmd,17,1,contiguous,original,6,59.705,2.413,1.000000,1.000000,1.000000,12.227500,12.175000,12.470000,0.968035,0.958300,0.997152
dmd,17,1,contiguous,selected64,6,61.816,2.725,0.969647,0.964003,0.975250,12.660000,12.510000,12.855000,0.938623,0.929599,0.966483
dmd,17,1,contiguous,vector16store,6,57.788,3.802,1.033024,1.002856,1.043515,11.835000,11.805000,12.255000,1.000000,1.000000,1.000000
dmd,17,1,contiguous,cpp-approved-execution,6,4.883,0.000,12.227500,12.175000,12.470000,1.000000,1.000000,1.000000,11.835000,11.805000,12.255000
dmd,17,1,negative-both,original,6,59.827,0.898,1.000000,1.000000,1.000000,11.613744,11.587678,11.691943,0.970173,0.966356,0.973899
dmd,17,1,negative-both,selected64,6,61.792,2.015,0.970873,0.954829,0.973176,11.995261,11.928910,12.170616,0.940162,0.929907,0.945967
dmd,17,1,negative-both,vector16store,6,58.118,0.798,1.030747,1.026801,1.034815,11.281991,11.227488,11.317536,1.000000,1.000000,1.000000
dmd,17,1,negative-both,cpp-approved-execution,6,5.151,0.000,11.613744,11.587678,11.691943,1.000000,1.000000,1.000000,11.281991,11.227488,11.317536
dmd,17,1,negative-source,original,6,59.973,7.531,1.000000,1.000000,1.000000,11.611374,11.526066,12.402844,0.963566,0.903324,0.987664
dmd,17,1,negative-source,selected64,6,61.597,5.826,0.974107,0.932443,1.033162,11.957346,11.741784,12.549763,0.938109,0.895015,0.955830
dmd,17,1,negative-source,vector16store,6,57.788,1.774,1.037815,1.012490,1.107022,11.201422,11.131455,11.383886,1.000000,1.000000,1.000000
dmd,17,1,negative-source,cpp-approved-execution,6,5.151,0.948,11.611374,11.526066,12.402844,1.000000,1.000000,1.000000,11.201422,11.131455,11.383886
dmd,17,1,padded,original,6,60.132,7.186,1.000000,1.000000,1.000000,11.672986,11.578199,12.417062,0.962960,0.898855,1.006959
dmd,17,1,padded,selected64,6,61.255,0.877,0.979696,0.973861,1.046744,11.890995,11.862559,11.966825,0.940931,0.938645,0.982036
dmd,17,1,padded,vector16store,6,57.861,4.430,1.038477,0.993089,1.112527,11.232227,11.161137,11.658768,1.000000,1.000000,1.000000
dmd,17,1,padded,cpp-approved-execution,6,5.151,0.000,11.672986,11.578199,12.417062,1.000000,1.000000,1.000000,11.232227,11.161137,11.658768
dmd,17,1,repeated-source,original,6,59.619,0.410,1.000000,1.000000,1.000000,11.573460,11.563981,11.611374,0.976080,0.965264,0.988943
dmd,17,1,repeated-source,selected64,6,61.230,1.077,0.974461,0.964808,0.979217,11.886256,11.857820,11.985782,0.949761,0.940661,0.963687
dmd,17,1,repeated-source,vector16store,6,58.203,2.223,1.024507,1.011180,1.035986,11.298578,11.194313,11.445498,1.000000,1.000000,1.000000
dmd,17,1,repeated-source,cpp-approved-execution,6,5.151,0.000,11.573460,11.563981,11.611374,1.000000,1.000000,1.000000,11.298578,11.194313,11.445498
dmd,17,1,universal,original,6,268.652,6.252,1.000000,1.000000,1.000000,22.030022,21.817635,23.150000,1.005090,0.964147,1.020759
dmd,17,1,universal,selected64,6,271.826,2.156,0.991178,0.980678,1.023702,22.290307,22.178357,22.614000,0.991242,0.986999,1.002526
dmd,17,1,universal,vector16store,6,270.020,1.383,0.994936,0.979663,1.037186,22.142152,22.058116,22.320000,1.000000,1.000000,1.000000
dmd,17,1,universal,cpp-approved-execution,6,12.183,0.200,22.030022,21.817635,23.150000,1.000000,1.000000,1.000000,22.142152,22.058116,22.320000
dmd,17,17,contiguous,original,6,178.556,3.396,1.000000,1.000000,1.000000,7.409608,7.369863,7.621005,0.756335,0.733972,0.771040
dmd,17,17,contiguous,selected64,6,223.043,0.148,0.800940,0.797825,0.824198,9.237443,9.232877,9.284404,0.605140,0.604548,0.616222
dmd,17,17,contiguous,vector16store,6,135.006,1.878,1.322169,1.296950,1.362449,5.595890,5.584475,5.689498,1.000000,1.000000,1.000000
dmd,17,17,contiguous,cpp-approved-execution,6,24.146,0.457,7.409608,7.369863,7.621005,1.000000,1.000000,1.000000,5.595890,5.584475,5.689498
dmd,17,17,negative-both,original,6,279.603,1.025,1.000000,1.000000,1.000000,6.536082,6.515464,6.582474,0.770858,0.759107,0.774970
dmd,17,17,negative-both,selected64,6,298.677,13.289,0.934109,0.838477,0.949071,6.981959,6.922680,7.850515,0.719950,0.639527,0.725987
dmd,17,17,negative-both,vector16store,6,214.939,1.282,1.297256,1.290372,1.317337,5.024485,4.994845,5.059278,1.000000,1.000000,1.000000
dmd,17,17,negative-both,cpp-approved-execution,6,42.778,0.000,6.536082,6.515464,6.582474,1.000000,1.000000,1.000000,5.024485,4.994845,5.059278
dmd,17,17,negative-source,original,6,278.060,9.318,1.000000,1.000000,1.000000,6.479381,6.187805,7.069588,0.761047,0.697776,0.773705
dmd,17,17,negative-source,selected64,6,298.126,4.549,0.931719,0.894831,1.019703,6.926546,6.685366,7.229381,0.710012,0.692335,0.712849
dmd,17,17,negative-source,vector16store,6,211.025,1.933,1.313990,1.292482,1.433124,4.929124,4.736585,5.005155,1.000000,1.000000,1.000000
dmd,17,17,negative-source,cpp-approved-execution,6,42.778,5.670,6.479381,6.187805,7.069588,1.000000,1.000000,1.000000,4.929124,4.736585,5.005155
dmd,17,17,padded,original,6,275.469,2.201,1.000000,1.000000,1.000000,6.439433,6.412371,6.554124,0.758039,0.753048,0.767349
dmd,17,17,padded,selected64,6,295.535,1.045,0.932920,0.930855,0.947820,6.908505,6.860825,6.932990,0.711324,0.703634,0.714339
dmd,17,17,padded,vector16store,6,209.868,1.944,1.319218,1.303189,1.327937,4.905928,4.840206,4.935567,1.000000,1.000000,1.000000
dmd,17,17,padded,cpp-approved-execution,6,42.778,0.000,6.439433,6.412371,6.554124,1.000000,1.000000,1.000000,4.905928,4.840206,4.935567
dmd,17,17,repeated-source,original,6,275.303,1.362,1.000000,1.000000,1.000000,6.435567,6.394330,6.481959,0.756307,0.750998,0.829907
dmd,17,17,repeated-source,selected64,6,295.094,0.374,0.932935,0.929910,0.939484,6.898196,6.876289,6.902062,0.707695,0.703815,0.771739
dmd,17,17,repeated-source,vector16store,6,208.875,9.343,1.322217,1.204954,1.331562,4.882732,4.850515,5.306701,1.000000,1.000000,1.000000
dmd,17,17,repeated-source,cpp-approved-execution,6,42.778,0.000,6.435567,6.394330,6.481959,1.000000,1.000000,1.000000,4.882732,4.850515,5.306701
dmd,17,17,universal,original,6,2541.951,5.847,1.000000,1.000000,1.000000,15.178078,14.939672,15.861093,0.996882,0.974100,1.011211
dmd,17,17,universal,selected64,6,2526.736,7.592,1.001016,0.956264,1.020890,15.057589,14.975642,16.057705,1.002979,0.947689,1.008683
dmd,17,17,universal,vector16store,6,2542.227,2.875,1.003162,0.988913,1.026588,15.164700,15.013825,15.450296,1.000000,1.000000,1.000000
dmd,17,17,universal,cpp-approved-execution,6,167.641,0.395,15.178078,14.939672,15.861093,1.000000,1.000000,1.000000,15.164700,15.013825,15.450296
dmd,17,128,contiguous,original,6,1008.750,0.578,1.000000,1.000000,1.000000,5.709257,5.468468,5.789474,0.672322,0.669687,0.675497
dmd,17,128,contiguous,selected64,6,1378.750,24.539,0.729845,0.590732,0.737994,7.873773,7.409910,9.715640,0.491998,0.397561,0.494526
dmd,17,128,contiguous,vector16store,6,677.500,0.492,1.487384,1.480392,1.493235,3.846374,3.662162,3.889952,1.000000,1.000000,1.000000
dmd,17,128,contiguous,cpp-approved-execution,6,176.250,6.147,5.709257,5.468468,5.789474,1.000000,1.000000,1.000000,3.846374,3.662162,3.889952
dmd,17,128,negative-both,original,6,1332.083,4.004,1.000000,1.000000,1.000000,4.313596,4.248000,4.486413,0.589087,0.554815,0.596491
dmd,17,128,negative-both,selected64,6,1462.917,7.975,0.907874,0.847987,0.944508,4.736559,4.704000,5.088949,0.532044,0.498941,0.543379
dmd,17,128,negative-both,vector16store,6,782.500,3.834,1.697544,1.676471,1.802402,2.524731,2.489130,2.586957,1.000000,1.000000,1.000000
dmd,17,128,negative-both,cpp-approved-execution,6,309.583,1.884,4.313596,4.248000,4.486413,1.000000,1.000000,1.000000,2.524731,2.489130,2.586957
dmd,17,128,negative-source,original,6,1331.250,3.568,1.000000,1.000000,1.000000,4.318936,4.259358,4.505464,0.586340,0.554275,0.596359
dmd,17,128,negative-source,selected64,6,1470.833,2.040,0.904542,0.899325,0.946613,4.752719,4.729947,4.818428,0.529363,0.524684,0.540034
dmd,17,128,negative-source,vector16store,6,779.583,3.955,1.705508,1.676842,1.804158,2.527100,2.497268,2.563342,1.000000,1.000000,1.000000
dmd,17,128,negative-source,cpp-approved-execution,6,308.333,2.162,4.318936,4.259358,4.505464,1.000000,1.000000,1.000000,2.527100,2.497268,2.563342
dmd,17,128,padded,original,6,1322.500,4.348,1.000000,1.000000,1.000000,4.281112,4.234043,4.516393,0.584118,0.551119,0.591709
dmd,17,128,padded,selected64,6,1459.583,1.085,0.905661,0.903409,0.949454,4.727069,4.670213,4.795640,0.527752,0.523262,0.536446
dmd,17,128,padded,vector16store,6,771.250,3.350,1.711992,1.690021,1.814490,2.497286,2.467914,2.536785,1.000000,1.000000,1.000000
dmd,17,128,padded,cpp-approved-execution,6,308.333,2.703,4.281112,4.234043,4.516393,1.000000,1.000000,1.000000,2.497286,2.467914,2.536785
dmd,17,128,repeated-source,original,6,1298.750,0.449,1.000000,1.000000,1.000000,4.281593,4.269231,4.288462,0.577799,0.577194,0.580438
dmd,17,128,repeated-source,selected64,6,1438.750,0.463,0.903272,0.898266,0.905978,4.743132,4.730769,4.752747,0.522194,0.521387,0.523148
dmd,17,128,repeated-source,vector16store,6,750.833,0.444,1.730705,1.722838,1.732519,2.475275,2.472527,2.483516,1.000000,1.000000,1.000000
dmd,17,128,repeated-source,cpp-approved-execution,6,303.333,0.000,4.281593,4.269231,4.288462,1.000000,1.000000,1.000000,2.475275,2.472527,2.483516
dmd,17,128,universal,original,6,18143.750,5.075,1.000000,1.000000,1.000000,14.267698,14.181639,14.876963,1.006473,0.998279,1.063171
dmd,17,128,universal,selected64,6,18240.833,1.636,0.997252,0.988211,1.025812,14.353443,14.305774,14.502618,0.999105,0.995478,1.090614
dmd,17,128,universal,vector16store,6,18246.667,10.842,0.993568,0.940583,1.001724,14.348647,14.291148,15.816754,1.000000,1.000000,1.000000
dmd,17,128,universal,cpp-approved-execution,6,1272.083,0.655,14.267698,14.181639,14.876963,1.000000,1.000000,1.000000,14.348647,14.291148,15.816754
dmd,23,1,contiguous,original,6,62.024,10.825,1.000000,1.000000,1.000000,9.171480,9.111913,10.104693,0.966955,0.911896,0.973861
dmd,23,1,contiguous,selected64,6,63.757,1.302,0.972613,0.958618,1.076538,9.427798,9.386282,9.509025,0.940456,0.933561,0.991923
dmd,23,1,contiguous,vector16store,6,59.973,5.211,1.034193,1.026840,1.096616,8.868231,8.848375,9.310469,1.000000,1.000000,1.000000
dmd,23,1,contiguous,cpp-approved-execution,6,6.763,0.000,9.171480,9.111913,10.104693,1.000000,1.000000,1.000000,8.868231,8.848375,9.310469
dmd,23,1,negative-both,original,6,61.951,8.512,1.000000,1.000000,1.000000,8.810764,8.784722,9.534722,0.970050,0.896941,1.017371
dmd,23,1,negative-both,selected64,6,64.026,4.042,0.969037,0.966056,1.045299,9.105903,9.083333,9.451389,0.939686,0.909258,0.982838
dmd,23,1,negative-both,vector16store,6,60.278,4.739,1.030875,0.982926,1.114901,8.572917,8.541667,8.947917,1.000000,1.000000,1.000000
dmd,23,1,negative-both,cpp-approved-execution,6,7.031,0.000,8.810764,8.784722,9.534722,1.000000,1.000000,1.000000,8.572917,8.541667,8.947917
dmd,23,1,negative-source,original,6,62.646,6.313,1.000000,1.000000,1.000000,8.909722,8.774306,9.336806,0.954874,0.932317,0.975870
dmd,23,1,negative-source,selected64,6,64.417,8.111,0.965929,0.955919,1.001539,9.161458,9.024306,9.767361,0.931966,0.891219,0.945364
dmd,23,1,negative-source,vector16store,6,59.912,2.363,1.047351,1.024726,1.072597,8.520833,8.503472,8.704861,1.000000,1.000000,1.000000
dmd,23,1,negative-source,cpp-approved-execution,6,7.031,0.000,8.909722,8.774306,9.336806,1.000000,1.000000,1.000000,8.520833,8.503472,8.704861
dmd,23,1,padded,original,6,61.731,0.593,1.000000,1.000000,1.000000,8.779514,8.750000,8.802083,0.984180,0.969158,1.066272
dmd,23,1,padded,selected64,6,63.672,9.931,0.968348,0.885744,0.971571,9.055556,9.038194,9.937500,0.947318,0.940522,0.984680
dmd,23,1,padded,vector16store,6,60.754,10.127,1.016085,0.937847,1.031824,8.640625,8.510417,9.385417,1.000000,1.000000,1.000000
dmd,23,1,padded,cpp-approved-execution,6,7.031,0.000,8.779514,8.750000,8.802083,1.000000,1.000000,1.000000,8.640625,8.510417,9.385417
dmd,23,1,repeated-source,original,6,61.731,5.418,1.000000,1.000000,1.000000,8.779514,8.763889,9.239583,0.971678,0.931605,0.975475
dmd,23,1,repeated-source,selected64,6,64.270,6.724,0.960494,0.924542,0.971571,9.140625,9.038194,9.652778,0.933714,0.891727,0.944679
dmd,23,1,repeated-source,vector16store,6,59.973,1.181,1.029148,1.025142,1.073417,8.529514,8.506944,8.607639,1.000000,1.000000,1.000000
dmd,23,1,repeated-source,cpp-approved-execution,6,7.031,0.000,8.779514,8.763889,9.239583,1.000000,1.000000,1.000000,8.529514,8.506944,8.607639
dmd,23,1,universal,original,6,318.616,1.410,1.000000,1.000000,1.000000,20.633228,20.466772,20.757911,1.009945,0.995655,1.014417
dmd,23,1,universal,selected64,6,322.473,1.756,0.984126,0.982154,1.001145,20.882963,20.734177,21.067930,0.994686,0.983798,1.002133
dmd,23,1,universal,vector16store,6,320.032,1.388,0.990154,0.985788,1.004364,20.741297,20.656646,20.911532,1.000000,1.000000,1.000000
dmd,23,1,universal,cpp-approved-execution,6,15.430,0.158,20.633228,20.466772,20.757911,1.000000,1.000000,1.000000,20.741297,20.656646,20.911532
dmd,23,17,contiguous,original,6,220.075,0.543,1.000000,1.000000,1.000000,6.697727,6.491228,6.704545,0.860584,0.860244,0.862092
dmd,23,17,contiguous,selected64,6,278.582,0.536,0.789727,0.788122,0.790885,8.479545,8.219298,8.495455,0.680214,0.678438,0.680794
dmd,23,17,contiguous,vector16store,6,189.403,0.552,1.162002,1.159968,1.162461,5.765909,5.592105,5.768182,1.000000,1.000000,1.000000
dmd,23,17,contiguous,cpp-approved-execution,6,32.836,3.636,6.697727,6.491228,6.704545,1.000000,1.000000,1.000000,5.765909,5.592105,5.768182
dmd,23,17,negative-both,original,6,337.612,11.760,1.000000,1.000000,1.000000,4.522133,4.322284,5.036217,0.803069,0.721135,0.808672
dmd,23,17,negative-both,selected64,6,355.299,20.248,0.946856,0.825246,1.043351,4.789738,4.752515,5.237569,0.761413,0.649086,0.767570
dmd,23,17,negative-both,vector16store,6,270.597,2.261,1.245266,1.236595,1.386704,3.643863,3.399632,3.661972,1.000000,1.000000,1.000000
dmd,23,17,negative-both,cpp-approved-execution,6,74.179,9.256,4.522133,4.322284,5.036217,1.000000,1.000000,1.000000,3.643863,3.399632,3.661972
dmd,23,17,negative-source,original,6,336.716,12.456,1.000000,1.000000,1.000000,4.530123,4.503018,4.630515,0.796145,0.788344,0.836840
dmd,23,17,negative-source,selected64,6,354.851,46.646,0.945958,0.650173,0.956813,4.783702,4.762575,6.965932,0.754260,0.515823,0.761301
dmd,23,17,negative-source,vector16store,6,268.060,17.929,1.256068,1.194972,1.268482,3.608652,3.593186,3.875000,1.000000,1.000000,1.000000
dmd,23,17,negative-source,cpp-approved-execution,6,74.179,9.457,4.530123,4.503018,4.630515,1.000000,1.000000,1.000000,3.608652,3.593186,3.875000
dmd,23,17,padded,original,6,331.866,2.294,1.000000,1.000000,1.000000,4.472350,4.408451,4.511066,0.798428,0.795964,0.855656
dmd,23,17,padded,selected64,6,350.970,1.361,0.944884,0.936325,0.949405,4.726637,4.704225,4.768612,0.755831,0.751800,0.808811
dmd,23,17,padded,vector16store,6,265.522,6.745,1.252461,1.168694,1.256338,3.575877,3.563380,3.804829,1.000000,1.000000,1.000000
dmd,23,17,padded,cpp-approved-execution,6,74.179,0.201,4.472350,4.408451,4.511066,1.000000,1.000000,1.000000,3.575877,3.563380,3.804829
dmd,23,17,repeated-source,original,6,332.388,8.577,1.000000,1.000000,1.000000,4.480885,4.446680,4.830986,0.791242,0.735943,0.834458
dmd,23,17,repeated-source,selected64,6,351.045,10.034,0.946703,0.861962,1.019966,4.732394,4.714286,5.189135,0.748514,0.719271,0.752027
dmd,23,17,repeated-source,vector16store,6,262.910,5.734,1.263847,1.198383,1.358800,3.544266,3.529175,3.732394,1.000000,1.000000,1.000000
dmd,23,17,repeated-source,cpp-approved-execution,6,74.179,0.000,4.480885,4.446680,4.830986,1.000000,1.000000,1.000000,3.544266,3.529175,3.732394
dmd,23,17,universal,original,6,3385.672,6.185,1.000000,1.000000,1.000000,15.210140,15.016711,15.933244,0.999251,0.993422,1.019498
dmd,23,17,universal,selected64,6,3387.164,4.666,1.003761,0.989866,1.011399,15.205442,15.085390,15.753672,1.003899,0.995549,1.022793
dmd,23,17,universal,vector16store,6,3386.493,5.051,1.000750,0.980875,1.006621,15.182944,15.137425,15.888889,1.000000,1.000000,1.000000
dmd,23,17,universal,cpp-approved-execution,6,223.134,0.669,15.210140,15.016711,15.933244,1.000000,1.000000,1.000000,15.182944,15.137425,15.888889
dmd,23,128,contiguous,original,6,1320.225,0.085,1.000000,1.000000,1.000000,5.662683,5.617225,5.703883,0.832340,0.831489,0.835605
dmd,23,128,contiguous,selected64,6,1790.449,14.936,0.737371,0.642779,0.738994,7.707049,7.622010,8.788462,0.613936,0.534464,0.615723
dmd,23,128,contiguous,vector16store,6,1098.876,0.409,1.201431,1.196738,1.202661,4.710877,4.679426,4.752427,1.000000,1.000000,1.000000
dmd,23,128,contiguous,cpp-approved-execution,6,233.146,1.446,5.662683,5.617225,5.703883,1.000000,1.000000,1.000000,4.710877,4.679426,4.752427
dmd,23,128,negative-both,original,6,1779.213,27.850,1.000000,1.000000,1.000000,3.185002,3.101796,3.989980,0.674037,0.539427,0.697555
dmd,23,128,negative-both,selected64,6,1886.517,0.834,0.943113,0.923855,1.179502,3.375487,3.347305,3.389113,0.636826,0.632957,0.646392
dmd,23,128,negative-both,vector16store,6,1201.685,1.870,1.483999,1.433579,1.853818,2.151605,2.142570,2.163673,1.000000,1.000000,1.000000
dmd,23,128,negative-both,cpp-approved-execution,6,558.989,1.005,3.185002,3.101796,3.989980,1.000000,1.000000,1.000000,2.151605,2.142570,2.163673
dmd,23,128,negative-source,original,6,1745.506,4.313,1.000000,1.000000,1.000000,3.121862,3.097610,3.247485,0.684041,0.658612,0.689722
dmd,23,128,negative-source,selected64,6,1882.022,0.716,0.925925,0.923397,0.965311,3.364185,3.354582,3.379032,0.633811,0.631829,0.637395
dmd,23,128,negative-source,vector16store,6,1193.820,0.659,1.461901,1.449859,1.518344,2.137965,2.119522,2.142570,1.000000,1.000000,1.000000
dmd,23,128,negative-source,cpp-approved-execution,6,558.427,1.207,3.121862,3.097610,3.247485,1.000000,1.000000,1.000000,2.137965,2.119522,2.142570
dmd,23,128,padded,original,6,1742.135,4.966,1.000000,1.000000,1.000000,3.144017,3.123232,3.292089,0.683786,0.658657,0.686287
dmd,23,128,padded,selected64,6,1879.213,0.419,0.927565,0.924134,0.968377,3.390474,3.371717,3.402439,0.635520,0.632019,0.637828
dmd,23,128,padded,vector16store,6,1192.135,1.037,1.462447,1.457116,1.518241,2.152126,2.143434,2.168357,1.000000,1.000000,1.000000
dmd,23,128,padded,cpp-approved-execution,6,554.494,0.608,3.144017,3.123232,3.292089,1.000000,1.000000,1.000000,2.152126,2.143434,2.168357
dmd,23,128,repeated-source,original,6,1728.652,36.074,1.000000,1.000000,1.000000,3.198545,3.068548,4.221545,0.678283,0.513722,0.689225
dmd,23,128,repeated-source,selected64,6,1856.180,1.392,0.932379,0.920750,1.242968,3.422199,3.332661,3.438669,0.633414,0.629988,0.638540
dmd,23,128,repeated-source,vector16store,6,1173.596,2.393,1.474354,1.450906,1.946579,2.166148,2.114919,2.172557,1.000000,1.000000,1.000000
dmd,23,128,repeated-source,cpp-approved-execution,6,541.573,3.112,3.198545,3.068548,4.221545,1.000000,1.000000,1.000000,2.166148,2.114919,2.172557
dmd,23,128,universal,original,6,24758.989,5.287,1.000000,1.000000,1.000000,14.688239,14.597870,15.342857,1.002267,0.977610,1.010859
dmd,23,128,universal,selected64,6,24751.124,3.505,1.004426,0.972414,1.020642,14.700379,14.548602,15.032558,1.002830,0.972592,1.018168
dmd,23,128,universal,vector16store,6,24947.191,3.815,0.997742,0.989258,1.022902,14.797052,14.484667,14.999336,1.000000,1.000000,1.000000
dmd,23,128,universal,cpp-approved-execution,6,1686.517,0.466,14.688239,14.597870,15.342857,1.000000,1.000000,1.000000,14.797052,14.484667,14.999336
dmd,31,1,contiguous,original,6,66.528,8.991,1.000000,1.000000,1.000000,8.333333,8.100917,8.850153,0.995497,0.923981,1.015757
dmd,31,1,contiguous,selected64,6,67.371,2.827,0.969596,0.962223,1.057749,8.438838,8.366972,8.605505,0.971376,0.950249,1.010204
dmd,31,1,contiguous,vector16store,6,65.442,3.656,1.004635,0.984488,1.082274,8.197248,8.177370,8.477064,1.000000,1.000000,1.000000
dmd,31,1,contiguous,cpp-approved-execution,6,7.983,0.000,8.333333,8.100917,8.850153,1.000000,1.000000,1.000000,8.197248,8.177370,8.477064
dmd,31,1,negative-both,original,6,64.502,14.799,1.000000,1.000000,1.000000,7.770588,7.752941,8.902941,1.024815,1.018113,1.071510
dmd,31,1,negative-both,selected64,6,66.858,2.629,0.963992,0.940862,1.105148,8.054412,8.044118,8.255882,0.987022,0.964375,1.172691
dmd,31,1,negative-both,vector16store,6,66.040,19.039,0.975786,0.933263,0.982209,7.955882,7.932353,9.447059,1.000000,1.000000,1.000000
dmd,31,1,negative-both,cpp-approved-execution,6,8.301,0.000,7.770588,7.752941,8.902941,1.000000,1.000000,1.000000,7.955882,7.932353,9.447059
dmd,31,1,negative-source,original,6,64.771,3.279,1.000000,1.000000,1.000000,7.802941,7.764706,8.020588,1.012856,0.982398,1.055682
dmd,31,1,negative-source,selected64,6,66.907,2.664,0.968072,0.962801,0.972253,8.060294,8.047059,8.261765,0.978988,0.953720,1.016429
dmd,31,1,negative-source,vector16store,6,65.417,4.255,0.987308,0.947255,1.017917,7.880882,7.861765,8.197059,1.000000,1.000000,1.000000
dmd,31,1,negative-source,cpp-approved-execution,6,8.301,0.000,7.802941,7.764706,8.020588,1.000000,1.000000,1.000000,7.880882,7.861765,8.197059
dmd,31,1,padded,original,6,65.686,12.117,1.000000,1.000000,1.000000,7.913235,7.755882,8.689150,0.998699,0.910901,1.020841
dmd,31,1,padded,selected64,6,67.810,5.221,0.979789,0.912457,1.067748,8.157150,8.076471,8.502941,0.974200,0.929412,0.979243
dmd,31,1,padded,vector16store,6,65.710,5.053,1.001303,0.979584,1.097814,7.911890,7.897059,8.297059,1.000000,1.000000,1.000000
dmd,31,1,padded,cpp-approved-execution,6,8.301,0.294,7.913235,7.755882,8.689150,1.000000,1.000000,1.000000,7.911890,7.897059,8.297059
dmd,31,1,repeated-source,original,6,66.956,10.611,1.000000,1.000000,1.000000,8.066176,7.758824,8.614706,0.977365,0.911574,1.053544
dmd,31,1,repeated-source,selected64,6,66.992,9.548,0.979481,0.879333,1.067031,8.070588,8.052941,8.823529,0.972850,0.914667,1.018964
dmd,31,1,repeated-source,vector16store,6,65.479,4.661,1.023803,0.949177,1.097004,7.888235,7.850000,8.217647,1.000000,1.000000,1.000000
dmd,31,1,repeated-source,cpp-approved-execution,6,8.301,0.000,8.066176,7.758824,8.614706,1.000000,1.000000,1.000000,7.888235,7.850000,8.217647
dmd,31,1,universal,original,6,386.523,2.091,1.000000,1.000000,1.000000,18.780546,18.705813,19.098458,0.996107,0.993623,1.002975
dmd,31,1,universal,selected64,6,389.307,2.941,0.993623,0.984510,1.005268,18.904621,18.689205,19.245552,0.990025,0.984012,0.998858
dmd,31,1,universal,vector16store,6,386.230,2.118,1.003908,0.997034,1.006418,18.755192,18.629893,19.027284,1.000000,1.000000,1.000000
dmd,31,1,universal,cpp-approved-execution,6,20.581,0.119,18.780546,18.705813,19.098458,1.000000,1.000000,1.000000,18.755192,18.629893,19.027284
dmd,31,17,contiguous,original,6,274.849,0.439,1.000000,1.000000,1.000000,6.280472,5.930736,6.290323,0.962257,0.956204,1.043160
dmd,31,17,contiguous,selected64,6,365.191,0.441,0.752822,0.751238,0.754821,8.344829,7.857143,8.373272,0.724215,0.721519,0.786108
dmd,31,17,contiguous,vector16store,6,264.185,8.835,1.039223,0.958626,1.045802,6.050564,5.670996,6.541284,1.000000,1.000000,1.000000
dmd,31,17,contiguous,cpp-approved-execution,6,43.763,6.437,6.280472,5.930736,6.290323,1.000000,1.000000,1.000000,6.050564,5.670996,6.541284
dmd,31,17,negative-both,original,6,412.173,2.197,1.000000,1.000000,1.000000,4.335805,4.323467,4.423729,0.829991,0.822318,0.837073
dmd,31,17,negative-both,selected64,6,435.312,1.849,0.951163,0.941663,0.960630,4.573996,4.547569,4.637712,0.788955,0.782288,0.794049
dmd,31,17,negative-both,vector16store,6,344.266,1.227,1.204834,1.194639,1.216075,3.617336,3.585624,3.637712,1.000000,1.000000,1.000000
dmd,31,17,negative-both,cpp-approved-execution,6,95.070,0.212,4.335805,4.323467,4.423729,1.000000,1.000000,1.000000,3.617336,3.585624,3.637712
dmd,31,17,negative-source,original,6,415.091,23.897,1.000000,1.000000,1.000000,4.370763,4.336864,5.369979,0.824581,0.660236,0.832438
dmd,31,17,negative-source,selected64,6,435.111,2.127,0.949340,0.942115,1.182495,4.581568,4.541226,4.648305,0.780872,0.776798,0.787067
dmd,31,17,negative-source,vector16store,6,341.147,2.418,1.212739,1.201291,1.514609,3.592161,3.545455,3.633475,1.000000,1.000000,1.000000
dmd,31,17,negative-source,cpp-approved-execution,6,94.970,0.212,4.370763,4.336864,5.369979,1.000000,1.000000,1.000000,3.592161,3.545455,3.633475
dmd,31,17,padded,original,6,409.960,1.374,1.000000,1.000000,1.000000,4.312171,4.283898,4.334038,0.827390,0.819253,0.834322
dmd,31,17,padded,selected64,6,432.897,2.417,0.945153,0.937729,0.950514,4.553439,4.516949,4.617336,0.780291,0.777676,0.791276
dmd,31,17,padded,vector16store,6,339.537,2.133,1.208620,1.198577,1.220624,3.571431,3.533898,3.602537,1.000000,1.000000,1.000000
dmd,31,17,padded,cpp-approved-execution,6,95.070,0.212,4.312171,4.283898,4.334038,1.000000,1.000000,1.000000,3.571431,3.533898,3.602537
dmd,31,17,repeated-source,original,6,411.167,11.451,1.000000,1.000000,1.000000,4.306638,4.283298,4.778013,0.823544,0.752212,0.828179
dmd,31,17,repeated-source,selected64,6,450.905,17.180,0.917317,0.808654,0.948316,4.742697,4.546218,5.357294,0.748579,0.669710,0.783572
dmd,31,17,repeated-source,vector16store,6,338.934,1.900,1.214264,1.207469,1.329412,3.551307,3.526427,3.597458,1.000000,1.000000,1.000000
dmd,31,17,repeated-source,cpp-approved-execution,6,95.171,0.846,4.306638,4.283298,4.778013,1.000000,1.000000,1.000000,3.551307,3.526427,3.597458
dmd,31,17,universal,original,6,4582.998,4.895,1.000000,1.000000,1.000000,15.373450,14.944070,15.706001,0.998236,0.959729,1.002886
dmd,31,17,universal,selected64,6,4506.539,8.546,1.003606,0.947961,1.041542,15.113046,15.000000,16.311741,0.999372,0.948209,1.010828
dmd,31,17,universal,vector16store,6,4496.278,3.047,1.001771,0.997122,1.041961,15.078613,14.987197,15.466937,1.000000,1.000000,1.000000
dmd,31,17,universal,cpp-approved-execution,6,298.390,0.270,15.373450,14.944070,15.706001,1.000000,1.000000,1.000000,15.078613,14.987197,15.466937
dmd,31,128,contiguous,original,6,1736.364,0.087,1.000000,1.000000,1.000000,5.454762,5.431280,5.457143,0.954605,0.952880,0.958115
dmd,31,128,contiguous,selected64,6,2445.455,1.177,0.709727,0.702206,0.710477,7.685714,7.644550,7.771429,0.677719,0.669730,0.680297
dmd,31,128,contiguous,vector16store,6,1656.818,0.549,1.047554,1.043716,1.049451,5.204762,5.184834,5.228571,1.000000,1.000000,1.000000
dmd,31,128,contiguous,cpp-approved-execution,6,318.182,0.476,5.454762,5.431280,5.457143,1.000000,1.000000,1.000000,5.204762,5.184834,5.228571
dmd,31,128,negative-both,original,6,2373.485,0.702,1.000000,1.000000,1.000000,3.288866,3.276151,3.318565,0.744334,0.739352,0.754151
dmd,31,128,negative-both,selected64,6,2553.030,11.276,0.930268,0.836636,0.935196,3.551104,3.518828,3.922269,0.691277,0.623794,0.702140
dmd,31,128,negative-both,vector16store,6,1764.394,1.889,1.343482,1.325995,1.352537,2.450533,2.434874,2.470711,1.000000,1.000000,1.000000
dmd,31,128,negative-both,cpp-approved-execution,6,721.212,0.840,3.288866,3.276151,3.318565,1.000000,1.000000,1.000000,2.450533,2.434874,2.470711
dmd,31,128,negative-source,original,6,2371.970,14.564,1.000000,1.000000,1.000000,3.293995,3.247401,3.752621,0.741010,0.647486,0.743278
dmd,31,128,negative-source,selected64,6,2537.121,0.299,0.934907,0.931425,1.069934,3.507853,3.486486,3.533755,0.692951,0.689922,0.700119
dmd,31,128,negative-source,vector16store,6,1757.576,1.293,1.349510,1.345392,1.544435,2.434422,2.405405,2.449367,1.000000,1.000000,1.000000
dmd,31,128,negative-source,cpp-approved-execution,6,723.485,1.466,3.293995,3.247401,3.752621,1.000000,1.000000,1.000000,2.434422,2.405405,2.449367
dmd,31,128,padded,original,6,2368.182,1.088,1.000000,1.000000,1.000000,3.284267,3.249480,3.310782,0.742409,0.731646,0.744722
dmd,31,128,padded,selected64,6,2539.394,17.601,0.933414,0.796541,0.942721,3.512625,3.477178,4.156448,0.692055,0.591556,0.694511
dmd,31,128,padded,vector16store,6,1758.333,0.689,1.346966,1.342784,1.366782,2.432793,2.398340,2.458774,1.000000,1.000000,1.000000
dmd,31,128,padded,cpp-approved-execution,6,721.212,1.891,3.284267,3.249480,3.310782,1.000000,1.000000,1.000000,2.432793,2.398340,2.458774
dmd,31,128,repeated-source,original,6,2363.636,0.256,1.000000,1.000000,1.000000,3.348712,3.341202,3.369330,0.739744,0.738462,0.745022
dmd,31,128,repeated-source,selected64,6,2534.091,0.359,0.932756,0.928998,0.933612,3.589690,3.584582,3.613391,0.690605,0.688995,0.692124
dmd,31,128,repeated-source,vector16store,6,1748.485,0.693,1.351820,1.342241,1.354167,2.479058,2.471092,2.498920,1.000000,1.000000,1.000000
dmd,31,128,repeated-source,cpp-approved-execution,6,706.061,0.858,3.348712,3.341202,3.369330,1.000000,1.000000,1.000000,2.479058,2.471092,2.498920
dmd,31,128,universal,original,6,33255.303,5.486,1.000000,1.000000,1.000000,14.810391,13.703935,15.515541,0.999708,0.977486,1.008797
dmd,31,128,universal,selected64,6,33275.758,6.165,1.000964,0.952340,1.019581,14.736206,14.389756,15.217568,0.996710,0.960717,1.012169
dmd,31,128,universal,vector16store,6,33350.758,3.057,1.000293,0.991280,1.023033,14.832094,13.824485,15.166216,1.000000,1.000000,1.000000
dmd,31,128,universal,cpp-approved-execution,6,2243.939,8.305,14.810391,13.703935,15.515541,1.000000,1.000000,1.000000,14.832094,13.824485,15.166216
dmd,32,1,contiguous,original,6,65.149,14.353,1.000000,1.000000,1.000000,12.020270,12.009009,13.734234,0.911919,0.796655,0.922356
dmd,32,1,contiguous,selected64,6,67.834,11.805,0.972787,0.870757,1.047406,12.515766,12.324324,13.801802,0.880506,0.799608,0.888889
dmd,32,1,contiguous,vector16store,6,59.424,1.233,1.096589,1.084181,1.255249,10.963964,10.941441,11.076577,1.000000,1.000000,1.000000
dmd,32,1,contiguous,cpp-approved-execution,6,5.420,0.000,12.020270,12.009009,13.734234,1.000000,1.000000,1.000000,10.963964,10.941441,11.076577
dmd,32,1,negative-both,original,6,65.100,1.950,1.000000,1.000000,1.000000,11.444206,11.433476,11.656652,0.914602,0.903903,0.921635
dmd,32,1,negative-both,selected64,6,67.053,15.583,0.971041,0.858136,0.974125,11.787554,11.746781,13.583691,0.888265,0.775671,0.896753
dmd,32,1,negative-both,vector16store,6,59.717,1.308,1.093372,1.085028,1.106314,10.497854,10.416309,10.553648,1.000000,1.000000,1.000000
dmd,32,1,negative-both,cpp-approved-execution,6,5.688,0.000,11.444206,11.433476,11.656652,1.000000,1.000000,1.000000,10.497854,10.416309,10.553648
dmd,32,1,negative-source,original,6,65.369,11.429,1.000000,1.000000,1.000000,11.491416,11.437768,12.751073,0.908685,0.826321,0.915979
dmd,32,1,negative-source,selected64,6,68.103,14.124,0.969273,0.854592,1.050937,11.972103,11.768240,13.459227,0.876891,0.775510,0.887355
dmd,32,1,negative-source,vector16store,6,59.412,1.068,1.100494,1.091728,1.210183,10.444206,10.424893,10.536481,1.000000,1.000000,1.000000
dmd,32,1,negative-source,cpp-approved-execution,6,5.688,0.000,11.491416,11.437768,12.751073,1.000000,1.000000,1.000000,10.444206,10.424893,10.536481
dmd,32,1,padded,original,6,66.785,8.445,1.000000,1.000000,1.000000,11.740343,11.429185,12.420601,0.903997,0.842087,0.917386
dmd,32,1,padded,selected64,6,66.858,6.135,0.987189,0.964506,1.057362,11.753219,11.708155,12.429185,0.890760,0.884824,0.895833
dmd,32,1,padded,vector16store,6,59.570,6.434,1.106225,1.090053,1.187526,10.472103,10.433476,11.107296,1.000000,1.000000,1.000000
dmd,32,1,padded,cpp-approved-execution,6,5.688,0.000,11.740343,11.429185,12.420601,1.000000,1.000000,1.000000,10.472103,10.433476,11.107296
dmd,32,1,repeated-source,original,6,65.210,9.622,1.000000,1.000000,1.000000,11.463519,11.433476,12.536481,0.916212,0.869908,0.920045
dmd,32,1,repeated-source,selected64,6,66.968,10.463,0.972475,0.909423,1.066837,11.772532,11.703863,12.935622,0.893547,0.809555,0.928050
dmd,32,1,repeated-source,vector16store,6,59.839,4.243,1.091454,1.086903,1.149547,10.519313,10.459227,10.905579,1.000000,1.000000,1.000000
dmd,32,1,repeated-source,cpp-approved-execution,6,5.688,0.000,11.463519,11.433476,12.536481,1.000000,1.000000,1.000000,10.519313,10.459227,10.905579
dmd,32,1,universal,original,6,397.327,3.373,1.000000,1.000000,1.000000,19.490488,18.612717,20.096224,0.998955,0.984675,1.012253
dmd,32,1,universal,selected64,6,397.766,2.652,1.003088,0.986580,1.014997,19.296363,18.804624,20.155907,0.997633,0.985416,1.027434
dmd,32,1,universal,vector16store,6,396.533,5.258,1.001046,0.987895,1.015563,19.485224,18.590751,20.077954,1.000000,1.000000,1.000000
dmd,32,1,universal,cpp-approved-execution,6,20.593,5.216,19.490488,18.612717,20.096224,1.000000,1.000000,1.000000,19.485224,18.590751,20.077954
dmd,32,17,contiguous,original,6,284.096,1.317,1.000000,1.000000,1.000000,6.661765,6.142857,6.740196,0.633701,0.619913,0.651950
dmd,32,17,contiguous,selected64,6,379.626,0.821,0.746173,0.743435,0.754386,8.948529,8.142857,9.014706,0.472815,0.466849,0.484683
dmd,32,17,contiguous,vector16store,6,180.042,3.926,1.578153,1.533860,1.613130,4.242647,3.808036,4.343137,1.000000,1.000000,1.000000
dmd,32,17,contiguous,cpp-approved-execution,6,42.412,9.804,6.661765,6.142857,6.740196,1.000000,1.000000,1.000000,4.242647,3.808036,4.343137
dmd,32,17,negative-both,original,6,422.141,3.300,1.000000,1.000000,1.000000,8.122000,8.028000,8.296000,0.609384,0.599325,0.613636
dmd,32,17,negative-both,selected64,6,455.509,17.481,0.935209,0.810660,0.943029,8.764000,8.524000,10.056000,0.567196,0.490851,0.578045
dmd,32,17,negative-both,vector16store,6,257.380,1.696,1.641019,1.629630,1.668544,4.952000,4.908000,4.992000,1.000000,1.000000,1.000000
dmd,32,17,negative-both,cpp-approved-execution,6,51.975,0.000,8.122000,8.028000,8.296000,1.000000,1.000000,1.000000,4.952000,4.908000,4.992000
dmd,32,17,negative-source,original,6,425.780,17.773,1.000000,1.000000,1.000000,8.109431,7.013699,9.532000,0.601126,0.513219,0.613770
dmd,32,17,negative-source,selected64,6,450.000,10.487,0.939864,0.859421,1.105288,8.638000,7.465753,9.418972,0.566034,0.516995,0.576606
dmd,32,17,negative-source,vector16store,6,255.198,3.014,1.663546,1.629276,1.948487,4.882000,4.304795,4.940000,1.000000,1.000000,1.000000
dmd,32,17,negative-source,cpp-approved-execution,6,51.975,16.800,8.109431,7.013699,9.532000,1.000000,1.000000,1.000000,4.882000,4.304795,4.940000
dmd,32,17,padded,original,6,419.335,21.914,1.000000,1.000000,1.000000,8.068000,7.996000,9.764000,0.600397,0.498156,0.605803
dmd,32,17,padded,selected64,6,445.114,1.962,0.943142,0.937180,1.131664,8.564000,8.460000,8.628000,0.565666,0.563746,0.571766
dmd,32,17,padded,vector16store,6,251.767,1.073,1.665566,1.650702,2.007401,4.844000,4.812000,4.864000,1.000000,1.000000,1.000000
dmd,32,17,padded,cpp-approved-execution,6,51.975,0.000,8.068000,7.996000,9.764000,1.000000,1.000000,1.000000,4.844000,4.812000,4.864000
dmd,32,17,repeated-source,original,6,420.374,24.085,1.000000,1.000000,1.000000,8.088000,8.032000,9.980000,0.598708,0.494589,0.600197
dmd,32,17,repeated-source,selected64,6,442.931,13.940,0.948602,0.836777,1.162628,8.522000,8.492000,9.680000,0.567561,0.502066,0.575023
dmd,32,17,repeated-source,vector16store,6,251.975,2.723,1.670262,1.666118,2.021880,4.848000,4.804000,4.936000,1.000000,1.000000,1.000000
dmd,32,17,repeated-source,cpp-approved-execution,6,51.975,0.000,8.088000,8.032000,9.980000,1.000000,1.000000,1.000000,4.848000,4.804000,4.936000
dmd,32,17,universal,original,6,4642.100,2.302,1.000000,1.000000,1.000000,15.138153,15.093623,15.484354,0.996854,0.993780,1.077520
dmd,32,17,universal,selected64,6,4650.104,5.714,0.996923,0.959824,1.009731,15.179527,14.948579,15.813261,0.996205,0.988077,1.034229
dmd,32,17,universal,vector16store,6,4639.189,8.963,1.003156,0.928057,1.006259,15.123270,15.050882,16.354533,1.000000,1.000000,1.000000
dmd,32,17,universal,cpp-approved-execution,6,306.341,0.543,15.138153,15.093623,15.484354,1.000000,1.000000,1.000000,15.123270,15.050882,16.354533
dmd,32,128,contiguous,original,6,1793.750,0.174,1.000000,1.000000,1.000000,5.466667,5.389671,5.502392,0.556572,0.554007,0.561847
dmd,32,128,contiguous,selected64,6,2514.062,0.124,0.713487,0.713043,0.715174,7.664286,7.553991,7.693780,0.397451,0.395277,0.400870
dmd,32,128,contiguous,vector16store,6,999.219,1.407,1.796730,1.779845,1.805031,3.052506,2.985915,3.071429,1.000000,1.000000,1.000000
dmd,32,128,contiguous,cpp-approved-execution,6,328.125,1.905,5.466667,5.389671,5.502392,1.000000,1.000000,1.000000,3.052506,2.985915,3.071429
dmd,32,128,negative-both,original,6,2442.188,0.960,1.000000,1.000000,1.000000,6.107644,6.077220,6.144531,0.445726,0.444727,0.447790
dmd,32,128,negative-both,selected64,6,2617.188,0.358,0.933692,0.929720,0.939701,6.541016,6.467181,6.584314,0.416990,0.415522,0.417910
dmd,32,128,negative-both,vector16store,6,1092.188,0.572,2.243534,2.233190,2.248571,2.729940,2.702703,2.741176,1.000000,1.000000,1.000000
dmd,32,128,negative-both,cpp-approved-execution,6,400.000,1.562,6.107644,6.077220,6.144531,1.000000,1.000000,1.000000,2.729940,2.702703,2.741176
dmd,32,128,negative-source,original,6,2443.750,0.895,1.000000,1.000000,1.000000,6.077996,6.050193,6.194444,0.448065,0.442467,0.452213
dmd,32,128,negative-source,selected64,6,2613.281,0.837,0.933573,0.932416,0.937201,6.512684,6.455598,6.638889,0.417882,0.414286,0.422409
dmd,32,128,negative-source,vector16store,6,1092.969,1.287,2.231819,2.211348,2.260057,2.717050,2.691120,2.781746,1.000000,1.000000,1.000000
dmd,32,128,negative-source,cpp-approved-execution,6,401.562,2.724,6.077996,6.050193,6.194444,1.000000,1.000000,1.000000,2.717050,2.691120,2.781746
dmd,32,128,padded,original,6,2439.062,0.320,1.000000,1.000000,1.000000,6.044627,6.027027,6.125490,0.445656,0.444587,0.448143
dmd,32,128,padded,selected64,6,2605.469,0.120,0.935851,0.934574,0.937013,6.461322,6.436293,6.541176,0.416792,0.415966,0.419916
dmd,32,128,padded,vector16store,6,1085.938,1.007,2.243885,2.231429,2.249280,2.699600,2.679537,2.733333,1.000000,1.000000,1.000000
dmd,32,128,padded,cpp-approved-execution,6,403.125,1.550,6.044627,6.027027,6.125490,1.000000,1.000000,1.000000,2.699600,2.679537,2.733333
dmd,32,128,repeated-source,original,6,2430.469,1.029,1.000000,1.000000,1.000000,6.364026,6.094118,6.434426,0.444838,0.442038,0.449518
dmd,32,128,repeated-source,selected64,6,2605.469,0.600,0.933393,0.931655,0.937313,6.820082,6.541176,6.864754,0.414942,0.414269,0.418814
dmd,32,128,repeated-source,vector16store,6,1082.812,1.154,2.248012,2.224607,2.262248,2.838137,2.709804,2.864754,1.000000,1.000000,1.000000
dmd,32,128,repeated-source,cpp-approved-execution,6,382.031,4.908,6.364026,6.094118,6.434426,1.000000,1.000000,1.000000,2.838137,2.709804,2.864754
dmd,32,128,universal,original,6,34396.875,2.798,1.000000,1.000000,1.000000,14.826703,14.485392,15.115229,1.002677,0.988642,1.023271
dmd,32,128,universal,selected64,6,34671.094,2.366,0.998598,0.980494,1.008488,14.850303,14.640268,15.053235,0.998539,0.983954,1.027486
dmd,32,128,universal,vector16store,6,34454.688,5.016,0.997331,0.977258,1.011489,14.834374,14.536521,15.466981,1.000000,1.000000,1.000000
dmd,32,128,universal,cpp-approved-execution,6,2317.969,1.550,14.826703,14.485392,15.115229,1.000000,1.000000,1.000000,14.834374,14.536521,15.466981
dmd,33,1,contiguous,original,6,65.845,5.339,1.000000,1.000000,1.000000,11.053279,10.979508,11.569672,0.906830,0.867871,0.947329
dmd,33,1,contiguous,selected64,6,69.043,11.351,0.959398,0.870269,1.019134,11.590164,11.352459,12.668033,0.866436,0.789065,0.920029
dmd,33,1,contiguous,vector16store,6,59.790,4.696,1.102743,1.055599,1.152245,10.036885,9.995902,10.467213,1.000000,1.000000,1.000000
dmd,33,1,contiguous,cpp-approved-execution,6,5.957,0.000,11.053279,10.979508,11.569672,1.000000,1.000000,1.000000,10.036885,9.995902,10.467213
dmd,33,1,negative-both,original,6,65.784,10.837,1.000000,1.000000,1.000000,10.403475,10.324324,11.451737,0.912418,0.827714,0.922272
dmd,33,1,negative-both,selected64,6,67.859,1.223,0.969592,0.956366,1.068444,10.731660,10.714286,10.845560,0.884511,0.872197,0.889049
dmd,33,1,negative-both,vector16store,6,59.937,0.896,1.095991,1.084279,1.208147,9.478764,9.444015,9.528958,1.000000,1.000000,1.000000
dmd,33,1,negative-both,cpp-approved-execution,6,6.323,0.000,10.403475,10.324324,11.451737,1.000000,1.000000,1.000000,9.478764,9.444015,9.528958
dmd,33,1,negative-source,original,6,65.662,4.685,1.000000,1.000000,1.000000,10.384170,10.308880,10.795367,0.909925,0.876252,0.920225
dmd,33,1,negative-source,selected64,6,68.225,2.827,0.963189,0.958811,1.009022,10.789575,10.698842,11.003861,0.878686,0.860351,0.886364
dmd,33,1,negative-source,vector16store,6,59.839,1.306,1.098997,1.086691,1.141224,9.463320,9.413127,9.536680,1.000000,1.000000,1.000000
dmd,33,1,negative-source,cpp-approved-execution,6,6.323,0.000,10.384170,10.308880,10.795367,1.000000,1.000000,1.000000,9.463320,9.413127,9.536680
dmd,33,1,padded,original,6,66.479,11.825,1.000000,1.000000,1.000000,10.513514,10.351351,11.594595,0.902359,0.826174,0.918929
dmd,33,1,padded,selected64,6,68.140,9.351,0.975628,0.887459,1.061755,10.776062,10.691120,11.698842,0.880096,0.815512,0.886602
dmd,33,1,padded,vector16store,6,59.998,1.302,1.108253,1.088223,1.210399,9.488417,9.455598,9.579151,1.000000,1.000000,1.000000
dmd,33,1,padded,cpp-approved-execution,6,6.323,0.000,10.513514,10.351351,11.594595,1.000000,1.000000,1.000000,9.488417,9.455598,9.579151
dmd,33,1,repeated-source,original,6,65.576,4.728,1.000000,1.000000,1.000000,10.370656,10.320463,10.810811,0.914177,0.875714,0.967826
dmd,33,1,repeated-source,selected64,6,67.639,0.505,0.968626,0.964286,1.014493,10.696911,10.656371,10.710425,0.887385,0.881399,0.933261
dmd,33,1,repeated-source,vector16store,6,59.924,5.867,1.093881,1.033243,1.141925,9.476834,9.432432,9.988417,1.000000,1.000000,1.000000
dmd,33,1,repeated-source,cpp-approved-execution,6,6.323,0.000,10.370656,10.320463,10.810811,1.000000,1.000000,1.000000,9.476834,9.432432,9.988417
dmd,33,1,universal,original,6,404.736,2.992,1.000000,1.000000,1.000000,18.679466,18.454955,18.992126,0.997072,0.976842,1.041860
dmd,33,1,universal,selected64,6,404.956,4.479,0.995347,0.953179,1.015640,18.679031,18.545660,19.361486,0.992853,0.977832,1.007964
dmd,33,1,universal,vector16store,6,403.247,3.911,1.002937,0.959822,1.023707,18.602279,18.520857,19.227477,1.000000,1.000000,1.000000
dmd,33,1,universal,cpp-approved-execution,6,21.667,0.225,18.679466,18.454955,18.992126,1.000000,1.000000,1.000000,18.602279,18.520857,19.227477
dmd,33,17,contiguous,original,6,295.075,1.451,1.000000,1.000000,1.000000,6.765824,6.652174,6.788177,0.629536,0.626523,0.633455
dmd,33,17,contiguous,selected64,6,389.936,0.988,0.757634,0.754934,0.761047,8.909314,8.811594,8.985222,0.477250,0.475329,0.479098
dmd,33,17,contiguous,vector16store,6,185.867,0.806,1.588472,1.578645,1.596110,4.262255,4.188406,4.275862,1.000000,1.000000,1.000000
dmd,33,17,contiguous,cpp-approved-execution,6,43.683,1.961,6.765824,6.652174,6.788177,1.000000,1.000000,1.000000,4.262255,4.188406,4.275862
dmd,33,17,negative-both,original,6,431.906,1.438,1.000000,1.000000,1.000000,6.818644,6.650165,6.891525,0.618031,0.611412,0.621461
dmd,33,17,negative-both,selected64,6,457.495,29.534,0.942057,0.735808,0.960321,7.210169,6.986799,9.315254,0.585281,0.455604,0.587152
dmd,33,17,negative-both,vector16store,6,267.024,1.443,1.618047,1.609113,1.635559,4.201695,4.102310,4.250847,1.000000,1.000000,1.000000
dmd,33,17,negative-both,cpp-approved-execution,6,63.169,2.712,6.818644,6.650165,6.891525,1.000000,1.000000,1.000000,4.201695,4.102310,4.250847
dmd,33,17,negative-source,original,6,432.762,15.141,1.000000,1.000000,1.000000,6.850847,6.772881,7.810169,0.603910,0.532986,0.611612
dmd,33,17,negative-source,selected64,6,456.638,15.053,0.948238,0.828466,1.086792,7.228814,7.152542,8.240678,0.573237,0.505553,0.579245
dmd,33,17,negative-source,vector16store,6,261.563,0.982,1.655880,1.635025,1.876221,4.140678,4.125424,4.166102,1.000000,1.000000,1.000000
dmd,33,17,negative-source,cpp-approved-execution,6,63.169,0.000,6.850847,6.772881,7.810169,1.000000,1.000000,1.000000,4.140678,4.125424,4.166102
dmd,33,17,padded,original,6,430.300,1.045,1.000000,1.000000,1.000000,6.811864,6.796610,6.867797,0.603072,0.598308,0.608479
dmd,33,17,padded,selected64,6,451.606,1.185,0.954124,0.944549,0.959280,7.149153,7.128814,7.213559,0.575154,0.569549,0.579848
dmd,33,17,padded,vector16store,6,259.957,1.647,1.658177,1.643443,1.671381,4.115254,4.074576,4.142373,1.000000,1.000000,1.000000
dmd,33,17,padded,cpp-approved-execution,6,63.169,0.000,6.811864,6.796610,6.867797,1.000000,1.000000,1.000000,4.115254,4.074576,4.142373
dmd,33,17,repeated-source,original,6,429.122,6.936,1.000000,1.000000,1.000000,6.727273,6.364179,6.790541,0.604256,0.600995,0.790807
dmd,33,17,repeated-source,selected64,6,455.675,24.859,0.941117,0.761506,0.955323,7.133179,6.767164,8.851852,0.572344,0.459871,0.743714
dmd,33,17,repeated-source,vector16store,6,258.779,39.967,1.654928,1.264531,1.663907,4.075894,4.050505,5.032836,1.000000,1.000000,1.000000
dmd,33,17,repeated-source,cpp-approved-execution,6,63.597,13.131,6.727273,6.364179,6.790541,1.000000,1.000000,1.000000,4.075894,4.050505,5.032836
dmd,33,17,universal,original,6,4812.420,3.822,1.000000,1.000000,1.000000,14.932186,14.805980,15.376744,0.999648,0.987521,1.028600
dmd,33,17,universal,selected64,6,4871.306,3.750,0.994315,0.970630,1.011091,15.057807,14.797342,15.364120,0.998432,0.983089,1.003979
dmd,33,17,universal,vector16store,6,4835.867,4.335,1.000355,0.972196,1.012637,14.896583,14.774751,15.425249,1.000000,1.000000,1.000000
dmd,33,17,universal,cpp-approved-execution,6,322.270,1.462,14.932186,14.805980,15.376744,1.000000,1.000000,1.000000,14.896583,14.774751,15.425249
dmd,33,128,contiguous,original,6,1841.935,0.525,1.000000,1.000000,1.000000,5.433333,5.310185,5.478469,0.577057,0.574542,0.580786
dmd,33,128,contiguous,selected64,6,2583.871,14.107,0.712457,0.627805,0.715178,7.644429,7.592417,8.458333,0.411177,0.360701,0.415365
dmd,33,128,contiguous,vector16store,6,1062.903,1.214,1.732930,1.721805,1.740516,3.135714,3.050926,3.181818,1.000000,1.000000,1.000000
dmd,33,128,contiguous,cpp-approved-execution,6,338.710,3.333,5.433333,5.310185,5.478469,1.000000,1.000000,1.000000,3.135714,3.050926,3.181818
dmd,33,128,negative-both,original,6,2510.484,0.193,1.000000,1.000000,1.000000,5.040453,4.880878,5.055195,0.466752,0.464997,0.470437
dmd,33,128,negative-both,selected64,6,2683.871,0.240,0.935397,0.934535,0.937462,5.385113,5.206897,5.405844,0.436560,0.434835,0.440168
dmd,33,128,negative-both,vector16store,6,1171.774,1.101,2.142472,2.125683,2.150552,2.356560,2.269592,2.363636,1.000000,1.000000,1.000000
dmd,33,128,negative-both,cpp-approved-execution,6,498.387,3.560,5.040453,4.880878,5.055195,1.000000,1.000000,1.000000,2.356560,2.269592,2.363636
dmd,33,128,negative-source,original,6,2506.452,0.257,1.000000,1.000000,1.000000,5.086746,5.061889,5.111842,0.465078,0.462677,0.471080
dmd,33,128,negative-source,selected64,6,2676.613,0.482,0.935863,0.932813,0.937914,5.442623,5.407166,5.457237,0.434468,0.432872,0.441832
dmd,33,128,negative-source,vector16store,6,1165.323,1.938,2.150178,2.122783,2.161335,2.364974,2.348534,2.395425,1.000000,1.000000,1.000000
dmd,33,128,negative-source,cpp-approved-execution,6,492.742,0.982,5.086746,5.061889,5.111842,1.000000,1.000000,1.000000,2.364974,2.348534,2.395425
dmd,33,128,padded,original,6,2504.839,0.322,1.000000,1.000000,1.000000,5.157549,5.139073,5.166113,0.462677,0.461687,0.463918
dmd,33,128,padded,selected64,6,2675.000,0.422,0.937294,0.934416,0.938443,5.503311,5.480132,5.514950,0.433264,0.431928,0.435045
dmd,33,128,padded,vector16store,6,1159.677,0.417,2.161335,2.155556,2.165969,2.383083,2.380795,2.392027,1.000000,1.000000,1.000000
dmd,33,128,padded,cpp-approved-execution,6,486.290,0.332,5.157549,5.139073,5.166113,1.000000,1.000000,1.000000,2.383083,2.380795,2.392027
dmd,33,128,repeated-source,original,6,2501.613,0.258,1.000000,1.000000,1.000000,5.404181,5.212121,5.423077,0.461960,0.460594,0.463572
dmd,33,128,repeated-source,selected64,6,2673.387,0.181,0.935182,0.934783,0.936632,5.777003,5.575758,5.793706,0.432147,0.430556,0.433655
dmd,33,128,repeated-source,vector16store,6,1155.645,0.837,2.164696,2.157163,2.171108,2.500871,2.400673,2.505226,1.000000,1.000000,1.000000
dmd,33,128,repeated-source,cpp-approved-execution,6,462.903,3.833,5.404181,5.212121,5.423077,1.000000,1.000000,1.000000,2.500871,2.400673,2.505226
dmd,33,128,universal,original,6,35221.774,2.280,1.000000,1.000000,1.000000,14.780049,14.694915,15.002030,1.006777,0.979840,1.018637
dmd,33,128,universal,selected64,6,35317.742,2.754,0.994603,0.967801,1.012651,14.814426,14.805950,15.212737,0.994884,0.985838,1.009336
dmd,33,128,universal,vector16store,6,35460.484,1.865,0.993269,0.981704,1.020574,14.880228,14.699594,14.997290,1.000000,1.000000,1.000000
dmd,33,128,universal,cpp-approved-execution,6,2382.258,0.271,14.780049,14.694915,15.002030,1.000000,1.000000,1.000000,14.880228,14.699594,14.997290
dmd,47,1,contiguous,original,6,71.301,8.423,1.000000,1.000000,1.000000,7.746684,7.673740,8.326260,0.952235,0.884995,0.976841
dmd,47,1,contiguous,selected64,6,75.085,5.463,0.950688,0.901644,1.027496,8.157825,8.103448,8.549072,0.905574,0.860068,0.919623
dmd,47,1,contiguous,vector16store,6,67.871,1.942,1.050162,1.023708,1.129950,7.374005,7.352785,7.496021,1.000000,1.000000,1.000000
dmd,47,1,contiguous,cpp-approved-execution,6,9.204,0.000,7.746684,7.673740,8.326260,1.000000,1.000000,1.000000,7.374005,7.352785,7.496021
dmd,47,1,negative-both,original,6,71.875,13.111,1.000000,1.000000,1.000000,7.587629,7.476804,8.471649,0.949049,0.850015,0.958980
dmd,47,1,negative-both,selected64,6,75.024,1.627,0.957139,0.943856,1.065824,7.920103,7.904639,8.033505,0.905635,0.896054,0.913327
dmd,47,1,negative-both,vector16store,6,68.201,0.931,1.053686,1.042775,1.176450,7.199742,7.157216,7.224227,1.000000,1.000000,1.000000
dmd,47,1,negative-both,cpp-approved-execution,6,9.473,0.000,7.587629,7.476804,8.471649,1.000000,1.000000,1.000000,7.199742,7.157216,7.224227
dmd,47,1,negative-source,original,6,71.533,21.399,1.000000,1.000000,1.000000,7.551546,7.489691,9.105670,0.948806,0.797905,1.000683
dmd,47,1,negative-source,selected64,6,75.000,2.832,0.955487,0.946888,1.120876,7.917526,7.899485,8.123711,0.906572,0.894353,0.952846
dmd,47,1,negative-source,vector16store,6,68.372,5.428,1.053958,0.999317,1.253281,7.217784,7.159794,7.551546,1.000000,1.000000,1.000000
dmd,47,1,negative-source,cpp-approved-execution,6,9.473,0.000,7.551546,7.489691,9.105670,1.000000,1.000000,1.000000,7.217784,7.159794,7.551546
dmd,47,1,padded,original,6,71.802,3.706,1.000000,1.000000,1.000000,7.579897,7.497423,7.778351,0.947638,0.919152,0.952561
dmd,47,1,padded,selected64,6,75.146,15.335,0.956739,0.824179,0.986275,7.932990,7.886598,9.103093,0.902370,0.783975,0.909654
dmd,47,1,padded,vector16store,6,67.688,0.721,1.055258,1.049802,1.087960,7.145619,7.136598,7.188144,1.000000,1.000000,1.000000
dmd,47,1,padded,cpp-approved-execution,6,9.473,0.000,7.579897,7.497423,7.778351,1.000000,1.000000,1.000000,7.145619,7.136598,7.188144
dmd,47,1,repeated-source,original,6,71.655,1.704,1.000000,1.000000,1.000000,7.564433,7.530928,7.659794,0.948861,0.936910,1.107204
dmd,47,1,repeated-source,selected64,6,74.658,8.371,0.958241,0.899244,0.970848,7.881443,7.858247,8.518041,0.909032,0.843570,1.063627
dmd,47,1,repeated-source,vector16store,6,68.042,16.720,1.053914,0.903176,1.067339,7.182990,7.157216,8.358247,1.000000,1.000000,1.000000
dmd,47,1,repeated-source,cpp-approved-execution,6,9.473,0.000,7.564433,7.530928,7.659794,1.000000,1.000000,1.000000,7.182990,7.157216,8.358247
dmd,47,1,universal,original,6,521.545,2.804,1.000000,1.000000,1.000000,17.816902,17.535893,18.035893,1.005014,0.985190,1.016558
dmd,47,1,universal,selected64,6,521.326,2.557,0.994195,0.985091,1.012569,17.824290,17.731219,18.186978,1.000631,0.977006,1.008285
dmd,47,1,universal,vector16store,6,523.010,1.181,0.995014,0.983712,1.015033,17.881886,17.727045,17.908333,1.000000,1.000000,1.000000
dmd,47,1,universal,cpp-approved-execution,6,29.248,0.167,17.816902,17.535893,18.035893,1.000000,1.000000,1.000000,17.881886,17.727045,17.908333
dmd,47,17,contiguous,original,6,391.921,2.256,1.000000,1.000000,1.000000,6.185584,5.472574,6.212560,0.802570,0.790396,0.804163
dmd,47,17,contiguous,selected64,6,520.122,0.762,0.756622,0.751611,0.766803,8.204815,7.198312,8.241546,0.606043,0.603398,0.611372
dmd,47,17,contiguous,vector16store,6,314.329,1.358,1.245997,1.243528,1.265188,4.961469,4.400844,4.980676,1.000000,1.000000,1.000000
dmd,47,17,contiguous,cpp-approved-execution,6,63.262,14.458,6.185584,5.472574,6.212560,1.000000,1.000000,1.000000,4.961469,4.400844,4.980676
dmd,47,17,negative-both,original,6,565.244,4.423,1.000000,1.000000,1.000000,4.944000,4.925333,5.144000,0.690126,0.663556,0.702162
dmd,47,17,negative-both,selected64,6,586.738,1.611,0.960875,0.958982,1.006260,5.132000,5.080000,5.162667,0.668746,0.660446,0.675591
dmd,47,17,negative-both,vector16store,6,392.073,1.944,1.449017,1.424172,1.507031,3.429333,3.397333,3.464000,1.000000,1.000000,1.000000
dmd,47,17,negative-both,cpp-approved-execution,6,114.329,0.000,4.944000,4.925333,5.144000,1.000000,1.000000,1.000000,3.429333,3.397333,3.464000
dmd,47,17,negative-source,original,6,561.738,28.385,1.000000,1.000000,1.000000,4.913333,4.861333,6.256000,0.690337,0.540494,0.727372
dmd,47,17,negative-source,selected64,6,583.841,0.679,0.963652,0.947505,1.226346,5.106667,5.096000,5.130667,0.666753,0.658320,0.689189
dmd,47,17,negative-source,vector16store,6,388.720,5.020,1.448569,1.374811,1.850158,3.400000,3.365333,3.536000,1.000000,1.000000,1.000000
dmd,47,17,negative-source,cpp-approved-execution,6,114.329,0.000,4.913333,4.861333,6.256000,1.000000,1.000000,1.000000,3.400000,3.365333,3.536000
dmd,47,17,padded,original,6,558.689,1.801,1.000000,1.000000,1.000000,4.886667,4.840426,4.941333,0.691720,0.688613,0.694869
dmd,47,17,padded,selected64,6,581.860,1.520,0.960465,0.947095,0.969142,5.089333,5.050532,5.141333,0.664299,0.655602,0.670353
dmd,47,17,padded,vector16store,6,386.128,1.263,1.445672,1.439120,1.452194,3.377333,3.351064,3.402667,1.000000,1.000000,1.000000
dmd,47,17,padded,cpp-approved-execution,6,114.329,0.267,4.886667,4.840426,4.941333,1.000000,1.000000,1.000000,3.377333,3.351064,3.402667
dmd,47,17,repeated-source,original,6,560.061,3.157,1.000000,1.000000,1.000000,4.898667,4.842667,4.997333,0.689712,0.675560,0.697137
dmd,47,17,repeated-source,selected64,6,581.402,1.154,0.963293,0.955975,0.977569,5.085333,5.053333,5.112000,0.664394,0.660407,0.669648
dmd,47,17,repeated-source,vector16store,6,385.976,0.553,1.449881,1.434439,1.480253,3.376000,3.376000,3.394667,1.000000,1.000000,1.000000
dmd,47,17,repeated-source,cpp-approved-execution,6,114.329,0.000,4.898667,4.842667,4.997333,1.000000,1.000000,1.000000,3.376000,3.376000,3.394667
dmd,47,17,universal,original,6,6723.476,2.997,1.000000,1.000000,1.000000,14.900303,14.831309,15.308316,1.006804,1.002827,1.039603
dmd,47,17,universal,selected64,6,6805.335,6.250,0.990875,0.946155,1.006625,15.087180,14.923752,15.886486,0.997620,0.983625,1.026812
dmd,47,17,universal,vector16store,6,6854.116,4.479,0.993249,0.961906,0.997181,15.176461,14.945946,15.626351,1.000000,1.000000,1.000000
dmd,47,17,universal,cpp-approved-execution,6,451.220,0.203,14.900303,14.831309,15.308316,1.000000,1.000000,1.000000,15.176461,14.945946,15.626351
dmd,47,128,contiguous,original,6,2584.884,0.540,1.000000,1.000000,1.000000,5.255343,5.220657,5.317308,0.792418,0.791367,0.793165
dmd,47,128,contiguous,selected64,6,3565.116,0.196,0.724812,0.722404,0.725375,7.250626,7.197183,7.360577,0.574038,0.572175,0.574967
dmd,47,128,contiguous,vector16store,6,2046.512,0.682,1.261960,1.260771,1.263636,4.167866,4.131455,4.211538,1.000000,1.000000,1.000000
dmd,47,128,contiguous,cpp-approved-execution,6,491.860,2.364,5.255343,5.220657,5.317308,1.000000,1.000000,1.000000,4.167866,4.131455,4.211538
dmd,47,128,negative-both,original,6,3488.372,0.467,1.000000,1.000000,1.000000,4.048587,4.026882,4.067751,0.612354,0.610778,0.616922
dmd,47,128,negative-both,selected64,6,3659.302,11.948,0.953553,0.854784,0.956660,4.250341,4.233871,4.733154,0.584209,0.527335,0.586032
dmd,47,128,negative-both,vector16store,6,2134.884,1.089,1.633043,1.620950,1.637255,2.481132,2.475676,2.495957,1.000000,1.000000,1.000000
dmd,47,128,negative-both,cpp-approved-execution,6,860.465,0.811,4.048587,4.026882,4.067751,1.000000,1.000000,1.000000,2.481132,2.475676,2.495957
dmd,47,128,negative-source,original,6,3482.558,0.200,1.000000,1.000000,1.000000,4.006717,3.986702,4.032345,0.612817,0.611741,0.616155
dmd,47,128,negative-source,selected64,6,3651.163,0.446,0.954111,0.951746,0.954777,4.200860,4.175532,4.231806,0.584449,0.583439,0.588273
dmd,47,128,negative-source,vector16store,6,2134.884,0.763,1.631809,1.622969,1.634678,2.462570,2.438830,2.469003,1.000000,1.000000,1.000000
dmd,47,128,negative-source,cpp-approved-execution,6,869.767,1.337,4.006717,3.986702,4.032345,1.000000,1.000000,1.000000,2.462570,2.438830,2.469003
dmd,47,128,padded,original,6,3479.070,34.091,1.000000,1.000000,1.000000,4.013604,3.947230,5.404313,0.613173,0.457357,0.614973
dmd,47,128,padded,selected64,6,3647.674,0.191,0.953763,0.952866,1.278699,4.202541,4.142480,4.240541,0.584767,0.583918,0.586361
dmd,47,128,padded,vector16store,6,2132.558,0.545,1.630862,1.626087,2.186478,2.456594,2.419525,2.486486,1.000000,1.000000,1.000000
dmd,47,128,padded,cpp-approved-execution,6,867.442,2.413,4.013604,3.947230,5.404313,1.000000,1.000000,1.000000,2.456594,2.419525,2.486486
dmd,47,128,repeated-source,original,6,3472.093,0.201,1.000000,1.000000,1.000000,4.040603,3.981333,4.057065,0.612860,0.612190,0.613530
dmd,47,128,repeated-source,selected64,6,3644.186,0.191,0.952776,0.951562,0.955300,4.240874,4.176000,4.258152,0.583918,0.583174,0.585568
dmd,47,128,repeated-source,vector16store,6,2127.907,0.328,1.631694,1.629913,1.633479,2.474973,2.442667,2.486413,1.000000,1.000000,1.000000
dmd,47,128,repeated-source,cpp-approved-execution,6,859.302,1.894,4.040603,3.981333,4.057065,1.000000,1.000000,1.000000,2.474973,2.442667,2.486413
dmd,47,128,universal,original,6,50170.930,2.067,1.000000,1.000000,1.000000,14.966003,14.879668,15.193213,1.005174,0.977255,1.027391
dmd,47,128,universal,selected64,6,50406.977,1.675,1.001640,0.992886,1.010874,15.015582,14.822960,15.115811,1.000049,0.987882,1.029041
dmd,47,128,universal,vector16store,6,50318.605,4.575,0.994854,0.973339,1.023274,14.978897,14.847645,15.554785,1.000000,1.000000,1.000000
dmd,47,128,universal,cpp-approved-execution,6,3354.651,0.347,14.966003,14.879668,15.193213,1.000000,1.000000,1.000000,14.978897,14.847645,15.554785
dmd,63,1,contiguous,original,6,78.955,13.111,1.000000,1.000000,1.000000,7.672535,7.507109,8.522565,0.904290,0.803790,0.963804
dmd,63,1,contiguous,selected64,6,83.850,8.415,0.938099,0.855598,1.052508,8.138626,8.094787,8.783848,0.842202,0.776366,0.913903
dmd,63,1,contiguous,vector16store,6,70.496,9.628,1.105853,1.037556,1.244105,6.858670,6.786730,7.445498,1.000000,1.000000,1.000000
dmd,63,1,contiguous,cpp-approved-execution,6,10.291,0.237,7.672535,7.507109,8.522565,1.000000,1.000000,1.000000,6.858670,6.786730,7.445498
dmd,63,1,negative-both,original,6,79.138,10.674,1.000000,1.000000,1.000000,7.503472,7.340278,8.122402,0.892145,0.823429,0.906969
dmd,63,1,negative-both,selected64,6,86.462,15.474,0.903711,0.822940,1.020900,8.188628,7.956120,9.243056,0.811775,0.727022,0.840639
dmd,63,1,negative-both,vector16store,6,70.264,1.216,1.121001,1.102573,1.214434,6.662037,6.623557,6.719907,1.000000,1.000000,1.000000
dmd,63,1,negative-both,cpp-approved-execution,6,10.547,0.231,7.503472,7.340278,8.122402,1.000000,1.000000,1.000000,6.662037,6.623557,6.719907
dmd,63,1,negative-source,original,6,83.081,13.488,1.000000,1.000000,1.000000,7.859122,7.375000,8.437500,0.845460,0.787929,0.942875
dmd,63,1,negative-source,selected64,6,83.301,7.386,0.969376,0.935958,1.068602,7.898148,7.829099,8.411085,0.845622,0.789401,0.882491
dmd,63,1,negative-source,vector16store,6,70.239,4.831,1.182834,1.060586,1.269150,6.648554,6.631944,6.953704,1.000000,1.000000,1.000000
dmd,63,1,negative-source,cpp-approved-execution,6,10.547,0.231,7.859122,7.375000,8.437500,1.000000,1.000000,1.000000,6.648554,6.631944,6.953704
dmd,63,1,padded,original,6,77.734,2.513,1.000000,1.000000,1.000000,7.353349,7.304850,7.489607,0.907216,0.884058,0.945249
dmd,63,1,padded,selected64,6,84.131,2.060,0.923575,0.908125,0.943281,7.958430,7.879908,8.043880,0.833311,0.826012,0.878664
dmd,63,1,padded,vector16store,6,70.300,4.758,1.102281,1.057923,1.131148,6.650115,6.621247,6.937644,1.000000,1.000000,1.000000
dmd,63,1,padded,cpp-approved-execution,6,10.571,0.000,7.353349,7.304850,7.489607,1.000000,1.000000,1.000000,6.650115,6.621247,6.937644
dmd,63,1,repeated-source,original,6,78.113,11.564,1.000000,1.000000,1.000000,7.389145,7.381062,8.219400,0.907954,0.805282,0.959235
dmd,63,1,repeated-source,selected64,6,85.535,13.244,0.936311,0.822755,1.042778,8.091224,7.879908,8.972222,0.826664,0.789216,0.859320
dmd,63,1,repeated-source,vector16store,6,70.959,6.640,1.101405,1.042498,1.241800,6.712471,6.618938,7.081019,1.000000,1.000000,1.000000
dmd,63,1,repeated-source,cpp-approved-execution,6,10.571,0.231,7.389145,7.381062,8.219400,1.000000,1.000000,1.000000,6.712471,6.618938,7.081019
dmd,63,1,universal,original,6,652.344,2.066,1.000000,1.000000,1.000000,17.146757,16.229705,17.466838,1.005008,0.993696,1.027884
dmd,63,1,universal,selected64,6,657.739,2.056,0.995165,0.983649,1.006432,17.274131,16.318701,17.406310,1.004581,0.989494,1.015805
dmd,63,1,universal,vector16store,6,657.068,2.107,0.995018,0.972872,1.006344,17.327431,16.158749,17.577220,1.000000,1.000000,1.000000
dmd,63,1,universal,cpp-approved-execution,6,37.927,7.081,17.146757,16.229705,17.466838,1.000000,1.000000,1.000000,17.327431,16.158749,17.577220
dmd,63,17,contiguous,original,6,501.639,0.327,1.000000,1.000000,1.000000,5.578611,5.563636,5.614679,0.716912,0.715798,0.723039
dmd,63,17,contiguous,selected64,6,665.779,1.416,0.754391,0.744073,0.755228,7.398651,7.372727,7.545872,0.540782,0.533131,0.545623
dmd,63,17,contiguous,vector16store,6,359.836,0.911,1.394872,1.383051,1.397042,4.002304,3.986364,4.041096,1.000000,1.000000,1.000000
dmd,63,17,contiguous,cpp-approved-execution,6,89.959,0.911,5.578611,5.563636,5.614679,1.000000,1.000000,1.000000,4.002304,3.986364,4.041096
dmd,63,17,negative-both,original,6,710.246,0.462,1.000000,1.000000,1.000000,5.238671,5.229607,5.296636,0.618828,0.612421,0.622837
dmd,63,17,negative-both,selected64,6,731.967,0.952,0.970325,0.962736,0.975322,5.409366,5.386707,5.446483,0.600504,0.596218,0.602007
dmd,63,17,negative-both,vector16store,6,439.344,1.399,1.615960,1.605556,1.632864,3.240181,3.217523,3.275229,1.000000,1.000000,1.000000
dmd,63,17,negative-both,cpp-approved-execution,6,135.656,1.208,5.238671,5.229607,5.296636,1.000000,1.000000,1.000000,3.240181,3.217523,3.275229
dmd,63,17,negative-source,original,6,714.549,1.606,1.000000,1.000000,1.000000,5.129277,5.011527,5.273273,0.622503,0.609096,0.625072
dmd,63,17,negative-source,selected64,6,732.172,0.896,0.975111,0.971332,0.987627,5.262155,5.140805,5.395770,0.607051,0.592385,0.609279
dmd,63,17,negative-source,vector16store,6,443.852,2.955,1.606422,1.599816,1.641777,3.173332,3.132184,3.240240,1.000000,1.000000,1.000000
dmd,63,17,negative-source,cpp-approved-execution,6,139.139,5.007,5.129277,5.011527,5.273273,1.000000,1.000000,1.000000,3.173332,3.132184,3.240240
dmd,63,17,padded,original,6,704.713,1.279,1.000000,1.000000,1.000000,5.225258,5.190332,5.270517,0.615428,0.610727,0.619743
dmd,63,17,padded,selected64,6,729.713,11.120,0.967642,0.866835,0.974705,5.411854,5.368580,6.021341,0.595338,0.537215,0.597074
dmd,63,17,padded,vector16store,6,434.631,0.660,1.624885,1.613572,1.637394,3.220365,3.203647,3.234756,1.000000,1.000000,1.000000
dmd,63,17,padded,cpp-approved-execution,6,134.836,0.912,5.225258,5.190332,5.270517,1.000000,1.000000,1.000000,3.220365,3.203647,3.234756
dmd,63,17,repeated-source,original,6,706.148,1.509,1.000000,1.000000,1.000000,5.251524,5.231707,5.327217,0.614625,0.606200,0.617442
dmd,63,17,repeated-source,selected64,6,728.484,1.350,0.969057,0.961538,0.978102,5.419207,5.412844,5.452888,0.593979,0.591416,0.597636
dmd,63,17,repeated-source,vector16store,6,432.992,0.663,1.627009,1.619586,1.649621,3.227141,3.216463,3.237805,1.000000,1.000000,1.000000
dmd,63,17,repeated-source,cpp-approved-execution,6,134.426,0.610,5.251524,5.231707,5.327217,1.000000,1.000000,1.000000,3.227141,3.216463,3.237805
dmd,63,17,universal,original,6,9036.270,1.506,1.000000,1.000000,1.000000,15.096547,15.006160,15.233402,1.005726,1.000316,1.012887
dmd,63,17,universal,selected64,6,9122.746,4.133,0.989024,0.962188,0.998647,15.246233,15.068446,15.698152,0.994335,0.974588,1.001544
dmd,63,17,universal,vector16store,6,9074.385,1.513,0.994306,0.987277,0.999684,15.165411,15.091718,15.321013,1.000000,1.000000,1.000000
dmd,63,17,universal,cpp-approved-execution,6,598.566,0.068,15.096547,15.006160,15.233402,1.000000,1.000000,1.000000,15.165411,15.091718,15.321013
dmd,63,128,contiguous,original,6,3428.125,0.182,1.000000,1.000000,1.000000,5.102326,5.055300,5.150235,0.702050,0.701003,0.703737
dmd,63,128,contiguous,selected64,6,4681.250,5.874,0.731976,0.692744,0.733467,6.988394,6.903226,7.304147,0.514019,0.486435,0.514667
dmd,63,128,contiguous,vector16store,6,2406.250,0.390,1.424400,1.420984,1.426528,3.581395,3.548387,3.610329,1.000000,1.000000,1.000000
dmd,63,128,contiguous,cpp-approved-execution,6,671.875,1.860,5.102326,5.055300,5.150235,1.000000,1.000000,1.000000,3.581395,3.548387,3.610329
dmd,63,128,negative-both,original,6,4595.312,0.204,1.000000,1.000000,1.000000,4.513804,4.495413,4.523077,0.542828,0.540394,0.543537
dmd,63,128,negative-both,selected64,6,4764.062,0.131,0.964895,0.963303,0.965902,4.677914,4.660550,4.689231,0.523279,0.521654,0.524278
dmd,63,128,negative-both,vector16store,6,2493.750,0.501,1.842204,1.839800,1.850503,2.445639,2.438650,2.455385,1.000000,1.000000,1.000000
dmd,63,128,negative-both,cpp-approved-execution,6,1018.750,0.613,4.513804,4.495413,4.523077,1.000000,1.000000,1.000000,2.445639,2.438650,2.455385
dmd,63,128,negative-source,original,6,4593.750,0.204,1.000000,1.000000,1.000000,4.541667,4.533951,4.547988,0.541312,0.539769,0.544528
dmd,63,128,negative-source,selected64,6,4764.062,26.960,0.963619,0.760993,0.967148,4.714067,4.697531,5.966049,0.521325,0.414382,0.524278
dmd,63,128,negative-source,vector16store,6,2487.500,0.879,1.847362,1.836454,1.852645,2.460588,2.450617,2.472222,1.000000,1.000000,1.000000
dmd,63,128,negative-source,cpp-approved-execution,6,1012.500,0.309,4.541667,4.533951,4.547988,1.000000,1.000000,1.000000,2.460588,2.450617,2.472222
dmd,63,128,padded,original,6,4593.750,11.020,1.000000,1.000000,1.000000,4.540974,4.500000,5.027778,0.540476,0.486802,0.542604
dmd,63,128,padded,selected64,6,4759.375,0.263,0.965517,0.963230,1.071711,4.695988,4.671779,4.715170,0.521853,0.521025,0.522653
dmd,63,128,padded,vector16store,6,2484.375,0.377,1.850227,1.842965,2.054224,2.450617,2.438650,2.464396,1.000000,1.000000,1.000000
dmd,63,128,padded,cpp-approved-execution,6,1012.500,0.926,4.540974,4.500000,5.027778,1.000000,1.000000,1.000000,2.450617,2.438650,2.464396
dmd,63,128,repeated-source,original,6,4582.812,0.205,1.000000,1.000000,1.000000,4.559006,4.496933,4.581250,0.540402,0.540246,0.541865
dmd,63,128,repeated-source,selected64,6,4759.375,0.460,0.963206,0.960079,0.963911,4.735619,4.668712,4.756250,0.520368,0.518979,0.522310
dmd,63,128,repeated-source,vector16store,6,2476.562,0.505,1.850474,1.845477,1.851010,2.465011,2.429448,2.475000,1.000000,1.000000,1.000000
dmd,63,128,repeated-source,cpp-approved-execution,6,1006.250,1.863,4.559006,4.496933,4.581250,1.000000,1.000000,1.000000,2.465011,2.429448,2.475000
dmd,63,128,universal,original,6,67545.312,1.513,1.000000,1.000000,1.000000,15.067690,14.931010,15.169456,1.003163,0.998379,1.023675
dmd,63,128,universal,selected64,6,67356.250,2.965,0.999296,0.979454,1.018399,15.030696,14.895397,15.351710,1.003168,0.993593,1.042509
dmd,63,128,universal,vector16store,6,67778.125,3.463,0.996848,0.976873,1.001624,15.130101,14.990960,15.528591,1.000000,1.000000,1.000000
dmd,63,128,universal,cpp-approved-execution,6,4481.250,0.349,15.067690,14.931010,15.169456,1.000000,1.000000,1.000000,15.130101,14.990960,15.528591
dmd,64,1,contiguous,original,6,77.844,16.246,1.000000,1.000000,1.000000,10.154459,10.140127,11.789809,0.836306,0.734738,0.873783
dmd,64,1,contiguous,selected64,6,67.590,4.660,1.154886,1.107366,1.311371,8.802866,8.754777,9.165605,0.965838,0.927380,1.006510
dmd,64,1,contiguous,vector16store,6,65.320,4.597,1.195735,1.144448,1.361029,8.507143,8.471338,8.863057,1.000000,1.000000,1.000000
dmd,64,1,contiguous,cpp-approved-execution,6,7.666,0.318,10.154459,10.140127,11.789809,1.000000,1.000000,1.000000,8.507143,8.471338,8.863057
dmd,64,1,negative-both,original,6,78.296,5.769,1.000000,1.000000,1.000000,9.807339,9.752294,10.318043,0.831590,0.788975,0.838507
dmd,64,1,negative-both,selected64,6,69.165,7.130,1.141328,1.090108,1.226909,8.663609,8.409786,9.027523,0.946945,0.907182,0.968000
dmd,64,1,negative-both,vector16store,6,65.271,1.347,1.202516,1.192595,1.267468,8.175841,8.119266,8.229358,1.000000,1.000000,1.000000
dmd,64,1,negative-both,cpp-approved-execution,6,7.983,0.000,9.807339,9.752294,10.318043,1.000000,1.000000,1.000000,8.175841,8.119266,8.229358
dmd,64,1,negative-source,original,6,78.125,10.812,1.000000,1.000000,1.000000,9.785933,9.758410,10.816514,0.831510,0.753181,0.856792
dmd,64,1,negative-source,selected64,6,67.310,0.725,1.163638,1.153235,1.282916,8.431193,8.400612,8.461774,0.967298,0.962025,1.013420
dmd,64,1,negative-source,vector16store,6,64.990,5.184,1.202632,1.167144,1.327703,8.140673,8.122324,8.544343,1.000000,1.000000,1.000000
dmd,64,1,negative-source,cpp-approved-execution,6,7.983,0.000,9.785933,9.758410,10.816514,1.000000,1.000000,1.000000,8.140673,8.122324,8.544343
dmd,64,1,padded,original,6,79.651,7.264,1.000000,1.000000,1.000000,9.977064,9.776758,10.501529,0.821193,0.774316,0.908042
dmd,64,1,padded,selected64,6,67.383,0.688,1.182067,1.160436,1.237924,8.440367,8.425076,8.483180,0.970081,0.958544,1.056967
dmd,64,1,padded,vector16store,6,65.369,9.486,1.217913,1.101270,1.291463,8.188073,8.131498,8.908257,1.000000,1.000000,1.000000
dmd,64,1,padded,cpp-approved-execution,6,7.983,0.000,9.977064,9.776758,10.501529,1.000000,1.000000,1.000000,8.188073,8.131498,8.908257
dmd,64,1,repeated-source,original,6,78.210,7.211,1.000000,1.000000,1.000000,9.796636,9.755352,10.461774,0.834535,0.793103,0.848259
dmd,64,1,repeated-source,selected64,6,67.554,4.012,1.153670,1.113050,1.241742,8.461774,8.425076,8.764526,0.965623,0.929867,1.005445
dmd,64,1,repeated-source,vector16store,6,65.100,4.013,1.198273,1.178886,1.260870,8.154434,8.143731,8.470948,1.000000,1.000000,1.000000
dmd,64,1,repeated-source,cpp-approved-execution,6,7.983,0.000,9.796636,9.755352,10.461774,1.000000,1.000000,1.000000,8.154434,8.143731,8.470948
dmd,64,1,universal,original,6,660.645,3.278,1.000000,1.000000,1.000000,17.674722,17.603922,18.171783,1.003021,0.979799,1.010990
dmd,64,1,universal,selected64,6,664.124,3.463,0.995533,0.976878,1.018860,17.767799,17.645098,18.225049,0.997699,0.974838,1.008631
dmd,64,1,universal,vector16store,6,664.856,0.958,0.996988,0.989130,1.020617,17.777749,17.645752,17.804703,1.000000,1.000000,1.000000
dmd,64,1,universal,cpp-approved-execution,6,37.378,0.196,17.674722,17.603922,18.171783,1.000000,1.000000,1.000000,17.777749,17.645752,17.804703
dmd,64,17,contiguous,original,6,510.833,0.408,1.000000,1.000000,1.000000,5.808057,5.671296,5.829384,0.536297,0.533333,0.538776
dmd,64,17,contiguous,selected64,6,303.750,0.686,1.681084,1.674863,1.691884,3.445498,3.384259,3.469194,0.902606,0.898907,0.903714
dmd,64,17,contiguous,vector16store,6,273.958,0.608,1.864640,1.856061,1.875000,3.111374,3.046296,3.127962,1.000000,1.000000,1.000000
dmd,64,17,contiguous,cpp-approved-execution,6,87.917,2.370,5.808057,5.671296,5.829384,1.000000,1.000000,1.000000,3.111374,3.046296,3.127962
dmd,64,17,negative-both,original,6,718.125,0.754,1.000000,1.000000,1.000000,7.660000,7.644444,7.702222,0.492892,0.488171,0.494186
dmd,64,17,negative-both,selected64,6,383.958,2.713,1.872486,1.832094,1.891921,4.095556,4.071111,4.182222,0.921704,0.902232,0.926936
dmd,64,17,negative-both,vector16store,6,353.958,0.589,2.028842,2.023529,2.048463,3.775556,3.760000,3.782222,1.000000,1.000000,1.000000
dmd,64,17,negative-both,cpp-approved-execution,6,93.750,0.000,7.660000,7.644444,7.702222,1.000000,1.000000,1.000000,3.775556,3.760000,3.782222
dmd,64,17,negative-source,original,6,716.875,0.814,1.000000,1.000000,1.000000,7.687593,7.601770,7.774775,0.490965,0.487833,0.493913
dmd,64,17,negative-source,selected64,6,381.667,2.402,1.876086,1.847966,1.883772,4.093980,4.035398,4.207207,0.921525,0.901499,0.929117
dmd,64,17,negative-source,vector16store,6,351.042,1.306,2.036824,2.024648,2.049881,3.778984,3.721239,3.802691,1.000000,1.000000,1.000000
dmd,64,17,negative-source,cpp-approved-execution,6,93.125,1.790,7.687593,7.601770,7.774775,1.000000,1.000000,1.000000,3.778984,3.721239,3.802691
dmd,64,17,padded,original,6,716.042,4.830,1.000000,1.000000,1.000000,7.482533,7.271255,7.524017,0.488941,0.487165,0.531180
dmd,64,17,padded,selected64,6,380.625,13.574,1.883309,1.743689,1.890728,3.980292,3.889362,4.170040,0.921182,0.918212,0.926214
dmd,64,17,padded,vector16store,6,350.417,14.150,2.045236,1.882600,2.052695,3.671780,3.587234,3.862348,1.000000,1.000000,1.000000
dmd,64,17,padded,cpp-approved-execution,6,95.417,8.297,7.482533,7.271255,7.524017,1.000000,1.000000,1.000000,3.671780,3.587234,3.862348
dmd,64,17,repeated-source,original,6,717.708,1.742,1.000000,1.000000,1.000000,7.704727,7.600000,7.780269,0.485483,0.481609,0.488889
dmd,64,17,repeated-source,selected64,6,377.708,3.751,1.892441,1.855011,1.919248,4.055795,4.026667,4.168889,0.921634,0.893390,0.924779
dmd,64,17,repeated-source,vector16store,6,348.750,0.597,2.059823,2.045455,2.076372,3.726667,3.715556,3.757848,1.000000,1.000000,1.000000
dmd,64,17,repeated-source,cpp-approved-execution,6,93.542,0.891,7.704727,7.600000,7.780269,1.000000,1.000000,1.000000,3.726667,3.715556,3.757848
dmd,64,17,universal,original,6,9145.000,4.137,1.000000,1.000000,1.000000,15.045346,15.021365,15.540041,0.999799,0.985729,1.039608
dmd,64,17,universal,selected64,6,9197.083,6.981,0.998249,0.966232,1.007387,15.212267,14.938314,15.580424,0.997296,0.963918,1.038661
dmd,64,17,universal,vector16store,6,9247.292,4.285,1.000203,0.961901,1.014477,15.110250,15.006004,15.719504,1.000000,1.000000,1.000000
dmd,64,17,universal,cpp-approved-execution,6,606.458,3.298,15.045346,15.021365,15.540041,1.000000,1.000000,1.000000,15.110250,15.006004,15.719504
dmd,64,128,contiguous,original,6,3512.500,0.178,1.000000,1.000000,1.000000,5.118472,5.085973,5.160550,0.497776,0.496000,0.502226
dmd,64,128,contiguous,selected64,6,1968.750,0.476,1.784127,1.779715,1.786963,2.872447,2.846154,2.889908,0.889507,0.882911,0.893819
dmd,64,128,contiguous,vector16store,6,1748.438,1.072,2.008938,1.991135,2.016129,2.554795,2.533937,2.564220,1.000000,1.000000,1.000000
dmd,64,128,contiguous,cpp-approved-execution,6,685.938,1.367,5.118472,5.085973,5.160550,1.000000,1.000000,1.000000,2.554795,2.533937,2.564220
dmd,64,128,negative-both,original,6,4667.188,0.737,1.000000,1.000000,1.000000,6.235948,6.024194,6.288703,0.393038,0.391829,0.399866
dmd,64,128,negative-both,selected64,6,2076.562,3.160,2.246828,2.210294,2.265554,2.762012,2.689516,2.845188,0.887391,0.866176,0.889055
dmd,64,128,negative-both,vector16store,6,1839.062,2.039,2.544305,2.500838,2.552137,2.450941,2.391129,2.464435,1.000000,1.000000,1.000000
dmd,64,128,negative-both,cpp-approved-execution,6,748.438,4.175,6.235948,6.024194,6.288703,1.000000,1.000000,1.000000,2.450941,2.391129,2.464435
dmd,64,128,negative-source,original,6,4660.938,0.201,1.000000,1.000000,1.000000,6.146414,6.089796,6.165289,0.395169,0.393838,0.399464
dmd,64,128,negative-source,selected64,6,2071.875,3.167,2.248115,2.189427,2.260606,2.739669,2.693878,2.802469,0.889728,0.872247,0.892216
dmd,64,128,negative-source,vector16store,6,1840.625,1.358,2.530566,2.503356,2.539116,2.433884,2.400000,2.462810,1.000000,1.000000,1.000000
dmd,64,128,negative-source,cpp-approved-execution,6,757.812,1.237,6.146414,6.089796,6.165289,1.000000,1.000000,1.000000,2.433884,2.400000,2.462810
dmd,64,128,padded,original,6,4659.375,0.134,1.000000,1.000000,1.000000,6.210417,6.135802,6.212500,0.394163,0.391538,0.395037
dmd,64,128,padded,selected64,6,2056.250,3.799,2.264441,2.186217,2.269406,2.741667,2.703704,2.841667,0.890155,0.863636,0.896499
dmd,64,128,padded,vector16store,6,1835.938,1.021,2.537022,2.531409,2.554031,2.445833,2.409091,2.454167,1.000000,1.000000,1.000000
dmd,64,128,padded,cpp-approved-execution,6,750.000,1.250,6.210417,6.135802,6.212500,1.000000,1.000000,1.000000,2.445833,2.409091,2.454167
dmd,64,128,repeated-source,original,6,4651.562,0.134,1.000000,1.000000,1.000000,6.338298,6.278481,6.386266,0.391801,0.391129,0.393553
dmd,64,128,repeated-source,selected64,6,2050.000,2.287,2.268293,2.217586,2.269817,2.795745,2.767932,2.879828,0.888720,0.867362,0.893293
dmd,64,128,repeated-source,vector16store,6,1821.875,0.686,2.552316,2.540956,2.556701,2.493617,2.459916,2.502146,1.000000,1.000000,1.000000
dmd,64,128,repeated-source,cpp-approved-execution,6,734.375,1.702,6.338298,6.278481,6.386266,1.000000,1.000000,1.000000,2.493617,2.459916,2.502146
dmd,64,128,universal,original,6,68293.750,4.054,1.000000,1.000000,1.000000,15.019931,14.878434,15.476321,1.001173,0.986873,1.013823
dmd,64,128,universal,selected64,6,68359.375,4.274,0.999800,0.990490,1.006079,15.024038,14.887363,15.518874,1.001346,0.984167,1.018500
dmd,64,128,universal,vector16store,6,68806.250,2.275,0.998841,0.986366,1.013302,15.122253,14.949176,15.273164,1.000000,1.000000,1.000000
dmd,64,128,universal,cpp-approved-execution,6,4550.000,0.137,15.019931,14.878434,15.476321,1.000000,1.000000,1.000000,15.122253,14.949176,15.273164
dmd,65,1,contiguous,original,6,78.509,25.272,1.000000,1.000000,1.000000,9.350020,9.262537,11.622419,0.825616,0.665482,0.835669
dmd,65,1,contiguous,selected64,6,67.894,0.913,1.151716,1.147242,1.440058,8.087169,8.070796,8.144543,0.955426,0.946396,0.958714
dmd,65,1,contiguous,vector16store,6,64.906,0.420,1.211251,1.196646,1.502670,7.725267,7.707965,7.740413,1.000000,1.000000,1.000000
dmd,65,1,contiguous,cpp-approved-execution,6,8.408,0.295,9.350020,9.262537,11.622419,1.000000,1.000000,1.000000,7.725267,7.707965,7.740413
dmd,65,1,negative-both,original,6,78.671,21.690,1.000000,1.000000,1.000000,9.088825,9.057307,11.028653,0.826608,0.683554,0.846397
dmd,65,1,negative-both,selected64,6,68.080,2.441,1.154364,1.128871,1.402697,7.865330,7.856734,8.048711,0.956990,0.933428,0.963656
dmd,65,1,negative-both,vector16store,6,65.117,2.209,1.209764,1.181479,1.462942,7.522923,7.507163,7.673352,1.000000,1.000000,1.000000
dmd,65,1,negative-both,cpp-approved-execution,6,8.656,0.000,9.088825,9.057307,11.028653,1.000000,1.000000,1.000000,7.522923,7.507163,7.673352
dmd,65,1,negative-source,original,6,78.981,22.861,1.000000,1.000000,1.000000,9.111609,9.022923,11.077143,0.828919,0.675780,0.869702
dmd,65,1,negative-source,selected64,6,68.812,4.830,1.143557,1.097595,1.407260,7.934122,7.834286,8.240688,0.951153,0.921924,0.963143
dmd,65,1,negative-source,vector16store,6,65.278,5.775,1.206391,1.149819,1.479771,7.520716,7.485714,7.936963,1.000000,1.000000,1.000000
dmd,65,1,negative-source,cpp-approved-execution,6,8.668,0.286,9.111609,9.022923,11.077143,1.000000,1.000000,1.000000,7.520716,7.485714,7.936963
dmd,65,1,padded,original,6,78.323,14.566,1.000000,1.000000,1.000000,9.048711,8.991429,10.335244,0.832117,0.727474,0.837746
dmd,65,1,padded,selected64,6,68.266,0.945,1.147071,1.141980,1.310207,7.886819,7.834286,7.931232,0.954497,0.947254,0.987659
dmd,65,1,padded,vector16store,6,65.092,3.886,1.201754,1.193679,1.374619,7.520057,7.482857,7.796562,1.000000,1.000000,1.000000
dmd,65,1,padded,cpp-approved-execution,6,8.656,0.287,9.048711,8.991429,10.335244,1.000000,1.000000,1.000000,7.520057,7.482857,7.796562
dmd,65,1,repeated-source,original,6,78.596,5.175,1.000000,1.000000,1.000000,9.067192,8.931818,9.478510,0.832911,0.792926,0.842557
dmd,65,1,repeated-source,selected64,6,68.192,6.001,1.146993,1.096597,1.160714,7.878223,7.795455,8.311429,0.953630,0.910448,0.967201
dmd,65,1,repeated-source,vector16store,6,65.402,1.972,1.200609,1.186863,1.261151,7.523529,7.504298,7.631429,1.000000,1.000000,1.000000
dmd,65,1,repeated-source,cpp-approved-execution,6,8.668,0.858,9.067192,8.931818,9.478510,1.000000,1.000000,1.000000,7.523529,7.504298,7.631429
dmd,65,1,universal,original,6,667.163,3.230,1.000000,1.000000,1.000000,17.106496,16.976478,17.418193,1.011780,1.007340,1.018949
dmd,65,1,universal,selected64,6,673.065,3.836,0.989176,0.983801,0.995651,17.252384,17.111959,17.699301,1.002380,0.993170,1.006171
dmd,65,1,universal,vector16store,6,674.392,3.909,0.988358,0.981404,0.992714,17.291881,17.101081,17.742530,1.000000,1.000000,1.000000
dmd,65,1,universal,cpp-approved-execution,6,39.013,0.699,17.106496,16.976478,17.418193,1.000000,1.000000,1.000000,17.291881,17.101081,17.742530
dmd,65,17,contiguous,original,6,516.667,0.572,1.000000,1.000000,1.000000,5.800948,5.778302,5.828571,0.547162,0.545306,0.551020
dmd,65,17,contiguous,selected64,6,311.814,1.894,1.656968,1.639893,1.668937,3.502370,3.473934,3.542857,0.906630,0.903226,0.911323
dmd,65,17,contiguous,vector16store,6,282.700,1.045,1.827613,1.814815,1.833832,3.174920,3.165877,3.200000,1.000000,1.000000,1.000000
dmd,65,17,contiguous,cpp-approved-execution,6,89.030,0.948,5.800948,5.778302,5.828571,1.000000,1.000000,1.000000,3.174920,3.165877,3.200000
dmd,65,17,negative-both,original,6,768.565,6.313,1.000000,1.000000,1.000000,7.465164,7.077869,7.563786,0.470177,0.466884,0.500290
dmd,65,17,negative-both,selected64,6,390.717,0.540,1.966031,1.862999,1.989201,3.797131,3.786885,3.810700,0.929806,0.921421,0.932039
dmd,65,17,negative-both,vector16store,6,363.080,0.930,2.126873,1.998843,2.141860,3.526639,3.508197,3.547325,1.000000,1.000000,1.000000
dmd,65,17,negative-both,cpp-approved-execution,6,102.954,0.410,7.465164,7.077869,7.563786,1.000000,1.000000,1.000000,3.526639,3.508197,3.547325
dmd,65,17,negative-source,original,6,766.667,5.614,1.000000,1.000000,1.000000,7.393073,7.012245,7.428571,0.468630,0.467033,0.495343
dmd,65,17,negative-source,selected64,6,386.920,1.527,1.968678,1.873501,1.986900,3.740816,3.723577,3.780488,0.927481,0.916129,0.929039
dmd,65,17,negative-source,vector16store,6,359.072,0.353,2.133881,2.018801,2.141176,3.468442,3.455285,3.481633,1.000000,1.000000,1.000000
dmd,65,17,negative-source,cpp-approved-execution,6,103.586,0.407,7.393073,7.012245,7.428571,1.000000,1.000000,1.000000,3.468442,3.455285,3.481633
dmd,65,17,padded,original,6,766.667,9.851,1.000000,1.000000,1.000000,7.453839,7.061983,7.611570,0.469696,0.461998,0.587924
dmd,65,17,padded,selected64,6,387.553,28.525,1.972830,1.609548,2.008724,3.785575,3.748971,4.582031,0.928926,0.922910,0.946292
dmd,65,17,padded,vector16store,6,359.283,30.887,2.129047,1.700901,2.164512,3.517524,3.483607,4.335938,1.000000,1.000000,1.000000
dmd,65,17,padded,cpp-approved-execution,6,102.532,5.761,7.453839,7.061983,7.611570,1.000000,1.000000,1.000000,3.517524,3.483607,4.335938
dmd,65,17,repeated-source,original,6,762.869,11.228,1.000000,1.000000,1.000000,7.436214,7.168724,7.657480,0.466665,0.434447,0.485649
dmd,65,17,repeated-source,selected64,6,385.021,3.288,1.989001,1.905908,2.073561,3.746914,3.692913,3.769547,0.925988,0.900853,0.934138
dmd,65,17,repeated-source,vector16store,6,356.540,1.065,2.142866,2.059102,2.301775,3.473251,3.326772,3.502058,1.000000,1.000000,1.000000
dmd,65,17,repeated-source,cpp-approved-execution,6,102.532,4.527,7.436214,7.168724,7.657480,1.000000,1.000000,1.000000,3.473251,3.326772,3.502058
dmd,65,17,universal,original,6,9346.624,3.381,1.000000,1.000000,1.000000,15.063269,13.717676,15.177839,1.001456,0.985128,1.010010
dmd,65,17,universal,selected64,6,9324.051,6.865,0.996586,0.969268,1.014215,14.989056,13.911930,15.187415,0.997497,0.978971,1.001822
dmd,65,17,universal,vector16store,6,9291.561,4.741,0.998553,0.990089,1.015096,14.966142,13.774516,15.201778,1.000000,1.000000,1.000000
dmd,65,17,universal,cpp-approved-execution,6,616.878,11.081,15.063269,13.717676,15.177839,1.000000,1.000000,1.000000,14.966142,13.774516,15.201778
dmd,65,128,contiguous,original,6,3535.484,0.091,1.000000,1.000000,1.000000,5.052995,5.050691,5.102326,0.512996,0.512306,0.515511
dmd,65,128,contiguous,selected64,6,2020.968,0.638,1.749403,1.739683,1.752396,2.898618,2.884793,2.911628,0.897294,0.896332,0.900958
dmd,65,128,contiguous,vector16store,6,1814.516,0.533,1.949334,1.939823,1.951957,2.601382,2.589862,2.613953,1.000000,1.000000,1.000000
dmd,65,128,contiguous,cpp-approved-execution,6,700.000,0.922,5.052995,5.050691,5.102326,1.000000,1.000000,1.000000,2.601382,2.589862,2.613953
dmd,65,128,negative-both,original,6,5012.903,20.206,1.000000,1.000000,1.000000,6.311683,5.864000,7.206478,0.381995,0.332022,0.405037
dmd,65,128,negative-both,selected64,6,2124.194,2.126,2.347036,2.222390,2.709285,2.674797,2.620000,2.708502,0.899847,0.887892,0.902439
dmd,65,128,negative-both,vector16store,6,1909.677,0.845,2.625370,2.468908,3.011844,2.405681,2.360000,2.418699,1.000000,1.000000,1.000000
dmd,65,128,negative-both,cpp-approved-execution,6,795.161,1.623,6.311683,5.864000,7.206478,1.000000,1.000000,1.000000,2.405681,2.360000,2.418699
dmd,65,128,negative-source,original,6,4737.097,11.713,1.000000,1.000000,1.000000,5.977617,5.931174,6.669388,0.401022,0.360465,0.405718
dmd,65,128,negative-source,selected64,6,2111.290,2.139,2.246770,2.212349,2.503058,2.669388,2.631579,2.695122,0.899791,0.889894,0.906154
dmd,65,128,negative-source,vector16store,6,1901.613,1.527,2.493642,2.464765,2.774194,2.397568,2.384615,2.412955,1.000000,1.000000,1.000000
dmd,65,128,negative-source,cpp-approved-execution,6,795.161,0.811,5.977617,5.931174,6.669388,1.000000,1.000000,1.000000,2.397568,2.384615,2.412955
dmd,65,128,padded,original,6,4750.000,11.681,1.000000,1.000000,1.000000,6.018459,5.951417,6.709016,0.400611,0.359194,0.406803
dmd,65,128,padded,selected64,6,2114.516,2.593,2.246570,2.194030,2.503058,2.677562,2.658537,2.712551,0.899313,0.892537,0.902141
dmd,65,128,padded,vector16store,6,1903.226,1.695,2.496184,2.458194,2.784014,2.404918,2.398374,2.422131,1.000000,1.000000,1.000000
dmd,65,128,padded,cpp-approved-execution,6,791.935,1.222,6.018459,5.951417,6.709016,1.000000,1.000000,1.000000,2.404918,2.398374,2.422131
dmd,65,128,repeated-source,original,6,4720.968,11.753,1.000000,1.000000,1.000000,6.039188,6.020576,6.728395,0.400547,0.363303,0.402597
dmd,65,128,repeated-source,selected64,6,2104.839,1.533,2.246935,2.226788,2.477273,2.690729,2.679012,2.716049,0.900769,0.891933,0.903374
dmd,65,128,repeated-source,vector16store,6,1895.161,1.362,2.496587,2.483871,2.752525,2.420620,2.411523,2.444444,1.000000,1.000000,1.000000
dmd,65,128,repeated-source,cpp-approved-execution,6,783.871,0.412,6.039188,6.020576,6.728395,1.000000,1.000000,1.000000,2.420620,2.411523,2.444444
dmd,65,128,universal,original,6,69375.806,5.129,1.000000,1.000000,1.000000,14.984255,13.541250,15.069328,1.004619,0.985461,1.008170
dmd,65,128,universal,selected64,6,69633.871,1.538,0.995904,0.987443,1.045119,15.094833,13.379375,15.202098,1.001620,0.993306,1.029924
dmd,65,128,universal,vector16store,6,69654.839,3.006,0.995404,0.991897,1.014753,15.087865,13.483750,15.147552,1.000000,1.000000,1.000000
dmd,65,128,universal,cpp-approved-execution,6,4611.290,12.032,14.984255,13.541250,15.069328,1.000000,1.000000,1.000000,15.087865,13.483750,15.147552
dmd,95,1,contiguous,original,6,93.422,26.964,1.000000,1.000000,1.000000,7.492733,7.264535,9.284884,0.837581,0.768207,1.217909
dmd,95,1,contiguous,selected64,6,77.945,10.881,1.199707,1.124440,1.345976,6.251453,6.218023,6.898256,0.997893,0.948075,1.639275
dmd,95,1,contiguous,vector16store,6,78.235,83.947,1.193967,0.821080,1.301732,6.274709,6.040698,11.308140,1.000000,1.000000,1.000000
dmd,95,1,contiguous,cpp-approved-execution,6,12.468,0.000,7.492733,7.264535,9.284884,1.000000,1.000000,1.000000,6.274709,6.040698,11.308140
dmd,95,1,negative-both,original,6,90.576,9.204,1.000000,1.000000,1.000000,7.119658,5.680365,7.743590,0.836582,0.769316,0.922026
dmd,95,1,negative-both,selected64,6,77.782,6.337,1.159870,1.096930,1.267133,6.113960,4.894977,6.495726,0.973206,0.913596,1.069963
dmd,95,1,negative-both,vector16store,6,75.788,10.091,1.195362,1.084568,1.299857,5.950142,5.237443,5.997151,1.000000,1.000000,1.000000
dmd,95,1,negative-both,cpp-approved-execution,6,12.722,24.786,7.119658,5.680365,7.743590,1.000000,1.000000,1.000000,5.950142,5.237443,5.997151
dmd,95,1,negative-source,original,6,91.047,27.747,1.000000,1.000000,1.000000,7.156695,7.091168,9.076923,0.827031,0.654112,0.877158
dmd,95,1,negative-source,selected64,6,77.764,0.233,1.170277,1.160914,1.482550,6.112536,6.108262,6.122507,0.969026,0.966884,1.018648
dmd,95,1,negative-source,vector16store,6,75.426,5.382,1.209145,1.140046,1.528791,5.928775,5.905983,6.225071,1.000000,1.000000,1.000000
dmd,95,1,negative-source,cpp-approved-execution,6,12.722,0.000,7.156695,7.091168,9.076923,1.000000,1.000000,1.000000,5.928775,5.905983,6.225071
dmd,95,1,padded,original,6,91.301,1.310,1.000000,1.000000,1.000000,7.176638,7.139601,7.233618,0.830120,0.823553,0.862729
dmd,95,1,padded,selected64,6,78.978,5.461,1.161086,1.109589,1.179833,6.207977,6.108262,6.447293,0.966522,0.922227,0.971654
dmd,95,1,padded,vector16store,6,75.716,4.021,1.204646,1.159112,1.214252,5.951567,5.920228,6.159544,1.000000,1.000000,1.000000
dmd,95,1,padded,cpp-approved-execution,6,12.722,0.000,7.176638,7.139601,7.233618,1.000000,1.000000,1.000000,5.951567,5.920228,6.159544
dmd,95,1,repeated-source,original,6,91.138,19.527,1.000000,1.000000,1.000000,7.163818,7.113960,8.512821,0.833571,0.697122,0.869738
dmd,95,1,repeated-source,selected64,6,77.764,0.466,1.170084,1.165733,1.391709,6.112536,6.102564,6.131054,0.973191,0.966434,1.020503
dmd,95,1,repeated-source,vector16store,6,75.643,5.606,1.199684,1.149772,1.434470,5.945869,5.905983,6.239316,1.000000,1.000000,1.000000
dmd,95,1,repeated-source,cpp-approved-execution,6,12.722,0.000,7.163818,7.113960,8.512821,1.000000,1.000000,1.000000,5.945869,5.905983,6.239316
dmd,95,1,universal,original,6,914.734,1.094,1.000000,1.000000,1.000000,16.560039,16.488845,16.669948,1.005409,0.996245,1.032528
dmd,95,1,universal,selected64,6,927.746,1.660,0.987265,0.982045,1.002091,16.788197,16.547900,16.826772,0.999880,0.985187,1.017690
dmd,95,1,universal,vector16store,6,918.938,3.372,0.994620,0.968497,1.003769,16.630714,16.528525,17.100394,1.000000,1.000000,1.000000
dmd,95,1,universal,cpp-approved-execution,6,55.237,0.066,16.560039,16.488845,16.669948,1.000000,1.000000,1.000000,16.630714,16.528525,17.100394
dmd,95,17,contiguous,original,6,724.074,3.240,1.000000,1.000000,1.000000,5.594293,5.144105,5.612440,0.631983,0.631579,0.724566
dmd,95,17,contiguous,selected64,6,486.728,15.853,1.487001,1.327113,1.496823,3.765550,3.436681,4.013216,0.941590,0.939163,0.961581
dmd,95,17,contiguous,vector16store,6,457.716,18.206,1.582321,1.380137,1.583333,3.545455,3.248908,3.859031,1.000000,1.000000,1.000000
dmd,95,17,contiguous,cpp-approved-execution,6,129.321,9.547,5.594293,5.144105,5.612440,1.000000,1.000000,1.000000,3.545455,3.248908,3.859031
dmd,95,17,negative-both,original,6,1004.630,0.553,1.000000,1.000000,1.000000,5.833333,5.827957,5.860215,0.530117,0.528152,0.536241
dmd,95,17,negative-both,selected64,6,563.889,0.985,1.786849,1.771491,1.787912,3.274194,3.261649,3.293907,0.946304,0.944201,0.949946
dmd,95,17,negative-both,vector16store,6,532.716,1.275,1.886377,1.864834,1.893395,3.093190,3.089606,3.129032,1.000000,1.000000,1.000000
dmd,95,17,negative-both,cpp-approved-execution,6,172.222,0.000,5.833333,5.827957,5.860215,1.000000,1.000000,1.000000,3.093190,3.089606,3.129032
dmd,95,17,negative-source,original,6,1004.012,3.627,1.000000,1.000000,1.000000,5.829749,5.813620,6.025090,0.527513,0.513385,0.530135
dmd,95,17,negative-source,selected64,6,562.037,0.549,1.788349,1.782418,1.845225,3.263441,3.250896,3.268817,0.944966,0.940789,0.949339
dmd,95,17,negative-source,vector16store,6,529.938,0.582,1.895688,1.886311,1.947856,3.077061,3.075269,3.093190,1.000000,1.000000,1.000000
dmd,95,17,negative-source,cpp-approved-execution,6,172.222,0.000,5.829749,5.813620,6.025090,1.000000,1.000000,1.000000,3.077061,3.075269,3.093190
dmd,95,17,padded,original,6,1001.235,0.432,1.000000,1.000000,1.000000,5.811828,5.717314,5.824373,0.531299,0.528000,0.533909
dmd,95,17,padded,selected64,6,561.728,0.989,1.782852,1.770742,1.788313,3.258065,3.215548,3.271429,0.945144,0.942857,0.950441
dmd,95,17,padded,vector16store,6,531.790,1.045,1.882189,1.872979,1.893939,3.078853,3.049470,3.093190,1.000000,1.000000,1.000000
dmd,95,17,padded,cpp-approved-execution,6,172.222,1.434,5.811828,5.717314,5.824373,1.000000,1.000000,1.000000,3.078853,3.049470,3.093190
dmd,95,17,repeated-source,original,6,999.691,0.926,1.000000,1.000000,1.000000,5.802867,5.741135,5.807829,0.530046,0.525123,0.533993
dmd,95,17,repeated-source,selected64,6,559.877,0.441,1.787528,1.779978,1.803315,3.245084,3.212766,3.258065,0.946991,0.941501,0.950495
dmd,95,17,repeated-source,vector16store,6,529.630,1.282,1.886629,1.872685,1.904317,3.066308,3.042553,3.096774,1.000000,1.000000,1.000000
dmd,95,17,repeated-source,cpp-approved-execution,6,172.531,1.073,5.802867,5.741135,5.807829,1.000000,1.000000,1.000000,3.066308,3.042553,3.096774
dmd,95,17,universal,original,6,13578.086,1.500,1.000000,1.000000,1.000000,15.201451,15.161023,15.378453,1.026729,0.995715,1.045208
dmd,95,17,universal,selected64,6,13543.519,1.983,1.003607,0.997972,1.009377,15.162751,15.035245,15.325276,1.031543,0.995488,1.047145
dmd,95,17,universal,vector16store,6,13980.556,5.740,0.974114,0.956747,1.004303,15.652039,15.096061,15.983425,1.000000,1.000000,1.000000
dmd,95,17,universal,cpp-approved-execution,6,893.210,0.069,15.201451,15.161023,15.378453,1.000000,1.000000,1.000000,15.652039,15.096061,15.983425
dmd,95,128,contiguous,original,6,5100.000,36.228,1.000000,1.000000,1.000000,5.149038,5.129187,6.971292,0.613445,0.453672,0.614593
dmd,95,128,contiguous,selected64,6,3342.857,0.855,1.528531,1.520626,2.066667,3.375009,3.354067,3.379808,0.937233,0.934566,0.938484
dmd,95,128,contiguous,vector16store,6,3128.571,0.761,1.630137,1.627093,2.204236,3.158654,3.143541,3.169082,1.000000,1.000000,1.000000
dmd,95,128,contiguous,cpp-approved-execution,6,990.476,0.962,5.149038,5.129187,6.971292,1.000000,1.000000,1.000000,3.158654,3.143541,3.169082
dmd,95,128,negative-both,original,6,6828.571,61.437,1.000000,1.000000,1.000000,4.926246,4.861017,7.894198,0.478731,0.297449,0.481919
dmd,95,128,negative-both,selected64,6,3488.095,0.683,1.956403,1.956284,3.159836,2.512857,2.484746,2.524138,0.939250,0.934426,0.942857
dmd,95,128,negative-both,vector16store,6,3276.190,1.308,2.088866,2.075036,3.361919,2.356286,2.332203,2.373288,1.000000,1.000000,1.000000
dmd,95,128,negative-both,cpp-approved-execution,6,1388.095,1.715,4.926246,4.861017,7.894198,1.000000,1.000000,1.000000,2.356286,2.332203,2.373288
dmd,95,128,negative-source,original,6,6816.667,17.674,1.000000,1.000000,1.000000,5.127240,5.110714,5.989324,0.471863,0.401070,0.488827
dmd,95,128,negative-source,selected64,6,3433.333,2.497,1.988210,1.943012,2.331025,2.578853,2.569395,2.632143,0.938152,0.934903,0.949796
dmd,95,128,negative-source,vector16store,6,3216.667,3.701,2.119259,2.045714,2.493333,2.421147,2.402135,2.500000,1.000000,1.000000,1.000000
dmd,95,128,negative-source,cpp-approved-execution,6,1330.952,0.716,5.127240,5.110714,5.989324,1.000000,1.000000,1.000000,2.421147,2.402135,2.500000
dmd,95,128,padded,original,6,6809.524,0.210,1.000000,1.000000,1.000000,5.103624,5.085409,5.143885,0.472727,0.471989,0.473758
dmd,95,128,padded,selected64,6,3423.810,0.834,1.988170,1.975138,1.993036,2.567877,2.558719,2.604317,0.939542,0.933702,0.942897
dmd,95,128,padded,vector16store,6,3219.048,0.444,2.115385,2.110783,2.118694,2.412512,2.405694,2.431655,1.000000,1.000000,1.000000
dmd,95,128,padded,cpp-approved-execution,6,1333.333,1.071,5.103624,5.085409,5.143885,1.000000,1.000000,1.000000,2.412512,2.405694,2.431655
dmd,95,128,repeated-source,original,6,6807.143,0.560,1.000000,1.000000,1.000000,5.142086,5.103571,5.154676,0.471824,0.471040,0.473758
dmd,95,128,repeated-source,selected64,6,3426.190,0.973,1.986787,1.980690,1.991643,2.588129,2.567857,2.598566,0.937716,0.937413,0.938974
dmd,95,128,repeated-source,vector16store,6,3211.905,0.890,2.119436,2.110783,2.122963,2.426259,2.407143,2.437276,1.000000,1.000000,1.000000
dmd,95,128,repeated-source,cpp-approved-execution,6,1323.810,0.719,5.142086,5.103571,5.154676,1.000000,1.000000,1.000000,2.426259,2.407143,2.437276
dmd,95,128,universal,original,6,101285.714,3.456,1.000000,1.000000,1.000000,15.144173,14.981495,15.504626,0.998898,0.984939,1.035777
dmd,95,128,universal,selected64,6,101690.476,3.409,0.998546,0.965591,1.019707,15.199288,15.119573,15.637722,0.998949,0.995175,1.007958
dmd,95,128,universal,vector16store,6,101509.524,3.640,1.001106,0.965459,1.015291,15.177628,15.087544,15.639858,1.000000,1.000000,1.000000
dmd,95,128,universal,cpp-approved-execution,6,6690.476,0.071,15.144173,14.981495,15.504626,1.000000,1.000000,1.000000,15.177628,15.087544,15.639858
dmd,127,1,contiguous,original,6,103.270,0.704,1.000000,1.000000,1.000000,6.988525,6.980328,7.029508,0.781925,0.777052,0.786854
dmd,127,1,contiguous,selected64,6,83.285,0.698,1.240105,1.239092,1.243149,5.636066,5.622951,5.662295,0.969442,0.964679,0.974985
dmd,127,1,contiguous,vector16store,6,80.717,0.720,1.278896,1.270883,1.286915,5.462295,5.455738,5.495082,1.000000,1.000000,1.000000
dmd,127,1,contiguous,cpp-approved-execution,6,14.777,0.000,6.988525,6.980328,7.029508,1.000000,1.000000,1.000000,5.462295,5.455738,5.495082
dmd,127,1,negative-both,original,6,104.070,4.423,1.000000,1.000000,1.000000,6.906752,6.903537,7.209003,0.781625,0.743087,0.788542
dmd,127,1,negative-both,selected64,6,84.714,16.300,1.231000,1.070289,1.287026,5.622186,5.533762,6.450161,0.957958,0.834497,0.983730
dmd,127,1,negative-both,vector16store,6,81.347,1.608,1.279393,1.268163,1.345738,5.398714,5.356913,5.443730,1.000000,1.000000,1.000000
dmd,127,1,negative-both,cpp-approved-execution,6,15.068,0.000,6.906752,6.903537,7.209003,1.000000,1.000000,1.000000,5.398714,5.356913,5.443730
dmd,127,1,negative-source,original,6,103.706,35.459,1.000000,1.000000,1.000000,6.865373,6.832797,9.273312,0.785468,0.581137,0.801882
dmd,127,1,negative-source,selected64,6,83.430,2.787,1.239396,1.201923,1.674797,5.536977,5.530547,5.684887,0.972125,0.963801,0.979070
dmd,127,1,negative-source,vector16store,6,81.420,1.964,1.273129,1.247066,1.720764,5.403537,5.376206,5.479100,1.000000,1.000000,1.000000
dmd,127,1,negative-source,cpp-approved-execution,6,15.068,0.643,6.865373,6.832797,9.273312,1.000000,1.000000,1.000000,5.403537,5.376206,5.479100
dmd,127,1,padded,original,6,103.755,2.662,1.000000,1.000000,1.000000,6.885852,6.836013,6.983923,0.780326,0.776794,0.785513
dmd,127,1,padded,selected64,6,83.624,2.781,1.239010,1.223240,1.253318,5.549839,5.514469,5.632588,0.971753,0.954780,0.976342
dmd,127,1,padded,vector16store,6,80.911,2.156,1.281515,1.273054,1.287343,5.369775,5.360129,5.440895,1.000000,1.000000,1.000000
dmd,127,1,padded,cpp-approved-execution,6,15.068,0.643,6.885852,6.836013,6.983923,1.000000,1.000000,1.000000,5.369775,5.360129,5.440895
dmd,127,1,repeated-source,original,6,103.537,1.778,1.000000,1.000000,1.000000,6.871383,6.839228,6.961415,0.780739,0.771363,0.785614
dmd,127,1,repeated-source,selected64,6,83.406,1.510,1.242210,1.223435,1.256529,5.535370,5.514469,5.598071,0.970376,0.955773,0.974344
dmd,127,1,repeated-source,vector16store,6,80.887,0.539,1.280838,1.272890,1.296407,5.368167,5.344051,5.372990,1.000000,1.000000,1.000000
dmd,127,1,repeated-source,cpp-approved-execution,6,15.068,0.000,6.871383,6.839228,6.961415,1.000000,1.000000,1.000000,5.368167,5.344051,5.372990
dmd,127,1,universal,original,6,1186.022,10.352,1.000000,1.000000,1.000000,16.341455,16.160346,17.893929,1.003416,0.910487,1.026727
dmd,127,1,universal,selected64,6,1187.694,3.488,1.000317,0.993984,1.062255,16.359035,16.258150,16.845230,1.000734,0.967170,1.021569
dmd,127,1,universal,vector16store,6,1189.026,2.388,0.996605,0.973968,1.098313,16.377367,16.264804,16.683122,1.000000,1.000000,1.000000
dmd,127,1,universal,cpp-approved-execution,6,72.626,0.334,16.341455,16.160346,17.893929,1.000000,1.000000,1.000000,16.377367,16.264804,16.683122
dmd,127,17,contiguous,original,6,945.041,10.494,1.000000,1.000000,1.000000,5.368545,5.361502,5.873239,0.585739,0.530903,0.588441
dmd,127,17,contiguous,selected64,6,583.058,1.843,1.621278,1.594142,1.790071,3.309859,3.248848,3.366197,0.949646,0.935844,0.951705
dmd,127,17,contiguous,vector16store,6,553.719,0.448,1.707244,1.699405,1.883582,3.145540,3.087558,3.154930,1.000000,1.000000,1.000000
dmd,127,17,contiguous,cpp-approved-execution,6,176.033,1.878,5.368545,5.361502,5.873239,1.000000,1.000000,1.000000,3.145540,3.087558,3.154930
dmd,127,17,negative-both,original,6,1297.521,0.573,1.000000,1.000000,1.000000,5.963878,5.924528,5.996198,0.486178,0.485350,0.490434
dmd,127,17,negative-both,selected64,6,663.223,1.121,1.957087,1.939431,1.962500,3.051331,3.022642,3.076046,0.952026,0.941904,0.958853
dmd,127,17,negative-both,vector16store,6,631.405,0.916,2.056860,2.039012,2.060367,2.901141,2.883019,2.923954,1.000000,1.000000,1.000000
dmd,127,17,negative-both,cpp-approved-execution,6,217.355,0.760,5.963878,5.924528,5.996198,1.000000,1.000000,1.000000,2.901141,2.883019,2.923954
dmd,127,17,negative-source,original,6,1297.521,5.541,1.000000,1.000000,1.000000,5.975263,5.906367,6.245283,0.484395,0.461027,0.485332
dmd,127,17,negative-source,selected64,6,659.091,0.376,1.969241,1.966208,2.071339,3.028517,2.988764,3.049618,0.954232,0.952441,0.956030
dmd,127,17,negative-source,vector16store,6,628.926,0.394,2.064431,2.060447,2.169069,2.893536,2.850187,2.904580,1.000000,1.000000,1.000000
dmd,127,17,negative-source,cpp-approved-execution,6,217.355,1.901,5.975263,5.906367,6.245283,1.000000,1.000000,1.000000,2.893536,2.850187,2.904580
dmd,127,17,padded,original,6,1295.868,0.191,1.000000,1.000000,1.000000,5.939394,5.916981,5.961977,0.483902,0.483418,0.485969
dmd,127,17,padded,selected64,6,657.851,0.628,1.971107,1.964912,1.976040,3.011342,3.000000,3.030418,0.954774,0.949875,0.956085
dmd,127,17,padded,vector16store,6,627.273,0.527,2.066535,2.057743,2.068602,2.873106,2.860377,2.897338,1.000000,1.000000,1.000000
dmd,127,17,padded,cpp-approved-execution,6,218.182,0.758,5.939394,5.916981,5.961977,1.000000,1.000000,1.000000,2.873106,2.860377,2.897338
dmd,127,17,repeated-source,original,6,1297.107,4.651,1.000000,1.000000,1.000000,5.973362,5.709091,6.259542,0.483419,0.462805,0.488535
dmd,127,17,repeated-source,selected64,6,657.025,1.635,1.976071,1.950311,2.047441,3.030534,2.894545,3.057252,0.954030,0.947566,0.957286
dmd,127,17,repeated-source,vector16store,6,626.860,1.318,2.068602,2.046936,2.160738,2.891221,2.770909,2.905303,1.000000,1.000000,1.000000
dmd,127,17,repeated-source,cpp-approved-execution,6,216.942,4.952,5.973362,5.709091,6.259542,1.000000,1.000000,1.000000,2.891221,2.770909,2.905303
dmd,127,17,universal,original,6,18145.041,2.168,1.000000,1.000000,1.000000,15.212696,15.009589,15.369263,1.006353,0.997330,1.024483
dmd,127,17,universal,selected64,6,18222.727,0.975,0.995384,0.980148,1.000951,15.322794,15.063014,15.390278,1.001208,0.985043,1.022554
dmd,127,17,universal,vector16store,6,18233.471,3.626,0.993689,0.976102,1.002677,15.296756,15.102849,15.658791,1.000000,1.000000,1.000000
dmd,127,17,universal,cpp-approved-execution,6,1189.256,1.529,15.212696,15.009589,15.369263,1.000000,1.000000,1.000000,15.296756,15.102849,15.658791
dmd,127,128,contiguous,original,6,7762.500,2.657,1.000000,1.000000,1.000000,5.872295,5.781991,5.910377,0.498406,0.493216,0.507377
dmd,127,128,contiguous,selected64,6,4075.000,0.307,1.904896,1.871166,1.923195,3.082748,3.070755,3.094787,0.948621,0.946401,0.950845
dmd,127,128,contiguous,vector16store,6,3865.625,0.162,2.006462,1.970921,2.027508,2.924361,2.915094,2.933649,1.000000,1.000000,1.000000
dmd,127,128,contiguous,cpp-approved-execution,6,1321.875,0.473,5.872295,5.781991,5.910377,1.000000,1.000000,1.000000,2.924361,2.915094,2.933649
dmd,127,128,negative-both,original,6,9040.625,0.277,1.000000,1.000000,1.000000,5.323529,5.304029,5.335793,0.442142,0.440994,0.442600
dmd,127,128,negative-both,selected64,6,4200.000,0.893,2.152644,2.135894,2.156483,2.472426,2.461538,2.498155,0.951600,0.945347,0.953800
dmd,127,128,negative-both,vector16store,6,4000.000,0.312,2.261719,2.259375,2.267606,2.351103,2.344322,2.361624,1.000000,1.000000,1.000000
dmd,127,128,negative-both,cpp-approved-execution,6,1700.000,0.735,5.323529,5.304029,5.335793,1.000000,1.000000,1.000000,2.351103,2.344322,2.361624
dmd,127,128,negative-source,original,6,9037.500,0.138,1.000000,1.000000,1.000000,5.422151,5.395522,5.436090,0.437759,0.436981,0.438451
dmd,127,128,negative-source,selected64,6,4168.750,0.600,2.167921,2.159940,2.174436,2.500936,2.485075,2.515038,0.948278,0.946188,0.951880
dmd,127,128,negative-source,vector16store,6,3956.250,0.474,2.284360,2.280757,2.288431,2.371483,2.361940,2.383459,1.000000,1.000000,1.000000
dmd,127,128,negative-source,cpp-approved-execution,6,1665.625,0.750,5.422151,5.395522,5.436090,1.000000,1.000000,1.000000,2.371483,2.361940,2.383459
dmd,127,128,padded,original,6,9028.125,0.346,1.000000,1.000000,1.000000,5.418399,5.402985,5.449057,0.437327,0.436981,0.438366
dmd,127,128,padded,selected64,6,4165.625,0.600,2.169541,2.159940,2.172932,2.502809,2.488806,2.513208,0.948949,0.944611,0.950450
dmd,127,128,padded,vector16store,6,3950.000,0.316,2.286619,2.281201,2.288431,2.369611,2.361940,2.388679,1.000000,1.000000,1.000000
dmd,127,128,padded,cpp-approved-execution,6,1665.625,1.126,5.418399,5.402985,5.449057,1.000000,1.000000,1.000000,2.369611,2.361940,2.388679
dmd,127,128,repeated-source,original,6,9025.000,0.346,1.000000,1.000000,1.000000,5.459370,5.449057,5.484848,0.436829,0.436288,0.437845
dmd,127,128,repeated-source,selected64,6,4159.375,1.653,2.172807,2.142433,2.176471,2.518939,2.505660,2.543396,0.949511,0.936202,0.950525
dmd,127,128,repeated-source,vector16store,6,3943.750,0.634,2.289223,2.283912,2.292063,2.383748,2.377358,2.401515,1.000000,1.000000,1.000000
dmd,127,128,repeated-source,cpp-approved-execution,6,1653.125,0.378,5.459370,5.449057,5.484848,1.000000,1.000000,1.000000,2.383748,2.377358,2.401515
dmd,127,128,universal,original,6,135837.500,2.176,1.000000,1.000000,1.000000,15.177606,13.975990,15.316632,1.002356,0.990297,1.013857
dmd,127,128,universal,selected64,6,136178.125,5.654,0.995594,0.963209,1.013138,15.188870,14.017521,15.860238,0.999996,0.964707,1.020628
dmd,127,128,universal,vector16store,6,135853.125,3.588,0.997650,0.986332,1.009798,15.189104,14.084361,15.528880,1.000000,1.000000,1.000000
dmd,127,128,universal,cpp-approved-execution,6,8965.625,8.017,15.177606,13.975990,15.316632,1.000000,1.000000,1.000000,15.189104,14.084361,15.528880
dmd,128,1,contiguous,original,6,105.151,9.566,1.000000,1.000000,1.000000,8.572000,8.417969,9.360000,0.729956,0.674786,0.741236
dmd,128,1,contiguous,selected64,6,78.735,1.302,1.333022,1.323710,1.448916,6.438000,6.334646,6.460000,0.972796,0.968382,0.996898
dmd,128,1,contiguous,vector16store,6,76.709,3.055,1.369961,1.349098,1.481951,6.250000,6.137795,6.428000,1.000000,1.000000,1.000000
dmd,128,1,contiguous,cpp-approved-execution,6,12.207,2.400,8.572000,8.417969,9.360000,1.000000,1.000000,1.000000,6.250000,6.137795,6.428000
dmd,128,1,negative-both,original,6,104.297,8.801,1.000000,1.000000,1.000000,8.362745,7.646865,8.392157,0.731836,0.727103,0.794836
dmd,128,1,negative-both,selected64,6,78.687,8.191,1.325473,1.319083,1.333142,6.317647,5.735974,6.329412,0.970467,0.967162,1.050900
dmd,128,1,negative-both,vector16store,6,76.343,8.762,1.366432,1.258122,1.375321,6.121569,5.577558,6.639216,1.000000,1.000000,1.000000
dmd,128,1,negative-both,cpp-approved-execution,6,12.451,18.824,8.362745,7.646865,8.392157,1.000000,1.000000,1.000000,6.121569,5.577558,6.639216
dmd,128,1,negative-source,original,6,104.492,13.972,1.000000,1.000000,1.000000,8.392157,8.329412,9.501961,0.730267,0.641766,0.733302
dmd,128,1,negative-source,selected64,6,78.857,0.991,1.325577,1.313968,1.503102,6.333333,6.298039,6.360784,0.965475,0.963535,0.970112
dmd,128,1,negative-source,vector16store,6,76.099,0.770,1.369381,1.363695,1.558199,6.111765,6.098039,6.145098,1.000000,1.000000,1.000000
dmd,128,1,negative-source,cpp-approved-execution,6,12.451,0.000,8.392157,8.329412,9.501961,1.000000,1.000000,1.000000,6.111765,6.098039,6.145098
dmd,128,1,padded,original,6,103.882,2.773,1.000000,1.000000,1.000000,8.343137,8.325490,8.556863,0.731846,0.725940,0.735876
dmd,128,1,padded,selected64,6,78.711,1.675,1.323895,1.312925,1.335373,6.303922,6.287938,6.407843,0.969230,0.963513,0.972015
dmd,128,1,padded,vector16store,6,76.196,1.794,1.366411,1.358925,1.377525,6.109804,6.093385,6.211765,1.000000,1.000000,1.000000
dmd,128,1,padded,cpp-approved-execution,6,12.451,0.784,8.343137,8.325490,8.556863,1.000000,1.000000,1.000000,6.109804,6.093385,6.211765
dmd,128,1,repeated-source,original,6,104.199,1.874,1.000000,1.000000,1.000000,8.368627,8.329412,8.486275,0.731727,0.728155,0.734463
dmd,128,1,repeated-source,selected64,6,78.906,1.361,1.324331,1.315009,1.329441,6.337255,6.309804,6.396078,0.967891,0.963558,0.970168
dmd,128,1,repeated-source,vector16store,6,76.270,1.024,1.366633,1.361538,1.373333,6.125490,6.117647,6.180392,1.000000,1.000000,1.000000
dmd,128,1,repeated-source,cpp-approved-execution,6,12.451,0.000,8.368627,8.329412,8.486275,1.000000,1.000000,1.000000,6.125490,6.117647,6.180392
dmd,128,1,universal,original,6,1195.044,3.187,1.000000,1.000000,1.000000,15.600567,15.341525,16.763550,0.998228,0.974202,1.013646
dmd,128,1,universal,selected64,6,1202.759,1.932,0.992889,0.980531,1.010893,15.639344,15.452426,16.647019,0.992383,0.984814,1.003151
dmd,128,1,universal,vector16store,6,1190.967,1.804,1.001781,0.986538,1.026481,15.504729,15.333544,16.562838,1.000000,1.000000,1.000000
dmd,128,1,universal,cpp-approved-execution,6,77.441,6.999,15.600567,15.341525,16.763550,1.000000,1.000000,1.000000,15.504729,15.333544,16.562838
dmd,128,17,contiguous,original,6,952.500,0.437,1.000000,1.000000,1.000000,5.412322,5.190045,5.442857,0.491466,0.489939,0.494333
dmd,128,17,contiguous,selected64,6,495.833,0.336,1.922625,1.916107,1.927731,2.817536,2.692308,2.828571,0.943697,0.942761,0.952941
dmd,128,17,contiguous,vector16store,6,467.917,1.247,2.034731,2.022928,2.041071,2.658768,2.565611,2.668246,1.000000,1.000000,1.000000
dmd,128,17,contiguous,cpp-approved-execution,6,175.833,5.213,5.412322,5.190045,5.442857,1.000000,1.000000,1.000000,2.658768,2.565611,2.668246
dmd,128,17,negative-both,original,6,1308.750,0.191,1.000000,1.000000,1.000000,7.326364,7.302326,7.345794,0.417436,0.417038,0.419745
dmd,128,17,negative-both,selected64,6,576.667,1.156,2.268786,2.247496,2.276411,3.226125,3.213953,3.266355,0.947977,0.938484,0.952312
dmd,128,17,negative-both,vector16store,6,546.667,0.610,2.395579,2.382398,2.397866,3.062932,3.051163,3.065421,1.000000,1.000000,1.000000
dmd,128,17,negative-both,cpp-approved-execution,6,178.750,0.466,7.326364,7.302326,7.345794,1.000000,1.000000,1.000000,3.062932,3.051163,3.065421
dmd,128,17,negative-source,original,6,1307.083,0.574,1.000000,1.000000,1.000000,7.261574,7.235023,7.311628,0.416693,0.415394,0.418902
dmd,128,17,negative-source,selected64,6,574.583,1.305,2.273386,2.258621,2.282387,3.192130,3.179724,3.237209,0.949168,0.938218,0.952104
dmd,128,17,negative-source,vector16store,6,545.000,0.459,2.399847,2.387195,2.407351,3.032407,3.013825,3.041860,1.000000,1.000000,1.000000
dmd,128,17,negative-source,cpp-approved-execution,6,180.000,0.926,7.261574,7.235023,7.311628,1.000000,1.000000,1.000000,3.032407,3.013825,3.041860
dmd,128,17,padded,original,6,1303.750,13.295,1.000000,1.000000,1.000000,7.262791,6.964444,8.223256,0.415735,0.368778,0.417414
dmd,128,17,padded,selected64,6,573.333,1.599,2.273254,2.267054,2.532951,3.195349,3.062222,3.246512,0.945495,0.934097,0.947598
dmd,128,17,padded,vector16store,6,542.500,0.461,2.405382,2.395706,2.711656,3.025581,2.893333,3.032558,1.000000,1.000000,1.000000
dmd,128,17,padded,cpp-approved-execution,6,179.167,4.651,7.262791,6.964444,8.223256,1.000000,1.000000,1.000000,3.025581,2.893333,3.032558
dmd,128,17,repeated-source,original,6,1304.583,0.575,1.000000,1.000000,1.000000,7.299065,7.245370,7.375587,0.415414,0.412739,0.415709
dmd,128,17,repeated-source,selected64,6,571.667,1.166,2.280817,2.265512,2.286754,3.203271,3.175926,3.253521,0.947484,0.935065,0.948980
dmd,128,17,repeated-source,vector16store,6,541.250,0.462,2.407236,2.405530,2.422840,3.032710,3.009259,3.056338,1.000000,1.000000,1.000000
dmd,128,17,repeated-source,cpp-approved-execution,6,178.333,1.402,7.299065,7.245370,7.375587,1.000000,1.000000,1.000000,3.032710,3.009259,3.056338
dmd,128,17,universal,original,6,18251.667,1.607,1.000000,1.000000,1.000000,15.249675,14.011598,15.370112,0.999981,0.987835,1.022896
dmd,128,17,universal,selected64,6,18268.333,2.760,0.997121,0.976521,1.006074,15.297990,13.990335,15.541783,0.999280,0.992227,1.003423
dmd,128,17,universal,vector16store,6,18296.667,2.446,1.000019,0.977616,1.012314,15.313496,14.018041,15.524373,1.000000,1.000000,1.000000
dmd,128,17,universal,cpp-approved-execution,6,1196.250,8.359,15.249675,14.011598,15.370112,1.000000,1.000000,1.000000,15.313496,14.018041,15.524373
dmd,128,128,contiguous,original,6,6856.250,11.577,1.000000,1.000000,1.000000,5.135843,5.121495,5.737089,0.466485,0.418985,0.468978
dmd,128,128,contiguous,selected64,6,3421.875,0.548,2.004575,2.000000,2.234004,2.564400,2.556075,2.572770,0.936073,0.932605,0.937956
dmd,128,128,contiguous,vector16store,6,3203.125,0.585,2.143694,2.132296,2.386719,2.400465,2.392523,2.408451,1.000000,1.000000,1.000000
dmd,128,128,contiguous,cpp-approved-execution,6,1334.375,0.468,5.135843,5.121495,5.737089,1.000000,1.000000,1.000000,2.400465,2.392523,2.408451
dmd,128,128,negative-both,original,6,9112.500,0.549,1.000000,1.000000,1.000000,6.325409,6.280172,6.369565,0.370497,0.367918,0.377915
dmd,128,128,negative-both,selected64,6,3600.000,2.257,2.531805,2.492308,2.556719,2.496753,2.476190,2.543478,0.941272,0.930915,0.945804
dmd,128,128,negative-both,vector16store,6,3375.000,2.222,2.699082,2.646098,2.717996,2.347705,2.323276,2.395652,1.000000,1.000000,1.000000
dmd,128,128,negative-both,cpp-approved-execution,6,1440.625,1.735,6.325409,6.280172,6.369565,1.000000,1.000000,1.000000,2.347705,2.323276,2.395652
dmd,128,128,negative-source,original,6,9100.000,14.286,1.000000,1.000000,1.000000,6.303030,6.248927,7.203463,0.362981,0.317909,0.363761
dmd,128,128,negative-source,selected64,6,3525.000,1.064,2.582447,2.558875,2.955595,2.439394,2.416309,2.463203,0.937002,0.929701,0.939716
dmd,128,128,negative-source,vector16store,6,3306.250,0.378,2.754969,2.749057,3.145558,2.290043,2.266094,2.294372,1.000000,1.000000,1.000000
dmd,128,128,negative-source,cpp-approved-execution,6,1443.750,0.866,6.303030,6.248927,7.203463,1.000000,1.000000,1.000000,2.290043,2.266094,2.294372
dmd,128,128,padded,original,6,9103.125,0.206,1.000000,1.000000,1.000000,6.342083,6.275862,6.366812,0.362264,0.360825,0.364698
dmd,128,128,padded,selected64,6,3518.750,1.776,2.587034,2.556140,2.598214,2.458515,2.434783,2.467532,0.936778,0.926316,0.937833
dmd,128,128,padded,vector16store,6,3300.000,1.136,2.760417,2.741996,2.771429,2.295052,2.282609,2.305677,1.000000,1.000000,1.000000
dmd,128,128,padded,cpp-approved-execution,6,1434.375,1.307,6.342083,6.275862,6.366812,1.000000,1.000000,1.000000,2.295052,2.282609,2.305677
dmd,128,128,repeated-source,original,6,9093.750,0.137,1.000000,1.000000,1.000000,6.395635,6.298701,6.442478,0.361292,0.360137,0.361512
dmd,128,128,repeated-source,selected64,6,3506.250,0.891,2.593583,2.576991,2.598214,2.463743,2.428571,2.500000,0.937556,0.929204,0.939286
dmd,128,128,repeated-source,vector16store,6,3284.375,0.381,2.767842,2.766160,2.776718,2.312099,2.268398,2.327434,1.000000,1.000000,1.000000
dmd,128,128,repeated-source,cpp-approved-execution,6,1421.875,2.198,6.395635,6.298701,6.442478,1.000000,1.000000,1.000000,2.312099,2.268398,2.327434
dmd,128,128,universal,original,6,136440.625,0.944,1.000000,1.000000,1.000000,15.212892,14.932052,15.299652,1.005952,0.999545,1.008488
dmd,128,128,universal,selected64,6,136959.375,5.691,0.994965,0.954565,1.004918,15.202787,15.067948,16.027875,1.001391,0.954130,1.010435
dmd,128,128,universal,vector16store,6,137184.375,0.734,0.994083,0.991583,1.000456,15.295819,15.031572,15.374216,1.000000,1.000000,1.000000
dmd,128,128,universal,cpp-approved-execution,6,8968.750,1.533,15.212892,14.932052,15.299652,1.000000,1.000000,1.000000,15.295819,15.031572,15.374216
dmd,129,1,contiguous,original,6,104.454,19.364,1.000000,1.000000,1.000000,8.194981,8.181467,9.768340,0.730978,0.611462,0.767815
dmd,129,1,contiguous,selected64,6,78.765,5.998,1.325940,1.252364,1.585213,6.179537,6.162162,6.532819,0.968741,0.961584,0.971196
dmd,129,1,contiguous,vector16store,6,76.353,5.156,1.368031,1.302397,1.635423,5.990347,5.972973,6.281853,1.000000,1.000000,1.000000
dmd,129,1,contiguous,cpp-approved-execution,6,12.746,0.000,8.194981,8.181467,9.768340,1.000000,1.000000,1.000000,5.990347,5.972973,6.281853
dmd,129,1,negative-both,original,6,105.020,23.618,1.000000,1.000000,1.000000,8.005639,7.951493,9.864662,0.729283,0.593369,0.732547
dmd,129,1,negative-both,selected64,6,78.912,1.871,1.328646,1.312654,1.629814,6.024436,5.981343,6.120301,0.967643,0.955774,0.973799
dmd,129,1,negative-both,vector16store,6,76.501,0.965,1.371213,1.365100,1.685292,5.832707,5.812030,5.853383,1.000000,1.000000,1.000000
dmd,129,1,negative-both,cpp-approved-execution,6,13.091,0.752,8.005639,7.951493,9.864662,1.000000,1.000000,1.000000,5.832707,5.812030,5.853383
dmd,129,1,negative-source,original,6,104.601,1.223,1.000000,1.000000,1.000000,7.983167,7.939850,8.022556,0.731237,0.729412,0.735795
dmd,129,1,negative-source,selected64,6,79.011,1.433,1.323008,1.304000,1.327114,6.035546,6.022556,6.109023,0.967912,0.955692,0.969432
dmd,129,1,negative-source,vector16store,6,76.476,0.901,1.367545,1.359073,1.370968,5.840226,5.827068,5.853383,1.000000,1.000000,1.000000
dmd,129,1,negative-source,cpp-approved-execution,6,13.091,0.752,7.983167,7.939850,8.022556,1.000000,1.000000,1.000000,5.840226,5.827068,5.853383
dmd,129,1,padded,original,6,104.921,2.392,1.000000,1.000000,1.000000,7.985019,7.966165,8.157895,0.733099,0.726512,0.741387
dmd,129,1,padded,selected64,6,79.454,2.539,1.323105,1.302397,1.333333,6.067669,5.988806,6.176692,0.969130,0.961823,0.976872
dmd,129,1,padded,vector16store,6,76.796,3.332,1.364081,1.348822,1.376440,5.866541,5.802239,6.033835,1.000000,1.000000,1.000000
dmd,129,1,padded,cpp-approved-execution,6,13.091,0.752,7.985019,7.966165,8.157895,1.000000,1.000000,1.000000,5.866541,5.802239,6.033835
dmd,129,1,repeated-source,original,6,104.380,26.544,1.000000,1.000000,1.000000,7.973684,7.936090,10.052632,0.733779,0.580030,0.738411
dmd,129,1,repeated-source,selected64,6,78.962,3.241,1.317435,1.295221,1.668122,6.031955,6.018797,6.214286,0.968281,0.949183,0.975016
dmd,129,1,repeated-source,vector16store,6,76.673,1.155,1.362810,1.354260,1.724049,5.857143,5.830827,5.898496,1.000000,1.000000,1.000000
dmd,129,1,repeated-source,cpp-approved-execution,6,13.091,0.000,7.973684,7.936090,10.052632,1.000000,1.000000,1.000000,5.857143,5.830827,5.898496
dmd,129,1,universal,original,6,1208.243,6.822,1.000000,1.000000,1.000000,16.400468,15.038509,17.235020,0.998565,0.961834,1.007935
dmd,129,1,universal,selected64,6,1217.815,1.915,0.993527,0.987922,1.043494,16.502811,15.222360,16.676903,0.991638,0.986591,1.003668
dmd,129,1,universal,vector16store,6,1213.632,2.425,1.001458,0.992127,1.039680,16.479116,15.093789,16.577230,1.000000,1.000000,1.000000
dmd,129,1,universal,cpp-approved-execution,6,73.696,7.613,16.400468,15.038509,17.235020,1.000000,1.000000,1.000000,16.479116,15.093789,16.577230
dmd,129,17,contiguous,original,6,958.403,0.701,1.000000,1.000000,1.000000,5.430952,5.402844,5.440758,0.496491,0.496056,0.496516
dmd,129,17,contiguous,selected64,6,503.361,0.501,1.903172,1.900166,1.906977,2.852381,2.838863,2.861905,0.944908,0.943428,0.946844
dmd,129,17,contiguous,vector16store,6,475.630,0.707,2.014134,2.014035,2.015901,2.695238,2.682464,2.701422,1.000000,1.000000,1.000000
dmd,129,17,contiguous,cpp-approved-execution,6,176.891,0.475,5.430952,5.402844,5.440758,1.000000,1.000000,1.000000,2.695238,2.682464,2.701422
dmd,129,17,negative-both,original,6,1318.067,0.319,1.000000,1.000000,1.000000,7.097285,7.085973,7.108597,0.422697,0.421925,0.424107
dmd,129,17,negative-both,selected64,6,586.975,0.716,2.245528,2.236805,2.254310,3.160633,3.149321,3.171946,0.948571,0.948424,0.952586
dmd,129,17,negative-both,vector16store,6,557.143,0.452,2.365762,2.357895,2.370091,3.000000,2.995475,3.009050,1.000000,1.000000,1.000000
dmd,129,17,negative-both,cpp-approved-execution,6,185.714,0.000,7.097285,7.085973,7.108597,1.000000,1.000000,1.000000,3.000000,2.995475,3.009050
dmd,129,17,negative-source,original,6,1318.067,1.211,1.000000,1.000000,1.000000,6.958229,6.855895,7.131818,0.419943,0.418471,0.420985
dmd,129,17,negative-source,selected64,6,581.513,0.434,2.261717,2.258671,2.283237,3.078001,3.008696,3.154545,0.949458,0.946686,0.959538
dmd,129,17,negative-source,vector16store,6,552.521,1.217,2.381276,2.375380,2.389650,2.924676,2.868996,2.986364,1.000000,1.000000,1.000000
dmd,129,17,negative-source,cpp-approved-execution,6,189.076,4.444,6.958229,6.855895,7.131818,1.000000,1.000000,1.000000,2.924676,2.868996,2.986364
dmd,129,17,padded,original,6,1313.445,0.960,1.000000,1.000000,1.000000,7.065611,7.027027,7.159091,0.419386,0.415873,0.422436
dmd,129,17,padded,selected64,6,579.832,0.580,2.265217,2.247839,2.282609,3.124149,3.098655,3.136364,0.950000,0.943804,0.955072
dmd,129,17,padded,vector16store,6,550.840,0.610,2.384441,2.367223,2.404580,2.970537,2.946188,2.981900,1.000000,1.000000,1.000000
dmd,129,17,padded,cpp-approved-execution,6,185.714,1.357,7.065611,7.027027,7.159091,1.000000,1.000000,1.000000,2.970537,2.946188,2.981900
dmd,129,17,repeated-source,original,6,1316.807,0.447,1.000000,1.000000,1.000000,7.027047,6.968750,7.063063,0.417039,0.416454,0.418962
dmd,129,17,repeated-source,selected64,6,578.992,1.451,2.275036,2.252874,2.282799,3.087496,3.062500,3.135135,0.948476,0.938218,0.953353
dmd,129,17,repeated-source,vector16store,6,549.160,0.153,2.397859,2.386850,2.401225,2.930542,2.915179,2.945946,1.000000,1.000000,1.000000
dmd,129,17,repeated-source,cpp-approved-execution,6,187.395,0.897,7.027047,6.968750,7.063063,1.000000,1.000000,1.000000,2.930542,2.915179,2.945946
dmd,129,17,universal,original,6,18379.832,3.182,1.000000,1.000000,1.000000,15.238916,15.159582,15.579459,0.999857,0.995906,1.028525
dmd,129,17,universal,selected64,6,18517.227,2.723,0.998402,0.989364,1.006365,15.354224,15.127526,15.480916,1.000554,0.991532,1.029755
dmd,129,17,universal,vector16store,6,18467.227,3.313,1.000143,0.972266,1.004111,15.314286,15.146341,15.592618,1.000000,1.000000,1.000000
dmd,129,17,universal,cpp-approved-execution,6,1206.303,0.418,15.238916,15.159582,15.579459,1.000000,1.000000,1.000000,15.314286,15.146341,15.592618
dmd,129,128,contiguous,original,6,6870.000,0.388,1.000000,1.000000,1.000000,5.119403,5.078818,5.139303,0.477184,0.476190,0.484466
dmd,129,128,contiguous,selected64,6,3486.667,2.294,1.971319,1.936090,1.978846,2.600488,2.571429,2.646766,0.939772,0.935361,0.942529
dmd,129,128,contiguous,vector16store,6,3280.000,1.829,2.095626,2.064128,2.100000,2.440299,2.423645,2.482587,1.000000,1.000000,1.000000
dmd,129,128,contiguous,cpp-approved-execution,6,1340.000,0.995,5.119403,5.078818,5.139303,1.000000,1.000000,1.000000,2.440299,2.423645,2.482587
dmd,129,128,negative-both,original,6,9190.000,0.435,1.000000,1.000000,1.000000,6.275000,6.239819,6.292237,0.370733,0.370478,0.372009
dmd,129,128,negative-both,selected64,6,3603.333,1.110,2.550000,2.525641,2.554529,2.462422,2.454545,2.470588,0.946296,0.939560,0.946396
dmd,129,128,negative-both,vector16store,6,3410.000,0.587,2.697356,2.688109,2.699219,2.327273,2.321267,2.333333,1.000000,1.000000,1.000000
dmd,129,128,negative-both,cpp-approved-execution,6,1466.667,0.909,6.275000,6.239819,6.292237,1.000000,1.000000,1.000000,2.327273,2.321267,2.333333
dmd,129,128,negative-source,original,6,9186.667,0.726,1.000000,1.000000,1.000000,6.417257,6.400000,6.453271,0.367140,0.364162,0.370640
dmd,129,128,negative-source,selected64,6,3583.333,1.860,2.561453,2.520147,2.582090,2.508161,2.493023,2.539535,0.940410,0.934066,0.940631
dmd,129,128,negative-source,vector16store,6,3370.000,1.187,2.723762,2.698039,2.746032,2.358976,2.344186,2.372093,1.000000,1.000000,1.000000
dmd,129,128,negative-source,cpp-approved-execution,6,1433.333,0.465,6.417257,6.400000,6.453271,1.000000,1.000000,1.000000,2.358976,2.344186,2.372093
dmd,129,128,padded,original,6,9166.667,0.291,1.000000,1.000000,1.000000,6.395349,6.350230,6.400000,0.365951,0.365552,0.372279
dmd,129,128,padded,selected64,6,3566.667,2.617,2.571028,2.514599,2.574906,2.488372,2.483721,2.525581,0.940187,0.930018,0.941948
dmd,129,128,padded,vector16store,6,3353.333,1.988,2.732604,2.686160,2.735586,2.339535,2.339535,2.364055,1.000000,1.000000,1.000000
dmd,129,128,padded,cpp-approved-execution,6,1433.333,0.930,6.395349,6.350230,6.400000,1.000000,1.000000,1.000000,2.339535,2.339535,2.364055
dmd,129,128,repeated-source,original,6,9166.667,0.145,1.000000,1.000000,1.000000,6.455399,6.425234,6.460094,0.365951,0.364826,0.367273
dmd,129,128,repeated-source,selected64,6,3563.333,1.123,2.573434,2.555762,2.582707,2.509390,2.497653,2.514019,0.941067,0.938318,0.945591
dmd,129,128,repeated-source,vector16store,6,3353.333,0.596,2.732604,2.722772,2.741036,2.361502,2.356808,2.366197,1.000000,1.000000,1.000000
dmd,129,128,repeated-source,cpp-approved-execution,6,1420.000,0.469,6.455399,6.425234,6.460094,1.000000,1.000000,1.000000,2.361502,2.356808,2.366197
dmd,129,128,universal,original,6,137720.000,3.098,1.000000,1.000000,1.000000,15.223287,15.080265,15.551953,1.004064,0.994314,1.015430
dmd,129,128,universal,selected64,6,137600.000,4.094,0.997835,0.959653,1.021936,15.210022,15.137703,15.771555,1.001752,0.974461,1.021403
dmd,129,128,universal,vector16store,6,138120.000,2.273,0.995973,0.984804,1.005718,15.261860,15.195876,15.543847,1.000000,1.000000,1.000000
dmd,129,128,universal,cpp-approved-execution,6,9046.667,0.074,15.223287,15.080265,15.551953,1.000000,1.000000,1.000000,15.261860,15.195876,15.543847
dmd,255,1,contiguous,original,6,155.302,0.814,1.000000,1.000000,1.000000,6.516327,5.992481,6.555102,0.667399,0.662500,0.670640
dmd,255,1,contiguous,selected64,6,106.226,0.733,1.463335,1.453054,1.470696,4.453061,4.124060,4.461224,0.976170,0.969808,0.978938
dmd,255,1,contiguous,vector16store,6,103.648,0.845,1.498357,1.491113,1.509434,4.334694,4.003759,4.363265,1.000000,1.000000,1.000000
dmd,255,1,contiguous,cpp-approved-execution,6,23.833,8.571,6.516327,5.992481,6.555102,1.000000,1.000000,1.000000,4.334694,4.003759,4.363265
dmd,255,1,negative-both,original,6,155.739,0.687,1.000000,1.000000,1.000000,6.455645,6.413655,6.479839,0.666146,0.662103,0.668128
dmd,255,1,negative-both,selected64,6,105.934,0.551,1.467491,1.465565,1.472911,4.391129,4.373494,4.415323,0.977961,0.971689,0.981635
dmd,255,1,negative-both,vector16store,6,103.599,0.469,1.501174,1.496720,1.510338,4.290323,4.285141,4.310484,1.000000,1.000000,1.000000
dmd,255,1,negative-both,cpp-approved-execution,6,24.125,0.403,6.455645,6.413655,6.479839,1.000000,1.000000,1.000000,4.290323,4.285141,4.310484
dmd,255,1,negative-source,original,6,155.545,1.376,1.000000,1.000000,1.000000,6.447581,6.435484,6.524194,0.664480,0.656984,0.667920
dmd,255,1,negative-source,selected64,6,105.982,1.469,1.468993,1.446963,1.487132,4.393145,4.383065,4.447581,0.975677,0.963735,0.980681
dmd,255,1,negative-source,vector16store,6,103.405,0.376,1.504940,1.497186,1.522107,4.286290,4.282258,4.298387,1.000000,1.000000,1.000000
dmd,255,1,negative-source,cpp-approved-execution,6,24.125,0.000,6.447581,6.435484,6.524194,1.000000,1.000000,1.000000,4.286290,4.282258,4.298387
dmd,255,1,padded,original,6,155.204,2.507,1.000000,1.000000,1.000000,6.433468,6.427419,6.588710,0.665309,0.658507,0.709536
dmd,255,1,padded,selected64,6,106.128,7.241,1.463092,1.364726,1.499083,4.399194,4.391129,4.709677,0.973435,0.968322,0.987156
dmd,255,1,padded,vector16store,6,103.405,6.585,1.503062,1.409372,1.518587,4.286290,4.278226,4.560484,1.000000,1.000000,1.000000
dmd,255,1,padded,cpp-approved-execution,6,24.125,0.000,6.433468,6.427419,6.588710,1.000000,1.000000,1.000000,4.286290,4.278226,4.560484
dmd,255,1,repeated-source,original,6,155.691,0.687,1.000000,1.000000,1.000000,6.453629,6.439516,6.483871,0.662917,0.660448,0.664997
dmd,255,1,repeated-source,selected64,6,106.323,1.464,1.464321,1.448370,1.477941,4.407258,4.387097,4.451613,0.971651,0.959239,0.976103
dmd,255,1,repeated-source,vector16store,6,103.307,0.377,1.508485,1.503766,1.514124,4.282258,4.270161,4.286290,1.000000,1.000000,1.000000
dmd,255,1,repeated-source,cpp-approved-execution,6,24.125,0.000,6.453629,6.439516,6.483871,1.000000,1.000000,1.000000,4.282258,4.270161,4.286290
dmd,255,1,universal,original,6,2257.053,12.861,1.000000,1.000000,1.000000,15.908443,15.333777,17.746749,1.001953,0.975783,1.028199
dmd,255,1,universal,selected64,6,2255.982,10.133,0.998760,0.976216,1.024200,15.856543,15.429714,17.354552,1.001414,0.981492,1.021521
dmd,255,1,universal,vector16store,6,2268.920,10.144,0.998051,0.972574,1.024818,15.975747,15.373751,17.414100,1.000000,1.000000,1.000000
dmd,255,1,universal,cpp-approved-execution,6,142.072,2.944,15.908443,15.333777,17.746749,1.000000,1.000000,1.000000,15.975747,15.373751,17.414100
dmd,255,17,contiguous,original,6,1925.000,0.346,1.000000,1.000000,1.000000,5.469194,5.448113,5.514286,0.489389,0.488312,0.490484
dmd,255,17,contiguous,selected64,6,970.000,0.515,1.983706,1.979452,1.986231,2.756505,2.745283,2.780952,0.970790,0.969072,0.970890
dmd,255,17,contiguous,vector16store,6,941.667,0.531,2.043363,2.038801,2.047872,2.673757,2.665094,2.700000,1.000000,1.000000,1.000000
dmd,255,17,contiguous,cpp-approved-execution,6,351.667,0.948,5.469194,5.448113,5.514286,1.000000,1.000000,1.000000,2.673757,2.665094,2.700000
dmd,255,17,negative-both,original,6,2550.833,0.653,1.000000,1.000000,1.000000,6.780492,6.707424,6.826667,0.399478,0.398438,0.401704
dmd,255,17,negative-both,selected64,6,1050.833,0.793,2.425851,2.406940,2.441971,2.796018,2.746725,2.817778,0.969865,0.966877,0.972973
dmd,255,17,negative-both,vector16store,6,1020.000,0.327,2.503273,2.489396,2.509804,2.711770,2.672489,2.724444,1.000000,1.000000,1.000000
dmd,255,17,negative-both,cpp-approved-execution,6,375.833,1.774,6.780492,6.707424,6.826667,1.000000,1.000000,1.000000,2.711770,2.672489,2.724444
dmd,255,17,negative-source,original,6,2555.000,1.109,1.000000,1.000000,1.000000,6.772124,6.729258,6.809735,0.398698,0.395847,0.404575
dmd,255,17,negative-source,selected64,6,1049.167,0.635,2.435265,2.420886,2.449921,2.785398,2.746725,2.796460,0.970588,0.968254,0.979430
dmd,255,17,negative-source,vector16store,6,1017.500,1.638,2.508166,2.471729,2.526230,2.701327,2.663755,2.738938,1.000000,1.000000,1.000000
dmd,255,17,negative-source,cpp-approved-execution,6,376.667,1.327,6.772124,6.729258,6.809735,1.000000,1.000000,1.000000,2.701327,2.663755,2.738938
dmd,255,17,padded,original,6,2546.667,0.916,1.000000,1.000000,1.000000,6.780000,6.714912,6.805310,0.399870,0.398560,0.404964
dmd,255,17,padded,selected64,6,1047.500,1.432,2.433121,2.411024,2.445151,2.784137,2.778761,2.804444,0.972887,0.966719,0.977742
dmd,255,17,padded,vector16store,6,1017.500,1.802,2.500816,2.469355,2.509031,2.713333,2.694690,2.721239,1.000000,1.000000,1.000000
dmd,255,17,padded,cpp-approved-execution,6,375.833,1.330,6.780000,6.714912,6.805310,1.000000,1.000000,1.000000,2.713333,2.694690,2.721239
dmd,255,17,repeated-source,original,6,2543.333,0.655,1.000000,1.000000,1.000000,6.752212,6.743363,6.787611,0.398494,0.396349,0.399344
dmd,255,17,repeated-source,selected64,6,1045.833,0.478,2.434956,2.428344,2.438792,2.776549,2.769912,2.783186,0.969697,0.966614,0.971292
dmd,255,17,repeated-source,vector16store,6,1013.333,0.329,2.509451,2.504105,2.523026,2.690265,2.685841,2.694690,1.000000,1.000000,1.000000
dmd,255,17,repeated-source,cpp-approved-execution,6,376.667,0.000,6.752212,6.743363,6.787611,1.000000,1.000000,1.000000,2.690265,2.685841,2.694690
dmd,255,17,universal,original,6,36735.000,3.226,1.000000,1.000000,1.000000,15.014174,14.739932,15.156997,0.992913,0.987581,1.001791
dmd,255,17,universal,selected64,6,36400.000,3.951,1.003755,0.986275,1.022227,14.830304,14.753212,15.367918,0.998136,0.986675,1.009533
dmd,255,17,universal,vector16store,6,36472.500,3.235,1.007147,0.998212,1.012575,14.890951,14.679863,15.163140,1.000000,1.000000,1.000000
dmd,255,17,universal,cpp-approved-execution,6,2441.667,0.956,15.014174,14.739932,15.156997,1.000000,1.000000,1.000000,14.890951,14.679863,15.163140
dmd,255,128,contiguous,original,6,14437.500,8.918,1.000000,1.000000,1.000000,5.452929,5.422535,5.933962,0.470996,0.432432,0.471861
dmd,255,128,contiguous,selected64,6,7012.500,0.535,2.058824,2.051510,2.242424,2.644709,2.633803,2.658768,0.969724,0.966252,0.971480
dmd,255,128,contiguous,vector16store,6,6800.000,0.184,2.123162,2.119266,2.312500,2.562362,2.553991,2.578199,1.000000,1.000000,1.000000
dmd,255,128,contiguous,cpp-approved-execution,6,2656.250,0.941,5.452929,5.422535,5.933962,1.000000,1.000000,1.000000,2.562362,2.553991,2.578199
dmd,255,128,negative-both,original,6,18562.500,0.539,1.000000,1.000000,1.000000,6.065341,6.000000,6.094262,0.373401,0.371812,0.375843
dmd,255,128,negative-both,selected64,6,7143.750,0.525,2.597548,2.583624,2.609457,2.332684,2.319838,2.352459,0.971129,0.965157,0.972077
dmd,255,128,negative-both,vector16store,6,6937.500,0.541,2.678087,2.660682,2.689531,2.263295,2.252033,2.274590,1.000000,1.000000,1.000000
dmd,255,128,negative-both,cpp-approved-execution,6,3062.500,1.224,6.065341,6.000000,6.094262,1.000000,1.000000,1.000000,2.263295,2.252033,2.274590
dmd,255,128,negative-source,original,6,18550.000,0.539,1.000000,1.000000,1.000000,6.170479,6.119835,6.174274,0.371968,0.370296,0.372973
dmd,255,128,negative-source,selected64,6,7125.000,0.351,2.608083,2.596491,2.619718,2.365145,2.355372,2.366667,0.969246,0.968421,0.970175
dmd,255,128,negative-source,vector16store,6,6900.000,0.362,2.688405,2.681159,2.700544,2.290456,2.280992,2.295833,1.000000,1.000000,1.000000
dmd,255,128,negative-source,cpp-approved-execution,6,3012.500,0.830,6.170479,6.119835,6.174274,1.000000,1.000000,1.000000,2.290456,2.280992,2.295833
dmd,255,128,padded,original,6,18512.500,0.338,1.000000,1.000000,1.000000,6.302128,6.302128,6.323404,0.371245,0.370121,0.374072
dmd,255,128,padded,selected64,6,7100.000,1.232,2.607402,2.584642,2.620811,2.417021,2.408511,2.438298,0.969165,0.964912,0.970018
dmd,255,128,padded,vector16store,6,6875.000,0.909,2.693636,2.673285,2.701818,2.340426,2.336170,2.357447,1.000000,1.000000,1.000000
dmd,255,128,padded,cpp-approved-execution,6,2937.500,0.000,6.302128,6.302128,6.323404,1.000000,1.000000,1.000000,2.340426,2.336170,2.357447
dmd,255,128,repeated-source,original,6,18487.500,0.135,1.000000,1.000000,1.000000,6.264831,6.240506,6.271186,0.371999,0.371622,0.372801
dmd,255,128,repeated-source,selected64,6,7081.250,0.353,2.610768,2.603873,2.614841,2.398305,2.396624,2.402542,0.971731,0.968310,0.971781
dmd,255,128,repeated-source,vector16store,6,6875.000,0.182,2.688182,2.682396,2.690909,2.330508,2.320675,2.334746,1.000000,1.000000,1.000000
dmd,255,128,repeated-source,cpp-approved-execution,6,2950.000,0.424,6.264831,6.240506,6.271186,1.000000,1.000000,1.000000,2.330508,2.320675,2.334746
dmd,255,128,universal,original,6,274918.750,2.646,1.000000,1.000000,1.000000,14.910894,14.723317,15.139551,0.993816,0.981250,1.027519
dmd,255,128,universal,selected64,6,273218.750,0.618,1.006225,0.992439,1.012843,14.831466,14.818428,14.947583,1.000069,0.993852,1.019750
dmd,255,128,universal,vector16store,6,273568.750,2.216,1.006223,0.973218,1.019108,14.872211,14.748645,15.128484,1.000000,1.000000,1.000000
dmd,255,128,universal,cpp-approved-execution,6,18406.250,0.475,14.910894,14.723317,15.139551,1.000000,1.000000,1.000000,14.872211,14.748645,15.128484
dmd,256,1,contiguous,original,6,155.908,0.313,1.000000,1.000000,1.000000,7.357143,7.341014,7.364055,0.634682,0.633917,0.635567
dmd,256,1,contiguous,selected64,6,101.416,1.348,1.535389,1.522402,1.543961,4.785714,4.769585,4.834101,0.974483,0.967588,0.978744
dmd,256,1,contiguous,vector16store,6,98.926,0.395,1.575593,1.573399,1.577493,4.668203,4.658986,4.677419,1.000000,1.000000,1.000000
dmd,256,1,contiguous,cpp-approved-execution,6,21.191,0.000,7.357143,7.341014,7.364055,1.000000,1.000000,1.000000,4.668203,4.658986,4.677419
dmd,256,1,negative-both,original,6,156.152,0.938,1.000000,1.000000,1.000000,7.259091,7.217195,7.285068,0.634012,0.632270,0.645443
dmd,256,1,negative-both,selected64,6,101.758,3.647,1.537350,1.491620,1.543436,4.725607,4.692308,4.859729,0.975506,0.962756,0.978805
dmd,256,1,negative-both,vector16store,6,99.023,2.268,1.577259,1.549323,1.581602,4.607692,4.579186,4.678733,1.000000,1.000000,1.000000
dmd,256,1,negative-both,cpp-approved-execution,6,21.533,0.454,7.259091,7.217195,7.285068,1.000000,1.000000,1.000000,4.607692,4.579186,4.678733
dmd,256,1,negative-source,original,6,155.713,3.136,1.000000,1.000000,1.000000,7.214932,6.291188,7.254545,0.638758,0.638191,0.644737
dmd,256,1,negative-source,selected64,6,101.855,2.780,1.530740,1.517143,1.536015,4.721102,4.095785,4.751131,0.977916,0.972381,0.985632
dmd,256,1,negative-source,vector16store,6,99.609,3.137,1.565538,1.551020,1.566929,4.614521,4.015326,4.677273,1.000000,1.000000,1.000000
dmd,256,1,negative-source,cpp-approved-execution,6,21.582,18.552,7.214932,6.291188,7.254545,1.000000,1.000000,1.000000,4.614521,4.015326,4.677273
dmd,256,1,padded,original,6,155.908,0.689,1.000000,1.000000,1.000000,7.231304,7.217195,7.286364,0.633741,0.630692,0.640225
dmd,256,1,padded,selected64,6,101.270,1.061,1.537867,1.529131,1.545805,4.702962,4.692308,4.737557,0.975410,0.973938,0.978988
dmd,256,1,padded,vector16store,6,98.779,1.582,1.577932,1.561951,1.585559,4.587299,4.570136,4.638009,1.000000,1.000000,1.000000
dmd,256,1,padded,cpp-approved-execution,6,21.582,0.452,7.231304,7.217195,7.286364,1.000000,1.000000,1.000000,4.587299,4.570136,4.638009
dmd,256,1,repeated-source,original,6,156.396,0.937,1.000000,1.000000,1.000000,7.252273,6.640496,7.285068,0.631487,0.629123,0.640977
dmd,256,1,repeated-source,selected64,6,101.562,1.154,1.539440,1.522901,1.552555,4.714336,4.289256,4.742081,0.975410,0.969290,0.976856
dmd,256,1,repeated-source,vector16store,6,98.779,1.285,1.583576,1.560117,1.589515,4.587310,4.181818,4.628959,1.000000,1.000000,1.000000
dmd,256,1,repeated-source,cpp-approved-execution,6,21.582,9.955,7.252273,6.640496,7.285068,1.000000,1.000000,1.000000,4.587310,4.181818,4.628959
dmd,256,1,universal,original,6,2268.115,2.519,1.000000,1.000000,1.000000,16.045246,15.743660,16.155693,0.997268,0.978094,1.006966
dmd,256,1,universal,selected64,6,2263.818,2.174,1.005275,0.988637,1.008213,15.966792,15.708505,16.054184,1.000913,0.984278,1.007204
dmd,256,1,universal,vector16store,6,2255.273,1.338,1.002743,0.993083,1.022397,15.894181,15.801783,16.124309,1.000000,1.000000,1.000000
dmd,256,1,universal,cpp-approved-execution,6,141.895,0.826,16.045246,15.743660,16.155693,1.000000,1.000000,1.000000,15.894181,15.801783,16.124309
dmd,256,17,contiguous,original,6,1928.333,0.346,1.000000,1.000000,1.000000,5.494076,5.361111,5.504762,0.443869,0.443486,0.446753
dmd,256,17,contiguous,selected64,6,885.000,0.753,2.180962,2.166979,2.183365,2.517818,2.467593,2.538095,0.967985,0.964353,0.969754
dmd,256,17,contiguous,vector16store,6,856.667,0.584,2.252918,2.238372,2.254864,2.439438,2.379630,2.457143,1.000000,1.000000,1.000000
dmd,256,17,contiguous,cpp-approved-execution,6,350.833,2.850,5.494076,5.361111,5.504762,1.000000,1.000000,1.000000,2.439438,2.379630,2.457143
dmd,256,17,negative-both,original,6,2515.833,3.047,1.000000,1.000000,1.000000,7.133333,7.032407,7.342857,0.375835,0.365110,0.401580
dmd,256,17,negative-both,selected64,6,971.667,8.062,2.580539,2.422648,2.646552,2.764286,2.759434,2.902778,0.968992,0.962393,0.972887
dmd,256,17,negative-both,vector16store,6,938.333,8.526,2.660746,2.490164,2.738899,2.680952,2.669811,2.824074,1.000000,1.000000,1.000000
dmd,256,17,negative-both,cpp-approved-execution,6,350.000,2.857,7.133333,7.032407,7.342857,1.000000,1.000000,1.000000,2.680952,2.669811,2.824074
dmd,256,17,negative-source,original,6,2499.167,2.734,1.000000,1.000000,1.000000,7.123573,7.000000,7.290476,0.373833,0.363932,0.375834
dmd,256,17,negative-source,selected64,6,966.667,0.862,2.591712,2.573883,2.652850,2.745847,2.719626,2.766667,0.967269,0.963855,0.970537
dmd,256,17,negative-source,vector16store,6,933.333,0.714,2.675000,2.660746,2.747764,2.660348,2.630841,2.668246,1.000000,1.000000,1.000000
dmd,256,17,negative-source,cpp-approved-execution,6,351.667,1.896,7.123573,7.000000,7.290476,1.000000,1.000000,1.000000,2.660348,2.630841,2.668246
dmd,256,17,padded,original,6,2491.667,3.478,1.000000,1.000000,1.000000,7.095012,6.926606,7.308057,0.374790,0.362516,0.407285
dmd,256,17,padded,selected64,6,962.500,8.831,2.586507,2.404459,2.672444,2.748228,2.734597,2.880734,0.969671,0.965398,0.979299
dmd,256,17,padded,vector16store,6,932.500,10.188,2.668161,2.455285,2.758497,2.660325,2.649289,2.821101,1.000000,1.000000,1.000000
dmd,256,17,padded,cpp-approved-execution,6,351.667,4.265,7.095012,6.926606,7.308057,1.000000,1.000000,1.000000,2.660325,2.649289,2.821101
dmd,256,17,repeated-source,original,6,2487.500,1.072,1.000000,1.000000,1.000000,7.025811,7.018779,7.075829,0.374496,0.373244,0.386968
dmd,256,17,repeated-source,selected64,6,960.000,7.292,2.584201,2.433657,2.595486,2.723419,2.704225,2.887850,0.967071,0.941748,0.972222
dmd,256,17,repeated-source,vector16store,6,930.833,4.476,2.670253,2.584192,2.679211,2.638324,2.619718,2.719626,1.000000,1.000000,1.000000
dmd,256,17,repeated-source,cpp-approved-execution,6,353.333,1.415,7.025811,7.018779,7.075829,1.000000,1.000000,1.000000,2.638324,2.619718,2.719626
dmd,256,17,universal,original,6,36263.333,2.054,1.000000,1.000000,1.000000,15.199429,14.736735,15.421089,1.006301,0.996332,1.035274
dmd,256,17,universal,selected64,6,36781.667,5.705,0.981904,0.963102,1.016245,15.416672,14.722449,16.003494,0.995100,0.976774,1.012517
dmd,256,17,universal,vector16store,6,36507.500,4.940,0.993740,0.965928,1.003681,15.301761,14.797279,15.956674,1.000000,1.000000,1.000000
dmd,256,17,universal,cpp-approved-execution,6,2386.667,2.723,15.199429,14.736735,15.421089,1.000000,1.000000,1.000000,15.301761,14.797279,15.956674
dmd,256,128,contiguous,original,6,14356.250,6.008,1.000000,1.000000,1.000000,5.379415,5.056075,5.445498,0.427079,0.426087,0.454209
dmd,256,128,contiguous,selected64,6,6343.750,0.197,2.261811,2.129921,2.266272,2.382629,2.369159,2.402844,0.966502,0.964567,0.968442
dmd,256,128,contiguous,vector16store,6,6131.250,0.204,2.341490,2.201629,2.346939,2.300469,2.294393,2.322275,1.000000,1.000000,1.000000
dmd,256,128,contiguous,cpp-approved-execution,6,2662.500,1.408,5.379415,5.056075,5.445498,1.000000,1.000000,1.000000,2.300469,2.294393,2.322275
dmd,256,128,negative-both,original,6,18006.250,0.139,1.000000,1.000000,1.000000,6.099576,6.046218,6.211207,0.351267,0.350451,0.353718
dmd,256,128,negative-both,selected64,6,6537.500,1.530,2.753346,2.716981,2.760536,2.230368,2.193277,2.262931,0.966508,0.954717,0.973231
dmd,256,128,negative-both,vector16store,6,6325.000,0.791,2.846838,2.827112,2.853465,2.150424,2.126050,2.181034,1.000000,1.000000,1.000000
dmd,256,128,negative-both,cpp-approved-execution,6,2950.000,2.542,6.099576,6.046218,6.211207,1.000000,1.000000,1.000000,2.150424,2.126050,2.181034
dmd,256,128,negative-source,original,6,17987.500,0.139,1.000000,1.000000,1.000000,6.357637,6.311404,6.424107,0.347464,0.346769,0.350243
dmd,256,128,negative-source,selected64,6,6468.750,1.159,2.781646,2.756705,2.788760,2.290755,2.273128,2.325893,0.966286,0.959693,0.969052
dmd,256,128,negative-source,vector16store,6,6250.000,1.000,2.878000,2.855159,2.883768,2.211458,2.198238,2.232143,1.000000,1.000000,1.000000
dmd,256,128,negative-source,cpp-approved-execution,6,2831.250,1.766,6.357637,6.311404,6.424107,1.000000,1.000000,1.000000,2.211458,2.198238,2.232143
dmd,256,128,padded,original,6,17981.250,0.278,1.000000,1.000000,1.000000,6.518100,6.506787,6.540909,0.347237,0.346074,0.349791
dmd,256,128,padded,selected64,6,6475.000,1.158,2.779926,2.754789,2.788760,2.349208,2.334842,2.361991,0.965284,0.957854,0.967245
dmd,256,128,padded,vector16store,6,6243.750,1.001,2.879884,2.858847,2.889558,2.263636,2.257919,2.276018,1.000000,1.000000,1.000000
dmd,256,128,padded,cpp-approved-execution,6,2762.500,0.452,6.518100,6.506787,6.540909,1.000000,1.000000,1.000000,2.263636,2.257919,2.276018
dmd,256,128,repeated-source,original,6,17987.500,0.069,1.000000,1.000000,1.000000,6.538761,6.481982,6.596330,0.346074,0.345619,0.348401
dmd,256,128,repeated-source,selected64,6,6443.750,0.970,2.791467,2.770713,2.797665,2.340937,2.319820,2.380734,0.966122,0.961390,0.966990
dmd,256,128,repeated-source,vector16store,6,6225.000,0.803,2.889558,2.870259,2.893360,2.261400,2.243243,2.298165,1.000000,1.000000,1.000000
dmd,256,128,repeated-source,cpp-approved-execution,6,2750.000,1.818,6.538761,6.481982,6.596330,1.000000,1.000000,1.000000,2.261400,2.243243,2.298165
dmd,256,128,universal,original,6,273943.750,3.577,1.000000,1.000000,1.000000,15.179941,14.727519,15.682197,0.994434,0.974990,1.008034
dmd,256,128,universal,selected64,6,273306.250,2.259,1.005299,0.993473,1.023716,14.989263,14.735632,15.490264,0.999193,0.987071,1.007479
dmd,256,128,universal,vector16store,6,273850.000,1.182,1.005608,0.992030,1.025652,14.976963,14.779581,15.289986,1.000000,1.000000,1.000000
dmd,256,128,universal,cpp-approved-execution,6,18243.750,2.878,15.179941,14.727519,15.682197,1.000000,1.000000,1.000000,14.976963,14.779581,15.289986
dmd,257,1,contiguous,original,6,156.127,2.512,1.000000,1.000000,1.000000,7.098214,6.982456,7.272321,0.636278,0.621240,0.643620
dmd,257,1,contiguous,selected64,6,101.275,4.163,1.542110,1.480000,1.573913,4.611607,4.526316,4.799107,0.978703,0.952558,0.982575
dmd,257,1,contiguous,vector16store,6,99.265,1.284,1.571640,1.553711,1.609684,4.515625,4.442982,4.571429,1.000000,1.000000,1.000000
dmd,257,1,contiguous,cpp-approved-execution,6,21.961,1.786,7.098214,6.982456,7.272321,1.000000,1.000000,1.000000,4.515625,4.442982,4.571429
dmd,257,1,negative-both,original,6,156.471,1.065,1.000000,1.000000,1.000000,7.041938,7.017621,7.083700,0.635111,0.628109,0.643440
dmd,257,1,negative-both,selected64,6,101.569,1.062,1.539055,1.522945,1.552124,4.570485,4.559471,4.607930,0.976867,0.974903,0.981643
dmd,257,1,negative-both,vector16store,6,99.363,1.480,1.574529,1.554146,1.592079,4.472408,4.449339,4.515419,1.000000,1.000000,1.000000
dmd,257,1,negative-both,cpp-approved-execution,6,22.255,0.441,7.041938,7.017621,7.083700,1.000000,1.000000,1.000000,4.472408,4.449339,4.515419
dmd,257,1,negative-source,original,6,156.225,5.460,1.000000,1.000000,1.000000,7.042035,7.013216,7.387665,0.633197,0.601670,0.635849
dmd,257,1,negative-source,selected64,6,101.618,0.482,1.537386,1.535645,1.617165,4.576157,4.563877,4.592920,0.973939,0.972062,0.977756
dmd,257,1,negative-source,vector16store,6,98.971,0.198,1.579286,1.572700,1.662042,4.456970,4.444934,4.473451,1.000000,1.000000,1.000000
dmd,257,1,negative-source,cpp-approved-execution,6,22.206,0.442,7.042035,7.013216,7.387665,1.000000,1.000000,1.000000,4.456970,4.444934,4.473451
dmd,257,1,padded,original,6,156.127,0.502,1.000000,1.000000,1.000000,7.019824,7.008811,7.039648,0.632967,0.632040,0.635678
dmd,257,1,padded,selected64,6,101.667,0.386,1.535938,1.528846,1.542471,4.568282,4.563877,4.601770,0.972517,0.971154,0.974903
dmd,257,1,padded,vector16store,6,98.971,0.495,1.579861,1.573123,1.582178,4.447137,4.436123,4.469027,1.000000,1.000000,1.000000
dmd,257,1,padded,cpp-approved-execution,6,22.255,0.441,7.019824,7.008811,7.039648,1.000000,1.000000,1.000000,4.447137,4.436123,4.469027
dmd,257,1,repeated-source,original,6,156.078,0.754,1.000000,1.000000,1.000000,7.028634,6.995595,7.048458,0.633795,0.631250,0.637909
dmd,257,1,repeated-source,selected64,6,101.961,1.731,1.532048,1.516588,1.535062,4.581498,4.568282,4.647577,0.970701,0.957346,0.976856
dmd,257,1,repeated-source,vector16store,6,99.020,0.495,1.577802,1.567621,1.584158,4.449339,4.440529,4.473451,1.000000,1.000000,1.000000
dmd,257,1,repeated-source,cpp-approved-execution,6,22.255,0.441,7.028634,6.995595,7.048458,1.000000,1.000000,1.000000,4.449339,4.440529,4.473451
dmd,257,1,universal,original,6,2267.353,1.868,1.000000,1.000000,1.000000,15.815342,14.534548,16.029472,1.015567,0.997580,1.024154
dmd,257,1,universal,selected64,6,2270.588,3.433,0.997194,0.985614,1.004170,15.774600,14.631281,16.262509,1.008103,0.990984,1.025110
dmd,257,1,universal,vector16store,6,2293.529,3.672,0.984699,0.976416,1.002426,16.028651,14.499372,16.372858,1.000000,1.000000,1.000000
dmd,257,1,universal,cpp-approved-execution,6,143.088,9.181,15.815342,14.534548,16.029472,1.000000,1.000000,1.000000,16.028651,14.499372,16.372858
dmd,257,17,contiguous,original,6,1937.500,0.516,1.000000,1.000000,1.000000,5.509479,5.485849,5.586538,0.447028,0.445017,0.448751
dmd,257,17,contiguous,selected64,6,895.000,0.931,2.165733,2.155844,2.177903,2.545024,2.518868,2.591346,0.968228,0.964618,0.970260
dmd,257,17,contiguous,vector16store,6,865.000,0.771,2.236999,2.228407,2.247104,2.462085,2.443396,2.500000,1.000000,1.000000,1.000000
dmd,257,17,contiguous,cpp-approved-execution,6,351.667,1.896,5.509479,5.485849,5.586538,1.000000,1.000000,1.000000,2.462085,2.443396,2.500000
dmd,257,17,negative-both,original,6,2505.833,0.665,1.000000,1.000000,1.000000,6.988361,6.894495,7.075117,0.378450,0.376908,0.379907
dmd,257,17,negative-both,selected64,6,975.833,0.683,2.567153,2.560477,2.583190,2.724940,2.692661,2.746479,0.971841,0.969283,0.977702
dmd,257,17,negative-both,vector16store,6,946.667,0.528,2.642355,2.632224,2.653169,2.648033,2.617512,2.676056,1.000000,1.000000,1.000000
dmd,257,17,negative-both,cpp-approved-execution,6,357.500,2.331,6.988361,6.894495,7.075117,1.000000,1.000000,1.000000,2.648033,2.617512,2.676056
dmd,257,17,negative-source,original,6,2503.333,34.621,1.000000,1.000000,1.000000,6.955814,6.871560,9.285714,0.376880,0.281390,0.379038
dmd,257,17,negative-source,selected64,6,974.167,1.198,2.574717,2.555556,3.444444,2.703740,2.669725,2.720930,0.970036,0.964103,0.976231
dmd,257,17,negative-source,vector16store,6,944.167,1.942,2.653369,2.638261,3.553792,2.624413,2.587156,2.637209,1.000000,1.000000,1.000000
dmd,257,17,negative-source,cpp-approved-execution,6,360.000,1.852,6.955814,6.871560,9.285714,1.000000,1.000000,1.000000,2.624413,2.587156,2.637209
dmd,257,17,padded,original,6,2500.000,0.733,1.000000,1.000000,1.000000,7.030374,6.990654,7.051887,0.376797,0.375665,0.378738
dmd,257,17,padded,selected64,6,972.500,0.857,2.569353,2.564322,2.578767,2.735356,2.714953,2.750000,0.969959,0.964164,0.972696
dmd,257,17,padded,vector16store,6,941.667,1.239,2.653950,2.640351,2.661947,2.648721,2.635514,2.663551,1.000000,1.000000,1.000000
dmd,257,17,padded,cpp-approved-execution,6,356.667,0.935,7.030374,6.990654,7.051887,1.000000,1.000000,1.000000,2.648721,2.635514,2.663551
dmd,257,17,repeated-source,original,6,2502.500,3.130,1.000000,1.000000,1.000000,7.018779,6.981308,7.162791,0.376459,0.369481,0.399077
dmd,257,17,repeated-source,selected64,6,974.167,7.699,2.567392,2.425600,2.574359,2.737714,2.714953,2.880184,0.968483,0.940496,0.970740
dmd,257,17,repeated-source,vector16store,6,942.500,7.604,2.656334,2.505785,2.706503,2.642505,2.635514,2.788018,1.000000,1.000000,1.000000
dmd,257,17,repeated-source,cpp-approved-execution,6,356.667,1.869,7.018779,6.981308,7.162791,1.000000,1.000000,1.000000,2.642505,2.635514,2.788018
dmd,257,17,universal,original,6,36848.333,3.180,1.000000,1.000000,1.000000,14.948692,14.747967,15.121803,1.004407,0.991338,1.045792
dmd,257,17,universal,selected64,6,36780.000,2.628,0.999540,0.992885,1.006561,14.926631,14.802846,15.093540,1.000035,0.991454,1.047751
dmd,257,17,universal,vector16store,6,36583.333,7.590,0.995614,0.956213,1.008738,14.861830,14.792683,15.814266,1.000000,1.000000,1.000000
dmd,257,17,universal,cpp-approved-execution,6,2460.833,0.813,14.948692,14.747967,15.121803,1.000000,1.000000,1.000000,14.861830,14.792683,15.814266
dmd,257,128,contiguous,original,6,14550.000,6.959,1.000000,1.000000,1.000000,5.449662,5.065421,5.495283,0.427222,0.426850,0.458487
dmd,257,128,contiguous,selected64,6,6418.750,0.974,2.267771,2.108949,2.273973,2.401869,2.397196,2.433962,0.968841,0.965116,0.970703
dmd,257,128,contiguous,vector16store,6,6212.500,0.402,2.340705,2.181087,2.342742,2.327871,2.322430,2.349057,1.000000,1.000000,1.000000
dmd,257,128,contiguous,cpp-approved-execution,6,2668.750,0.937,5.449662,5.065421,5.495283,1.000000,1.000000,1.000000,2.327871,2.322430,2.349057
dmd,257,128,negative-both,original,6,18075.000,0.346,1.000000,1.000000,1.000000,6.362644,6.318777,6.422222,0.350969,0.350345,0.352249
dmd,257,128,negative-both,selected64,6,6556.250,1.335,2.756916,2.731569,2.777778,2.314273,2.288210,2.333333,0.967557,0.960302,0.973180
dmd,257,128,negative-both,vector16store,6,6350.000,0.394,2.849266,2.838900,2.854331,2.230775,2.213974,2.257778,1.000000,1.000000,1.000000
dmd,257,128,negative-both,cpp-approved-execution,6,2843.750,1.758,6.362644,6.318777,6.422222,1.000000,1.000000,1.000000,2.230775,2.213974,2.257778
dmd,257,128,negative-source,original,6,18062.500,0.208,1.000000,1.000000,1.000000,6.477578,6.450893,6.542986,0.349585,0.348548,0.350865
dmd,257,128,negative-source,selected64,6,6531.250,0.957,2.764597,2.752381,2.782692,2.343046,2.339286,2.357466,0.967433,0.961832,0.971154
dmd,257,128,negative-source,vector16store,6,6318.750,0.593,2.860539,2.850099,2.869048,2.269058,2.250000,2.280543,1.000000,1.000000,1.000000
dmd,257,128,negative-source,cpp-approved-execution,6,2787.500,1.345,6.477578,6.450893,6.542986,1.000000,1.000000,1.000000,2.269058,2.250000,2.280543
dmd,257,128,padded,original,6,18050.000,0.139,1.000000,1.000000,1.000000,6.608730,6.568182,6.628440,0.347871,0.347405,0.349723
dmd,257,128,padded,selected64,6,6506.250,0.961,2.776179,2.753817,2.782274,2.383028,2.368182,2.394495,0.966348,0.959924,0.967433
dmd,257,128,padded,vector16store,6,6281.250,0.597,2.874629,2.859406,2.878486,2.299778,2.286364,2.316514,1.000000,1.000000,1.000000
dmd,257,128,padded,cpp-approved-execution,6,2731.250,0.915,6.608730,6.568182,6.628440,1.000000,1.000000,1.000000,2.299778,2.286364,2.316514
dmd,257,128,repeated-source,original,6,18062.500,0.484,1.000000,1.000000,1.000000,6.658986,6.593607,6.689815,0.347405,0.346657,0.351108
dmd,257,128,repeated-source,selected64,6,6493.750,1.155,2.781523,2.757634,2.795761,2.394009,2.378995,2.414747,0.968178,0.961832,0.973129
dmd,257,128,repeated-source,vector16store,6,6281.250,0.995,2.878486,2.848126,2.884692,2.316520,2.313364,2.324074,1.000000,1.000000,1.000000
dmd,257,128,repeated-source,cpp-approved-execution,6,2712.500,1.382,6.658986,6.593607,6.689815,1.000000,1.000000,1.000000,2.316520,2.313364,2.324074
dmd,257,128,universal,original,6,274318.750,2.524,1.000000,1.000000,1.000000,14.893447,14.789723,15.226069,1.002713,0.996866,1.012866
dmd,257,128,universal,selected64,6,275775.000,3.885,0.994729,0.983425,0.998319,14.972528,14.840433,15.482688,0.997034,0.982636,1.010009
dmd,257,128,universal,vector16store,6,275300.000,2.202,0.997294,0.987298,1.003144,14.946724,14.824206,15.213849,1.000000,1.000000,1.000000
dmd,257,128,universal,cpp-approved-execution,6,18418.750,0.407,14.893447,14.789723,15.226069,1.000000,1.000000,1.000000,14.946724,14.824206,15.213849
dmd,511,1,contiguous,original,6,259.454,1.803,1.000000,1.000000,1.000000,6.129032,6.100917,6.230415,0.574492,0.573034,0.609467
dmd,511,1,contiguous,selected64,6,151.559,1.672,1.711552,1.704750,1.718147,3.582949,3.564220,3.640553,0.982637,0.979461,1.043038
dmd,511,1,contiguous,vector16store,6,148.928,7.984,1.740668,1.640777,1.745098,3.518433,3.504587,3.797235,1.000000,1.000000,1.000000
dmd,511,1,contiguous,cpp-approved-execution,6,42.300,0.461,6.129032,6.100917,6.230415,1.000000,1.000000,1.000000,3.518433,3.504587,3.797235
dmd,511,1,negative-both,original,6,259.552,3.305,1.000000,1.000000,1.000000,6.133030,6.124424,6.356481,0.574220,0.557902,0.575621
dmd,511,1,negative-both,selected64,6,151.559,0.900,1.714102,1.710425,1.753512,3.580645,3.561644,3.625000,0.983923,0.978289,0.985897
dmd,511,1,negative-both,vector16store,6,149.220,0.784,1.741494,1.737255,1.792428,3.525346,3.511416,3.546296,1.000000,1.000000,1.000000
dmd,511,1,negative-both,cpp-approved-execution,6,42.300,1.382,6.133030,6.124424,6.356481,1.000000,1.000000,1.000000,3.525346,3.511416,3.546296
dmd,511,1,negative-source,original,6,260.136,3.297,1.000000,1.000000,1.000000,6.163957,6.124424,6.356481,0.572876,0.557749,0.574868
dmd,511,1,negative-source,selected64,6,151.462,0.386,1.717503,1.710425,1.760618,3.580645,3.564220,3.611111,0.983269,0.981982,0.989744
dmd,511,1,negative-source,vector16store,6,148.928,1.178,1.745581,1.739529,1.792923,3.525346,3.500000,3.574074,1.000000,1.000000,1.000000
dmd,511,1,negative-source,cpp-approved-execution,6,42.300,0.922,6.163957,6.124424,6.356481,1.000000,1.000000,1.000000,3.525346,3.500000,3.574074
dmd,511,1,padded,original,6,260.331,3.145,1.000000,1.000000,1.000000,6.154378,6.050000,6.327189,0.571322,0.555717,0.574005
dmd,511,1,padded,selected64,6,151.462,0.257,1.717686,1.710797,1.767053,3.580645,3.536364,3.585253,0.981982,0.980720,0.984536
dmd,511,1,padded,vector16store,6,148.733,0.131,1.750328,1.742147,1.799476,3.516129,3.472727,3.520737,1.000000,1.000000,1.000000
dmd,511,1,padded,cpp-approved-execution,6,42.300,1.382,6.154378,6.050000,6.327189,1.000000,1.000000,1.000000,3.516129,3.472727,3.520737
dmd,511,1,repeated-source,original,6,259.747,0.675,1.000000,1.000000,1.000000,6.157034,6.133641,6.194444,0.574005,0.571429,0.575712
dmd,511,1,repeated-source,selected64,6,151.462,0.386,1.712999,1.710425,1.724227,3.586619,3.580645,3.606481,0.983269,0.981982,0.985879
dmd,511,1,repeated-source,vector16store,6,148.928,0.654,1.742147,1.736979,1.750000,3.526572,3.520737,3.555556,1.000000,1.000000,1.000000
dmd,511,1,repeated-source,cpp-approved-execution,6,42.203,0.462,6.157034,6.133641,6.194444,1.000000,1.000000,1.000000,3.526572,3.520737,3.555556
dmd,511,1,universal,original,6,4367.154,4.307,1.000000,1.000000,1.000000,15.339627,15.255305,15.926712,1.002497,0.969380,1.005775
dmd,511,1,universal,selected64,6,4401.462,4.309,0.994670,0.980348,1.011440,15.460113,15.285421,15.951403,0.993250,0.956318,1.004612
dmd,511,1,universal,vector16store,6,4376.316,1.185,0.997510,0.994258,1.031587,15.366530,15.254620,15.447260,1.000000,1.000000,1.000000
dmd,511,1,universal,cpp-approved-execution,6,284.795,0.068,15.339627,15.255305,15.926712,1.000000,1.000000,1.000000,15.366530,15.254620,15.447260
dmd,511,17,contiguous,original,6,3760.000,1.950,1.000000,1.000000,1.000000,5.198157,5.146119,5.334884,0.461846,0.453833,0.464064
dmd,511,17,contiguous,selected64,6,1765.000,0.567,2.130435,2.118421,2.170132,2.437788,2.404545,2.469767,0.984877,0.982987,0.984934
dmd,511,17,contiguous,vector16store,6,1738.333,0.575,2.165230,2.154876,2.203455,2.398618,2.368182,2.432558,1.000000,1.000000,1.000000
dmd,511,17,contiguous,cpp-approved-execution,6,723.333,2.304,5.198157,5.146119,5.334884,1.000000,1.000000,1.000000,2.398618,2.368182,2.432558
dmd,511,17,negative-both,original,6,4953.333,0.404,1.000000,1.000000,1.000000,6.341171,6.314894,6.360515,0.371045,0.369448,0.376851
dmd,511,17,negative-both,selected64,6,1863.333,1.968,2.661289,2.616197,2.663082,2.386752,2.378723,2.417021,0.985802,0.983871,0.989286
dmd,511,17,negative-both,vector16store,6,1836.667,1.996,2.695100,2.653571,2.706740,2.356074,2.344681,2.382979,1.000000,1.000000,1.000000
dmd,511,17,negative-both,cpp-approved-execution,6,781.667,0.853,6.341171,6.314894,6.360515,1.000000,1.000000,1.000000,2.356074,2.344681,2.382979
dmd,511,17,negative-source,original,6,4946.667,0.337,1.000000,1.000000,1.000000,6.473951,6.396552,6.546256,0.370321,0.368102,0.371371
dmd,511,17,negative-source,selected64,6,1853.333,0.719,2.666367,2.644643,2.672662,2.436690,2.413793,2.449339,0.984770,0.982143,0.987410
dmd,511,17,negative-source,vector16store,6,1830.000,0.729,2.700364,2.692727,2.716636,2.397407,2.375000,2.409692,1.000000,1.000000,1.000000
dmd,511,17,negative-source,cpp-approved-execution,6,763.333,2.183,6.473951,6.396552,6.546256,1.000000,1.000000,1.000000,2.397407,2.375000,2.409692
dmd,511,17,padded,original,6,4936.667,0.203,1.000000,1.000000,1.000000,6.688517,6.607143,6.727273,0.368457,0.367746,0.382333
dmd,511,17,padded,selected64,6,1850.000,5.225,2.667578,2.552496,2.681159,2.501141,2.482143,2.628959,0.983755,0.975904,0.987319
dmd,511,17,padded,vector16store,6,1818.333,4.033,2.714025,2.615520,2.719266,2.460509,2.437500,2.565611,1.000000,1.000000,1.000000
dmd,511,17,padded,cpp-approved-execution,6,738.333,1.806,6.688517,6.607143,6.727273,1.000000,1.000000,1.000000,2.460509,2.437500,2.565611
dmd,511,17,repeated-source,original,6,4928.333,0.135,1.000000,1.000000,1.000000,6.811060,6.722727,6.815668,0.367816,0.367388,0.368492
dmd,511,17,repeated-source,selected64,6,1843.333,0.362,2.673599,2.669675,2.679348,2.548387,2.509091,2.552995,0.983710,0.981917,0.985533
dmd,511,17,repeated-source,vector16store,6,1813.333,0.368,2.718750,2.713761,2.721915,2.504608,2.472727,2.511521,1.000000,1.000000,1.000000
dmd,511,17,repeated-source,cpp-approved-execution,6,723.333,1.382,6.811060,6.722727,6.815668,1.000000,1.000000,1.000000,2.504608,2.472727,2.511521
dmd,511,17,universal,original,6,72763.333,3.830,1.000000,1.000000,1.000000,15.059549,14.880442,15.458189,0.998037,0.977736,1.007453
dmd,511,17,universal,selected64,6,72545.000,2.008,0.999192,0.987295,1.033928,15.014484,14.950933,15.242403,0.997675,0.982103,1.010909
dmd,511,17,universal,vector16store,6,72400.000,1.183,1.001977,0.992602,1.022771,15.000000,14.956492,15.114029,1.000000,1.000000,1.000000
dmd,511,17,universal,cpp-approved-execution,6,4826.667,0.276,15.059549,14.880442,15.458189,1.000000,1.000000,1.000000,15.000000,14.956492,15.114029
dmd,511,128,contiguous,original,6,28106.250,32.110,1.000000,1.000000,1.000000,5.333397,5.269504,6.985782,0.455443,0.344301,0.517060
dmd,511,128,contiguous,selected64,6,12875.000,0.485,2.184061,2.156825,2.864917,2.439719,2.432624,2.447867,0.985430,0.983543,1.143133
dmd,511,128,contiguous,vector16store,6,12687.500,16.552,2.195663,1.934010,2.904433,2.406398,2.399527,2.787736,1.000000,1.000000,1.000000
dmd,511,128,contiguous,cpp-approved-execution,6,5275.000,0.711,5.333397,5.269504,6.985782,1.000000,1.000000,1.000000,2.406398,2.399527,2.787736
dmd,511,128,negative-both,original,6,36381.250,0.378,1.000000,1.000000,1.000000,5.937813,5.900810,5.981481,0.353498,0.352296,0.357461
dmd,511,128,negative-both,selected64,6,13137.500,1.903,2.768332,2.737089,2.787011,2.146241,2.132383,2.166324,0.980430,0.975332,0.984689
dmd,511,128,negative-both,vector16store,6,12856.250,1.556,2.828879,2.797505,2.838521,2.101595,2.089431,2.131417,1.000000,1.000000,1.000000
dmd,511,128,negative-both,cpp-approved-execution,6,6131.250,1.631,5.937813,5.900810,5.981481,1.000000,1.000000,1.000000,2.101595,2.089431,2.131417
dmd,511,128,negative-source,original,6,36362.500,0.309,1.000000,1.000000,1.000000,6.078371,6.054167,6.119748,0.352921,0.352030,0.354717
dmd,511,128,negative-source,selected64,6,13068.750,0.574,2.781653,2.775549,2.793666,2.186002,2.175365,2.197479,0.982792,0.978947,0.986641
dmd,511,128,negative-source,vector16store,6,12837.500,1.071,2.833496,2.819149,2.840665,2.148385,2.131250,2.163180,1.000000,1.000000,1.000000
dmd,511,128,negative-source,cpp-approved-execution,6,5981.250,0.836,6.078371,6.054167,6.119748,1.000000,1.000000,1.000000,2.148385,2.131250,2.163180
dmd,511,128,padded,original,6,36300.000,6.061,1.000000,1.000000,1.000000,6.575792,6.550790,6.916854,0.351826,0.331059,0.352496
dmd,511,128,padded,selected64,6,13000.000,12.404,2.792309,2.495712,2.965318,2.355611,2.332584,2.638009,0.982667,0.874786,0.984571
dmd,511,128,padded,vector16store,6,12762.500,0.490,2.842311,2.836914,3.020608,2.308824,2.289888,2.321995,1.000000,1.000000,1.000000
dmd,511,128,padded,cpp-approved-execution,6,5525.000,0.905,6.575792,6.550790,6.916854,1.000000,1.000000,1.000000,2.308824,2.289888,2.321995
dmd,511,128,repeated-source,original,6,36300.000,7.094,1.000000,1.000000,1.000000,6.552286,6.519101,6.948546,0.351258,0.328075,0.394012
dmd,511,128,repeated-source,selected64,6,12950.000,2.606,2.805613,2.736792,2.995178,2.334086,2.319911,2.382022,0.985495,0.982642,1.108422
dmd,511,128,repeated-source,vector16store,6,12787.500,12.414,2.846911,2.537991,3.048086,2.299208,2.279642,2.584650,1.000000,1.000000,1.000000
dmd,511,128,repeated-source,cpp-approved-execution,6,5556.250,0.900,6.552286,6.519101,6.948546,1.000000,1.000000,1.000000,2.299208,2.279642,2.584650
dmd,511,128,universal,original,6,546500.000,2.235,1.000000,1.000000,1.000000,15.075862,14.950673,15.250860,1.003490,1.000500,1.022940
dmd,511,128,universal,selected64,6,545543.750,1.354,1.001057,0.992035,1.012483,15.052081,14.999310,15.171714,1.008101,0.995422,1.027454
dmd,511,128,universal,vector16store,6,549275.000,3.914,0.996522,0.977575,0.999501,15.152414,14.983448,15.576552,1.000000,1.000000,1.000000
dmd,511,128,universal,cpp-approved-execution,6,36250.000,0.241,15.075862,14.950673,15.250860,1.000000,1.000000,1.000000,15.152414,14.983448,15.576552
dmd,512,1,contiguous,original,6,268.848,2.179,1.000000,1.000000,1.000000,6.747549,5.951542,6.769608,0.536869,0.535119,0.549963
dmd,512,1,contiguous,selected64,6,146.875,1.463,1.830565,1.772966,1.838881,3.681373,3.356828,3.691176,0.982049,0.975066,0.984043
dmd,512,1,contiguous,vector16store,6,144.336,0.677,1.862655,1.818304,1.868742,3.620098,3.273128,3.627451,1.000000,1.000000,1.000000
dmd,512,1,contiguous,cpp-approved-execution,6,39.844,11.275,6.747549,5.951542,6.769608,1.000000,1.000000,1.000000,3.620098,3.273128,3.627451
dmd,512,1,negative-both,original,6,260.059,3.305,1.000000,1.000000,1.000000,6.559113,6.524510,6.768473,0.555180,0.537118,0.556306
dmd,512,1,negative-both,selected64,6,146.777,18.629,1.771790,1.497753,1.829561,3.701970,3.681373,4.384236,0.983356,0.831461,0.985372
dmd,512,1,negative-both,vector16store,6,144.336,0.406,1.801217,1.797571,1.861789,3.637931,3.622549,3.650246,1.000000,1.000000,1.000000
dmd,512,1,negative-both,cpp-approved-execution,6,39.648,0.493,6.559113,6.524510,6.768473,1.000000,1.000000,1.000000,3.637931,3.622549,3.650246
dmd,512,1,negative-source,original,6,259.961,3.381,1.000000,1.000000,1.000000,6.538117,6.492683,6.740196,0.555973,0.537455,0.556391
dmd,512,1,negative-source,selected64,6,146.680,0.399,1.771638,1.765252,1.830892,3.688725,3.663415,3.704433,0.984032,0.981432,0.985353
dmd,512,1,negative-source,vector16store,6,144.531,0.270,1.798649,1.797297,1.860622,3.627451,3.609756,3.645320,1.000000,1.000000,1.000000
dmd,512,1,negative-source,cpp-approved-execution,6,39.844,0.980,6.538117,6.492683,6.740196,1.000000,1.000000,1.000000,3.627451,3.609756,3.645320
dmd,512,1,padded,original,6,263.672,11.333,1.000000,1.000000,1.000000,6.519765,5.385455,6.773399,0.556015,0.538182,0.571911
dmd,512,1,padded,selected64,6,147.168,15.395,1.769795,1.708189,1.830892,3.691217,3.152727,3.729064,0.981443,0.976932,0.985353
dmd,512,1,padded,vector16store,6,144.531,14.595,1.798513,1.748524,1.858108,3.625075,3.080000,3.650246,1.000000,1.000000,1.000000
dmd,512,1,padded,cpp-approved-execution,6,39.844,35.294,6.519765,5.385455,6.773399,1.000000,1.000000,1.000000,3.625075,3.080000,3.650246
dmd,512,1,repeated-source,original,6,259.863,0.376,1.000000,1.000000,1.000000,6.456311,6.429952,6.470874,0.555597,0.553638,0.557982
dmd,512,1,repeated-source,selected64,6,146.875,0.266,1.769128,1.766268,1.772606,3.648058,3.632850,3.655340,0.982713,0.981383,0.986684
dmd,512,1,repeated-source,vector16store,6,144.434,0.406,1.799866,1.792173,1.806233,3.584951,3.574879,3.597087,1.000000,1.000000,1.000000
dmd,512,1,repeated-source,cpp-approved-execution,6,40.234,0.485,6.456311,6.429952,6.470874,1.000000,1.000000,1.000000,3.584951,3.574879,3.597087
dmd,512,1,universal,original,6,4385.742,4.925,1.000000,1.000000,1.000000,15.364335,15.209302,15.943989,0.995607,0.990525,1.005469
dmd,512,1,universal,selected64,6,4389.648,4.316,0.996254,0.965848,1.002045,15.378035,15.325120,15.962380,0.992166,0.961692,1.001787
dmd,512,1,universal,vector16store,6,4381.250,4.494,1.004412,0.994561,1.009565,15.347811,15.169747,15.827186,1.000000,1.000000,1.000000
dmd,512,1,universal,cpp-approved-execution,6,285.547,0.205,15.364335,15.209302,15.943989,1.000000,1.000000,1.000000,15.347811,15.169747,15.827186
dmd,512,17,contiguous,original,6,3800.000,5.877,1.000000,1.000000,1.000000,5.255585,5.199074,5.360360,0.435824,0.421008,0.443455
dmd,512,17,contiguous,selected64,6,1683.333,0.990,2.256158,2.223762,2.333333,2.332576,2.297297,2.337963,0.984174,0.982178,0.986139
dmd,512,17,contiguous,vector16store,6,1660.000,1.004,2.294723,2.255020,2.375250,2.293309,2.256757,2.305556,1.000000,1.000000,1.000000
dmd,512,17,contiguous,cpp-approved-execution,6,721.667,2.771,5.255585,5.199074,5.360360,1.000000,1.000000,1.000000,2.293309,2.256757,2.305556
dmd,512,17,negative-both,original,6,4956.667,0.202,1.000000,1.000000,1.000000,6.230126,6.191667,6.252101,0.355630,0.354600,0.359354
dmd,512,17,negative-both,selected64,6,1796.667,1.113,2.759740,2.736648,2.772812,2.255766,2.245833,2.281513,0.983240,0.976059,0.988889
dmd,512,17,negative-both,vector16store,6,1763.333,1.134,2.811914,2.782772,2.820076,2.218030,2.200000,2.234310,1.000000,1.000000,1.000000
dmd,512,17,negative-both,cpp-approved-execution,6,796.667,0.837,6.230126,6.191667,6.252101,1.000000,1.000000,1.000000,2.218030,2.200000,2.234310
dmd,512,17,negative-source,original,6,4956.667,0.202,1.000000,1.000000,1.000000,6.573009,6.456522,6.579646,0.353298,0.352387,0.363208
dmd,512,17,negative-source,selected64,6,1781.667,3.181,2.780169,2.703097,2.795113,2.365044,2.321739,2.429204,0.983374,0.979439,0.985102
dmd,512,17,negative-source,vector16store,6,1750.000,2.857,2.830490,2.753247,2.837786,2.318584,2.286957,2.384956,1.000000,1.000000,1.000000
dmd,512,17,negative-source,cpp-approved-execution,6,753.333,1.770,6.573009,6.456522,6.579646,1.000000,1.000000,1.000000,2.318584,2.286957,2.384956
dmd,512,17,padded,original,6,4943.333,0.270,1.000000,1.000000,1.000000,6.761074,6.675676,6.802752,0.350960,0.349966,0.351552
dmd,512,17,padded,selected64,6,1763.333,2.268,2.803588,2.755102,2.814042,2.419725,2.382883,2.438914,0.983903,0.968460,0.986742
dmd,512,17,padded,vector16store,6,1735.000,0.576,2.849333,2.844530,2.857418,2.371362,2.337838,2.389908,1.000000,1.000000,1.000000
dmd,512,17,padded,cpp-approved-execution,6,731.667,1.822,6.761074,6.675676,6.802752,1.000000,1.000000,1.000000,2.371362,2.337838,2.389908
dmd,512,17,repeated-source,original,6,4941.667,0.877,1.000000,1.000000,1.000000,6.879393,6.798165,6.916667,0.350202,0.347390,0.351752
dmd,512,17,repeated-source,selected64,6,1761.667,1.514,2.806818,2.773832,2.824197,2.449074,2.422018,2.488372,0.982955,0.975701,0.984820
dmd,512,17,repeated-source,vector16store,6,1730.000,0.578,2.855491,2.842912,2.878613,2.405093,2.380734,2.427907,1.000000,1.000000,1.000000
dmd,512,17,repeated-source,cpp-approved-execution,6,720.000,1.389,6.879393,6.798165,6.916667,1.000000,1.000000,1.000000,2.405093,2.380734,2.427907
dmd,512,17,universal,original,6,73505.000,3.700,1.000000,1.000000,1.000000,15.236623,14.968276,15.541753,0.996212,0.990764,1.005603
dmd,512,17,universal,selected64,6,73456.667,3.549,1.004062,0.987428,1.016842,15.203201,14.844460,15.467820,0.999627,0.985101,1.015114
dmd,512,17,universal,vector16store,6,73118.333,2.831,1.003804,0.994428,1.009322,15.133147,14.959310,15.398206,1.000000,1.000000,1.000000
dmd,512,17,universal,cpp-approved-execution,6,4831.667,0.552,15.236623,14.968276,15.541753,1.000000,1.000000,1.000000,15.133147,14.959310,15.398206
dmd,512,128,contiguous,original,6,28506.250,15.348,1.000000,1.000000,1.000000,5.370637,5.235849,6.075650,0.421618,0.373541,0.432432
dmd,512,128,contiguous,selected64,6,12212.500,0.512,2.332651,2.265306,2.635897,2.306147,2.295775,2.311321,0.984136,0.979592,0.985656
dmd,512,128,contiguous,vector16store,6,12006.250,0.312,2.371815,2.312500,2.677083,2.266827,2.255869,2.274232,1.000000,1.000000,1.000000
dmd,512,128,contiguous,cpp-approved-execution,6,5300.000,0.708,5.370637,5.235849,6.075650,1.000000,1.000000,1.000000,2.266827,2.255869,2.274232
dmd,512,128,negative-both,original,6,36612.500,12.974,1.000000,1.000000,1.000000,6.134454,6.051653,6.899371,0.335622,0.297478,0.341807
dmd,512,128,negative-both,selected64,6,12481.250,1.903,2.925864,2.876482,3.297595,2.096639,2.083507,2.121593,0.981972,0.980943,0.984252
dmd,512,128,negative-both,vector16store,6,12256.250,2.244,2.979623,2.925628,3.361593,2.058824,2.043841,2.085954,1.000000,1.000000,1.000000
dmd,512,128,negative-both,cpp-approved-execution,6,5962.500,1.677,6.134454,6.051653,6.899371,1.000000,1.000000,1.000000,2.058824,2.043841,2.085954
dmd,512,128,negative-source,original,6,36650.000,41.951,1.000000,1.000000,1.000000,6.307132,6.147368,8.862955,0.334024,0.237497,0.338014
dmd,512,128,negative-source,selected64,6,12481.250,1.903,2.933809,2.893954,4.139000,2.138260,2.124211,2.162690,0.980973,0.978196,0.987879
dmd,512,128,negative-source,vector16store,6,12243.750,1.225,2.993836,2.958460,4.210580,2.101713,2.077895,2.123644,1.000000,1.000000,1.000000
dmd,512,128,negative-source,cpp-approved-execution,6,5831.250,3.001,6.307132,6.147368,8.862955,1.000000,1.000000,1.000000,2.101713,2.077895,2.123644
dmd,512,128,padded,original,6,36468.750,8.466,1.000000,1.000000,1.000000,6.776995,6.749420,7.351981,0.331848,0.306912,0.333792
dmd,512,128,padded,selected64,6,12331.250,1.318,2.956908,2.916834,3.198783,2.296859,2.285383,2.320930,0.981237,0.970942,0.983756
dmd,512,128,padded,vector16store,6,12106.250,0.516,3.013430,2.995881,3.258264,2.253194,2.246512,2.259346,1.000000,1.000000,1.000000
dmd,512,128,padded,cpp-approved-execution,6,5375.000,0.698,6.776995,6.749420,7.351981,1.000000,1.000000,1.000000,2.253194,2.246512,2.259346
dmd,512,128,repeated-source,original,6,36350.000,0.653,1.000000,1.000000,1.000000,6.747100,6.724537,6.784223,0.332416,0.329685,0.333448
dmd,512,128,repeated-source,selected64,6,12293.750,0.610,2.959291,2.947262,2.974568,2.279906,2.270833,2.287703,0.982750,0.980671,0.985729
dmd,512,128,repeated-source,vector16store,6,12081.250,0.517,3.008281,2.998968,3.033195,2.241306,2.236111,2.248260,1.000000,1.000000,1.000000
dmd,512,128,repeated-source,cpp-approved-execution,6,5387.500,0.464,6.747100,6.724537,6.784223,1.000000,1.000000,1.000000,2.241306,2.236111,2.248260
dmd,512,128,universal,original,6,551656.250,2.123,1.000000,1.000000,1.000000,14.997399,14.356956,15.289165,1.003030,0.990583,1.011849
dmd,512,128,universal,selected64,6,550687.500,3.053,0.999773,0.991642,1.002120,15.000880,14.326584,15.367515,0.999389,0.992683,1.013358
dmd,512,128,universal,vector16store,6,551300.000,2.916,0.996980,0.988290,1.009507,15.014815,14.221750,15.470324,1.000000,1.000000,1.000000
dmd,512,128,universal,cpp-approved-execution,6,36381.250,5.635,14.997399,14.356956,15.289165,1.000000,1.000000,1.000000,15.014815,14.221750,15.470324
dmd,513,1,contiguous,original,6,267.808,3.069,1.000000,1.000000,1.000000,6.624736,6.492683,6.655340,0.538911,0.537564,0.553719
dmd,513,1,contiguous,selected64,6,146.771,0.267,1.825884,1.772304,1.830667,3.638350,3.605769,3.663415,0.983989,0.981358,0.986649
dmd,513,1,contiguous,vector16store,6,144.325,0.271,1.855595,1.805970,1.860244,3.577670,3.552885,3.595122,1.000000,1.000000,1.000000
dmd,513,1,contiguous,cpp-approved-execution,6,40.313,1.456,6.624736,6.492683,6.655340,1.000000,1.000000,1.000000,3.577670,3.552885,3.595122
dmd,513,1,negative-both,original,6,260.568,3.004,1.000000,1.000000,1.000000,6.470874,6.420290,6.678049,0.555472,0.540541,0.557562
dmd,513,1,negative-both,selected64,6,147.065,0.266,1.771789,1.764940,1.818061,3.648058,3.628019,3.673171,0.983379,0.982690,0.988032
dmd,513,1,negative-both,vector16store,6,144.716,0.676,1.800272,1.793522,1.850000,3.594660,3.570048,3.614634,1.000000,1.000000,1.000000
dmd,513,1,negative-both,cpp-approved-execution,6,40.313,0.971,6.470874,6.420290,6.678049,1.000000,1.000000,1.000000,3.594660,3.570048,3.614634
dmd,513,1,negative-source,original,6,260.763,3.077,1.000000,1.000000,1.000000,6.481778,6.456311,6.655340,0.555013,0.539023,0.558140
dmd,513,1,negative-source,selected64,6,146.967,0.000,1.774301,1.770972,1.825566,3.645631,3.645631,3.663415,0.984021,0.984021,0.990679
dmd,513,1,negative-source,vector16store,6,144.618,0.677,1.801759,1.791667,1.855210,3.587379,3.587379,3.611650,1.000000,1.000000,1.000000
dmd,513,1,negative-source,cpp-approved-execution,6,40.313,0.485,6.481778,6.456311,6.655340,1.000000,1.000000,1.000000,3.587379,3.587379,3.611650
dmd,513,1,padded,original,6,263.992,3.336,1.000000,1.000000,1.000000,6.538565,6.466019,6.702439,0.547515,0.537846,0.556057
dmd,513,1,padded,selected64,6,147.162,0.266,1.795091,1.764940,1.829561,3.659377,3.628019,3.673171,0.982072,0.981383,0.984021
dmd,513,1,padded,vector16store,6,144.618,0.271,1.826662,1.798376,1.859269,3.596117,3.570048,3.604878,1.000000,1.000000,1.000000
dmd,513,1,padded,cpp-approved-execution,6,40.215,0.973,6.538565,6.466019,6.702439,1.000000,1.000000,1.000000,3.596117,3.570048,3.604878
dmd,513,1,repeated-source,original,6,260.665,2.928,1.000000,1.000000,1.000000,6.403846,6.389423,6.545455,0.555513,0.542398,0.557895
dmd,513,1,repeated-source,selected64,6,146.967,0.399,1.774449,1.769640,1.819149,3.610577,3.598086,3.620192,0.985362,0.982690,0.989333
dmd,513,1,repeated-source,vector16store,6,144.912,0.675,1.800137,1.792453,1.843666,3.551562,3.548077,3.572115,1.000000,1.000000,1.000000
dmd,513,1,repeated-source,cpp-approved-execution,6,40.705,0.481,6.403846,6.389423,6.545455,1.000000,1.000000,1.000000,3.551562,3.548077,3.572115
dmd,513,1,universal,original,6,4448.924,4.183,1.000000,1.000000,1.000000,15.571233,15.277397,15.939685,0.999026,0.971248,1.012851
dmd,513,1,universal,selected64,6,4477.789,4.908,1.001638,0.957735,1.010032,15.672260,15.258219,16.027397,0.994660,0.970043,1.002918
dmd,513,1,universal,vector16store,6,4414.384,4.078,1.000975,0.987312,1.029603,15.450342,15.272603,15.913639,1.000000,1.000000,1.000000
dmd,513,1,universal,cpp-approved-execution,6,285.714,0.068,15.571233,15.277397,15.939685,1.000000,1.000000,1.000000,15.450342,15.272603,15.913639
dmd,513,17,contiguous,original,6,3833.333,5.478,1.000000,1.000000,1.000000,5.299539,5.211982,5.452055,0.433478,0.425461,0.440318
dmd,513,17,contiguous,selected64,6,1683.333,2.376,2.274977,2.239604,2.313953,2.329493,2.301370,2.356164,0.985304,0.984127,0.988142
dmd,513,17,contiguous,vector16store,6,1658.333,2.412,2.306942,2.271084,2.350394,2.299539,2.269406,2.319635,1.000000,1.000000,1.000000
dmd,513,17,contiguous,cpp-approved-execution,6,723.333,2.304,5.299539,5.211982,5.452055,1.000000,1.000000,1.000000,2.299539,2.269406,2.319635
dmd,513,17,negative-both,original,6,4970.000,0.604,1.000000,1.000000,1.000000,6.639226,6.526316,6.683036,0.351007,0.348697,0.353020
dmd,513,17,negative-both,selected64,6,1776.667,1.126,2.803398,2.781716,2.808630,2.375000,2.324561,2.382222,0.982145,0.979362,0.986867
dmd,513,17,negative-both,vector16store,6,1743.333,0.765,2.848948,2.832700,2.867816,2.330357,2.293860,2.348214,1.000000,1.000000,1.000000
dmd,513,17,negative-both,cpp-approved-execution,6,748.333,1.782,6.639226,6.526316,6.683036,1.000000,1.000000,1.000000,2.330357,2.293860,2.348214
dmd,513,17,negative-source,original,6,4966.667,0.336,1.000000,1.000000,1.000000,6.866359,6.733032,6.912037,0.351007,0.350536,0.353929
dmd,513,17,negative-source,selected64,6,1771.667,0.564,2.805267,2.795497,2.815094,2.449309,2.398190,2.462963,0.985849,0.981238,0.992467
dmd,513,17,negative-source,vector16store,6,1743.333,0.956,2.848948,2.825427,2.852772,2.410138,2.361991,2.430556,1.000000,1.000000,1.000000
dmd,513,17,negative-source,cpp-approved-execution,6,723.333,2.304,6.866359,6.733032,6.912037,1.000000,1.000000,1.000000,2.410138,2.361991,2.430556
dmd,513,17,padded,original,6,4955.000,0.135,1.000000,1.000000,1.000000,6.992969,6.911628,7.042654,0.350370,0.349933,0.358681
dmd,513,17,padded,selected64,6,1766.667,2.830,2.803774,2.736648,2.814394,2.500000,2.483568,2.525581,0.983216,0.979323,0.984906
dmd,513,17,padded,vector16store,6,1736.667,2.495,2.854127,2.787992,2.857692,2.457547,2.446009,2.479070,1.000000,1.000000,1.000000
dmd,513,17,padded,cpp-approved-execution,6,708.333,1.882,6.992969,6.911628,7.042654,1.000000,1.000000,1.000000,2.457547,2.446009,2.479070
dmd,513,17,repeated-source,original,6,4951.667,0.067,1.000000,1.000000,1.000000,7.073810,6.943925,7.139423,0.349495,0.349260,0.351515
dmd,513,17,repeated-source,selected64,6,1760.000,0.568,2.814394,2.801887,2.819734,2.511905,2.467290,2.548077,0.984820,0.982955,0.984906
dmd,513,17,repeated-source,vector16store,6,1730.000,0.578,2.861272,2.844828,2.863198,2.471429,2.425234,2.509615,1.000000,1.000000,1.000000
dmd,513,17,repeated-source,cpp-approved-execution,6,700.000,2.857,7.073810,6.943925,7.139423,1.000000,1.000000,1.000000,2.471429,2.425234,2.509615
dmd,513,17,universal,original,6,72703.333,1.224,1.000000,1.000000,1.000000,15.003111,14.956641,15.140399,1.011488,1.000046,1.016905
dmd,513,17,universal,selected64,6,72528.333,1.935,1.000367,0.994623,1.006179,14.980038,14.925671,15.215416,1.011599,1.002115,1.011954
dmd,513,17,universal,vector16store,6,73388.333,2.603,0.988645,0.983376,0.999954,15.157663,14.990371,15.395045,1.000000,1.000000,1.000000
dmd,513,17,universal,cpp-approved-execution,6,4843.333,0.275,15.003111,14.956641,15.140399,1.000000,1.000000,1.000000,15.157663,14.990371,15.395045
dmd,513,128,contiguous,original,6,28350.000,32.716,1.000000,1.000000,1.000000,5.336471,5.248826,7.023585,0.427467,0.323707,0.489267
dmd,513,128,contiguous,selected64,6,12318.750,12.278,2.306295,2.238238,2.704814,2.318824,2.300469,2.596698,0.983698,0.875568,1.116327
dmd,513,128,contiguous,vector16store,6,12087.500,13.444,2.339741,2.043876,3.089212,2.275616,2.270588,2.568075,1.000000,1.000000,1.000000
dmd,513,128,contiguous,cpp-approved-execution,6,5312.500,0.471,5.336471,5.248826,7.023585,1.000000,1.000000,1.000000,2.275616,2.270588,2.568075
dmd,513,128,negative-both,original,6,36500.000,0.514,1.000000,1.000000,1.000000,6.235851,6.100209,6.260684,0.342705,0.334471,0.345679
dmd,513,128,negative-both,selected64,6,12587.500,2.085,2.896723,2.845180,2.910537,2.148349,2.142553,2.177350,0.982787,0.973188,1.000993
dmd,513,128,negative-both,vector16store,6,12493.750,2.901,2.917990,2.892857,2.989796,2.118474,2.094017,2.147752,1.000000,1.000000,1.000000
dmd,513,128,negative-both,cpp-approved-execution,6,5856.250,2.561,6.235851,6.100209,6.260684,1.000000,1.000000,1.000000,2.118474,2.094017,2.147752
dmd,513,128,negative-source,original,6,36512.500,5.067,1.000000,1.000000,1.000000,6.371179,6.318182,6.704595,0.334703,0.320496,0.336986
dmd,513,128,negative-source,selected64,6,12456.250,1.004,2.935146,2.908367,3.082495,2.173772,2.160173,2.192140,0.982525,0.978022,0.987928
dmd,513,128,negative-source,vector16store,6,12262.500,1.019,2.987736,2.967480,3.120163,2.133987,2.126638,2.148796,1.000000,1.000000,1.000000
dmd,513,128,negative-source,cpp-approved-execution,6,5731.250,1.091,6.371179,6.318182,6.704595,1.000000,1.000000,1.000000,2.133987,2.126638,2.148796
dmd,513,128,padded,original,6,36468.750,19.366,1.000000,1.000000,1.000000,6.884297,6.854118,8.123832,0.333562,0.280127,0.336074
dmd,513,128,padded,selected64,6,12425.000,1.006,2.947903,2.930584,3.497988,2.334125,2.283753,2.349057,0.980840,0.975952,0.984940
dmd,513,128,padded,vector16store,6,12168.750,1.027,2.997943,2.975535,3.569815,2.292112,2.228833,2.313679,1.000000,1.000000,1.000000
dmd,513,128,padded,cpp-approved-execution,6,5306.250,3.298,6.884297,6.854118,8.123832,1.000000,1.000000,1.000000,2.292112,2.228833,2.313679
dmd,513,128,repeated-source,original,6,36393.750,0.103,1.000000,1.000000,1.000000,6.832195,6.806075,6.854118,0.333849,0.333104,0.361731
dmd,513,128,repeated-source,selected64,6,12362.500,12.133,2.943887,2.632007,2.953347,2.322769,2.308411,2.590164,0.983283,0.952080,0.985859
dmd,513,128,repeated-source,vector16store,6,12150.000,8.539,2.995375,2.764482,3.002062,2.283529,2.268692,2.466042,1.000000,1.000000,1.000000
dmd,513,128,repeated-source,cpp-approved-execution,6,5325.000,0.704,6.832195,6.806075,6.854118,1.000000,1.000000,1.000000,2.283529,2.268692,2.466042
dmd,513,128,universal,original,6,546793.750,2.542,1.000000,1.000000,1.000000,15.028861,14.981093,15.352800,1.001038,0.997119,1.059742
dmd,513,128,universal,selected64,6,549768.750,7.812,0.994395,0.949681,1.000160,15.108721,14.996219,16.166266,0.997945,0.992534,1.006417
dmd,513,128,universal,vector16store,6,547625.000,8.580,0.998963,0.943626,1.002890,15.047225,14.983849,16.270010,1.000000,1.000000,1.000000
dmd,513,128,universal,cpp-approved-execution,6,36387.500,0.103,15.028861,14.981093,15.352800,1.000000,1.000000,1.000000,15.047225,14.983849,16.270010
dmd,2048,1,contiguous,original,6,893.359,0.525,1.000000,1.000000,1.000000,5.353648,5.102222,5.386792,0.471129,0.469512,0.474606
dmd,2048,1,contiguous,selected64,6,422.266,0.370,2.116559,2.107011,2.118519,2.529288,2.408889,2.556604,0.997222,0.994455,1.000000
dmd,2048,1,contiguous,vector16store,6,421.094,0.742,2.122563,2.107011,2.129870,2.522257,2.395556,2.556604,1.000000,1.000000,1.000000
dmd,2048,1,contiguous,cpp-approved-execution,6,166.797,6.089,5.353648,5.102222,5.386792,1.000000,1.000000,1.000000,2.522257,2.395556,2.556604
dmd,2048,1,negative-both,original,6,893.750,0.437,1.000000,1.000000,1.000000,5.391509,5.102222,5.421801,0.470923,0.469459,0.472125
dmd,2048,1,negative-both,selected64,6,422.656,0.739,2.113678,2.106422,2.118299,2.551887,2.422222,2.563981,0.994475,0.994455,0.996303
dmd,2048,1,negative-both,vector16store,6,420.703,0.743,2.123492,2.118081,2.130112,2.537736,2.408889,2.554502,1.000000,1.000000,1.000000
dmd,2048,1,negative-both,cpp-approved-execution,6,165.625,6.604,5.391509,5.102222,5.421801,1.000000,1.000000,1.000000,2.537736,2.408889,2.554502
dmd,2048,1,negative-source,original,6,892.969,0.350,1.000000,1.000000,1.000000,5.386792,5.370892,5.417062,0.470897,0.469459,0.472855
dmd,2048,1,negative-source,selected64,6,422.266,0.185,2.115741,2.110906,2.118299,2.547170,2.539906,2.559242,0.996296,0.994455,1.000000
dmd,2048,1,negative-source,vector16store,6,420.312,0.372,2.123606,2.114815,2.130112,2.537736,2.525822,2.549763,1.000000,1.000000,1.000000
dmd,2048,1,negative-source,cpp-approved-execution,6,165.625,0.943,5.386792,5.370892,5.417062,1.000000,1.000000,1.000000,2.537736,2.525822,2.549763
dmd,2048,1,padded,original,6,892.969,7.349,1.000000,1.000000,1.000000,5.376495,3.143590,5.396226,0.470691,0.439641,0.471103
dmd,2048,1,padded,selected64,6,421.875,0.185,2.116667,2.114815,2.266174,2.541191,1.387179,2.547170,0.996296,0.996296,0.996303
dmd,2048,1,padded,vector16store,6,420.312,0.186,2.124535,2.122677,2.274583,2.531779,1.382051,2.537736,1.000000,1.000000,1.000000
dmd,2048,1,padded,cpp-approved-execution,6,166.016,83.765,5.376495,3.143590,5.396226,1.000000,1.000000,1.000000,2.531779,1.382051,2.537736
dmd,2048,1,repeated-source,original,6,892.969,0.175,1.000000,1.000000,1.000000,5.391509,5.386792,5.396226,0.471360,0.470280,0.478109
dmd,2048,1,repeated-source,selected64,6,422.656,2.218,2.112754,2.068841,2.118519,2.551887,2.547170,2.603774,0.994460,0.989130,0.998148
dmd,2048,1,repeated-source,vector16store,6,421.094,1.484,2.121521,2.091575,2.126394,2.542453,2.537736,2.575472,1.000000,1.000000,1.000000
dmd,2048,1,repeated-source,cpp-approved-execution,6,165.625,0.000,5.391509,5.386792,5.396226,1.000000,1.000000,1.000000,2.542453,2.537736,2.575472
dmd,2048,1,universal,original,6,17377.344,4.896,1.000000,1.000000,1.000000,15.430552,14.841833,15.600000,0.994085,0.953763,1.021460
dmd,2048,1,universal,selected64,6,17246.484,2.247,1.004759,0.974721,1.041261,15.393357,14.253712,15.712587,0.998547,0.979566,1.009115
dmd,2048,1,universal,vector16store,6,17256.250,2.010,1.005962,0.978991,1.048479,15.403027,14.155584,15.644056,1.000000,1.000000,1.000000
dmd,2048,1,universal,cpp-approved-execution,6,1117.188,8.322,15.430552,14.841833,15.600000,1.000000,1.000000,1.000000,15.403027,14.155584,15.644056
dmd,2048,17,contiguous,original,6,14381.250,0.695,1.000000,1.000000,1.000000,5.111111,5.092920,5.123894,0.439809,0.436960,0.440000
dmd,2048,17,contiguous,selected64,6,6350.000,0.394,2.266732,2.259332,2.284024,2.250560,2.243363,2.262222,0.996063,0.994106,0.998028
dmd,2048,17,contiguous,vector16store,6,6325.000,0.000,2.273715,2.272727,2.288538,2.243913,2.238938,2.248889,1.000000,1.000000,1.000000
dmd,2048,17,contiguous,cpp-approved-execution,6,2818.750,0.443,5.111111,5.092920,5.123894,1.000000,1.000000,1.000000,2.243913,2.238938,2.248889
dmd,2048,17,negative-both,original,6,19150.000,0.718,1.000000,1.000000,1.000000,6.538609,6.428571,6.632035,0.335935,0.334204,0.340078
dmd,2048,17,negative-both,selected64,6,6475.000,2.510,2.966265,2.907021,2.980545,2.216965,2.189076,2.225108,0.996139,0.988615,0.998054
dmd,2048,17,negative-both,vector16store,6,6450.000,1.744,2.976788,2.940499,2.992188,2.200014,2.180672,2.220779,1.000000,1.000000,1.000000
dmd,2048,17,negative-both,cpp-approved-execution,6,2937.500,2.979,6.538609,6.428571,6.632035,1.000000,1.000000,1.000000,2.200014,2.180672,2.220779
dmd,2048,17,negative-source,original,6,19131.250,0.261,1.000000,1.000000,1.000000,6.637766,6.599138,6.665217,0.336384,0.334638,0.338562
dmd,2048,17,negative-source,selected64,6,6475.000,1.158,2.954633,2.936660,2.976699,2.242951,2.239130,2.255411,0.994236,0.990347,0.996139
dmd,2048,17,negative-source,vector16store,6,6431.250,0.972,2.972812,2.953668,2.988304,2.230435,2.220779,2.243478,1.000000,1.000000,1.000000
dmd,2048,17,negative-source,cpp-approved-execution,6,2881.250,0.868,6.637766,6.599138,6.665217,1.000000,1.000000,1.000000,2.230435,2.220779,2.243478
dmd,2048,17,padded,original,6,19118.750,21.249,1.000000,1.000000,1.000000,6.776549,6.701754,8.235556,0.334858,0.276848,0.336821
dmd,2048,17,padded,selected64,6,6437.500,1.359,2.971818,2.934741,3.598058,2.283825,2.254386,2.305310,0.994179,0.988484,0.996117
dmd,2048,17,padded,vector16store,6,6406.250,0.780,2.986340,2.968932,3.612086,2.272734,2.245614,2.280000,1.000000,1.000000,1.000000
dmd,2048,17,padded,cpp-approved-execution,6,2825.000,1.327,6.776549,6.701754,8.235556,1.000000,1.000000,1.000000,2.272734,2.245614,2.280000
dmd,2048,17,repeated-source,original,6,19106.250,0.196,1.000000,1.000000,1.000000,6.733480,6.697368,6.769912,0.334315,0.333987,0.335079
dmd,2048,17,repeated-source,selected64,6,6418.750,0.389,2.977606,2.965049,2.982456,2.259912,2.258772,2.274336,0.995138,0.992233,0.996101
dmd,2048,17,repeated-source,vector16store,6,6387.500,0.196,2.991194,2.984375,2.994129,2.251101,2.241228,2.261062,1.000000,1.000000,1.000000
dmd,2048,17,repeated-source,cpp-approved-execution,6,2837.500,0.881,6.733480,6.697368,6.769912,1.000000,1.000000,1.000000,2.251101,2.241228,2.261062
dmd,2048,17,universal,original,6,289443.750,2.276,1.000000,1.000000,1.000000,15.213865,15.179487,15.495407,1.004383,0.994495,1.020054
dmd,2048,17,universal,selected64,6,290693.750,1.746,0.999624,0.991415,1.007251,15.299696,15.127380,15.383858,1.009397,0.989388,1.015184
dmd,2048,17,universal,vector16store,6,290712.500,3.031,0.995638,0.980341,1.005536,15.280542,15.201841,15.617454,1.000000,1.000000,1.000000
dmd,2048,17,universal,cpp-approved-execution,6,19012.500,0.329,15.213865,15.179487,15.495407,1.000000,1.000000,1.000000,15.280542,15.201841,15.617454
dmd,2048,128,contiguous,original,6,192181.250,9.334,1.000000,1.000000,1.000000,8.944706,8.610337,9.287703,0.254029,0.239258,0.264585
dmd,2048,128,contiguous,selected64,6,47881.250,4.595,4.015642,3.895079,4.227190,2.224232,2.120728,2.305104,1.023101,0.964016,1.033439
dmd,2048,128,contiguous,vector16store,6,49012.500,3.111,3.936554,3.779505,4.179588,2.250161,2.160419,2.292640,1.000000,1.000000,1.000000
dmd,2048,128,contiguous,cpp-approved-execution,6,21525.000,5.923,8.944706,8.610337,9.287703,1.000000,1.000000,1.000000,2.250161,2.160419,2.292640
dmd,2048,128,negative-both,original,6,211993.750,10.242,1.000000,1.000000,1.000000,8.304764,8.107089,8.989431,0.241805,0.233456,0.246937
dmd,2048,128,negative-both,selected64,6,51643.750,4.502,4.181975,4.018886,4.297883,2.009123,1.915819,2.091595,0.997794,0.958354,1.034600
dmd,2048,128,negative-both,vector16store,6,51250.000,7.878,4.136356,4.049621,4.283453,2.015056,1.900555,2.098641,1.000000,1.000000,1.000000
dmd,2048,128,negative-both,cpp-approved-execution,6,24850.000,9.658,8.304764,8.107089,8.989431,1.000000,1.000000,1.000000,2.015056,1.900555,2.098641
dmd,2048,128,negative-source,original,6,206343.750,9.147,1.000000,1.000000,1.000000,8.712719,8.355779,8.967794,0.243918,0.227981,0.258265
dmd,2048,128,negative-source,selected64,6,50043.750,3.097,4.088635,3.977537,4.370792,2.136944,1.963718,2.190860,0.998105,0.968589,1.027259
dmd,2048,128,negative-source,vector16store,6,50175.000,3.313,4.100633,3.871990,4.386335,2.144850,1.956759,2.182940,1.000000,1.000000,1.000000
dmd,2048,128,negative-source,cpp-approved-execution,6,23400.000,8.120,8.712719,8.355779,8.967794,1.000000,1.000000,1.000000,2.144850,1.956759,2.182940
dmd,2048,128,padded,original,6,198718.750,13.279,1.000000,1.000000,1.000000,9.104871,8.280749,9.935875,0.242045,0.232223,0.265806
dmd,2048,128,padded,selected64,6,49956.250,5.455,4.031701,3.769173,4.296054,2.300142,2.074332,2.336800,0.987326,0.951323,1.061098
dmd,2048,128,padded,vector16store,6,48718.750,7.826,4.136335,3.762148,4.306209,2.207664,2.199885,2.307337,1.000000,1.000000,1.000000
dmd,2048,128,padded,cpp-approved-execution,6,21700.000,8.007,9.104871,8.280749,9.935875,1.000000,1.000000,1.000000,2.207664,2.199885,2.307337
dmd,2048,128,repeated-source,original,6,210781.250,12.175,1.000000,1.000000,1.000000,9.690048,8.813149,9.885879,0.245000,0.222015,0.304911
dmd,2048,128,repeated-source,selected64,6,49762.500,10.224,4.169366,3.812874,4.320000,2.294524,2.187356,2.376199,0.992859,0.947854,1.317215
dmd,2048,128,repeated-source,vector16store,6,48262.500,36.519,4.082503,3.279646,4.504202,2.225360,2.179885,2.991949,1.000000,1.000000,1.000000
dmd,2048,128,repeated-source,cpp-approved-execution,6,21712.500,2.245,9.690048,8.813149,9.885879,1.000000,1.000000,1.000000,2.225360,2.179885,2.991949
dmd,2048,128,universal,original,6,2246362.500,6.073,1.000000,1.000000,1.000000,15.038435,14.787940,15.624095,0.997335,0.988921,1.027311
dmd,2048,128,universal,selected64,6,2230150.000,6.986,1.003024,0.977848,1.022614,15.127274,14.938748,15.278582,1.001659,0.990527,1.016921
dmd,2048,128,universal,vector16store,6,2244325.000,7.729,1.002673,0.973415,1.011203,15.077050,14.910134,15.451002,1.000000,1.000000,1.000000
dmd,2048,128,universal,cpp-approved-execution,6,147331.250,6.507,15.038435,14.787940,15.624095,1.000000,1.000000,1.000000,15.077050,14.910134,15.451002
dmd,2048,512,contiguous,original,6,871137.500,7.715,1.000000,1.000000,1.000000,9.595631,9.413315,9.946109,0.243654,0.223319,0.418074
dmd,2048,512,contiguous,selected64,6,216556.250,43.511,4.131459,3.028061,4.451187,2.299519,2.201803,3.156544,1.028301,0.810830,1.485223
dmd,2048,512,contiguous,vector16store,6,209875.000,82.311,4.112038,2.391919,4.477899,2.322584,2.177017,3.996042,1.000000,1.000000,1.000000
dmd,2048,512,contiguous,cpp-approved-execution,6,90175.000,9.038,9.595631,9.413315,9.946109,1.000000,1.000000,1.000000,2.322584,2.177017,3.996042
dmd,2048,512,negative-both,original,6,890150.000,4.796,1.000000,1.000000,1.000000,8.257962,7.173168,8.599601,0.244134,0.223775,0.350551
dmd,2048,512,negative-both,selected64,6,212131.250,60.098,4.214363,2.719149,4.362717,1.958656,1.880861,2.845927,0.983360,0.694340,1.464008
dmd,2048,512,negative-both,vector16store,6,218206.250,50.348,4.104784,2.852654,4.468775,1.925975,1.831683,2.753596,1.000000,1.000000,1.000000
dmd,2048,512,negative-both,cpp-approved-execution,6,106468.750,19.372,8.257962,7.173168,8.599601,1.000000,1.000000,1.000000,1.925975,1.831683,2.753596
dmd,2048,512,negative-source,original,6,881456.250,4.666,1.000000,1.000000,1.000000,8.938665,8.262099,9.167300,0.243392,0.228425,0.286218
dmd,2048,512,negative-source,selected64,6,228975.000,66.536,3.919082,2.576335,4.326388,2.335197,2.061695,3.206920,0.981540,0.588499,1.067740
dmd,2048,512,negative-source,vector16store,6,219800.000,24.465,4.118398,3.493843,4.377808,2.204308,1.887268,2.603822,1.000000,1.000000,1.000000
dmd,2048,512,negative-source,cpp-approved-execution,6,98068.750,13.345,8.938665,8.262099,9.167300,1.000000,1.000000,1.000000,2.204308,1.887268,2.603822
dmd,2048,512,padded,original,6,882750.000,6.402,1.000000,1.000000,1.000000,10.039957,8.181701,10.509370,0.221858,0.218826,0.226916
dmd,2048,512,padded,selected64,6,200725.000,73.876,4.432431,2.691732,4.491205,2.247133,1.900059,3.904316,0.977618,0.589084,1.009266
dmd,2048,512,padded,vector16store,6,196637.500,3.782,4.507705,4.406927,4.569840,2.237598,1.830616,2.299972,1.000000,1.000000,1.000000
dmd,2048,512,padded,cpp-approved-execution,6,88131.250,21.942,10.039957,8.181701,10.509370,1.000000,1.000000,1.000000,2.237598,1.830616,2.299972
dmd,2048,512,repeated-source,original,6,872725.000,2.585,1.000000,1.000000,1.000000,9.836224,9.679164,10.041601,0.223220,0.221782,0.230219
dmd,2048,512,repeated-source,selected64,6,195362.500,0.761,4.469392,4.401991,4.497986,2.204804,2.162286,2.242888,0.997313,0.994170,1.013423
dmd,2048,512,repeated-source,vector16store,6,195187.500,1.671,4.479906,4.343685,4.508942,2.205376,2.168788,2.234310,1.000000,1.000000,1.000000
dmd,2048,512,repeated-source,cpp-approved-execution,6,88468.750,3.292,9.836224,9.679164,10.041601,1.000000,1.000000,1.000000,2.205376,2.168788,2.234310
dmd,2048,512,universal,original,6,8999981.250,5.138,1.000000,1.000000,1.000000,15.027996,14.928728,15.059972,0.996307,0.993315,1.003263
dmd,2048,512,universal,selected64,6,8984850.000,5.794,1.003432,0.998248,1.005144,14.983059,14.852326,15.072781,0.998930,0.995036,1.007297
dmd,2048,512,universal,vector16store,6,8972362.500,5.310,1.003707,0.996748,1.006730,14.997582,14.849846,15.058583,1.000000,1.000000,1.000000
dmd,2048,512,universal,cpp-approved-execution,6,599775.000,4.431,15.027996,14.928728,15.059972,1.000000,1.000000,1.000000,14.997582,14.849846,15.058583
ldc2,1,1,contiguous,original,6,18.335,2.530,1.000000,1.000000,1.000000,5.646617,5.571429,5.714286,1.012647,0.992105,1.022942
ldc2,1,1,contiguous,selected64,6,18.506,0.923,0.990079,0.976285,1.006623,5.699248,5.669173,5.721805,0.998679,0.994744,1.009247
ldc2,1,1,contiguous,vector16store,6,18.494,1.320,0.987511,0.977573,1.007958,5.695489,5.669173,5.744361,1.000000,1.000000,1.000000
ldc2,1,1,contiguous,cpp-approved-execution,6,3.247,0.000,5.646617,5.571429,5.714286,1.000000,1.000000,1.000000,5.695489,5.669173,5.744361
ldc2,1,1,negative-both,original,6,18.250,1.070,1.000000,1.000000,1.000000,4.822581,4.800000,4.851613,1.017319,1.011984,1.022849
ldc2,1,1,negative-both,selected64,6,18.372,2.392,0.992053,0.970013,1.002670,4.854839,4.832258,4.948387,1.010589,0.992177,1.014686
ldc2,1,1,negative-both,vector16store,6,18.579,1.708,0.982977,0.977661,0.988158,4.909677,4.858065,4.941935,1.000000,1.000000,1.000000
ldc2,1,1,negative-both,cpp-approved-execution,6,3.784,0.000,4.822581,4.800000,4.851613,1.000000,1.000000,1.000000,4.909677,4.858065,4.941935
ldc2,1,1,negative-source,original,6,18.250,1.472,1.000000,1.000000,1.000000,4.822581,4.793548,4.864516,1.014687,1.006693,1.018717
ldc2,1,1,negative-source,selected64,6,18.335,2.130,0.992652,0.986911,0.998663,4.845161,4.825806,4.929032,1.005344,1.000000,1.011952
ldc2,1,1,negative-source,vector16store,6,18.481,1.849,0.985527,0.981627,0.993351,4.883871,4.851613,4.941935,1.000000,1.000000,1.000000
ldc2,1,1,negative-source,cpp-approved-execution,6,3.784,0.000,4.822581,4.793548,4.864516,1.000000,1.000000,1.000000,4.883871,4.851613,4.941935
ldc2,1,1,padded,original,6,18.469,1.851,1.000000,1.000000,1.000000,4.880645,4.806452,4.896774,1.004621,0.998682,1.014765
ldc2,1,1,padded,selected64,6,18.433,1.987,0.996047,0.988251,1.005319,4.870968,4.845161,4.941935,1.005323,0.988251,1.007979
ldc2,1,1,padded,vector16store,6,18.494,1.056,0.995404,0.985450,1.001319,4.887097,4.870968,4.922581,1.000000,1.000000,1.000000
ldc2,1,1,padded,cpp-approved-execution,6,3.784,0.000,4.880645,4.806452,4.896774,1.000000,1.000000,1.000000,4.887097,4.870968,4.922581
ldc2,1,1,repeated-source,original,6,18.286,1.602,1.000000,1.000000,1.000000,4.832258,4.800000,4.877419,1.009358,0.996032,1.022849
ldc2,1,1,repeated-source,selected64,6,18.311,0.533,0.998663,0.992000,1.008032,4.838710,4.819355,4.845161,1.009333,1.004000,1.014726
ldc2,1,1,repeated-source,vector16store,6,18.481,1.057,0.990730,0.977661,1.003984,4.883871,4.858065,4.909677,1.000000,1.000000,1.000000
ldc2,1,1,repeated-source,cpp-approved-execution,6,3.784,0.000,4.832258,4.800000,4.877419,1.000000,1.000000,1.000000,4.883871,4.858065,4.909677
ldc2,1,1,universal,original,6,42.236,1.040,1.000000,1.000000,1.000000,15.585586,15.513514,15.675676,1.002879,0.998260,1.005787
ldc2,1,1,universal,selected64,6,42.236,1.272,1.000289,0.997697,1.005248,15.585586,15.450450,15.648649,1.003482,1.000000,1.006344
ldc2,1,1,universal,vector16store,6,42.419,1.381,0.997129,0.994246,1.001743,15.653153,15.504505,15.720721,1.000000,1.000000,1.000000
ldc2,1,1,universal,cpp-approved-execution,6,2.710,0.000,15.585586,15.513514,15.675676,1.000000,1.000000,1.000000,15.653153,15.504505,15.720721
ldc2,1,17,contiguous,original,6,37.646,0.843,1.000000,1.000000,1.000000,8.690123,8.662921,8.711864,1.015214,1.009759,1.026589
ldc2,1,17,contiguous,selected64,6,37.854,2.709,0.993876,0.969105,0.998705,8.735209,8.723164,8.960452,1.008061,0.978562,1.025259
ldc2,1,17,contiguous,vector16store,6,38.293,1.976,0.985017,0.974100,0.990335,8.811798,8.768362,8.943503,1.000000,1.000000,1.000000
ldc2,1,17,contiguous,cpp-approved-execution,6,4.321,0.565,8.690123,8.662921,8.711864,1.000000,1.000000,1.000000,8.811798,8.768362,8.943503
ldc2,1,17,negative-both,original,6,66.797,0.512,1.000000,1.000000,1.000000,2.242623,2.234426,2.245902,1.004930,0.999266,1.034672
ldc2,1,17,negative-both,selected64,6,66.565,2.421,1.002200,0.980638,1.005876,2.234836,2.231967,2.286066,1.009545,0.982072,1.039985
ldc2,1,17,negative-both,vector16store,6,67.163,4.035,0.995106,0.966490,1.000734,2.254918,2.232787,2.323770,1.000000,1.000000,1.000000
ldc2,1,17,negative-both,cpp-approved-execution,6,29.785,0.000,2.242623,2.234426,2.245902,1.000000,1.000000,1.000000,2.254918,2.232787,2.323770
ldc2,1,17,negative-source,original,6,66.077,1.108,1.000000,1.000000,1.000000,2.218443,2.208197,2.232787,1.008536,0.991510,1.083210
ldc2,1,17,negative-source,selected64,6,65.991,1.776,1.000555,0.997409,1.010041,2.215574,2.198361,2.237705,1.009875,0.993343,1.082409
ldc2,1,17,negative-source,vector16store,6,66.345,8.942,0.991541,0.923182,1.008563,2.227459,2.201639,2.400820,1.000000,1.000000,1.000000
ldc2,1,17,negative-source,cpp-approved-execution,6,29.785,0.000,2.218443,2.208197,2.232787,1.000000,1.000000,1.000000,2.227459,2.201639,2.400820
ldc2,1,17,padded,original,6,67.029,10.308,1.000000,1.000000,1.000000,2.250410,2.219672,2.451639,0.993762,0.953862,1.037993
ldc2,1,17,padded,selected64,6,65.796,8.571,1.007432,0.956059,1.112309,2.209016,2.198361,2.387705,1.021652,0.940954,1.060989
ldc2,1,17,padded,vector16store,6,67.676,5.700,1.006370,0.963397,1.048370,2.272131,2.209016,2.338525,1.000000,1.000000,1.000000
ldc2,1,17,padded,cpp-approved-execution,6,29.785,0.000,2.250410,2.219672,2.451639,1.000000,1.000000,1.000000,2.272131,2.209016,2.338525
ldc2,1,17,repeated-source,original,6,63.281,1.698,1.000000,1.000000,1.000000,2.118460,2.113115,2.149180,1.015255,0.996540,1.042334
ldc2,1,17,repeated-source,selected64,6,63.245,2.664,1.000577,0.994312,1.004673,2.118460,2.104918,2.161475,1.015819,0.997691,1.036405
ldc2,1,17,repeated-source,vector16store,6,64.087,5.371,0.984976,0.959385,1.003472,2.148692,2.124590,2.240164,1.000000,1.000000,1.000000
ldc2,1,17,repeated-source,cpp-approved-execution,6,29.785,0.656,2.118460,2.113115,2.149180,1.000000,1.000000,1.000000,2.148692,2.124590,2.240164
ldc2,1,17,universal,original,6,81.067,5.602,1.000000,1.000000,1.000000,4.371946,4.314474,4.626168,1.010243,0.957576,1.037206
ldc2,1,17,universal,selected64,6,81.140,5.356,0.997894,0.961905,1.043989,4.405095,4.325000,4.559211,0.999549,0.970851,1.038637
ldc2,1,17,universal,vector16store,6,81.897,2.862,0.989862,0.964128,1.044304,4.428111,4.376316,4.492105,1.000000,1.000000,1.000000
ldc2,1,17,universal,cpp-approved-execution,6,18.555,1.447,4.371946,4.314474,4.626168,1.000000,1.000000,1.000000,4.428111,4.376316,4.492105
ldc2,1,128,contiguous,original,6,173.169,4.004,1.000000,1.000000,1.000000,14.901261,14.807531,15.401674,1.014551,0.969845,1.035553
ldc2,1,128,contiguous,selected64,6,178.345,9.528,0.970054,0.946029,1.030200,15.314493,14.886555,16.280335,0.998249,0.917502,1.035553
ldc2,1,128,contiguous,vector16store,6,175.977,3.357,0.985830,0.965668,1.031092,15.079498,14.911765,15.420168,1.000000,1.000000,1.000000
ldc2,1,128,contiguous,cpp-approved-execution,6,11.621,0.420,14.901261,14.807531,15.401674,1.000000,1.000000,1.000000,15.079498,14.911765,15.420168
ldc2,1,128,negative-both,original,6,205.591,6.128,1.000000,1.000000,1.000000,0.938818,0.915456,0.966755,1.003973,0.970209,1.025647
ldc2,1,128,negative-both,selected64,6,208.203,10.929,0.973968,0.952701,1.029930,0.953011,0.913360,1.014751,0.984537,0.960729,1.021241
ldc2,1,128,negative-both,vector16store,6,206.787,6.895,0.996063,0.974994,1.030706,0.945471,0.912018,0.974901,1.000000,1.000000,1.000000
ldc2,1,128,negative-both,cpp-approved-execution,6,221.460,2.602,0.938818,0.915456,0.966755,1.000000,1.000000,1.000000,0.945471,0.912018,0.974901
ldc2,1,128,negative-source,original,6,201.978,5.028,1.000000,1.000000,1.000000,0.921749,0.876271,0.956512,1.024444,0.953381,1.038061
ldc2,1,128,negative-source,selected64,6,202.783,3.347,0.994593,0.967190,1.048137,0.920851,0.877542,0.964512,1.014477,0.991329,1.028338
ldc2,1,128,negative-source,vector16store,6,206.689,3.567,0.976140,0.963335,1.048899,0.936451,0.901059,0.956148,1.000000,1.000000,1.000000
ldc2,1,128,negative-source,cpp-approved-execution,6,221.509,6.525,0.921749,0.876271,0.956512,1.000000,1.000000,1.000000,0.936451,0.901059,0.956148
ldc2,1,128,padded,original,6,202.515,3.038,1.000000,1.000000,1.000000,0.931805,0.866485,0.938946,0.995586,0.978014,1.018362
ldc2,1,128,padded,selected64,6,206.934,6.819,0.978277,0.932131,1.020260,0.935159,0.909809,0.958861,0.985615,0.927621,1.002126
ldc2,1,128,padded,vector16store,6,201.904,3.120,1.004434,0.981969,1.022480,0.921028,0.862293,0.952542,1.000000,1.000000,1.000000
ldc2,1,128,padded,cpp-approved-execution,6,222.021,7.631,0.931805,0.866485,0.938946,1.000000,1.000000,1.000000,0.921028,0.862293,0.952542
ldc2,1,128,repeated-source,original,6,200.415,2.436,1.000000,1.000000,1.000000,0.913734,0.889130,0.943102,1.000855,0.973905,1.016521
ldc2,1,128,repeated-source,selected64,6,199.292,2.940,1.003435,0.977300,1.027552,0.913799,0.894425,0.921940,1.001472,0.979689,1.023984
ldc2,1,128,repeated-source,vector16store,6,199.805,3.519,0.999148,0.983748,1.026794,0.911016,0.891304,0.941706,1.000000,1.000000,1.000000
ldc2,1,128,repeated-source,cpp-approved-execution,6,221.069,3.777,0.913734,0.889130,0.943102,1.000000,1.000000,1.000000,0.911016,0.891304,0.941706
ldc2,1,128,universal,original,6,326.074,5.361,1.000000,1.000000,1.000000,2.337140,2.235412,2.455727,1.001351,0.985979,1.006439
ldc2,1,128,universal,selected64,6,325.269,10.718,1.004238,0.917602,1.014958,2.331510,2.262606,2.436145,1.006270,0.904736,1.021493
ldc2,1,128,universal,vector16store,6,325.586,6.359,0.998651,0.993603,1.014221,2.340302,2.204068,2.471539,1.000000,1.000000,1.000000
ldc2,1,128,universal,cpp-approved-execution,6,138.965,6.008,2.337140,2.235412,2.455727,1.000000,1.000000,1.000000,2.340302,2.204068,2.471539
ldc2,7,1,contiguous,original,6,21.204,0.576,1.000000,1.000000,1.000000,4.345867,4.330000,4.350000,1.000000,0.995402,1.003456
ldc2,7,1,contiguous,selected64,6,21.277,0.803,0.995984,0.992000,0.997706,4.360905,4.355000,4.375000,0.995418,0.990847,1.001147
ldc2,7,1,contiguous,vector16store,6,21.155,0.923,1.000000,0.996556,1.004619,4.340867,4.330000,4.365000,1.000000,1.000000,1.000000
ldc2,7,1,contiguous,cpp-approved-execution,6,4.883,0.500,4.345867,4.330000,4.350000,1.000000,1.000000,1.000000,4.340867,4.330000,4.365000
ldc2,7,1,negative-both,original,6,21.240,1.034,1.000000,1.000000,1.000000,4.027778,4.013889,4.055556,1.001150,1.000000,1.005760
ldc2,7,1,negative-both,selected64,6,21.289,1.147,0.997127,0.992036,1.000000,4.037037,4.023148,4.069444,0.998286,0.994312,1.002296
ldc2,7,1,negative-both,vector16store,6,21.313,0.916,0.998851,0.994273,1.000000,4.041667,4.018519,4.055556,1.000000,1.000000,1.000000
ldc2,7,1,negative-both,cpp-approved-execution,6,5.273,0.000,4.027778,4.013889,4.055556,1.000000,1.000000,1.000000,4.041667,4.018519,4.055556
ldc2,7,1,negative-source,original,6,21.179,0.231,1.000000,1.000000,1.000000,4.016204,4.013889,4.023148,1.005767,0.998848,1.008055
ldc2,7,1,negative-source,selected64,6,21.277,0.803,0.994847,0.993127,1.000000,4.034722,4.018519,4.050926,0.999999,0.991991,1.002299
ldc2,7,1,negative-source,vector16store,6,21.289,1.032,0.994266,0.992009,1.001153,4.037037,4.013889,4.055556,1.000000,1.000000,1.000000
ldc2,7,1,negative-source,cpp-approved-execution,6,5.273,0.000,4.016204,4.013889,4.023148,1.000000,1.000000,1.000000,4.037037,4.013889,4.055556
ldc2,7,1,padded,original,6,21.167,1.499,1.000000,1.000000,1.000000,4.013889,4.009259,4.050691,1.002307,1.000000,1.009238
ldc2,7,1,padded,selected64,6,21.326,1.832,0.993174,0.988610,0.996548,4.043981,4.023148,4.078341,0.994849,0.989749,1.004598
ldc2,7,1,padded,vector16store,6,21.252,1.149,0.997699,0.990847,1.000000,4.030093,4.023148,4.050691,1.000000,1.000000,1.000000
ldc2,7,1,padded,cpp-approved-execution,6,5.273,0.463,4.013889,4.009259,4.050691,1.000000,1.000000,1.000000,4.030093,4.023148,4.050691
ldc2,7,1,repeated-source,original,6,21.228,0.920,1.000000,1.000000,1.000000,4.020833,4.004587,4.037037,1.001725,0.995418,1.010405
ldc2,7,1,repeated-source,selected64,6,21.289,0.688,0.997710,0.991972,1.000000,4.034722,4.013761,4.037037,0.999427,0.993143,1.002294
ldc2,7,1,repeated-source,vector16store,6,21.252,0.574,0.998278,0.989703,1.004603,4.030093,3.986239,4.046296,1.000000,1.000000,1.000000
ldc2,7,1,repeated-source,cpp-approved-execution,6,5.273,0.926,4.020833,4.004587,4.037037,1.000000,1.000000,1.000000,4.030093,3.986239,4.046296
ldc2,7,1,universal,original,6,58.667,5.909,1.000000,1.000000,1.000000,9.848361,9.786885,10.368852,1.006043,0.956126,1.010050
ldc2,7,1,universal,selected64,6,58.691,1.206,0.999377,0.992931,1.044591,9.852459,9.807377,9.926230,1.004777,0.998761,1.007522
ldc2,7,1,universal,vector16store,6,58.984,0.538,0.993997,0.990050,1.045887,9.901639,9.881148,9.934426,1.000000,1.000000,1.000000
ldc2,7,1,universal,cpp-approved-execution,6,5.957,0.000,9.848361,9.786885,10.368852,1.000000,1.000000,1.000000,9.901639,9.881148,9.934426
ldc2,7,17,contiguous,original,6,72.230,2.641,1.000000,1.000000,1.000000,5.561189,5.506993,5.653846,0.990570,0.981343,1.000000
ldc2,7,17,contiguous,selected64,6,72.184,1.573,1.000314,0.981308,1.017621,5.557692,5.545455,5.632867,0.991503,0.979516,1.005664
ldc2,7,17,contiguous,vector16store,6,71.594,1.586,1.009524,1.000000,1.019011,5.512238,5.500000,5.587413,1.000000,1.000000,1.000000
ldc2,7,17,contiguous,cpp-approved-execution,6,12.988,0.000,5.561189,5.506993,5.653846,1.000000,1.000000,1.000000,5.512238,5.500000,5.587413
ldc2,7,17,negative-both,original,6,103.111,3.964,1.000000,1.000000,1.000000,1.947256,1.933333,2.005978,1.005952,0.998235,1.012378
ldc2,7,17,negative-both,selected64,6,102.861,4.106,1.001971,0.990862,1.003972,1.942539,1.926496,2.003416,1.006264,0.996954,1.015972
ldc2,7,17,negative-both,vector16store,6,103.701,4.467,0.994084,0.987773,1.001768,1.955048,1.939966,2.018787,1.000000,1.000000,1.000000
ldc2,7,17,negative-both,cpp-approved-execution,6,52.997,0.428,1.947256,1.933333,2.005978,1.000000,1.000000,1.000000,1.955048,1.939966,2.018787
ldc2,7,17,negative-source,original,6,102.407,1.818,1.000000,1.000000,1.000000,1.926539,1.911664,1.946827,1.005323,0.997792,1.026918
ldc2,7,17,negative-source,selected64,6,102.679,1.238,0.998008,0.977632,1.004425,1.936535,1.924786,1.955403,1.003536,0.999116,1.011968
ldc2,7,17,negative-source,vector16store,6,103.111,1.321,0.994706,0.973788,1.002212,1.941681,1.930769,1.963122,1.000000,1.000000,1.000000
ldc2,7,17,negative-source,cpp-approved-execution,6,52.952,0.772,1.926539,1.911664,1.946827,1.000000,1.000000,1.000000,1.941681,1.930769,1.963122
ldc2,7,17,padded,original,6,101.771,1.026,1.000000,1.000000,1.000000,1.921955,1.907692,1.933962,1.006689,0.996009,1.053619
ldc2,7,17,padded,selected64,6,101.885,6.508,0.998217,0.937421,1.008949,1.924099,1.916810,2.035043,1.004911,0.944981,1.051740
ldc2,7,17,padded,vector16store,6,102.316,4.971,0.993355,0.949109,1.004007,1.931389,1.923077,2.022298,1.000000,1.000000,1.000000
ldc2,7,17,padded,cpp-approved-execution,6,52.952,0.429,1.921955,1.907692,1.933962,1.000000,1.000000,1.000000,1.931389,1.923077,2.022298
ldc2,7,17,repeated-source,original,6,100.500,0.678,1.000000,1.000000,1.000000,1.898327,1.891453,1.903945,1.004972,0.998199,1.011786
ldc2,7,17,repeated-source,selected64,6,100.772,0.631,0.998647,0.993694,1.001353,1.900472,1.895726,1.909949,1.003604,0.998649,1.005423
ldc2,7,17,repeated-source,vector16store,6,101.135,0.674,0.995053,0.988351,1.001804,1.910768,1.896493,1.915880,1.000000,1.000000,1.000000
ldc2,7,17,repeated-source,cpp-approved-execution,6,52.952,0.429,1.898327,1.891453,1.903945,1.000000,1.000000,1.000000,1.910768,1.896493,1.915880
ldc2,7,17,universal,original,6,311.830,7.369,1.000000,1.000000,1.000000,4.223490,3.983678,4.259099,0.998760,0.985113,1.006015
ldc2,7,17,universal,selected64,6,311.467,6.590,1.001167,0.995036,1.013952,4.224723,3.950490,4.230580,0.998908,0.993389,1.014099
ldc2,7,17,universal,vector16store,6,311.921,5.649,1.001243,0.994021,1.015112,4.222256,3.924374,4.259716,1.000000,1.000000,1.000000
ldc2,7,17,universal,cpp-approved-execution,6,73.660,13.379,4.223490,3.983678,4.259099,1.000000,1.000000,1.000000,4.222256,3.924374,4.259716
ldc2,7,128,contiguous,original,6,413.527,11.014,1.000000,1.000000,1.000000,6.007463,5.965174,6.626866,1.004162,0.902402,1.033140
ldc2,7,128,contiguous,selected64,6,410.445,0.668,1.007093,1.000000,1.107232,5.962687,5.945274,5.985075,1.015889,0.985798,1.038301
ldc2,7,128,contiguous,vector16store,6,416.267,5.512,0.995866,0.967923,1.108153,6.047264,5.870647,6.203980,1.000000,1.000000,1.000000
ldc2,7,128,contiguous,cpp-approved-execution,6,68.836,0.000,6.007463,5.965174,6.626866,1.000000,1.000000,1.000000,6.047264,5.870647,6.203980
ldc2,7,128,negative-both,original,6,438.699,1.093,1.000000,1.000000,1.000000,1.136646,1.126773,1.138298,1.009750,1.003894,1.014162
ldc2,7,128,negative-both,selected64,6,439.041,10.452,0.999222,0.905674,1.004702,1.136525,1.131206,1.251109,1.007799,0.917021,1.011719
ldc2,7,128,negative-both,vector16store,6,442.123,0.620,0.990347,0.986036,0.996121,1.144374,1.140957,1.150089,1.000000,1.000000,1.000000
ldc2,7,128,negative-both,cpp-approved-execution,6,386.301,0.355,1.136646,1.126773,1.138298,1.000000,1.000000,1.000000,1.144374,1.140957,1.150089
ldc2,7,128,negative-source,original,6,437.500,0.548,1.000000,1.000000,1.000000,1.132535,1.128319,1.134632,1.001564,0.999218,1.003918
ldc2,7,128,negative-source,selected64,6,437.158,12.926,1.003136,0.897059,1.010293,1.130147,1.118689,1.264836,1.003529,0.897059,1.014252
ldc2,7,128,negative-source,vector16store,6,438.356,0.469,0.998439,0.996097,1.000782,1.134308,1.131858,1.136283,1.000000,1.000000,1.000000
ldc2,7,128,negative-source,cpp-approved-execution,6,386.644,0.266,1.132535,1.128319,1.134632,1.000000,1.000000,1.000000,1.134308,1.131858,1.136283
ldc2,7,128,padded,original,6,438.014,1.251,1.000000,1.000000,1.000000,1.132920,1.116769,1.138815,1.002356,0.991460,1.178264
ldc2,7,128,padded,selected64,6,438.185,11.411,0.998436,0.901339,1.007825,1.132806,1.117647,1.256864,1.002347,0.995334,1.062016
ldc2,7,128,padded,vector16store,6,438.014,17.983,0.997652,0.848706,1.008614,1.132360,1.121159,1.334810,1.000000,1.000000,1.000000
ldc2,7,128,padded,cpp-approved-execution,6,386.815,0.974,1.132920,1.116769,1.138815,1.000000,1.000000,1.000000,1.132360,1.121159,1.334810
ldc2,7,128,repeated-source,original,6,434.760,2.363,1.000000,1.000000,1.000000,1.121066,1.114638,1.137566,1.005112,1.001550,1.013449
ldc2,7,128,repeated-source,selected64,6,436.473,1.569,0.995678,0.989011,1.001553,1.128490,1.118166,1.135802,1.001945,0.996880,1.010252
ldc2,7,128,repeated-source,vector16store,6,437.671,1.487,0.994914,0.986729,0.998452,1.129974,1.122037,1.139330,1.000000,1.000000,1.000000
ldc2,7,128,repeated-source,cpp-approved-execution,6,387.500,1.061,1.121066,1.114638,1.137566,1.000000,1.000000,1.000000,1.129974,1.122037,1.139330
ldc2,7,128,universal,original,6,2107.705,10.220,1.000000,1.000000,1.000000,3.778085,3.641937,4.027590,0.995920,0.951591,1.008923
ldc2,7,128,universal,selected64,6,2075.685,7.557,0.999683,0.990002,1.071440,3.718380,3.643777,3.924586,0.999346,0.982190,1.019573
ldc2,7,128,universal,vector16store,6,2096.575,5.864,1.004108,0.991156,1.050872,3.753525,3.641324,3.866176,1.000000,1.000000,1.000000
ldc2,7,128,universal,cpp-approved-execution,6,558.562,0.123,3.778085,3.641937,4.027590,1.000000,1.000000,1.000000,3.753525,3.641324,3.866176
ldc2,15,1,contiguous,original,6,21.570,0.566,1.000000,1.000000,1.000000,3.464706,3.458824,3.478431,1.015847,1.012401,1.022650
ldc2,15,1,contiguous,selected64,6,21.716,0.450,0.992139,0.991041,0.997750,3.488235,3.486275,3.501961,1.008974,1.005624,1.015748
ldc2,15,1,contiguous,vector16store,6,21.924,1.002,0.984402,0.977852,0.987751,3.521569,3.505882,3.541176,1.000000,1.000000,1.000000
ldc2,15,1,contiguous,cpp-approved-execution,6,6.226,0.000,3.464706,3.458824,3.478431,1.000000,1.000000,1.000000,3.521569,3.505882,3.541176
ldc2,15,1,negative-both,original,6,24.353,1.905,1.000000,1.000000,1.000000,3.750000,3.721805,3.793233,1.015497,1.000991,1.019192
ldc2,15,1,negative-both,selected64,6,24.707,1.482,0.982837,0.978261,0.997036,3.804511,3.804511,3.860902,0.998027,0.994071,1.001976
ldc2,15,1,negative-both,vector16store,6,24.695,1.878,0.984740,0.981169,0.999010,3.802632,3.781955,3.853383,1.000000,1.000000,1.000000
ldc2,15,1,negative-both,cpp-approved-execution,6,6.494,0.000,3.750000,3.721805,3.793233,1.000000,1.000000,1.000000,3.802632,3.781955,3.853383
ldc2,15,1,negative-source,original,6,24.304,1.909,1.000000,1.000000,1.000000,3.742481,3.729323,3.800752,1.013589,1.006924,1.017120
ldc2,15,1,negative-source,selected64,6,24.805,0.886,0.979793,0.978389,0.992134,3.819549,3.808271,3.842105,0.995572,0.993090,1.003933
ldc2,15,1,negative-source,vector16store,6,24.695,1.483,0.986593,0.983168,0.993124,3.802632,3.781955,3.838346,1.000000,1.000000,1.000000
ldc2,15,1,negative-source,cpp-approved-execution,6,6.494,0.000,3.742481,3.729323,3.800752,1.000000,1.000000,1.000000,3.802632,3.781955,3.838346
ldc2,15,1,padded,original,6,21.570,0.566,1.000000,1.000000,1.000000,3.321429,3.319549,3.338346,1.015855,1.010158,1.026048
ldc2,15,1,padded,selected64,6,21.704,0.675,0.994369,0.993251,0.995506,3.342105,3.338346,3.360902,1.010135,1.005618,1.019123
ldc2,15,1,padded,vector16store,6,21.936,1.224,0.984392,0.974614,0.989944,3.377820,3.364662,3.406015,1.000000,1.000000,1.000000
ldc2,15,1,padded,cpp-approved-execution,6,6.494,0.000,3.321429,3.319549,3.338346,1.000000,1.000000,1.000000,3.377820,3.364662,3.406015
ldc2,15,1,repeated-source,original,6,21.582,1.131,1.000000,1.000000,1.000000,3.323308,3.315789,3.353383,1.015281,1.011325,1.020316
ldc2,15,1,repeated-source,selected64,6,21.790,1.008,0.992142,0.989910,0.994426,3.355263,3.338346,3.372180,1.006708,1.005599,1.010056
ldc2,15,1,repeated-source,vector16store,6,21.924,1.225,0.984949,0.980088,0.988802,3.375940,3.357143,3.398496,1.000000,1.000000,1.000000
ldc2,15,1,repeated-source,cpp-approved-execution,6,6.494,0.000,3.323308,3.315789,3.353383,1.000000,1.000000,1.000000,3.375940,3.357143,3.398496
ldc2,15,1,universal,original,6,75.391,5.149,1.000000,1.000000,1.000000,7.317536,7.300948,7.695962,1.020083,0.958025,1.082441
ldc2,15,1,universal,selected64,6,75.537,1.034,1.000324,0.988133,1.041801,7.331754,7.312796,7.388626,1.021362,0.998071,1.080687
ldc2,15,1,universal,vector16store,6,77.148,7.532,0.980600,0.923838,1.043814,7.488152,7.338863,7.902844,1.000000,1.000000,1.000000
ldc2,15,1,universal,cpp-approved-execution,6,10.303,0.237,7.317536,7.300948,7.695962,1.000000,1.000000,1.000000,7.488152,7.338863,7.902844
ldc2,15,17,contiguous,original,6,77.383,2.388,1.000000,1.000000,1.000000,3.328452,3.322176,3.401674,1.007552,1.006150,1.012563
ldc2,15,17,contiguous,selected64,6,77.481,2.009,1.000000,0.996241,1.003704,3.332636,3.322176,3.389121,1.007547,1.003759,1.012563
ldc2,15,17,contiguous,vector16store,6,78.064,2.243,0.992505,0.987593,0.993888,3.357741,3.347280,3.422594,1.000000,1.000000,1.000000
ldc2,15,17,contiguous,cpp-approved-execution,6,23.249,0.000,3.328452,3.322176,3.401674,1.000000,1.000000,1.000000,3.357741,3.347280,3.422594
ldc2,15,17,negative-both,original,6,154.669,1.006,1.000000,1.000000,1.000000,2.117177,2.109043,2.133156,0.998744,0.992509,1.000631
ldc2,15,17,negative-both,selected64,6,154.669,1.006,1.001566,0.998112,1.005689,2.115103,2.106525,2.127830,0.998742,0.994994,1.003793
ldc2,15,17,negative-both,vector16store,6,154.523,0.818,1.001258,0.999370,1.007547,2.115180,2.107856,2.122340,1.000000,1.000000,1.000000
ldc2,15,17,negative-both,cpp-approved-execution,6,73.054,0.133,2.117177,2.109043,2.133156,1.000000,1.000000,1.000000,2.115180,2.107856,2.122340
ldc2,15,17,negative-source,original,6,154.767,1.069,1.000000,1.000000,1.000000,2.115691,2.105053,2.130493,1.002189,0.996859,1.073125
ldc2,15,17,negative-source,selected64,6,154.572,1.259,1.000000,0.997481,1.008192,2.114362,2.105053,2.134487,1.001250,0.996222,1.081916
ldc2,15,17,negative-source,vector16store,6,154.815,8.483,0.997818,0.931858,1.003151,2.116356,2.106525,2.283245,1.000000,1.000000,1.000000
ldc2,15,17,negative-source,cpp-approved-execution,6,73.152,0.133,2.115691,2.105053,2.130493,1.000000,1.000000,1.000000,2.116356,2.106525,2.283245
ldc2,15,17,padded,original,6,112.695,0.432,1.000000,1.000000,1.000000,1.541584,1.540613,1.545213,0.998707,0.997412,0.999137
ldc2,15,17,padded,selected64,6,113.230,0.945,0.995275,0.990598,1.000861,1.549933,1.543276,1.555851,0.994416,0.988034,0.999139
ldc2,15,17,padded,vector16store,6,112.500,0.432,1.001295,1.000864,1.002595,1.539947,1.537234,1.542553,1.000000,1.000000,1.000000
ldc2,15,17,padded,cpp-approved-execution,6,73.054,0.133,1.541584,1.540613,1.545213,1.000000,1.000000,1.000000,1.539947,1.537234,1.542553
ldc2,15,17,repeated-source,original,6,111.819,5.655,1.000000,1.000000,1.000000,1.527926,1.515645,1.531126,0.997397,0.995648,0.998261
ldc2,15,17,repeated-source,selected64,6,111.819,6.090,0.999566,0.997529,1.004371,1.526212,1.519399,1.530585,0.997826,0.993410,1.000000
ldc2,15,17,repeated-source,vector16store,6,111.576,5.405,1.002610,1.001742,1.004371,1.523619,1.509387,1.526596,1.000000,1.000000,1.000000
ldc2,15,17,repeated-source,cpp-approved-execution,6,73.152,6.383,1.527926,1.515645,1.531126,1.000000,1.000000,1.000000,1.523619,1.509387,1.526596
ldc2,15,17,universal,original,6,616.975,3.406,1.000000,1.000000,1.000000,4.178195,3.871106,4.299539,0.997079,0.978870,1.004218
ldc2,15,17,universal,selected64,6,618.580,1.966,1.000000,0.993427,1.023507,4.180435,3.871106,4.238472,0.998824,0.990297,1.001881
ldc2,15,17,universal,vector16store,6,615.564,2.054,1.002930,0.995800,1.021586,4.162714,3.865608,4.234519,1.000000,1.000000,1.000000
ldc2,15,17,universal,cpp-approved-execution,6,147.665,7.839,4.178195,3.871106,4.299539,1.000000,1.000000,1.000000,4.162714,3.865608,4.234519
ldc2,15,128,contiguous,original,6,473.162,0.466,1.000000,1.000000,1.000000,3.126214,3.111650,3.136585,0.998445,0.996894,1.003120
ldc2,15,128,contiguous,selected64,6,472.426,0.311,1.000000,0.998442,1.003115,3.118932,3.116505,3.136585,0.999222,0.996894,1.001558
ldc2,15,128,contiguous,vector16store,6,472.426,0.311,1.001558,0.996890,1.003115,3.118932,3.111650,3.136585,1.000000,1.000000,1.000000
ldc2,15,128,contiguous,cpp-approved-execution,6,151.471,0.485,3.126214,3.111650,3.136585,1.000000,1.000000,1.000000,3.118932,3.111650,3.136585
ldc2,15,128,negative-both,original,6,823.897,2.499,1.000000,1.000000,1.000000,1.534928,1.519890,1.558299,1.001341,0.991197,1.004500
ldc2,15,128,negative-both,selected64,6,823.529,1.786,1.000000,0.994690,1.008881,1.534242,1.522634,1.550069,1.000000,0.996460,1.004500
ldc2,15,128,negative-both,vector16store,6,824.265,1.695,0.998661,0.995520,1.008881,1.536978,1.521262,1.544582,1.000000,1.000000,1.000000
ldc2,15,128,negative-both,cpp-approved-execution,6,536.029,0.274,1.534928,1.519890,1.558299,1.000000,1.000000,1.000000,1.536978,1.521262,1.544582
ldc2,15,128,negative-source,original,6,822.059,1.878,1.000000,1.000000,1.000000,1.533608,1.518519,1.547325,0.999553,0.998227,1.001789
ldc2,15,128,negative-source,selected64,6,822.426,1.699,0.999552,0.996435,1.001776,1.534294,1.518519,1.544582,1.000000,0.995544,1.000903
ldc2,15,128,negative-source,vector16store,6,821.324,1.611,1.000448,0.998214,1.001776,1.532236,1.519890,1.544582,1.000000,1.000000,1.000000
ldc2,15,128,negative-source,cpp-approved-execution,6,536.029,0.000,1.533608,1.518519,1.547325,1.000000,1.000000,1.000000,1.532236,1.519890,1.544582
ldc2,15,128,padded,original,6,535.294,1.786,1.000000,1.000000,1.000000,0.998628,0.993151,1.012346,0.999319,0.995935,1.000000
ldc2,15,128,padded,selected64,6,539.338,1.091,0.993848,0.990437,0.998647,1.005482,1.002740,1.013717,0.993165,0.990437,0.997279
ldc2,15,128,padded,vector16store,6,534.926,1.375,1.000682,1.000000,1.004082,0.997942,0.993151,1.008230,1.000000,1.000000,1.000000
ldc2,15,128,padded,cpp-approved-execution,6,536.029,0.137,0.998628,0.993151,1.012346,1.000000,1.000000,1.000000,0.997942,0.993151,1.008230
ldc2,15,128,repeated-source,original,6,533.824,0.964,1.000000,1.000000,1.000000,0.992483,0.991781,0.994558,1.000000,0.998619,1.008208
ldc2,15,128,repeated-source,selected64,6,536.029,0.960,0.994505,0.993141,0.998628,0.998629,0.993188,1.000000,0.995218,0.993132,1.002721
ldc2,15,128,repeated-source,vector16store,6,534.926,1.924,1.000000,0.991859,1.001383,0.991803,0.990463,1.002721,1.000000,1.000000,1.000000
ldc2,15,128,repeated-source,cpp-approved-execution,6,538.235,0.820,0.992483,0.991781,0.994558,1.000000,1.000000,1.000000,0.991803,0.990463,1.002721
ldc2,15,128,universal,original,6,4414.338,7.679,1.000000,1.000000,1.000000,3.923856,3.883584,4.182353,0.998303,0.967320,1.013641
ldc2,15,128,universal,selected64,6,4439.338,8.679,1.003387,0.978576,1.035149,3.948671,3.832680,4.175163,1.000660,0.986700,1.031719
ldc2,15,128,universal,vector16store,6,4437.132,7.507,1.001700,0.986543,1.033784,3.945404,3.879085,4.175163,1.000000,1.000000,1.000000
ldc2,15,128,universal,cpp-approved-execution,6,1124.632,0.131,3.923856,3.883584,4.182353,1.000000,1.000000,1.000000,3.945404,3.879085,4.175163
ldc2,16,1,contiguous,original,6,19.739,3.711,1.000000,1.000000,1.000000,5.216129,5.206452,5.365385,1.020433,1.014337,1.023515
ldc2,16,1,contiguous,selected64,6,19.763,3.212,1.000618,0.997531,1.004802,5.222581,5.206452,5.339744,1.020407,1.018519,1.023486
ldc2,16,1,contiguous,vector16store,6,20.166,3.148,0.979976,0.977025,0.985866,5.329032,5.309677,5.442308,1.000000,1.000000,1.000000
ldc2,16,1,contiguous,cpp-approved-execution,6,3.784,0.645,5.216129,5.206452,5.365385,1.000000,1.000000,1.000000,5.329032,5.309677,5.442308
ldc2,16,1,negative-both,original,6,24.609,2.778,1.000000,1.000000,1.000000,6.072289,6.024096,6.192771,1.012401,1.001946,1.016000
ldc2,16,1,negative-both,selected64,6,24.780,1.773,0.993103,0.986193,1.000000,6.114458,6.090361,6.198795,1.004429,1.000972,1.008876
ldc2,16,1,negative-both,vector16store,6,24.915,1.372,0.987751,0.984252,0.998058,6.147590,6.120482,6.204819,1.000000,1.000000,1.000000
ldc2,16,1,negative-both,cpp-approved-execution,6,4.053,0.000,6.072289,6.024096,6.192771,1.000000,1.000000,1.000000,6.147590,6.120482,6.204819
ldc2,16,1,negative-source,original,6,24.634,0.991,1.000000,1.000000,1.000000,6.078313,6.035928,6.102410,1.011380,1.007937,1.015952
ldc2,16,1,negative-source,selected64,6,24.805,1.280,0.990644,0.980545,0.998030,6.120482,6.114458,6.174699,1.003939,0.988327,1.006897
ldc2,16,1,negative-source,vector16store,6,24.915,0.784,0.988748,0.984298,0.992126,6.147590,6.083832,6.168675,1.000000,1.000000,1.000000
ldc2,16,1,negative-source,cpp-approved-execution,6,4.053,0.602,6.078313,6.035928,6.102410,1.000000,1.000000,1.000000,6.147590,6.083832,6.168675
ldc2,16,1,padded,original,6,19.751,2.225,1.000000,1.000000,1.000000,4.867470,4.850299,4.969880,1.019159,1.018519,1.023030
ldc2,16,1,padded,selected64,6,19.739,2.350,1.000618,0.996310,1.002481,4.867867,4.855422,4.969880,1.020433,1.015990,1.023030
ldc2,16,1,padded,vector16store,6,20.142,2.545,0.981202,0.977488,0.981818,4.963855,4.946108,5.084337,1.000000,1.000000,1.000000
ldc2,16,1,padded,cpp-approved-execution,6,4.053,0.602,4.867470,4.850299,4.969880,1.000000,1.000000,1.000000,4.963855,4.946108,5.084337
ldc2,16,1,repeated-source,original,6,19.788,3.208,1.000000,1.000000,1.000000,4.882530,4.849398,5.006024,1.022827,1.018473,1.034898
ldc2,16,1,repeated-source,selected64,6,19.775,2.840,1.001853,0.997522,1.003623,4.879518,4.849398,4.987952,1.023455,1.019729,1.038647
ldc2,16,1,repeated-source,vector16store,6,20.203,4.592,0.977691,0.966279,0.981862,4.984940,4.951807,5.180723,1.000000,1.000000,1.000000
ldc2,16,1,repeated-source,cpp-approved-execution,6,4.053,0.000,4.882530,4.849398,5.006024,1.000000,1.000000,1.000000,4.984940,4.951807,5.180723
ldc2,16,1,universal,original,6,77.808,1.130,1.000000,1.000000,1.000000,7.177928,7.144144,7.225225,1.035186,1.006256,1.055311
ldc2,16,1,universal,selected64,6,78.235,3.557,0.992969,0.965278,1.000312,7.217342,7.202703,7.459459,1.025669,0.971316,1.051450
ldc2,16,1,universal,vector16store,6,80.371,5.043,0.966181,0.947588,0.993783,7.414414,7.220721,7.594595,1.000000,1.000000,1.000000
ldc2,16,1,universal,cpp-approved-execution,6,10.840,0.000,7.177928,7.144144,7.225225,1.000000,1.000000,1.000000,7.414414,7.220721,7.594595
ldc2,16,17,contiguous,original,6,46.833,2.661,1.000000,1.000000,1.000000,2.137441,2.136792,2.194313,1.006652,1.000000,1.015119
ldc2,16,17,contiguous,selected64,6,47.040,3.091,0.995585,0.993562,1.000000,2.146919,2.136792,2.208531,1.003316,1.000000,1.008584
ldc2,16,17,contiguous,vector16store,6,47.144,3.744,0.993392,0.985106,1.000000,2.151659,2.136792,2.227488,1.000000,1.000000,1.000000
ldc2,16,17,contiguous,cpp-approved-execution,6,21.911,0.474,2.137441,2.136792,2.194313,1.000000,1.000000,1.000000,2.151659,2.136792,2.227488
ldc2,16,17,negative-both,original,6,160.696,0.388,1.000000,1.000000,1.000000,4.991935,4.980645,5.000000,1.003227,1.000000,1.009715
ldc2,16,17,negative-both,selected64,6,160.592,4.720,1.000324,0.956683,1.001940,4.988710,4.977419,5.212903,1.004204,0.957302,1.010369
ldc2,16,17,negative-both,vector16store,6,161.371,0.772,0.996785,0.990378,1.000000,5.012903,4.990323,5.029032,1.000000,1.000000,1.000000
ldc2,16,17,negative-both,cpp-approved-execution,6,32.191,0.000,4.991935,4.980645,5.000000,1.000000,1.000000,1.000000,5.012903,4.990323,5.029032
ldc2,16,17,negative-source,original,6,161.786,0.578,1.000000,1.000000,1.000000,5.025806,5.009677,5.038710,1.004173,1.000000,1.008974
ldc2,16,17,negative-source,selected64,6,161.682,0.642,0.999042,0.996803,1.003215,5.022581,5.016129,5.048387,1.003533,0.998083,1.012219
ldc2,16,17,negative-source,vector16store,6,162.461,1.087,0.995847,0.991105,1.000000,5.046774,5.022581,5.077419,1.000000,1.000000,1.000000
ldc2,16,17,negative-source,cpp-approved-execution,6,32.191,0.000,5.025806,5.009677,5.038710,1.000000,1.000000,1.000000,5.046774,5.022581,5.077419
ldc2,16,17,padded,original,6,76.843,1.081,1.000000,1.000000,1.000000,2.387097,2.380645,2.406452,0.999325,0.997297,1.004021
ldc2,16,17,padded,selected64,6,76.791,1.623,1.000001,0.994667,1.002710,2.385484,2.380645,2.419355,1.000000,0.998650,1.000000
ldc2,16,17,padded,vector16store,6,76.791,1.487,1.000676,0.995995,1.002710,2.385484,2.380645,2.416129,1.000000,1.000000,1.000000
ldc2,16,17,padded,cpp-approved-execution,6,32.191,0.000,2.387097,2.380645,2.406452,1.000000,1.000000,1.000000,2.385484,2.380645,2.416129
ldc2,16,17,repeated-source,original,6,75.857,0.411,1.000000,1.000000,1.000000,2.356452,2.351613,2.361290,1.000000,0.998628,1.001368
ldc2,16,17,repeated-source,selected64,6,75.753,0.411,1.000684,0.998630,1.002747,2.353226,2.348387,2.358065,1.001370,0.998628,1.002747
ldc2,16,17,repeated-source,vector16store,6,75.805,0.685,1.000000,0.998634,1.001374,2.354839,2.348387,2.364516,1.000000,1.000000,1.000000
ldc2,16,17,repeated-source,cpp-approved-execution,6,32.191,0.000,2.356452,2.351613,2.361290,1.000000,1.000000,1.000000,2.354839,2.348387,2.364516
ldc2,16,17,universal,original,6,654.206,1.222,1.000000,1.000000,1.000000,4.144189,4.126073,4.176898,1.001981,0.999526,1.006399
ldc2,16,17,universal,selected64,6,655.400,2.709,0.997392,0.981776,1.004285,4.166007,4.122208,4.220976,0.999927,0.982087,1.009882
ldc2,16,17,universal,vector16store,6,655.763,0.744,0.998023,0.993642,1.000474,4.159690,4.139856,4.180739,1.000000,1.000000,1.000000
ldc2,16,17,universal,cpp-approved-execution,6,157.373,0.528,4.144189,4.126073,4.176898,1.000000,1.000000,1.000000,4.159690,4.139856,4.180739
ldc2,16,128,contiguous,original,6,250.000,0.625,1.000000,1.000000,1.000000,1.501174,1.463303,1.509434,1.003125,1.000000,1.006289
ldc2,16,128,contiguous,selected64,6,249.219,0.313,1.000000,0.996865,1.003135,1.501185,1.463303,1.509434,1.003135,1.003125,1.006270
ldc2,16,128,contiguous,vector16store,6,250.781,0.312,0.996885,0.993750,1.000000,1.505891,1.472477,1.514151,1.000000,1.000000,1.000000
ldc2,16,128,contiguous,cpp-approved-execution,6,166.016,2.824,1.501174,1.463303,1.509434,1.000000,1.000000,1.000000,1.505891,1.472477,1.514151
ldc2,16,128,negative-both,original,6,876.562,2.941,1.000000,1.000000,1.000000,3.764273,3.677632,3.864865,1.000002,0.975524,1.001800
ldc2,16,128,negative-both,selected64,6,875.391,1.071,0.999998,0.997324,1.026009,3.761824,3.687500,3.797297,1.000000,0.994657,1.000899
ldc2,16,128,negative-both,vector16store,6,873.828,0.983,0.999998,0.998203,1.025090,3.754229,3.684211,3.797297,1.000000,1.000000,1.000000
ldc2,16,128,negative-both,cpp-approved-execution,6,232.031,2.694,3.764273,3.677632,3.864865,1.000000,1.000000,1.000000,3.754229,3.684211,3.797297
ldc2,16,128,negative-source,original,6,873.047,1.432,1.000000,1.000000,1.000000,3.788491,3.775510,3.792517,1.000450,0.997326,1.002686
ldc2,16,128,negative-source,selected64,6,873.828,12.249,0.999553,0.895833,1.002681,3.788855,3.778912,4.216216,1.000000,0.897436,1.001789
ldc2,16,128,negative-source,vector16store,6,874.609,1.340,0.999550,0.997321,1.002681,3.787515,3.778912,3.796610,1.000000,1.000000,1.000000
ldc2,16,128,negative-source,cpp-approved-execution,6,230.859,1.015,3.788491,3.775510,3.792517,1.000000,1.000000,1.000000,3.787515,3.778912,3.796610
ldc2,16,128,padded,original,6,279.688,3.911,1.000000,1.000000,1.000000,1.211498,1.179661,1.227119,1.001385,1.000000,1.022923
ldc2,16,128,padded,selected64,6,280.859,3.616,1.000000,0.972145,1.000000,1.216583,1.183051,1.227119,1.000000,0.994429,1.002778
ldc2,16,128,padded,vector16store,6,280.469,3.900,0.998619,0.977591,1.000000,1.214882,1.179661,1.227119,1.000000,1.000000,1.000000
ldc2,16,128,padded,cpp-approved-execution,6,230.469,0.339,1.211498,1.179661,1.227119,1.000000,1.000000,1.000000,1.214882,1.179661,1.227119
ldc2,16,128,repeated-source,original,6,271.094,4.611,1.000000,1.000000,1.000000,1.180272,1.149007,1.234694,1.000000,0.997118,1.005510
ldc2,16,128,repeated-source,selected64,6,271.094,4.899,1.000000,1.000000,1.002890,1.180272,1.149007,1.234694,1.000000,0.997118,1.005510
ldc2,16,128,repeated-source,vector16store,6,271.094,5.476,1.000000,0.994521,1.002890,1.180272,1.149007,1.241497,1.000000,1.000000,1.000000
ldc2,16,128,repeated-source,cpp-approved-execution,6,229.688,2.721,1.180272,1.149007,1.234694,1.000000,1.000000,1.000000,1.180272,1.149007,1.241497
ldc2,16,128,universal,original,6,4791.406,7.419,1.000000,1.000000,1.000000,4.029559,3.892016,4.206307,1.001010,0.961575,1.010236
ldc2,16,128,universal,selected64,6,4773.047,7.055,0.999175,0.972157,1.008582,4.014106,3.901832,4.197766,0.997922,0.963531,1.009416
ldc2,16,128,universal,vector16store,6,4766.406,4.704,0.998995,0.989868,1.039961,4.009847,3.899149,4.097833,1.000000,1.000000,1.000000
ldc2,16,128,universal,cpp-approved-execution,6,1189.844,0.460,4.029559,3.892016,4.206307,1.000000,1.000000,1.000000,4.009847,3.899149,4.097833
ldc2,17,1,contiguous,original,6,20.361,0.600,1.000000,1.000000,1.000000,4.711864,4.700565,4.728814,1.020396,1.017921,1.023981
ldc2,17,1,contiguous,selected64,6,20.410,0.478,0.997605,0.995227,1.002395,4.723164,4.711864,4.734463,1.017964,1.015513,1.021531
ldc2,17,1,contiguous,vector16store,6,20.776,0.588,0.980012,0.976581,0.982394,4.807910,4.796610,4.824859,1.000000,1.000000,1.000000
ldc2,17,1,contiguous,cpp-approved-execution,6,4.321,0.000,4.711864,4.700565,4.728814,1.000000,1.000000,1.000000,4.807910,4.796610,4.824859
ldc2,17,1,negative-both,original,6,25.513,2.871,1.000000,1.000000,1.000000,5.558511,5.547872,5.707447,1.007665,1.000000,1.012452
ldc2,17,1,negative-both,selected64,6,25.574,2.100,1.000479,0.992395,1.006567,5.571809,5.553191,5.670213,1.006154,1.002857,1.011494
ldc2,17,1,negative-both,vector16store,6,25.745,2.086,0.992397,0.987701,1.000000,5.609043,5.590426,5.707447,1.000000,1.000000,1.000000
ldc2,17,1,negative-both,cpp-approved-execution,6,4.590,0.000,5.558511,5.547872,5.707447,1.000000,1.000000,1.000000,5.609043,5.590426,5.707447
ldc2,17,1,negative-source,original,6,25.525,4.974,1.000000,1.000000,1.000000,5.553191,5.121951,5.783069,1.007183,0.970723,1.014409
ldc2,17,1,negative-source,selected64,6,25.562,1.337,0.999522,0.993377,1.041945,5.551728,5.156098,5.569149,1.007609,1.004776,1.011439
ldc2,17,1,negative-source,vector16store,6,25.757,1.422,0.992871,0.985795,1.030160,5.601064,5.190244,5.617021,1.000000,1.000000,1.000000
ldc2,17,1,negative-source,cpp-approved-execution,6,4.590,9.043,5.553191,5.121951,5.783069,1.000000,1.000000,1.000000,5.601064,5.190244,5.617021
ldc2,17,1,padded,original,6,20.862,8.075,1.000000,1.000000,1.000000,4.542553,4.518519,4.723077,1.027533,1.016287,1.173302
ldc2,17,1,padded,selected64,6,20.984,7.097,0.994183,0.991851,1.001087,4.569149,4.550265,4.717949,1.021473,1.017391,1.165116
ldc2,17,1,padded,vector16store,6,21.509,14.415,0.973205,0.852295,0.983974,4.673745,4.654255,5.301587,1.000000,1.000000,1.000000
ldc2,17,1,padded,cpp-approved-execution,6,4.602,3.714,4.542553,4.518519,4.723077,1.000000,1.000000,1.000000,4.673745,4.654255,5.301587
ldc2,17,1,repeated-source,original,6,20.349,2.040,1.000000,1.000000,1.000000,4.428191,4.417989,4.515957,1.022768,1.021635,1.022837
ldc2,17,1,repeated-source,selected64,6,20.447,1.910,0.996414,0.991657,0.996479,4.452128,4.433862,4.531915,1.018936,1.013111,1.019139
ldc2,17,1,repeated-source,vector16store,6,20.813,2.111,0.977739,0.977673,0.978824,4.529255,4.518519,4.617021,1.000000,1.000000,1.000000
ldc2,17,1,repeated-source,cpp-approved-execution,6,4.590,0.532,4.428191,4.417989,4.515957,1.000000,1.000000,1.000000,4.529255,4.518519,4.617021
ldc2,17,1,universal,original,6,82.703,8.679,1.000000,1.000000,1.000000,7.269313,7.034335,7.665236,1.006250,0.968732,1.038438
ldc2,17,1,universal,selected64,6,80.481,11.345,0.997122,0.977559,1.069301,7.074034,7.038627,7.841202,1.024638,0.964098,1.039562
ldc2,17,1,universal,vector16store,6,83.154,11.950,0.993799,0.962985,1.032277,7.309013,7.072961,7.946352,1.000000,1.000000,1.000000
ldc2,17,1,universal,cpp-approved-execution,6,11.377,0.000,7.269313,7.034335,7.665236,1.000000,1.000000,1.000000,7.309013,7.072961,7.946352
ldc2,17,17,contiguous,original,6,56.781,0.583,1.000000,1.000000,1.000000,2.408879,2.397196,2.417840,0.997089,0.992248,1.003899
ldc2,17,17,contiguous,selected64,6,56.670,0.389,1.001944,0.996117,1.005848,2.404206,2.397196,2.413146,0.999027,0.998051,1.000000
ldc2,17,17,contiguous,vector16store,6,56.615,0.584,1.002920,0.996117,1.007812,2.404206,2.392523,2.408451,1.000000,1.000000,1.000000
ldc2,17,17,contiguous,cpp-approved-execution,6,23.594,0.467,2.408879,2.397196,2.417840,1.000000,1.000000,1.000000,2.404206,2.392523,2.408451
ldc2,17,17,negative-both,original,6,166.814,1.256,1.000000,1.000000,1.000000,3.950392,3.939948,3.989556,0.998676,0.997360,1.006627
ldc2,17,17,negative-both,selected64,6,166.979,0.990,0.998347,0.995401,1.002647,3.954308,3.942559,3.981723,0.999338,0.992773,1.003966
ldc2,17,17,negative-both,vector16store,6,166.593,1.257,1.001326,0.993417,1.002647,3.945170,3.937337,3.986945,1.000000,1.000000,1.000000
ldc2,17,17,negative-both,cpp-approved-execution,6,42.227,0.000,3.950392,3.939948,3.989556,1.000000,1.000000,1.000000,3.945170,3.937337,3.986945
ldc2,17,17,negative-source,original,6,166.483,1.060,1.000000,1.000000,1.000000,3.942559,3.926893,3.968668,1.000330,0.995395,1.002653
ldc2,17,17,negative-source,selected64,6,166.318,0.729,1.000996,0.996704,1.002639,3.938642,3.932115,3.960836,0.998681,0.998009,1.003984
ldc2,17,17,negative-source,vector16store,6,166.759,0.793,0.999670,0.997354,1.004627,3.949086,3.926893,3.958225,1.000000,1.000000,1.000000
ldc2,17,17,negative-source,cpp-approved-execution,6,42.227,0.000,3.942559,3.926893,3.968668,1.000000,1.000000,1.000000,3.949086,3.926893,3.958225
ldc2,17,17,padded,original,6,87.431,0.631,1.000000,1.000000,1.000000,2.070496,2.062663,2.075718,1.000000,0.998736,1.011321
ldc2,17,17,padded,selected64,6,87.486,1.134,1.001262,0.988736,1.002522,2.071802,2.062663,2.086162,1.000631,0.991239,1.012594
ldc2,17,17,padded,vector16store,6,87.431,1.765,1.000000,0.988806,1.001266,2.070496,2.062663,2.099217,1.000000,1.000000,1.000000
ldc2,17,17,padded,cpp-approved-execution,6,42.227,0.000,2.070496,2.062663,2.075718,1.000000,1.000000,1.000000,2.070496,2.062663,2.099217
ldc2,17,17,repeated-source,original,6,86.439,1.020,1.000000,1.000000,1.000000,2.046997,2.041775,2.062663,1.000633,0.994937,1.003822
ldc2,17,17,repeated-source,selected64,6,86.494,0.637,1.000000,0.997449,1.006369,2.048303,2.044386,2.057441,1.000000,0.997462,1.007643
ldc2,17,17,repeated-source,vector16store,6,86.549,1.019,0.999368,0.996193,1.005089,2.049608,2.044386,2.065274,1.000000,1.000000,1.000000
ldc2,17,17,repeated-source,cpp-approved-execution,6,42.227,0.000,2.046997,2.041775,2.062663,1.000000,1.000000,1.000000,2.049608,2.044386,2.065274
ldc2,17,17,universal,original,6,698.512,14.300,1.000000,1.000000,1.000000,4.197081,4.145695,4.745695,0.998167,0.985763,1.014005
ldc2,17,17,universal,selected64,6,698.071,14.183,1.000259,0.996843,1.008679,4.193377,4.147020,4.741722,0.997139,0.988479,1.018492
ldc2,17,17,universal,vector16store,6,695.094,15.100,1.001837,0.986189,1.014442,4.175166,4.134437,4.764901,1.000000,1.000000,1.000000
ldc2,17,17,universal,cpp-approved-execution,6,166.483,0.066,4.197081,4.145695,4.745695,1.000000,1.000000,1.000000,4.175166,4.134437,4.764901
ldc2,17,128,contiguous,original,6,318.333,1.571,1.000000,1.000000,1.000000,1.819089,1.801887,1.856459,1.002618,0.994845,1.010471
ldc2,17,128,contiguous,selected64,6,320.000,1.302,1.000000,0.989637,1.018373,1.826175,1.801887,1.846890,1.000000,0.997382,1.013123
ldc2,17,128,contiguous,vector16store,6,321.667,1.295,0.997416,0.989637,1.005181,1.838137,1.805687,1.846890,1.000000,1.000000,1.000000
ldc2,17,128,contiguous,cpp-approved-execution,6,175.000,1.429,1.819089,1.801887,1.856459,1.000000,1.000000,1.000000,1.838137,1.805687,1.846890
ldc2,17,128,negative-both,original,6,922.917,1.986,1.000000,1.000000,1.000000,3.020514,2.994580,3.041096,1.000000,0.999105,1.004505
ldc2,17,128,negative-both,selected64,6,921.250,1.990,1.000000,1.000000,1.003633,3.020514,2.983740,3.041096,1.000000,0.999105,1.006358
ldc2,17,128,negative-both,vector16store,6,924.167,1.894,1.000000,0.995516,1.000896,3.020425,3.002710,3.054795,1.000000,1.000000,1.000000
ldc2,17,128,negative-both,cpp-approved-execution,6,304.583,1.368,3.020514,2.994580,3.041096,1.000000,1.000000,1.000000,3.020425,3.002710,3.054795
ldc2,17,128,negative-source,original,6,929.583,1.524,1.000000,1.000000,1.000000,3.029921,3.002688,3.057377,0.999106,0.998209,1.000907
ldc2,17,128,negative-source,selected64,6,928.750,1.346,1.001798,0.999103,1.002693,3.025856,2.994624,3.049180,1.000896,1.000000,1.001817
ldc2,17,128,negative-source,vector16store,6,929.167,1.256,1.000895,0.999093,1.001794,3.027211,2.997312,3.051913,1.000000,1.000000,1.000000
ldc2,17,128,negative-source,cpp-approved-execution,6,305.000,1.913,3.029921,3.002688,3.057377,1.000000,1.000000,1.000000,3.027211,2.997312,3.051913
ldc2,17,128,padded,original,6,365.000,1.142,1.000000,1.000000,1.000000,1.197262,1.152632,1.208219,1.001134,0.997717,1.006849
ldc2,17,128,padded,selected64,6,365.417,1.140,1.000000,0.995444,1.000000,1.197262,1.152632,1.208219,1.000000,0.997717,1.006849
ldc2,17,128,padded,vector16store,6,365.833,1.367,0.998869,0.993197,1.002288,1.196994,1.160526,1.210959,1.000000,1.000000,1.000000
ldc2,17,128,padded,cpp-approved-execution,6,304.583,4.378,1.197262,1.152632,1.208219,1.000000,1.000000,1.000000,1.196994,1.160526,1.210959
ldc2,17,128,repeated-source,original,6,356.667,0.234,1.000000,1.000000,1.000000,1.179063,1.175824,1.181818,1.000000,1.000000,1.014019
ldc2,17,128,repeated-source,selected64,6,356.667,0.234,1.000000,0.997669,1.002336,1.179063,1.175824,1.181818,1.001168,0.997669,1.011655
ldc2,17,128,repeated-source,vector16store,6,357.083,1.400,1.000000,0.986175,1.000000,1.180441,1.175824,1.195592,1.000000,1.000000,1.000000
ldc2,17,128,repeated-source,cpp-approved-execution,6,302.500,0.275,1.179063,1.175824,1.181818,1.000000,1.000000,1.000000,1.180441,1.175824,1.195592
ldc2,17,128,universal,original,6,4974.583,3.920,1.000000,1.000000,1.000000,3.928586,3.884287,4.038133,1.000761,0.996841,1.008337
ldc2,17,128,universal,selected64,6,4986.667,4.997,1.000990,0.988290,1.007411,3.935549,3.877551,4.069034,1.000079,0.989982,1.015810
ldc2,17,128,universal,vector16store,6,4967.083,4.161,0.999240,0.991732,1.003169,3.922665,3.893491,4.031373,1.000000,1.000000,1.000000
ldc2,17,128,universal,cpp-approved-execution,6,1267.083,0.723,3.928586,3.884287,4.038133,1.000000,1.000000,1.000000,3.922665,3.893491,4.031373
ldc2,23,1,contiguous,original,6,22.083,3.538,1.000000,1.000000,1.000000,3.547059,3.541176,3.666667,1.026658,1.026490,1.031938
ldc2,23,1,contiguous,selected64,6,22.241,3.513,0.994502,0.991218,0.994681,3.572549,3.560784,3.686275,1.021066,1.017563,1.026287
ldc2,23,1,contiguous,vector16store,6,22.681,3.552,0.974034,0.969050,0.974194,3.643137,3.635294,3.764706,1.000000,1.000000,1.000000
ldc2,23,1,contiguous,cpp-approved-execution,6,6.226,0.000,3.547059,3.541176,3.666667,1.000000,1.000000,1.000000,3.643137,3.635294,3.764706
ldc2,23,1,negative-both,original,6,28.003,0.523,1.000000,1.000000,1.000000,4.312030,4.304511,4.327068,1.010888,1.004344,1.014821
ldc2,23,1,negative-both,selected64,6,28.186,0.693,0.994370,0.988793,0.997400,4.340226,4.330827,4.360902,1.003895,1.001733,1.006061
ldc2,23,1,negative-both,vector16store,6,28.320,0.690,0.989229,0.985395,0.995675,4.360902,4.345865,4.375940,1.000000,1.000000,1.000000
ldc2,23,1,negative-both,cpp-approved-execution,6,6.494,0.000,4.312030,4.304511,4.327068,1.000000,1.000000,1.000000,4.360902,4.345865,4.375940
ldc2,23,1,negative-source,original,6,28.040,4.266,1.000000,1.000000,1.000000,4.317669,4.315789,4.500000,1.007836,0.999165,1.015679
ldc2,23,1,negative-source,selected64,6,28.271,5.181,0.993083,0.985997,1.003454,4.353383,4.338346,4.563910,1.003458,0.985173,1.007799
ldc2,23,1,negative-source,vector16store,6,28.394,3.353,0.992225,0.984563,1.000836,4.372180,4.349624,4.496241,1.000000,1.000000,1.000000
ldc2,23,1,negative-source,cpp-approved-execution,6,6.494,0.000,4.317669,4.315789,4.500000,1.000000,1.000000,1.000000,4.372180,4.349624,4.496241
ldc2,23,1,padded,original,6,22.156,7.713,1.000000,1.000000,1.000000,3.411654,3.394737,3.657895,1.024796,1.008222,1.033369
ldc2,23,1,padded,selected64,6,22.327,7.436,0.993981,0.990142,0.998973,3.437970,3.406015,3.661654,1.017592,1.007187,1.024546
ldc2,23,1,padded,vector16store,6,22.705,6.344,0.975806,0.967708,0.991845,3.496241,3.466165,3.687970,1.000000,1.000000,1.000000
ldc2,23,1,padded,cpp-approved-execution,6,6.494,0.000,3.411654,3.394737,3.657895,1.000000,1.000000,1.000000,3.496241,3.466165,3.687970
ldc2,23,1,repeated-source,original,6,22.083,7.518,1.000000,1.000000,1.000000,3.400376,3.394737,3.650376,1.024323,1.009269,1.027655
ldc2,23,1,repeated-source,selected64,6,22.217,7.473,0.995594,0.992325,0.997805,3.421053,3.406015,3.661654,1.020329,1.006160,1.022075
ldc2,23,1,repeated-source,vector16store,6,22.656,5.819,0.976255,0.973089,0.990816,3.488722,3.481203,3.684211,1.000000,1.000000,1.000000
ldc2,23,1,repeated-source,cpp-approved-execution,6,6.494,0.000,3.400376,3.394737,3.650376,1.000000,1.000000,1.000000,3.488722,3.481203,3.684211
ldc2,23,1,universal,original,6,96.326,4.131,1.000000,1.000000,1.000000,6.527324,6.250409,6.622705,0.992667,0.972019,1.100812
ldc2,23,1,universal,selected64,6,94.568,4.931,1.012953,0.953558,1.039329,6.456861,6.367279,6.554828,1.006452,0.982893,1.049688
ldc2,23,1,universal,vector16store,6,95.801,9.480,1.007404,0.908421,1.028786,6.508347,6.397329,6.880524,1.000000,1.000000,1.000000
ldc2,23,1,universal,cpp-approved-execution,6,14.624,2.003,6.527324,6.250409,6.622705,1.000000,1.000000,1.000000,6.508347,6.397329,6.880524
ldc2,23,17,contiguous,original,6,86.866,1.031,1.000000,1.000000,1.000000,2.694444,2.689815,2.717593,1.000003,0.998282,1.008518
ldc2,23,17,contiguous,selected64,6,87.015,0.686,1.000000,0.996569,1.001706,2.699074,2.694444,2.712963,0.998285,0.998282,1.010239
ldc2,23,17,contiguous,vector16store,6,86.866,1.890,1.000000,0.991554,1.001721,2.694444,2.689815,2.740741,1.000000,1.000000,1.000000
ldc2,23,17,contiguous,cpp-approved-execution,6,32.239,0.000,2.694444,2.689815,2.717593,1.000000,1.000000,1.000000,2.694444,2.689815,2.740741
ldc2,23,17,negative-both,original,6,210.672,1.771,1.000000,1.000000,1.000000,2.860186,2.825558,2.870445,0.997154,0.991501,1.002833
ldc2,23,17,negative-both,selected64,6,209.104,1.642,1.002493,0.995000,1.010737,2.838907,2.831643,2.878296,1.000005,0.992143,1.002853
ldc2,23,17,negative-both,vector16store,6,209.403,1.924,1.002854,0.997175,1.008571,2.842955,2.817444,2.872211,1.000000,1.000000,1.000000
ldc2,23,17,negative-both,cpp-approved-execution,6,73.582,0.203,2.860186,2.825558,2.870445,1.000000,1.000000,1.000000,2.842955,2.817444,2.872211
ldc2,23,17,negative-source,original,6,209.030,0.714,1.000000,1.000000,1.000000,2.840771,2.825558,2.845842,1.001784,0.994294,1.104775
ldc2,23,17,negative-source,selected64,6,207.910,0.718,1.004670,0.997851,1.010807,2.825558,2.815416,2.835700,1.003239,0.998568,1.116715
ldc2,23,17,negative-source,vector16store,6,208.582,11.163,0.998222,0.905161,1.005739,2.834686,2.827586,3.144016,1.000000,1.000000,1.000000
ldc2,23,17,negative-source,cpp-approved-execution,6,73.582,0.000,2.840771,2.825558,2.845842,1.000000,1.000000,1.000000,2.834686,2.827586,3.144016
ldc2,23,17,padded,original,6,120.672,0.866,1.000000,1.000000,1.000000,1.639959,1.634888,1.649087,0.996909,0.992620,1.001241
ldc2,23,17,padded,selected64,6,120.522,0.372,1.000620,0.998761,1.006188,1.637931,1.634888,1.640974,0.998761,0.996292,1.000000
ldc2,23,17,padded,vector16store,6,120.373,0.248,1.003101,0.998761,1.007435,1.635903,1.632860,1.636917,1.000000,1.000000,1.000000
ldc2,23,17,padded,cpp-approved-execution,6,73.582,0.000,1.639959,1.634888,1.649087,1.000000,1.000000,1.000000,1.635903,1.632860,1.636917
ldc2,23,17,repeated-source,original,6,119.851,0.374,1.000000,1.000000,1.000000,1.628803,1.626775,1.632860,0.999377,0.998753,1.001244
ldc2,23,17,repeated-source,selected64,6,120.000,3.980,0.999377,0.962874,1.000000,1.630832,1.628803,1.693712,0.998132,0.964072,1.000000
ldc2,23,17,repeated-source,vector16store,6,119.701,0.499,1.000623,0.998758,1.001248,1.626775,1.624746,1.632860,1.000000,1.000000,1.000000
ldc2,23,17,repeated-source,cpp-approved-execution,6,73.582,0.000,1.628803,1.626775,1.632860,1.000000,1.000000,1.000000,1.626775,1.624746,1.632860
ldc2,23,17,universal,original,6,924.776,13.977,1.000000,1.000000,1.000000,4.155600,4.129357,4.712944,1.000245,0.991463,1.056496
ldc2,23,17,universal,selected64,6,926.866,14.090,1.001977,0.992749,1.010910,4.159411,4.118712,4.705567,1.003337,0.995494,1.058153
ldc2,23,17,universal,vector16store,6,927.985,20.410,0.999760,0.946525,1.008611,4.164450,4.128102,4.979209,1.000000,1.000000,1.000000
ldc2,23,17,universal,cpp-approved-execution,6,222.537,0.335,4.155600,4.129357,4.712944,1.000000,1.000000,1.000000,4.164450,4.128102,4.979209
ldc2,23,128,contiguous,original,6,542.135,1.244,1.000000,1.000000,1.000000,2.328502,2.295238,2.338164,0.997927,0.995868,1.002075
ldc2,23,128,contiguous,selected64,6,542.697,1.242,1.000000,0.997930,1.002070,2.328502,2.300000,2.333333,0.997930,0.995902,1.000000
ldc2,23,128,contiguous,vector16store,6,541.573,1.037,1.002077,0.997930,1.004149,2.326087,2.300000,2.328502,1.000000,1.000000,1.000000
ldc2,23,128,contiguous,cpp-approved-execution,6,232.584,1.449,2.328502,2.295238,2.338164,1.000000,1.000000,1.000000,2.326087,2.300000,2.328502
ldc2,23,128,negative-both,original,6,1273.596,1.147,1.000000,1.000000,1.000000,2.308554,2.294118,2.323829,1.000880,0.993865,1.004401
ldc2,23,128,negative-both,selected64,6,1275.281,0.705,0.998683,0.994709,1.001756,2.315306,2.294118,2.319756,0.998238,0.994714,1.005286
ldc2,23,128,negative-both,vector16store,6,1272.472,1.060,0.999121,0.995618,1.006173,2.308868,2.294118,2.328571,1.000000,1.000000,1.000000
ldc2,23,128,negative-both,cpp-approved-execution,6,551.685,0.611,2.308554,2.294118,2.323829,1.000000,1.000000,1.000000,2.308868,2.294118,2.328571
ldc2,23,128,negative-source,original,6,1267.416,4.344,1.000000,1.000000,1.000000,2.311475,2.295082,2.395492,0.995573,0.964072,0.999110
ldc2,23,128,negative-source,selected64,6,1262.360,0.801,1.003119,1.000000,1.035430,2.304617,2.295082,2.313525,0.998668,0.995563,1.003562
ldc2,23,128,negative-source,vector16store,6,1261.236,0.713,1.004446,1.000890,1.037267,2.300205,2.293033,2.314168,1.000000,1.000000,1.000000
ldc2,23,128,negative-source,cpp-approved-execution,6,548.315,0.205,2.311475,2.295082,2.395492,1.000000,1.000000,1.000000,2.300205,2.293033,2.314168
ldc2,23,128,padded,original,6,621.910,1.445,1.000000,1.000000,1.000000,1.134221,1.117172,1.137931,0.999109,0.998192,1.000000
ldc2,23,128,padded,selected64,6,622.472,1.986,1.000901,0.996396,1.001812,1.134083,1.115152,1.141988,0.999096,0.994671,1.001808
ldc2,23,128,padded,vector16store,6,621.910,1.445,1.000893,1.000000,1.001812,1.134221,1.115152,1.137014,1.000000,1.000000,1.000000
ldc2,23,128,padded,cpp-approved-execution,6,548.876,1.433,1.134221,1.117172,1.137931,1.000000,1.000000,1.000000,1.134221,1.115152,1.137014
ldc2,23,128,repeated-source,original,6,605.056,0.371,1.000000,1.000000,1.000000,1.120833,1.115942,1.125000,1.000000,0.998148,1.000000
ldc2,23,128,repeated-source,selected64,6,605.618,0.371,1.000000,0.998145,1.000000,1.120833,1.115942,1.125000,1.000000,0.998145,1.000000
ldc2,23,128,repeated-source,vector16store,6,605.056,0.186,1.000000,1.000000,1.001855,1.120833,1.115942,1.122917,1.000000,1.000000,1.000000
ldc2,23,128,repeated-source,cpp-approved-execution,6,539.326,0.625,1.120833,1.115942,1.125000,1.000000,1.000000,1.000000,1.120833,1.115942,1.122917
ldc2,23,128,universal,original,6,6802.247,6.128,1.000000,1.000000,1.000000,4.040053,3.941528,4.182423,0.999022,0.992200,1.019000
ldc2,23,128,universal,selected64,6,6706.742,5.579,1.009740,0.987141,1.026555,3.985981,3.938206,4.160453,1.007524,0.994322,1.033469
ldc2,23,128,universal,vector16store,6,6866.292,5.351,1.000979,0.981354,1.007861,4.078078,3.924252,4.149800,1.000000,1.000000,1.000000
ldc2,23,128,universal,cpp-approved-execution,6,1685.393,0.533,4.040053,3.941528,4.182423,1.000000,1.000000,1.000000,4.078078,3.924252,4.149800
ldc2,31,1,contiguous,original,6,22.473,0.543,1.000000,1.000000,1.000000,2.969355,2.964516,2.977419,1.031402,1.029380,1.033696
ldc2,31,1,contiguous,selected64,6,22.607,0.324,0.995136,0.991370,0.998919,2.987097,2.974277,2.990323,1.026473,1.020496,1.030270
ldc2,31,1,contiguous,vector16store,6,23.193,0.737,0.969554,0.967403,0.971459,3.062800,3.051613,3.070968,1.000000,1.000000,1.000000
ldc2,31,1,contiguous,cpp-approved-execution,6,7.568,0.323,2.969355,2.964516,2.977419,1.000000,1.000000,1.000000,3.062800,3.051613,3.070968
ldc2,31,1,negative-both,original,6,31.909,4.055,1.000000,1.000000,1.000000,4.065304,4.021739,4.186335,1.001170,0.988131,1.011547
ldc2,31,1,negative-both,selected64,6,31.897,4.286,0.995781,0.991906,1.005364,4.065421,4.046584,4.220497,1.001534,0.980132,1.004598
ldc2,31,1,negative-both,vector16store,6,31.946,2.063,0.998865,0.988584,1.012012,4.076324,4.052795,4.136646,1.000000,1.000000,1.000000
ldc2,31,1,negative-both,cpp-approved-execution,6,7.849,0.311,4.065304,4.021739,4.186335,1.000000,1.000000,1.000000,4.076324,4.052795,4.136646
ldc2,31,1,negative-source,original,6,31.763,0.999,1.000000,1.000000,1.000000,4.051402,4.034268,4.062112,1.006165,0.996942,1.009992
ldc2,31,1,negative-source,selected64,6,31.946,1.299,0.993130,0.990819,1.009259,4.069987,4.024845,4.090343,0.999617,0.994656,1.007680
ldc2,31,1,negative-source,vector16store,6,31.885,0.842,0.993873,0.990107,1.003067,4.062209,4.049689,4.093458,1.000000,1.000000,1.000000
ldc2,31,1,negative-source,cpp-approved-execution,6,7.837,0.312,4.051402,4.034268,4.062112,1.000000,1.000000,1.000000,4.062209,4.049689,4.093458
ldc2,31,1,padded,original,6,22.473,1.412,1.000000,1.000000,1.000000,2.867601,2.862928,2.894410,1.034764,1.025751,1.036997
ldc2,31,1,padded,selected64,6,22.632,0.647,0.994058,0.992441,1.001074,2.887850,2.881620,2.891304,1.028587,1.025862,1.030270
ldc2,31,1,padded,vector16store,6,23.267,0.420,0.966405,0.964323,0.974895,2.968847,2.965732,2.971963,1.000000,1.000000,1.000000
ldc2,31,1,padded,cpp-approved-execution,6,7.837,0.312,2.867601,2.862928,2.894410,1.000000,1.000000,1.000000,2.968847,2.965732,2.971963
ldc2,31,1,repeated-source,original,6,22.559,5.087,1.000000,1.000000,1.000000,2.874030,2.862928,3.000000,1.029763,1.016563,1.031556
ldc2,31,1,repeated-source,selected64,6,22.668,4.739,0.996216,0.991426,0.998966,2.888020,2.875389,3.003106,1.025339,1.015512,1.027086
ldc2,31,1,repeated-source,vector16store,6,23.230,3.573,0.971098,0.969409,0.983707,2.959569,2.953271,3.049689,1.000000,1.000000,1.000000
ldc2,31,1,repeated-source,cpp-approved-execution,6,7.849,0.311,2.874030,2.862928,3.000000,1.000000,1.000000,1.000000,2.959569,2.953271,3.049689
ldc2,31,1,universal,original,6,114.001,5.161,1.000000,1.000000,1.000000,5.912437,5.672963,5.953046,0.991110,0.970582,1.047108
ldc2,31,1,universal,selected64,6,113.635,5.844,1.002044,0.972720,1.009034,5.884518,5.793388,5.913706,0.983003,0.979350,1.018542
ldc2,31,1,universal,vector16store,6,112.732,5.761,1.009076,0.955012,1.030310,5.797589,5.689492,5.988722,1.000000,1.000000,1.000000
ldc2,31,1,universal,cpp-approved-execution,6,19.238,7.487,5.912437,5.672963,5.953046,1.000000,1.000000,1.000000,5.797589,5.689492,5.988722
ldc2,31,17,contiguous,original,6,95.473,1.686,1.000000,1.000000,1.000000,2.217290,2.078947,2.242991,1.001055,0.995833,1.010373
ldc2,31,17,contiguous,selected64,6,95.775,2.731,0.995803,0.985626,1.000000,2.224299,2.078947,2.275701,1.000000,0.981520,1.002110
ldc2,31,17,contiguous,vector16store,6,95.875,2.728,0.998947,0.989733,1.004184,2.226636,2.083333,2.244240,1.000000,1.000000,1.000000
ldc2,31,17,contiguous,cpp-approved-execution,6,43.058,6.542,2.217290,2.078947,2.242991,1.000000,1.000000,1.000000,2.226636,2.083333,2.244240
ldc2,31,17,negative-both,original,6,263.481,1.222,1.000000,1.000000,1.000000,2.785106,2.771186,2.812766,0.994682,0.991641,1.006881
ldc2,31,17,negative-both,selected64,6,262.978,1.377,1.005762,0.990895,1.011530,2.774941,2.765957,2.804255,1.002298,0.987102,1.004577
ldc2,31,17,negative-both,vector16store,6,262.777,1.455,1.005349,0.993166,1.008429,2.778723,2.761702,2.793617,1.000000,1.000000,1.000000
ldc2,31,17,negative-both,cpp-approved-execution,6,94.567,0.426,2.785106,2.771186,2.812766,1.000000,1.000000,1.000000,2.778723,2.761702,2.793617
ldc2,31,17,negative-source,original,6,264.688,2.357,1.000000,1.000000,1.000000,2.791489,2.736196,2.812766,0.996579,0.980568,0.998470
ldc2,31,17,negative-source,selected64,6,264.286,17.282,1.000760,0.874510,1.009160,2.794681,2.772340,3.128834,0.995813,0.857516,1.001535
ldc2,31,17,negative-source,vector16store,6,263.179,0.688,1.003433,1.001533,1.019817,2.778723,2.683027,2.799574,1.000000,1.000000,1.000000
ldc2,31,17,negative-source,cpp-approved-execution,6,94.567,4.255,2.791489,2.736196,2.812766,1.000000,1.000000,1.000000,2.778723,2.683027,2.799574
ldc2,31,17,padded,original,6,129.779,0.465,1.000000,1.000000,1.000000,1.372340,1.368085,1.374468,0.996899,0.993808,0.998445
ldc2,31,17,padded,selected64,6,129.577,0.466,1.001553,1.000000,1.006231,1.370213,1.365957,1.372340,0.998447,0.996899,1.000000
ldc2,31,17,padded,vector16store,6,129.376,0.156,1.003110,1.001558,1.006231,1.368085,1.365957,1.368085,1.000000,1.000000,1.000000
ldc2,31,17,padded,cpp-approved-execution,6,94.567,0.000,1.372340,1.368085,1.374468,1.000000,1.000000,1.000000,1.368085,1.365957,1.368085
ldc2,31,17,repeated-source,original,6,128.974,1.248,1.000000,1.000000,1.000000,1.364218,1.363830,1.367089,0.998440,0.996880,1.001560
ldc2,31,17,repeated-source,selected64,6,128.873,1.093,1.000773,1.000000,1.003125,1.363830,1.361702,1.364979,0.999227,0.996880,1.003125
ldc2,31,17,repeated-source,vector16store,6,128.974,1.092,1.001563,0.998442,1.003130,1.363349,1.359574,1.365957,1.000000,1.000000,1.000000
ldc2,31,17,repeated-source,cpp-approved-execution,6,94.567,1.064,1.364218,1.363830,1.367089,1.000000,1.000000,1.000000,1.363349,1.359574,1.365957
ldc2,31,17,universal,original,6,1222.837,0.757,1.000000,1.000000,1.000000,4.120339,4.107870,4.136271,1.006270,0.981302,1.024608
ldc2,31,17,universal,selected64,6,1226.358,2.248,0.999181,0.978033,1.007103,4.132881,4.104407,4.200136,1.001379,0.988272,1.016042
ldc2,31,17,universal,vector16store,6,1228.974,3.667,0.993797,0.975983,1.019054,4.142426,4.056271,4.208955,1.000000,1.000000,1.000000
ldc2,31,17,universal,cpp-approved-execution,6,296.781,0.068,4.120339,4.107870,4.136271,1.000000,1.000000,1.000000,4.142426,4.056271,4.208955
ldc2,31,128,contiguous,original,6,615.909,1.230,1.000000,1.000000,1.000000,1.951923,1.893023,1.966507,1.000000,0.997537,1.004866
ldc2,31,128,contiguous,selected64,6,617.424,1.963,1.000000,0.995157,1.002469,1.949634,1.897674,1.976077,1.000000,0.997543,1.002469
ldc2,31,128,contiguous,vector16store,6,616.667,1.966,1.000000,0.995157,1.002469,1.951923,1.897674,1.976077,1.000000,1.000000,1.000000
ldc2,31,128,contiguous,cpp-approved-execution,6,316.667,3.349,1.951923,1.893023,1.966507,1.000000,1.000000,1.000000,1.951923,1.897674,1.976077
ldc2,31,128,negative-both,original,6,1702.273,1.424,1.000000,1.000000,1.000000,2.398721,2.377399,2.411514,0.999556,0.997309,1.121132
ldc2,31,128,negative-both,selected64,6,1700.758,1.158,1.000891,0.995563,1.003565,2.392324,2.377399,2.413276,1.000446,0.996451,1.124113
ldc2,31,128,negative-both,vector16store,6,1701.515,13.891,1.000444,0.891956,1.002698,2.396588,2.371002,2.703625,1.000000,1.000000,1.000000
ldc2,31,128,negative-both,cpp-approved-execution,6,710.606,0.640,2.398721,2.377399,2.411514,1.000000,1.000000,1.000000,2.396588,2.371002,2.703625
ldc2,31,128,negative-source,original,6,1709.848,1.684,1.000000,1.000000,1.000000,2.400424,2.372340,2.412766,1.000000,0.999103,1.002646
ldc2,31,128,negative-source,selected64,6,1707.576,1.775,1.000444,0.999119,1.001775,2.397230,2.372340,2.414894,1.001325,0.999103,1.001779
ldc2,31,128,negative-source,vector16store,6,1709.848,2.038,1.000000,0.997361,1.000898,2.401490,2.370213,2.419149,1.000000,1.000000,1.000000
ldc2,31,128,negative-source,cpp-approved-execution,6,712.121,0.426,2.400424,2.372340,2.412766,1.000000,1.000000,1.000000,2.401490,2.370213,2.419149
ldc2,31,128,padded,original,6,699.242,2.384,1.000000,1.000000,1.000000,0.986097,0.976496,0.995726,1.000000,0.997817,1.002137
ldc2,31,128,padded,selected64,6,697.727,2.823,1.002188,1.000000,1.004396,0.985024,0.972222,0.993631,1.001068,1.000000,1.004396
ldc2,31,128,padded,vector16store,6,698.485,2.603,1.000000,0.997868,1.002188,0.985024,0.976496,0.995754,1.000000,1.000000,1.000000
ldc2,31,128,padded,cpp-approved-execution,6,709.091,1.068,0.986097,0.976496,0.995726,1.000000,1.000000,1.000000,0.985024,0.976496,0.995754
ldc2,31,128,repeated-source,original,6,682.576,0.666,1.000000,1.000000,1.000000,0.979348,0.976087,0.982609,1.000000,0.997783,1.004444
ldc2,31,128,repeated-source,selected64,6,681.818,0.889,1.000000,0.995595,1.004444,0.978261,0.978261,0.986957,0.998891,0.995595,1.004444
ldc2,31,128,repeated-source,vector16store,6,682.576,0.666,1.000000,0.995575,1.002222,0.979348,0.976087,0.982609,1.000000,1.000000,1.000000
ldc2,31,128,repeated-source,cpp-approved-execution,6,696.970,0.000,0.979348,0.976087,0.982609,1.000000,1.000000,1.000000,0.979348,0.976087,0.982609
ldc2,31,128,universal,original,6,8971.970,3.530,1.000000,1.000000,1.000000,3.999661,3.747232,4.095044,1.010514,0.995279,1.068275
ldc2,31,128,universal,selected64,6,9021.212,7.457,0.993859,0.959981,0.998653,4.018320,3.903444,4.126273,1.005068,0.993938,1.025524
ldc2,31,128,universal,vector16store,6,9121.970,10.066,0.989599,0.936088,1.004743,4.024438,3.936751,4.147997,1.000000,1.000000,1.000000
ldc2,31,128,universal,cpp-approved-execution,6,2232.576,10.383,3.999661,3.747232,4.095044,1.000000,1.000000,1.000000,4.024438,3.936751,4.147997
ldc2,32,1,contiguous,original,6,20.984,0.931,1.000000,1.000000,1.000000,4.297500,4.275000,4.315000,1.029736,1.025492,1.032558
ldc2,32,1,contiguous,selected64,6,21.045,0.580,0.997102,0.996503,1.001160,4.310000,4.290000,4.315000,1.026667,1.024362,1.030162
ldc2,32,1,contiguous,vector16store,6,21.594,0.904,0.971123,0.968468,0.975141,4.422500,4.400000,4.440000,1.000000,1.000000,1.000000
ldc2,32,1,contiguous,cpp-approved-execution,6,4.883,0.000,4.297500,4.275000,4.315000,1.000000,1.000000,1.000000,4.422500,4.400000,4.440000
ldc2,32,1,negative-both,original,6,32.080,11.644,1.000000,1.000000,1.000000,6.227488,6.208531,6.933649,1.011416,0.960355,1.015982
ldc2,32,1,negative-both,selected64,6,32.336,15.629,0.991699,0.958088,0.995455,6.277251,6.255924,7.236967,1.003019,0.920105,1.009091
ldc2,32,1,negative-both,vector16store,6,32.495,6.311,0.988714,0.984270,1.041281,6.308057,6.260664,6.658768,1.000000,1.000000,1.000000
ldc2,32,1,negative-both,cpp-approved-execution,6,5.151,0.000,6.227488,6.208531,6.933649,1.000000,1.000000,1.000000,6.308057,6.260664,6.658768
ldc2,32,1,negative-source,original,6,32.312,2.720,1.000000,1.000000,1.000000,6.265403,3.387500,6.355450,1.003787,0.987323,1.129909
ldc2,32,1,negative-source,selected64,6,32.446,2.333,0.995861,0.993971,1.015140,6.284360,3.380000,6.308057,1.002245,0.996243,1.123967
ldc2,32,1,negative-source,vector16store,6,32.434,12.947,0.996229,0.885027,1.012840,6.284360,3.387500,7.090047,1.000000,1.000000,1.000000
ldc2,32,1,negative-source,cpp-approved-execution,6,5.151,89.573,6.265403,3.387500,6.355450,1.000000,1.000000,1.000000,6.284360,3.387500,7.090047
ldc2,32,1,padded,original,6,20.886,1.169,1.000000,1.000000,1.000000,4.054502,4.047393,4.094787,1.029842,1.020833,1.032787
ldc2,32,1,padded,selected64,6,20.923,0.467,0.998253,0.996499,1.005821,4.061611,4.056872,4.075829,1.027438,1.024419,1.030374
ldc2,32,1,padded,vector16store,6,21.521,0.340,0.971023,0.968254,0.979592,4.177725,4.170616,4.184834,1.000000,1.000000,1.000000
ldc2,32,1,padded,cpp-approved-execution,6,5.151,0.000,4.054502,4.047393,4.094787,1.000000,1.000000,1.000000,4.177725,4.170616,4.184834
ldc2,32,1,repeated-source,original,6,20.959,2.446,1.000000,1.000000,1.000000,4.068720,4.061611,4.161137,1.030302,1.021640,1.034965
ldc2,32,1,repeated-source,selected64,6,20.996,2.674,0.998256,0.991898,1.006985,4.075829,4.066351,4.175355,1.028504,1.018161,1.033760
ldc2,32,1,repeated-source,vector16store,6,21.619,1.694,0.970591,0.966216,0.978818,4.196682,4.180095,4.251185,1.000000,1.000000,1.000000
ldc2,32,1,repeated-source,cpp-approved-execution,6,5.151,0.000,4.068720,4.061611,4.161137,1.000000,1.000000,1.000000,4.196682,4.180095,4.251185
ldc2,32,1,universal,original,6,115.955,5.980,1.000000,1.000000,1.000000,5.824254,5.655298,6.075216,1.003054,0.972397,1.031445
ldc2,32,1,universal,selected64,6,116.248,5.397,0.996227,0.979949,1.025226,5.839093,5.649208,6.035758,1.000425,0.978754,1.027598
ldc2,32,1,universal,vector16store,6,116.345,0.818,0.996956,0.969513,1.028387,5.849898,5.803898,5.907522,1.000000,1.000000,1.000000
ldc2,32,1,universal,cpp-approved-execution,6,19.922,1.348,5.824254,5.655298,6.075216,1.000000,1.000000,1.000000,5.849898,5.803898,5.907522
ldc2,32,17,contiguous,original,6,67.464,4.931,1.000000,1.000000,1.000000,1.591147,1.527273,1.608911,1.000000,0.991124,1.003077
ldc2,32,17,contiguous,selected64,6,67.360,5.247,1.000000,0.997050,1.006211,1.586245,1.527273,1.608911,1.003027,0.988201,1.006211
ldc2,32,17,contiguous,vector16store,6,67.568,4.923,1.000000,0.996933,1.008955,1.588672,1.515837,1.613861,1.000000,1.000000,1.000000
ldc2,32,17,contiguous,cpp-approved-execution,6,42.204,9.360,1.591147,1.527273,1.608911,1.000000,1.000000,1.000000,1.588672,1.515837,1.613861
ldc2,32,17,negative-both,original,6,268.607,0.464,1.000000,1.000000,1.000000,5.222672,5.192771,5.238866,0.997677,0.995363,0.998453
ldc2,32,17,negative-both,selected64,6,267.464,0.466,1.001941,1.000775,1.006226,5.208502,5.160643,5.226721,1.000000,0.997674,1.004669
ldc2,32,17,negative-both,vector16store,6,267.672,0.388,1.002329,1.001549,1.004658,5.210526,5.184739,5.218623,1.000000,1.000000,1.000000
ldc2,32,17,negative-both,cpp-approved-execution,6,51.351,0.810,5.222672,5.192771,5.238866,1.000000,1.000000,1.000000,5.210526,5.184739,5.218623
ldc2,32,17,negative-source,original,6,270.166,0.616,1.000000,1.000000,1.000000,5.261134,5.242915,5.275304,0.998465,0.994615,1.000000
ldc2,32,17,negative-source,selected64,6,269.127,0.541,1.002321,1.000770,1.006187,5.240891,5.230769,5.259109,1.002315,0.995381,1.002322
ldc2,32,17,negative-source,vector16store,6,269.335,0.463,1.001540,1.000000,1.005414,5.244939,5.234818,5.259109,1.000000,1.000000,1.000000
ldc2,32,17,negative-source,cpp-approved-execution,6,51.351,0.000,5.261134,5.242915,5.275304,1.000000,1.000000,1.000000,5.244939,5.234818,5.259109
ldc2,32,17,padded,original,6,97.193,0.642,1.000000,1.000000,1.000000,1.892713,1.890688,1.902834,1.001064,0.993617,1.002141
ldc2,32,17,padded,selected64,6,97.297,0.641,1.000000,0.997863,1.004274,1.894737,1.890688,1.895161,1.000000,0.997863,1.002141
ldc2,32,17,padded,vector16store,6,97.193,0.856,0.998938,0.997863,1.006424,1.892713,1.890688,1.899194,1.000000,1.000000,1.000000
ldc2,32,17,padded,cpp-approved-execution,6,51.351,0.405,1.892713,1.890688,1.902834,1.000000,1.000000,1.000000,1.892713,1.890688,1.899194
ldc2,32,17,repeated-source,original,6,96.570,0.646,1.000000,1.000000,1.000000,1.878543,1.875502,1.882591,1.001075,0.997849,1.002155
ldc2,32,17,repeated-source,selected64,6,96.466,0.862,1.000000,0.995708,1.004320,1.878543,1.874494,1.886640,1.001078,0.997854,1.004310
ldc2,32,17,repeated-source,vector16store,6,96.674,0.430,0.998927,0.997849,1.002155,1.880567,1.871486,1.886640,1.000000,1.000000,1.000000
ldc2,32,17,repeated-source,cpp-approved-execution,6,51.351,0.810,1.878543,1.875502,1.882591,1.000000,1.000000,1.000000,1.880567,1.871486,1.886640
ldc2,32,17,universal,original,6,1266.632,18.383,1.000000,1.000000,1.000000,4.140329,4.109375,4.873555,0.994642,0.976622,1.001800
ldc2,32,17,universal,selected64,6,1288.773,20.197,0.994467,0.950292,1.011686,4.212681,4.069293,4.923182,0.978301,0.929055,1.010017
ldc2,32,17,universal,vector16store,6,1257.173,19.382,1.005401,0.998203,1.023938,4.108016,4.032631,4.829368,1.000000,1.000000,1.000000
ldc2,32,17,universal,cpp-approved-execution,6,306.029,0.068,4.140329,4.109375,4.873555,1.000000,1.000000,1.000000,4.108016,4.032631,4.829368
ldc2,32,128,contiguous,original,6,404.688,2.317,1.000000,1.000000,1.000000,1.233333,1.201835,1.261905,1.000000,1.000000,1.007634
ldc2,32,128,contiguous,selected64,6,404.688,2.317,1.000000,1.000000,1.000000,1.233333,1.201835,1.261905,1.000000,1.000000,1.007634
ldc2,32,128,contiguous,vector16store,6,404.688,2.317,1.000000,0.992424,1.000000,1.233333,1.211009,1.261905,1.000000,1.000000,1.000000
ldc2,32,128,contiguous,cpp-approved-execution,6,328.125,3.810,1.233333,1.201835,1.261905,1.000000,1.000000,1.000000,1.233333,1.211009,1.261905
ldc2,32,128,negative-both,original,6,1759.375,1.243,1.000000,1.000000,1.000000,4.518956,4.386719,4.534137,0.999109,0.994714,1.000000
ldc2,32,128,negative-both,selected64,6,1756.250,0.801,0.999558,0.999110,1.009786,4.489044,4.390625,4.538153,0.999109,0.996460,1.004448
ldc2,32,128,negative-both,vector16store,6,1757.031,0.800,1.000892,1.000000,1.005314,4.505004,4.382812,4.528226,1.000000,1.000000,1.000000
ldc2,32,128,negative-both,cpp-approved-execution,6,391.406,3.194,4.518956,4.386719,4.534137,1.000000,1.000000,1.000000,4.505004,4.382812,4.528226
ldc2,32,128,negative-source,original,6,1746.875,0.537,1.000000,1.000000,1.000000,4.478000,4.450199,4.524194,1.000894,1.000000,1.004480
ldc2,32,128,negative-source,selected64,6,1746.094,0.447,1.000446,0.997324,1.004476,4.482000,4.446215,4.508065,1.001789,1.000000,1.004476
ldc2,32,128,negative-source,vector16store,6,1751.562,0.357,0.999107,0.995540,1.000000,4.486000,4.454183,4.524194,1.000000,1.000000,1.000000
ldc2,32,128,negative-source,cpp-approved-execution,6,390.625,1.200,4.478000,4.450199,4.524194,1.000000,1.000000,1.000000,4.486000,4.454183,4.524194
ldc2,32,128,padded,original,6,449.219,1.739,1.000000,1.000000,1.000000,1.141710,1.117647,1.156000,1.000000,0.989474,1.006944
ldc2,32,128,padded,selected64,6,447.656,1.745,1.000000,0.996540,1.003497,1.139726,1.117647,1.156000,1.001730,0.989474,1.006920
ldc2,32,128,padded,vector16store,6,448.438,3.136,1.000000,0.993103,1.010638,1.139726,1.105882,1.164000,1.000000,1.000000,1.000000
ldc2,32,128,padded,cpp-approved-execution,6,392.188,2.390,1.141710,1.117647,1.156000,1.000000,1.000000,1.000000,1.139726,1.105882,1.164000
ldc2,32,128,repeated-source,original,6,435.156,3.232,1.000000,1.000000,1.000000,1.161099,1.125000,1.181818,0.998289,0.971326,1.003610
ldc2,32,128,repeated-source,selected64,6,434.375,3.237,1.001799,0.996403,1.007273,1.163200,1.120968,1.175732,1.000000,0.974820,1.003597
ldc2,32,128,repeated-source,vector16store,6,435.156,4.668,1.001742,0.996403,1.029520,1.165284,1.092742,1.175732,1.000000,1.000000,1.000000
ldc2,32,128,repeated-source,cpp-approved-execution,6,375.000,4.167,1.161099,1.125000,1.181818,1.000000,1.000000,1.000000,1.165284,1.092742,1.175732
ldc2,32,128,universal,original,6,9367.188,4.187,1.000000,1.000000,1.000000,4.033851,3.747026,4.176630,1.005140,0.991379,1.015374
ldc2,32,128,universal,selected64,6,9412.500,3.569,1.000424,0.986319,1.008527,4.029171,3.798998,4.149457,1.000825,0.989801,1.010691
ldc2,32,128,universal,vector16store,6,9374.219,2.317,0.994897,0.984858,1.008696,4.046752,3.804634,4.140625,1.000000,1.000000,1.000000
ldc2,32,128,universal,cpp-approved-execution,6,2309.375,8.457,4.033851,3.747026,4.176630,1.000000,1.000000,1.000000,4.046752,3.804634,4.140625
ldc2,33,1,contiguous,original,6,21.375,6.511,1.000000,1.000000,1.000000,3.757511,3.733906,3.978541,1.027801,1.025057,1.032184
ldc2,33,1,contiguous,selected64,6,21.375,5.825,0.998857,0.993151,1.004577,3.757511,3.751073,3.969957,1.026152,1.024027,1.030270
ldc2,33,1,contiguous,vector16store,6,21.948,6.452,0.972951,0.968820,0.975556,3.858369,3.841202,4.090129,1.000000,1.000000,1.000000
ldc2,33,1,contiguous,cpp-approved-execution,6,5.688,0.000,3.757511,3.733906,3.978541,1.000000,1.000000,1.000000,3.858369,3.841202,4.090129
ldc2,33,1,negative-both,original,6,32.776,2.011,1.000000,1.000000,1.000000,5.640756,5.613445,5.726891,0.994781,0.983125,1.005174
ldc2,33,1,negative-both,selected64,6,32.483,0.827,1.011640,1.000749,1.024812,5.590336,5.563025,5.609244,1.005262,0.996255,1.019490
ldc2,33,1,negative-both,vector16store,6,32.617,2.395,1.005247,0.994853,1.017164,5.613445,5.579832,5.714286,1.000000,1.000000,1.000000
ldc2,33,1,negative-both,cpp-approved-execution,6,5.811,0.000,5.640756,5.613445,5.726891,1.000000,1.000000,1.000000,5.613445,5.579832,5.714286
ldc2,33,1,negative-source,original,6,32.678,1.868,1.000000,1.000000,1.000000,5.623950,5.575630,5.680672,0.993310,0.985895,1.007536
ldc2,33,1,negative-source,selected64,6,32.410,0.452,1.009046,0.999247,1.016604,5.577731,5.567227,5.592437,1.004144,1.002261,1.008264
ldc2,33,1,negative-source,vector16store,6,32.544,1.050,1.006736,0.992521,1.014307,5.600840,5.579832,5.638655,1.000000,1.000000,1.000000
ldc2,33,1,negative-source,cpp-approved-execution,6,5.811,0.000,5.623950,5.575630,5.680672,1.000000,1.000000,1.000000,5.600840,5.579832,5.638655
ldc2,33,1,padded,original,6,21.265,0.574,1.000000,1.000000,1.000000,3.659664,3.651261,3.672269,1.033829,1.030999,1.040276
ldc2,33,1,padded,selected64,6,21.387,0.685,0.993722,0.992045,0.996568,3.680672,3.672269,3.697479,1.027983,1.025000,1.033143
ldc2,33,1,padded,vector16store,6,22.021,0.665,0.967278,0.961283,0.969933,3.789916,3.773109,3.798319,1.000000,1.000000,1.000000
ldc2,33,1,padded,cpp-approved-execution,6,5.811,0.000,3.659664,3.651261,3.672269,1.000000,1.000000,1.000000,3.789916,3.773109,3.798319
ldc2,33,1,repeated-source,original,6,21.313,6.987,1.000000,1.000000,1.000000,3.668067,3.647059,3.903361,1.031593,1.024747,1.033372
ldc2,33,1,repeated-source,selected64,6,21.497,7.041,0.996670,0.984216,0.998856,3.699580,3.655462,3.915966,1.026922,1.014656,1.030043
ldc2,33,1,repeated-source,vector16store,6,21.948,7.230,0.969375,0.967706,0.975851,3.777311,3.760504,4.033613,1.000000,1.000000,1.000000
ldc2,33,1,repeated-source,cpp-approved-execution,6,5.811,0.000,3.668067,3.647059,3.903361,1.000000,1.000000,1.000000,3.777311,3.760504,4.033613
ldc2,33,1,universal,original,6,115.527,5.896,1.000000,1.000000,1.000000,5.613286,5.559905,5.961585,1.003718,0.957914,1.030547
ldc2,33,1,universal,selected64,6,117.712,3.505,0.984817,0.969992,1.054129,5.719454,5.651246,5.788849,0.997738,0.975914,1.019731
ldc2,33,1,universal,vector16store,6,116.956,3.465,0.996325,0.970358,1.043935,5.716552,5.575326,5.772242,1.000000,1.000000,1.000000
ldc2,33,1,universal,cpp-approved-execution,6,20.581,1.186,5.613286,5.559905,5.961585,1.000000,1.000000,1.000000,5.716552,5.575326,5.772242
ldc2,33,17,contiguous,original,6,76.981,40.612,1.000000,1.000000,1.000000,1.762370,1.747525,2.198238,1.004222,0.975952,1.016086
ldc2,33,17,contiguous,selected64,6,76.660,44.134,0.997179,0.974609,1.005571,1.762395,1.751220,2.255507,1.004198,0.951172,1.010667
ldc2,33,17,contiguous,vector16store,6,77.088,36.667,0.995798,0.984169,1.024641,1.769809,1.757426,2.145374,1.000000,1.000000,1.000000
ldc2,33,17,contiguous,cpp-approved-execution,6,43.362,12.840,1.762370,1.747525,2.198238,1.000000,1.000000,1.000000,1.769809,1.757426,2.145374
ldc2,33,17,negative-both,original,6,276.124,0.698,1.000000,1.000000,1.000000,4.414384,4.395904,4.457045,0.999612,0.996145,1.002329
ldc2,33,17,negative-both,selected64,6,276.017,0.155,1.000000,0.999224,1.006988,4.412671,4.399317,4.426117,1.000388,0.999224,1.003106
ldc2,33,17,negative-both,vector16store,6,276.124,0.310,1.000388,0.997676,1.003870,4.414384,4.395904,4.439863,1.000000,1.000000,1.000000
ldc2,33,17,negative-both,cpp-approved-execution,6,62.527,0.685,4.414384,4.395904,4.457045,1.000000,1.000000,1.000000,4.414384,4.395904,4.439863
ldc2,33,17,negative-source,original,6,276.874,0.464,1.000000,1.000000,1.000000,4.428082,4.423208,4.445205,1.000770,0.996914,1.004640
ldc2,33,17,negative-source,selected64,6,276.445,0.310,1.001937,1.000000,1.003873,4.421233,4.406143,4.431507,1.003481,1.000000,1.006197
ldc2,33,17,negative-source,vector16store,6,277.516,0.694,0.999231,0.995381,1.003096,4.438356,4.409556,4.452055,1.000000,1.000000,1.000000
ldc2,33,17,negative-source,cpp-approved-execution,6,62.527,0.342,4.428082,4.423208,4.445205,1.000000,1.000000,1.000000,4.438356,4.409556,4.452055
ldc2,33,17,padded,original,6,113.383,0.567,1.000000,1.000000,1.000000,1.813356,1.802048,1.818493,0.999057,0.998106,1.000000
ldc2,33,17,padded,selected64,6,113.276,1.890,0.999058,0.986989,1.003788,1.809932,1.805461,1.842466,0.998117,0.986989,1.001894
ldc2,33,17,padded,vector16store,6,113.276,0.756,1.000945,1.000000,1.001898,1.811644,1.798635,1.818493,1.000000,1.000000,1.000000
ldc2,33,17,padded,cpp-approved-execution,6,62.527,0.342,1.813356,1.802048,1.818493,1.000000,1.000000,1.000000,1.811644,1.798635,1.818493
ldc2,33,17,repeated-source,original,6,112.634,1.331,1.000000,1.000000,1.000000,1.801370,1.787162,1.807560,1.001890,0.998120,1.003810
ldc2,33,17,repeated-source,selected64,6,112.848,1.328,1.000000,0.996212,1.005736,1.796233,1.784512,1.814433,1.002834,1.000000,1.005736
ldc2,33,17,repeated-source,vector16store,6,112.955,0.948,0.998117,0.996205,1.001883,1.801370,1.787879,1.814433,1.000000,1.000000,1.000000
ldc2,33,17,repeated-source,cpp-approved-execution,6,62.527,2.055,1.801370,1.787162,1.807560,1.000000,1.000000,1.000000,1.801370,1.787879,1.814433
ldc2,33,17,universal,original,6,1312.527,5.661,1.000000,1.000000,1.000000,4.089820,4.056704,4.291055,0.985010,0.932638,1.003947
ldc2,33,17,universal,selected64,6,1312.634,9.380,1.000167,0.931273,1.015963,4.088393,4.064753,4.448598,0.984334,0.914616,1.000164
ldc2,33,17,universal,vector16store,6,1299.251,1.813,1.015227,0.996069,1.072227,4.046368,4.002003,4.072715,1.000000,1.000000,1.000000
ldc2,33,17,universal,cpp-approved-execution,6,320.771,0.267,4.089820,4.056704,4.291055,1.000000,1.000000,1.000000,4.046368,4.002003,4.072715
ldc2,33,128,contiguous,original,6,466.935,0.691,1.000000,1.000000,1.000000,1.382775,1.379147,1.387560,1.000000,0.996552,1.003436
ldc2,33,128,contiguous,selected64,6,466.129,0.692,1.000000,1.000000,1.003460,1.382775,1.379147,1.387560,1.000000,0.996552,1.003436
ldc2,33,128,contiguous,vector16store,6,466.129,1.038,1.000000,0.996575,1.003460,1.382775,1.382775,1.383886,1.000000,1.000000,1.000000
ldc2,33,128,contiguous,cpp-approved-execution,6,337.097,0.957,1.382775,1.379147,1.387560,1.000000,1.000000,1.000000,1.382775,1.382775,1.383886
ldc2,33,128,negative-both,original,6,1808.065,0.624,1.000000,1.000000,1.000000,3.680921,3.664495,3.702970,1.000000,0.995556,1.001779
ldc2,33,128,negative-both,selected64,6,1808.065,0.446,1.000445,0.998221,1.001783,3.680921,3.661238,3.709571,0.999553,0.996441,1.003565
ldc2,33,128,negative-both,vector16store,6,1806.452,0.714,1.000000,0.998224,1.004464,3.681975,3.648208,3.696370,1.000000,1.000000,1.000000
ldc2,33,128,negative-both,cpp-approved-execution,6,490.323,1.316,3.680921,3.664495,3.702970,1.000000,1.000000,1.000000,3.681975,3.648208,3.696370
ldc2,33,128,negative-source,original,6,1812.903,0.890,1.000000,1.000000,1.000000,3.711731,3.696370,3.750000,0.999997,0.997326,1.005357
ldc2,33,128,negative-source,selected64,6,1814.516,0.711,1.000000,0.997340,1.002662,3.709107,3.695082,3.760000,0.999555,0.997338,1.004460
ldc2,33,128,negative-source,vector16store,6,1814.516,1.067,1.000004,0.994671,1.002681,3.712401,3.693069,3.760000,1.000000,1.000000,1.000000
ldc2,33,128,negative-source,cpp-approved-execution,6,488.710,1.650,3.711731,3.696370,3.750000,1.000000,1.000000,1.000000,3.712401,3.693069,3.760000
ldc2,33,128,padded,original,6,534.677,2.413,1.000000,1.000000,1.000000,1.112416,1.106312,1.122924,1.000000,1.000000,1.003021
ldc2,33,128,padded,selected64,6,534.677,1.810,1.000000,0.996979,1.003021,1.110738,1.106312,1.119601,1.001484,0.996979,1.003021
ldc2,33,128,padded,vector16store,6,535.484,2.410,1.000000,0.996988,1.000000,1.114094,1.106312,1.122924,1.000000,1.000000,1.000000
ldc2,33,128,padded,cpp-approved-execution,6,480.645,1.342,1.112416,1.106312,1.122924,1.000000,1.000000,1.000000,1.114094,1.106312,1.122924
ldc2,33,128,repeated-source,original,6,512.903,0.314,1.000000,1.000000,1.000000,1.115789,1.111888,1.115789,1.000000,0.993711,1.003145
ldc2,33,128,repeated-source,selected64,6,512.097,0.630,1.000000,1.000000,1.006329,1.112281,1.108772,1.115789,1.000000,0.996855,1.003155
ldc2,33,128,repeated-source,vector16store,6,512.097,0.945,1.000000,0.996865,1.006329,1.114035,1.108392,1.119298,1.000000,1.000000,1.000000
ldc2,33,128,repeated-source,cpp-approved-execution,6,459.677,0.351,1.115789,1.111888,1.115789,1.000000,1.000000,1.000000,1.114035,1.108392,1.119298
ldc2,33,128,universal,original,6,9663.710,4.506,1.000000,1.000000,1.000000,4.073080,3.983718,4.175391,1.001083,0.987617,1.018222
ldc2,33,128,universal,selected64,6,9727.419,2.189,0.998919,0.963887,1.009533,4.098535,4.048913,4.135962,0.996110,0.981451,1.007396
ldc2,33,128,universal,vector16store,6,9674.194,3.785,0.998919,0.982104,1.012538,4.077498,4.009511,4.166553,1.000000,1.000000,1.000000
ldc2,33,128,universal,cpp-approved-execution,6,2373.387,0.204,4.073080,3.983718,4.175391,1.000000,1.000000,1.000000,4.077498,4.009511,4.166553
ldc2,47,1,contiguous,original,6,23.621,0.930,1.000000,1.000000,1.000000,2.725352,2.715493,2.740845,1.045885,1.035971,1.202073
ldc2,47,1,contiguous,selected64,6,23.633,1.033,0.999482,0.994856,1.005165,2.726761,2.718310,2.746479,1.042266,1.040415,1.202073
ldc2,47,1,contiguous,vector16store,6,24.768,15.377,0.956135,0.831897,0.965278,2.857746,2.828169,3.267606,1.000000,1.000000,1.000000
ldc2,47,1,contiguous,cpp-approved-execution,6,8.667,0.000,2.725352,2.715493,2.740845,1.000000,1.000000,1.000000,2.857746,2.828169,3.267606
ldc2,47,1,negative-both,original,6,39.331,13.842,1.000000,1.000000,1.000000,4.397541,3.125000,4.404372,1.018657,1.007444,1.045479
ldc2,47,1,negative-both,selected64,6,39.233,22.651,1.001556,0.928753,1.006871,4.382514,3.364726,4.418033,1.014951,0.970992,1.029357
ldc2,47,1,negative-both,vector16store,6,40.027,17.322,0.981698,0.956499,0.992611,4.453552,3.267123,4.502732,1.000000,1.000000,1.000000
ldc2,47,1,negative-both,cpp-approved-execution,6,8.936,59.563,4.397541,3.125000,4.404372,1.000000,1.000000,1.000000,4.453552,3.267123,4.502732
ldc2,47,1,negative-source,original,6,39.221,0.622,1.000000,1.000000,1.000000,4.389344,4.374317,4.401639,1.016195,1.008095,1.024891
ldc2,47,1,negative-source,selected64,6,39.172,0.374,1.002183,0.995028,1.004367,4.383880,4.379781,4.396175,1.015243,1.009334,1.027449
ldc2,47,1,negative-source,vector16store,6,39.844,1.716,0.984066,0.975713,0.991970,4.459016,4.423497,4.500000,1.000000,1.000000,1.000000
ldc2,47,1,negative-source,cpp-approved-execution,6,8.936,0.000,4.389344,4.374317,4.401639,1.000000,1.000000,1.000000,4.459016,4.423497,4.500000
ldc2,47,1,padded,original,6,23.596,0.931,1.000000,1.000000,1.000000,2.640710,2.636612,2.661202,1.041408,1.040041,1.044376
ldc2,47,1,padded,selected64,6,23.669,1.135,0.998458,0.993821,1.001036,2.648907,2.636612,2.666667,1.040207,1.033986,1.042487
ldc2,47,1,padded,vector16store,6,24.597,0.893,0.960239,0.957510,0.961500,2.752732,2.743169,2.767760,1.000000,1.000000,1.000000
ldc2,47,1,padded,cpp-approved-execution,6,8.936,0.000,2.640710,2.636612,2.661202,1.000000,1.000000,1.000000,2.752732,2.743169,2.767760
ldc2,47,1,repeated-source,original,6,23.584,2.277,1.000000,1.000000,1.000000,2.639344,2.633880,2.693989,1.043501,1.028398,1.063147
ldc2,47,1,repeated-source,selected64,6,23.706,2.987,0.996910,0.994851,1.007315,2.653005,2.614754,2.693989,1.039735,1.028398,1.057673
ldc2,47,1,repeated-source,vector16store,6,24.634,1.982,0.958313,0.940604,0.972387,2.756831,2.751366,2.806011,1.000000,1.000000,1.000000
ldc2,47,1,repeated-source,cpp-approved-execution,6,8.936,0.000,2.639344,2.633880,2.693989,1.000000,1.000000,1.000000,2.756831,2.751366,2.806011
ldc2,47,1,universal,original,6,149.646,6.314,1.000000,1.000000,1.000000,5.319601,5.269731,5.605377,0.999023,0.993958,1.001793
ldc2,47,1,universal,selected64,6,149.475,2.826,1.003946,0.981900,1.037067,5.331743,5.254987,5.405030,1.001227,0.983193,1.033537
ldc2,47,1,universal,vector16store,6,149.438,5.832,1.000979,0.998210,1.006079,5.308760,5.276670,5.586297,1.000000,1.000000,1.000000
ldc2,47,1,universal,cpp-approved-execution,6,28.149,0.867,5.319601,5.269731,5.605377,1.000000,1.000000,1.000000,5.308760,5.276670,5.586297
ldc2,47,17,contiguous,original,6,114.939,0.531,1.000000,1.000000,1.000000,1.828092,1.821256,1.843902,1.001323,1.000000,1.018519
ldc2,47,17,contiguous,selected64,6,115.091,1.325,0.998677,0.992126,1.002660,1.830097,1.816425,1.858537,1.001323,0.997354,1.010499
ldc2,47,17,contiguous,vector16store,6,114.939,2.122,0.998681,0.981818,1.000000,1.830097,1.821256,1.878049,1.000000,1.000000,1.000000
ldc2,47,17,contiguous,cpp-approved-execution,6,62.805,0.971,1.828092,1.821256,1.843902,1.000000,1.000000,1.000000,1.830097,1.821256,1.878049
ldc2,47,17,negative-both,original,6,364.482,1.757,1.000000,1.000000,1.000000,3.205094,3.198391,3.254692,0.998340,0.996653,1.001676
ldc2,47,17,negative-both,selected64,6,363.720,1.760,1.002076,1.000000,1.004202,3.198391,3.190349,3.246649,1.000839,1.000000,1.001678
ldc2,47,17,negative-both,vector16store,6,364.024,1.759,1.001663,0.998326,1.003359,3.201072,3.193029,3.249330,1.000000,1.000000,1.000000
ldc2,47,17,negative-both,cpp-approved-execution,6,113.720,0.000,3.205094,3.198391,3.254692,1.000000,1.000000,1.000000,3.201072,3.193029,3.249330
ldc2,47,17,negative-source,original,6,365.549,0.834,1.000000,1.000000,1.000000,3.214477,3.203753,3.230563,0.997915,0.992531,1.000000
ldc2,47,17,negative-source,selected64,6,364.177,0.921,1.003349,0.995833,1.010906,3.202413,3.195710,3.225201,1.000838,0.995833,1.003356
ldc2,47,17,negative-source,vector16store,6,364.482,0.586,1.002091,1.000000,1.007525,3.205094,3.198391,3.217158,1.000000,1.000000,1.000000
ldc2,47,17,negative-source,cpp-approved-execution,6,113.720,0.000,3.214477,3.203753,3.230563,1.000000,1.000000,1.000000,3.205094,3.198391,3.217158
ldc2,47,17,padded,original,6,148.171,0.412,1.000000,1.000000,1.000000,1.302949,1.300268,1.305630,0.998971,0.995885,1.002062
ldc2,47,17,padded,selected64,6,148.171,0.412,0.998973,0.997942,1.002062,1.302949,1.300268,1.305630,0.997944,0.995893,1.000000
ldc2,47,17,padded,vector16store,6,147.866,0.412,1.001031,0.997942,1.004132,1.300268,1.297587,1.302949,1.000000,1.000000,1.000000
ldc2,47,17,padded,cpp-approved-execution,6,113.720,0.000,1.302949,1.300268,1.305630,1.000000,1.000000,1.000000,1.300268,1.297587,1.302949
ldc2,47,17,repeated-source,original,6,147.104,0.829,1.000000,1.000000,1.000000,1.293566,1.292225,1.302949,1.000000,0.997942,1.002075
ldc2,47,17,repeated-source,selected64,6,147.256,0.414,0.998965,0.997930,1.002062,1.294906,1.294906,1.300268,1.000000,0.997930,1.000000
ldc2,47,17,repeated-source,vector16store,6,147.256,0.621,1.000000,0.997930,1.002062,1.294906,1.292225,1.300268,1.000000,1.000000,1.000000
ldc2,47,17,repeated-source,cpp-approved-execution,6,113.720,0.000,1.293566,1.292225,1.302949,1.000000,1.000000,1.000000,1.294906,1.292225,1.300268
ldc2,47,17,universal,original,6,1831.098,5.944,1.000000,1.000000,1.000000,4.063051,4.026441,4.268475,1.009236,0.998836,1.040247
ldc2,47,17,universal,selected64,6,1851.982,3.194,0.990909,0.973297,1.014666,4.118305,4.047811,4.206780,1.001695,0.972164,1.032317
ldc2,47,17,universal,vector16store,6,1843.902,5.820,0.990850,0.961310,1.001165,4.086469,4.072542,4.311186,1.000000,1.000000,1.000000
ldc2,47,17,universal,cpp-approved-execution,6,449.695,0.678,4.063051,4.026441,4.268475,1.000000,1.000000,1.000000,4.086469,4.072542,4.311186
ldc2,47,128,contiguous,original,6,760.465,0.612,1.000000,1.000000,1.000000,1.587392,1.528037,1.595122,0.996947,0.996933,1.003049
ldc2,47,128,contiguous,selected64,6,760.465,1.223,1.000000,0.993939,1.000000,1.588811,1.528037,1.601942,0.996942,0.996933,0.996970
ldc2,47,128,contiguous,vector16store,6,758.140,1.227,1.003063,0.996960,1.003077,1.583945,1.523364,1.597087,1.000000,1.000000,1.000000
ldc2,47,128,contiguous,cpp-approved-execution,6,479.070,4.369,1.587392,1.528037,1.595122,1.000000,1.000000,1.000000,1.583945,1.523364,1.597087
ldc2,47,128,negative-both,original,6,2489.535,0.747,1.000000,1.000000,1.000000,2.893243,2.853333,2.897019,0.997664,0.994429,1.000935
ldc2,47,128,negative-both,selected64,6,2489.535,1.028,1.000932,0.997204,1.005634,2.886493,2.861333,2.894595,0.998133,0.995353,1.000939
ldc2,47,128,negative-both,vector16store,6,2483.721,0.468,1.002342,0.999066,1.005602,2.880057,2.856000,2.891599,1.000000,1.000000,1.000000
ldc2,47,128,negative-both,cpp-approved-execution,6,861.628,1.619,2.893243,2.853333,2.897019,1.000000,1.000000,1.000000,2.880057,2.856000,2.891599
ldc2,47,128,negative-source,original,6,2474.419,6.955,1.000000,1.000000,1.000000,2.874659,2.872973,3.007937,0.999093,0.998119,1.000000
ldc2,47,128,negative-source,selected64,6,2473.256,7.052,1.001351,1.000000,1.002830,2.874324,2.864865,3.002646,1.000910,0.999059,1.001885
ldc2,47,128,negative-source,vector16store,6,2474.419,7.049,1.000908,1.000000,1.001885,2.873314,2.867568,3.005291,1.000000,1.000000,1.000000
ldc2,47,128,negative-source,cpp-approved-execution,6,860.465,2.162,2.874659,2.872973,3.007937,1.000000,1.000000,1.000000,2.873314,2.867568,3.005291
ldc2,47,128,padded,original,6,843.023,1.103,1.000000,1.000000,1.000000,0.979730,0.975676,0.981183,1.000000,0.997245,1.000000
ldc2,47,128,padded,selected64,6,841.860,0.829,1.000000,1.000000,1.002762,0.978378,0.975676,0.981081,1.000000,0.997245,1.002762
ldc2,47,128,padded,vector16store,6,841.860,0.829,1.000000,1.000000,1.002762,0.978378,0.975676,0.981081,1.000000,1.000000,1.000000
ldc2,47,128,padded,cpp-approved-execution,6,860.465,0.541,0.979730,0.975676,0.981183,1.000000,1.000000,1.000000,0.978378,0.975676,0.981081
ldc2,47,128,repeated-source,original,6,832.558,1.397,1.000000,1.000000,1.000000,0.972826,0.967391,0.986339,0.998596,0.994460,1.002793
ldc2,47,128,repeated-source,selected64,6,830.233,1.681,1.001408,0.997214,1.005618,0.970109,0.964674,0.986339,1.000000,0.994460,1.005618
ldc2,47,128,repeated-source,vector16store,6,832.558,1.117,1.001408,0.997214,1.005571,0.972826,0.964674,0.980874,1.000000,1.000000,1.000000
ldc2,47,128,repeated-source,cpp-approved-execution,6,855.814,0.543,0.972826,0.967391,0.986339,1.000000,1.000000,1.000000,0.972826,0.964674,0.980874
ldc2,47,128,universal,original,6,13919.767,5.580,1.000000,1.000000,1.000000,4.163831,4.047288,4.279555,0.994523,0.982410,1.011496
ldc2,47,128,universal,selected64,6,13852.326,3.425,1.004051,0.994038,1.024301,4.143663,4.057024,4.201809,0.998673,0.996064,1.010486
ldc2,47,128,universal,vector16store,6,13833.721,4.354,1.005514,0.988634,1.017905,4.138094,4.041725,4.224774,1.000000,1.000000,1.000000
ldc2,47,128,universal,cpp-approved-execution,6,3343.023,0.070,4.163831,4.047288,4.279555,1.000000,1.000000,1.000000,4.138094,4.041725,4.224774
ldc2,63,1,contiguous,original,6,25.110,0.486,1.000000,1.000000,1.000000,2.577694,2.573935,2.586466,1.030627,1.026163,1.032132
ldc2,63,1,contiguous,selected64,6,25.256,1.160,0.993233,0.986577,1.000970,2.592732,2.577500,2.614035,1.024167,1.017258,1.027158
ldc2,63,1,contiguous,vector16store,6,25.879,0.189,0.970283,0.968868,0.974504,2.656642,2.647500,2.659148,1.000000,1.000000,1.000000
ldc2,63,1,contiguous,cpp-approved-execution,6,9.741,0.251,2.577694,2.573935,2.586466,1.000000,1.000000,1.000000,2.656642,2.647500,2.659148
ldc2,63,1,negative-both,original,6,44.604,1.314,1.000000,1.000000,1.000000,4.456098,4.439024,4.497561,1.011221,1.004338,1.017467
ldc2,63,1,negative-both,selected64,6,44.958,1.032,0.991050,0.990244,1.003286,4.487211,4.453659,4.500000,1.004887,1.000000,1.020811
ldc2,63,1,negative-both,vector16store,6,45.190,1.135,0.988907,0.982833,0.995680,4.514634,4.486618,4.546341,1.000000,1.000000,1.000000
ldc2,63,1,negative-both,cpp-approved-execution,6,10.010,0.244,4.456098,4.439024,4.497561,1.000000,1.000000,1.000000,4.514634,4.486618,4.546341
ldc2,63,1,negative-source,original,6,44.763,1.254,1.000000,1.000000,1.000000,4.466509,4.429268,4.485366,1.012360,1.003815,1.028369
ldc2,63,1,negative-source,selected64,6,45.117,1.082,0.992441,0.982153,0.998911,4.507317,4.480488,4.529268,1.004068,0.993538,1.025571
ldc2,63,1,negative-source,vector16store,6,45.190,2.323,0.987797,0.972414,0.996200,4.514634,4.492683,4.597561,1.000000,1.000000,1.000000
ldc2,63,1,negative-source,cpp-approved-execution,6,10.010,0.244,4.466509,4.429268,4.485366,1.000000,1.000000,1.000000,4.514634,4.492683,4.597561
ldc2,63,1,padded,original,6,25.146,1.262,1.000000,1.000000,1.000000,2.512195,2.495122,2.526829,1.033639,1.023166,1.138566
ldc2,63,1,padded,selected64,6,25.220,0.581,0.997091,0.990319,1.006803,2.519512,2.509756,2.524390,1.029044,1.022265,1.137464
ldc2,63,1,padded,vector16store,6,25.903,11.216,0.967458,0.878298,0.977358,2.587805,2.575610,2.865854,1.000000,1.000000,1.000000
ldc2,63,1,padded,cpp-approved-execution,6,10.010,0.000,2.512195,2.495122,2.526829,1.000000,1.000000,1.000000,2.587805,2.575610,2.865854
ldc2,63,1,repeated-source,original,6,25.098,0.486,1.000000,1.000000,1.000000,2.507317,2.500000,2.512195,1.030127,1.028210,1.033171
ldc2,63,1,repeated-source,selected64,6,25.256,0.580,0.994208,0.990366,0.995160,2.523171,2.517073,2.531707,1.023200,1.021195,1.026163
ldc2,63,1,repeated-source,vector16store,6,25.879,0.283,0.970755,0.967894,0.972564,2.585366,2.578049,2.585366,1.000000,1.000000,1.000000
ldc2,63,1,repeated-source,cpp-approved-execution,6,10.010,0.000,2.507317,2.500000,2.512195,1.000000,1.000000,1.000000,2.585366,2.578049,2.585366
ldc2,63,1,universal,original,6,183.704,1.502,1.000000,1.000000,1.000000,4.989721,4.431014,5.037111,1.000863,0.994343,1.010550
ldc2,63,1,universal,selected64,6,184.192,3.393,0.999204,0.962715,1.008759,4.990718,4.454009,5.157825,1.000266,0.972872,1.009439
ldc2,63,1,universal,vector16store,6,184.521,0.939,0.999138,0.989560,1.005689,5.010276,4.435142,5.035146,1.000000,1.000000,1.000000
ldc2,63,1,universal,cpp-approved-execution,6,36.816,12.467,4.989721,4.431014,5.037111,1.000000,1.000000,1.000000,5.010276,4.435142,5.035146
ldc2,63,17,contiguous,original,6,132.787,0.000,1.000000,1.000000,1.000000,1.486239,1.486239,1.486239,1.003086,1.000000,1.003086
ldc2,63,17,contiguous,selected64,6,132.787,0.617,1.000000,0.996923,1.003096,1.486239,1.481651,1.490826,1.003086,1.000000,1.003096
ldc2,63,17,contiguous,vector16store,6,133.197,0.308,0.996923,0.996923,1.000000,1.490826,1.486239,1.490826,1.000000,1.000000,1.000000
ldc2,63,17,contiguous,cpp-approved-execution,6,89.344,0.000,1.486239,1.486239,1.486239,1.000000,1.000000,1.000000,1.490826,1.486239,1.490826
ldc2,63,17,negative-both,original,6,477.869,0.429,1.000000,1.000000,1.000000,3.544073,3.537994,3.553191,0.999572,0.998285,1.003436
ldc2,63,17,negative-both,selected64,6,477.459,0.515,1.000428,0.998288,1.002580,3.541033,3.531915,3.550152,1.000430,0.996575,1.003436
ldc2,63,17,negative-both,vector16store,6,477.664,0.343,1.000428,0.996575,1.001718,3.542553,3.537994,3.550152,1.000000,1.000000,1.000000
ldc2,63,17,negative-both,cpp-approved-execution,6,134.836,0.000,3.544073,3.537994,3.553191,1.000000,1.000000,1.000000,3.542553,3.537994,3.550152
ldc2,63,17,negative-source,original,6,479.098,0.171,1.000000,1.000000,1.000000,3.531722,3.518072,3.545455,0.999572,0.999144,1.005133
ldc2,63,17,negative-source,selected64,6,479.098,0.428,1.000429,0.997438,1.001715,3.534743,3.512048,3.548485,1.000857,0.998291,1.004274
ldc2,63,17,negative-source,vector16store,6,479.098,0.684,1.000428,0.994894,1.000857,3.537078,3.515060,3.549849,1.000000,1.000000,1.000000
ldc2,63,17,negative-source,cpp-approved-execution,6,135.656,0.604,3.531722,3.518072,3.545455,1.000000,1.000000,1.000000,3.537078,3.515060,3.549849
ldc2,63,17,padded,original,6,172.131,2.143,1.000000,1.000000,1.000000,1.288344,1.282209,1.301829,0.998829,0.995238,1.004785
ldc2,63,17,padded,selected64,6,171.926,2.384,0.998807,0.995338,1.002387,1.286810,1.285276,1.307927,0.997616,0.995338,1.002387
ldc2,63,17,padded,vector16store,6,171.926,2.145,1.001174,0.995238,1.004785,1.286810,1.282209,1.301829,1.000000,1.000000,1.000000
ldc2,63,17,padded,cpp-approved-execution,6,133.607,0.613,1.288344,1.282209,1.301829,1.000000,1.000000,1.000000,1.286810,1.282209,1.301829
ldc2,63,17,repeated-source,original,6,170.082,1.446,1.000000,1.000000,1.000000,1.271472,1.266055,1.288344,0.998810,0.995192,1.004831
ldc2,63,17,repeated-source,selected64,6,170.287,1.203,1.000000,0.992806,1.002410,1.274118,1.269113,1.288344,0.997610,0.997590,1.000000
ldc2,63,17,repeated-source,vector16store,6,170.287,1.203,1.001193,0.995192,1.004831,1.271055,1.269113,1.285276,1.000000,1.000000,1.000000
ldc2,63,17,repeated-source,cpp-approved-execution,6,133.607,0.307,1.271472,1.266055,1.288344,1.000000,1.000000,1.000000,1.271055,1.269113,1.285276
ldc2,63,17,universal,original,6,2437.910,0.975,1.000000,1.000000,1.000000,4.084105,4.061728,4.107143,0.999915,0.989753,1.020770
ldc2,63,17,universal,selected64,6,2444.877,1.492,0.997660,0.986178,1.006226,4.094365,4.072752,4.133837,1.001767,0.978250,1.007246
ldc2,63,17,universal,vector16store,6,2445.082,2.565,1.000085,0.979653,1.010353,4.094719,4.043926,4.146091,1.000000,1.000000,1.000000
ldc2,63,17,universal,cpp-approved-execution,6,597.131,0.137,4.084105,4.061728,4.107143,1.000000,1.000000,1.000000,4.094719,4.043926,4.146091
ldc2,63,128,contiguous,original,6,928.125,1.684,1.000000,1.000000,1.000000,1.399048,1.389671,1.413146,1.000000,0.996678,1.000000
ldc2,63,128,contiguous,selected64,6,926.562,1.686,1.000000,0.996633,1.006757,1.398585,1.389671,1.413146,1.000000,0.996633,1.006757
ldc2,63,128,contiguous,vector16store,6,928.125,1.347,1.000000,1.000000,1.003333,1.399048,1.389671,1.408451,1.000000,1.000000,1.000000
ldc2,63,128,contiguous,cpp-approved-execution,6,664.062,0.941,1.399048,1.389671,1.413146,1.000000,1.000000,1.000000,1.399048,1.389671,1.408451
ldc2,63,128,negative-both,original,6,3301.562,0.379,1.000000,1.000000,1.000000,3.248849,3.236196,3.252308,1.000473,0.998111,1.000948
ldc2,63,128,negative-both,selected64,6,3298.438,0.474,1.001420,0.998111,1.001898,3.242704,3.233129,3.258462,1.001423,0.999056,1.002841
ldc2,63,128,negative-both,vector16store,6,3301.562,0.284,0.999528,0.999053,1.001892,3.248849,3.239264,3.255385,1.000000,1.000000,1.000000
ldc2,63,128,negative-both,cpp-approved-execution,6,1017.188,0.307,3.248849,3.236196,3.252308,1.000000,1.000000,1.000000,3.248849,3.239264,3.255385
ldc2,63,128,negative-source,original,6,3306.250,0.473,1.000000,1.000000,1.000000,3.294393,3.288820,3.308411,0.999529,0.999054,1.000000
ldc2,63,128,negative-source,selected64,6,3306.250,0.473,1.000944,0.999056,1.000947,3.291277,3.288820,3.305296,1.000000,0.999056,1.000947
ldc2,63,128,negative-source,vector16store,6,3304.688,0.473,1.000471,1.000000,1.000947,3.292835,3.288820,3.305296,1.000000,1.000000,1.000000
ldc2,63,128,negative-source,cpp-approved-execution,6,1003.125,0.312,3.294393,3.288820,3.308411,1.000000,1.000000,1.000000,3.292835,3.288820,3.305296
ldc2,63,128,padded,original,6,1003.125,0.312,1.000000,1.000000,1.000000,1.000000,0.996885,1.000000,0.996885,0.996885,1.000000
ldc2,63,128,padded,selected64,6,1000.000,0.312,1.001562,0.996885,1.003125,0.996885,0.996885,1.000000,1.000000,0.996885,1.000000
ldc2,63,128,padded,vector16store,6,1000.000,0.000,1.003125,1.000000,1.003125,0.996885,0.996885,0.996885,1.000000,1.000000,1.000000
ldc2,63,128,padded,cpp-approved-execution,6,1003.125,0.000,1.000000,0.996885,1.000000,1.000000,1.000000,1.000000,0.996885,0.996885,0.996885
ldc2,63,128,repeated-source,original,6,984.375,0.317,1.000000,1.000000,1.000000,0.984375,0.981308,0.987500,1.000000,1.000000,1.000000
ldc2,63,128,repeated-source,selected64,6,984.375,0.317,1.000000,1.000000,1.000000,0.984375,0.981308,0.987500,1.000000,1.000000,1.000000
ldc2,63,128,repeated-source,vector16store,6,984.375,0.317,1.000000,1.000000,1.000000,0.984375,0.981308,0.987500,1.000000,1.000000,1.000000
ldc2,63,128,repeated-source,cpp-approved-execution,6,1000.000,0.312,0.984375,0.981308,0.987500,1.000000,1.000000,1.000000,0.984375,0.981308,0.987500
ldc2,63,128,universal,original,6,18435.938,3.983,1.000000,1.000000,1.000000,4.126962,4.053846,4.218182,0.998219,0.989601,1.029094
ldc2,63,128,universal,selected64,6,18565.625,1.784,1.002989,0.977901,1.013100,4.154545,4.090909,4.165035,0.999584,0.992308,1.039288
ldc2,63,128,universal,vector16store,6,18485.938,6.508,1.001785,0.971729,1.010508,4.136713,4.059441,4.328671,1.000000,1.000000,1.000000
ldc2,63,128,universal,cpp-approved-execution,6,4468.750,0.070,4.126962,4.053846,4.218182,1.000000,1.000000,1.000000,4.136713,4.059441,4.328671
ldc2,64,1,contiguous,original,6,23.120,0.950,1.000000,1.000000,1.000000,3.221088,3.217687,3.248299,1.042261,1.033508,1.045407
ldc2,64,1,contiguous,selected64,6,23.206,0.526,0.996842,0.995794,1.002099,3.232993,3.227891,3.244898,1.038968,1.035639,1.041053
ldc2,64,1,contiguous,vector16store,6,24.109,0.405,0.959453,0.956566,0.967579,3.358844,3.353741,3.367347,1.000000,1.000000,1.000000
ldc2,64,1,contiguous,cpp-approved-execution,6,7.178,0.000,3.221088,3.217687,3.248299,1.000000,1.000000,1.000000,3.358844,3.353741,3.367347
ldc2,64,1,negative-both,original,6,44.666,0.711,1.000000,1.000000,1.000000,5.890675,5.858521,5.919355,0.997816,0.984741,1.009841
ldc2,64,1,negative-both,selected64,6,44.666,0.711,1.000546,0.989680,1.003280,5.898553,5.877814,5.919614,0.996178,0.987972,1.010394
ldc2,64,1,negative-both,vector16store,6,44.556,2.192,1.002190,0.990254,1.015495,5.868167,5.829032,5.938907,1.000000,1.000000,1.000000
ldc2,64,1,negative-both,cpp-approved-execution,6,7.593,0.322,5.890675,5.858521,5.919355,1.000000,1.000000,1.000000,5.868167,5.829032,5.938907
ldc2,64,1,negative-source,original,6,44.556,0.329,1.000000,1.000000,1.000000,5.872788,5.864952,5.893548,1.002190,0.991776,1.007135
ldc2,64,1,negative-source,selected64,6,44.592,0.657,0.998635,0.992371,1.001645,5.885665,5.861736,5.919355,1.000272,0.992320,1.004379
ldc2,64,1,negative-source,vector16store,6,44.641,1.422,0.997817,0.992916,1.008292,5.895332,5.816720,5.919355,1.000000,1.000000,1.000000
ldc2,64,1,negative-source,cpp-approved-execution,6,7.581,0.322,5.872788,5.864952,5.893548,1.000000,1.000000,1.000000,5.895332,5.816720,5.919355
ldc2,64,1,padded,original,6,23.315,3.560,1.000000,1.000000,1.000000,3.080645,3.054839,3.144231,1.036726,1.029562,1.043887
ldc2,64,1,padded,selected64,6,23.328,2.826,0.999478,0.997893,1.005123,3.082258,3.061290,3.135484,1.038361,1.027778,1.042797
ldc2,64,1,padded,vector16store,6,24.268,2.314,0.964576,0.957958,0.971287,3.206452,3.183871,3.237179,1.000000,1.000000,1.000000
ldc2,64,1,padded,cpp-approved-execution,6,7.568,0.645,3.080645,3.054839,3.144231,1.000000,1.000000,1.000000,3.206452,3.183871,3.237179
ldc2,64,1,repeated-source,original,6,23.389,3.967,1.000000,1.000000,1.000000,3.066129,2.244851,3.180645,1.032371,1.011156,1.042194
ldc2,64,1,repeated-source,selected64,6,23.291,3.040,1.003113,0.997899,1.026015,3.062903,2.237986,3.100000,1.037776,1.025562,1.041096
ldc2,64,1,repeated-source,vector16store,6,24.182,1.716,0.968649,0.959514,0.988967,3.183871,2.295195,3.216129,1.000000,1.000000,1.000000
ldc2,64,1,repeated-source,cpp-approved-execution,6,7.568,40.968,3.066129,2.244851,3.180645,1.000000,1.000000,1.000000,3.183871,2.295195,3.216129
ldc2,64,1,universal,original,6,187.708,1.717,1.000000,1.000000,1.000000,5.025163,5.008497,5.091444,1.002085,0.991981,1.013702
ldc2,64,1,universal,selected64,6,187.463,0.990,1.002215,0.994421,1.014974,5.016988,4.984324,5.037255,1.004638,0.997395,1.025521
ldc2,64,1,universal,vector16store,6,188.037,2.843,0.997921,0.986483,1.008083,5.033987,5.004575,5.144350,1.000000,1.000000,1.000000
ldc2,64,1,universal,cpp-approved-execution,6,37.354,0.065,5.025163,5.008497,5.091444,1.000000,1.000000,1.000000,5.033987,5.004575,5.144350
ldc2,64,17,contiguous,original,6,115.000,6.522,1.000000,1.000000,1.000000,1.321345,1.277273,1.395238,1.001779,0.989761,1.003636
ldc2,64,17,contiguous,selected64,6,114.792,8.348,1.000000,0.986532,1.003650,1.316549,1.277273,1.414286,1.003598,0.976431,1.007299
ldc2,64,17,contiguous,vector16store,6,115.000,5.072,0.998227,0.996377,1.010345,1.323749,1.281818,1.380952,1.000000,1.000000,1.000000
ldc2,64,17,contiguous,cpp-approved-execution,6,87.083,5.742,1.321345,1.277273,1.395238,1.000000,1.000000,1.000000,1.323749,1.281818,1.380952
ldc2,64,17,negative-both,original,6,478.542,1.219,1.000000,1.000000,1.000000,5.115538,4.919149,5.129464,1.001743,0.999135,1.008643
ldc2,64,17,negative-both,selected64,6,478.750,1.131,0.998707,0.996513,1.000872,5.125000,4.919149,5.132743,1.002179,0.997389,1.006034
ldc2,64,17,negative-both,vector16store,6,479.583,1.825,0.998260,0.991431,1.000866,5.125000,4.914894,5.163717,1.000000,1.000000,1.000000
ldc2,64,17,negative-both,cpp-approved-execution,6,93.542,4.900,5.115538,4.919149,5.129464,1.000000,1.000000,1.000000,5.125000,4.914894,5.163717
ldc2,64,17,negative-source,original,6,478.958,1.218,1.000000,1.000000,1.000000,5.121971,5.066079,5.138393,0.999135,0.998262,1.002609
ldc2,64,17,negative-source,selected64,6,478.958,1.305,1.000866,0.999131,1.002618,5.117537,5.070485,5.138393,1.000869,0.998262,1.002613
ldc2,64,17,negative-source,vector16store,6,479.167,1.217,1.000866,0.997398,1.001741,5.117537,5.079295,5.138393,1.000000,1.000000,1.000000
ldc2,64,17,negative-source,cpp-approved-execution,6,93.542,1.336,5.121971,5.066079,5.138393,1.000000,1.000000,1.000000,5.117537,5.079295,5.138393
ldc2,64,17,padded,original,6,144.583,7.493,1.000000,1.000000,1.000000,1.529668,1.508772,1.629956,1.001445,1.000000,1.008721
ldc2,64,17,padded,selected64,6,144.375,6.349,1.002882,0.991354,1.005435,1.525272,1.521930,1.621145,1.002890,1.000000,1.008621
ldc2,64,17,padded,vector16store,6,144.583,6.628,0.998559,0.991354,1.000000,1.532016,1.521930,1.629956,1.000000,1.000000,1.000000
ldc2,64,17,padded,cpp-approved-execution,6,94.583,0.881,1.529668,1.508772,1.629956,1.000000,1.000000,1.000000,1.532016,1.521930,1.629956
ldc2,64,17,repeated-source,original,6,143.125,0.582,1.000000,1.000000,1.000000,1.530069,1.524444,1.533333,1.000000,1.000000,1.002915
ldc2,64,17,repeated-source,selected64,6,143.333,0.581,1.000000,0.994203,1.000000,1.530069,1.528889,1.540179,1.000000,0.994203,1.000000
ldc2,64,17,repeated-source,vector16store,6,143.333,0.581,1.000000,0.997093,1.000000,1.530069,1.528889,1.533333,1.000000,1.000000,1.000000
ldc2,64,17,repeated-source,cpp-approved-execution,6,93.750,0.444,1.530069,1.524444,1.533333,1.000000,1.000000,1.000000,1.530069,1.528889,1.533333
ldc2,64,17,universal,original,6,2496.042,6.343,1.000000,1.000000,1.000000,4.103080,4.067354,4.184718,0.989447,0.933789,1.006928
ldc2,64,17,universal,selected64,6,2480.208,2.923,1.006382,0.993453,1.032459,4.080756,4.053156,4.094158,0.999580,0.964098,1.005062
ldc2,64,17,universal,vector16store,6,2479.167,1.546,1.010667,0.993120,1.070906,4.075376,3.907641,4.095533,1.000000,1.000000,1.000000
ldc2,64,17,universal,cpp-approved-execution,6,606.250,3.436,4.103080,4.067354,4.184718,1.000000,1.000000,1.000000,4.075376,3.907641,4.095533
ldc2,64,128,contiguous,original,6,768.750,1.220,1.000000,1.000000,1.000000,1.128443,1.114155,1.138249,1.004049,1.000000,1.008197
ldc2,64,128,contiguous,selected64,6,765.625,1.224,1.002033,0.995918,1.008163,1.128147,1.114155,1.129032,1.004090,1.000000,1.012245
ldc2,64,128,contiguous,vector16store,6,771.875,1.619,0.995968,0.991870,1.000000,1.133030,1.114155,1.142857,1.000000,1.000000,1.000000
ldc2,64,128,contiguous,cpp-approved-execution,6,679.688,0.920,1.128443,1.114155,1.138249,1.000000,1.000000,1.000000,1.133030,1.114155,1.142857
ldc2,64,128,negative-both,original,6,3346.875,0.747,1.000000,1.000000,1.000000,4.416638,4.372951,4.535865,1.000000,0.997201,1.000936
ldc2,64,128,negative-both,selected64,6,3340.625,0.935,1.000933,0.997209,1.002806,4.420711,4.363265,4.531646,1.000468,0.997209,1.001878
ldc2,64,128,negative-both,vector16store,6,3342.188,0.561,1.000000,0.999065,1.002806,4.416638,4.363265,4.527426,1.000000,1.000000,1.000000
ldc2,64,128,negative-both,cpp-approved-execution,6,757.812,3.299,4.416638,4.372951,4.535865,1.000000,1.000000,1.000000,4.416638,4.363265,4.527426
ldc2,64,128,negative-source,original,6,3329.688,0.375,1.000000,1.000000,1.000000,4.428294,4.404959,4.441667,0.999061,0.998129,1.004690
ldc2,64,128,negative-source,selected64,6,3326.562,0.564,1.000939,1.000000,1.001881,4.423261,4.400826,4.437500,1.000469,0.998129,1.006579
ldc2,64,128,negative-source,vector16store,6,3328.125,0.657,1.000940,0.995331,1.001874,4.424136,4.404959,4.462500,1.000000,1.000000,1.000000
ldc2,64,128,negative-source,cpp-approved-execution,6,751.562,0.832,4.428294,4.404959,4.441667,1.000000,1.000000,1.000000,4.424136,4.404959,4.462500
ldc2,64,128,padded,original,6,820.312,1.143,1.000000,1.000000,1.000000,1.102504,1.060729,1.109244,1.000000,0.996226,1.007576
ldc2,64,128,padded,selected64,6,820.312,0.762,1.000000,1.000000,1.003788,1.100840,1.060729,1.109244,1.000000,1.000000,1.007576
ldc2,64,128,padded,vector16store,6,820.312,1.524,1.000000,0.992481,1.003788,1.100840,1.060729,1.117647,1.000000,1.000000,1.000000
ldc2,64,128,padded,cpp-approved-execution,6,743.750,3.782,1.102504,1.060729,1.109244,1.000000,1.000000,1.000000,1.100840,1.060729,1.117647
ldc2,64,128,repeated-source,original,6,801.562,1.559,1.000000,1.000000,1.000000,1.107761,1.103004,1.115880,1.000000,1.000000,1.000000
ldc2,64,128,repeated-source,selected64,6,801.562,1.170,1.000000,1.000000,1.003891,1.105837,1.103004,1.111588,1.000000,1.000000,1.003891
ldc2,64,128,repeated-source,vector16store,6,801.562,1.559,1.000000,1.000000,1.000000,1.107761,1.103004,1.115880,1.000000,1.000000,1.000000
ldc2,64,128,repeated-source,cpp-approved-execution,6,726.562,0.860,1.107761,1.103004,1.115880,1.000000,1.000000,1.000000,1.107761,1.103004,1.115880
ldc2,64,128,universal,original,6,18528.125,3.373,1.000000,1.000000,1.000000,4.087558,3.727964,4.183758,1.001870,0.980918,1.034057
ldc2,64,128,universal,selected64,6,18645.312,3.402,0.994444,0.981324,1.007792,4.113414,3.748256,4.209655,0.997486,0.988561,1.014744
ldc2,64,128,universal,vector16store,6,18584.375,5.751,0.998138,0.967065,1.019453,4.094317,3.710843,4.271724,1.000000,1.000000,1.000000
ldc2,64,128,universal,cpp-approved-execution,6,4537.500,8.815,4.087558,3.727964,4.183758,1.000000,1.000000,1.000000,4.094317,3.710843,4.271724
ldc2,65,1,contiguous,original,6,23.859,2.495,1.000000,1.000000,1.000000,3.042632,3.012658,3.078864,1.039729,1.025615,1.044118
ldc2,65,1,contiguous,selected64,6,23.896,1.142,0.997408,0.990635,1.009307,3.045806,3.037975,3.063091,1.035288,1.034339,1.043478
ldc2,65,1,contiguous,vector16store,6,24.752,1.403,0.961790,0.957746,0.975025,3.153231,3.145570,3.189873,1.000000,1.000000,1.000000
ldc2,65,1,contiguous,cpp-approved-execution,6,7.837,0.316,3.042632,3.012658,3.078864,1.000000,1.000000,1.000000,3.153231,3.145570,3.189873
ldc2,65,1,negative-both,original,6,45.350,1.367,1.000000,1.000000,1.000000,5.591743,5.525994,5.602446,1.036052,0.993982,1.073586
ldc2,65,1,negative-both,selected64,6,45.486,1.854,0.995112,0.980467,1.009382,5.600055,5.541284,5.645260,1.026018,0.985893,1.071233
ldc2,65,1,negative-both,vector16store,6,46.714,7.327,0.965216,0.931458,1.006054,5.759939,5.556575,5.960366,1.000000,1.000000,1.000000
ldc2,65,1,negative-both,cpp-approved-execution,6,8.110,0.306,5.591743,5.525994,5.602446,1.000000,1.000000,1.000000,5.759939,5.556575,5.960366
ldc2,65,1,negative-source,original,6,45.833,6.115,1.000000,1.000000,1.000000,5.638720,5.498471,5.844037,0.997436,0.962323,1.050056
ldc2,65,1,negative-source,selected64,6,45.263,1.151,1.014254,0.980371,1.050000,5.567936,5.527439,5.608563,1.010157,0.990715,1.055157
ldc2,65,1,negative-source,vector16store,6,45.635,5.380,1.002689,0.952331,1.039152,5.618329,5.547401,5.832317,1.000000,1.000000,1.000000
ldc2,65,1,negative-source,cpp-approved-execution,6,8.123,0.305,5.638720,5.498471,5.844037,1.000000,1.000000,1.000000,5.618329,5.547401,5.832317
ldc2,65,1,padded,original,6,23.661,0.839,1.000000,1.000000,1.000000,2.917431,2.908257,2.932722,1.042451,1.039625,1.046170
ldc2,65,1,padded,selected64,6,23.735,0.627,0.998954,0.991658,1.000000,2.926606,2.917431,2.935780,1.039227,1.036496,1.043979
ldc2,65,1,padded,vector16store,6,24.702,0.502,0.959280,0.955868,0.961886,3.045872,3.033639,3.048930,1.000000,1.000000,1.000000
ldc2,65,1,padded,cpp-approved-execution,6,8.110,0.000,2.917431,2.908257,2.932722,1.000000,1.000000,1.000000,3.045872,3.033639,3.048930
ldc2,65,1,repeated-source,original,6,23.859,1.871,1.000000,1.000000,1.000000,2.932722,2.322967,2.978593,1.040951,1.028836,1.047718
ldc2,65,1,repeated-source,selected64,6,23.859,1.663,0.999479,0.996885,1.004137,2.935780,2.313397,2.978593,1.039862,1.033092,1.050989
ldc2,65,1,repeated-source,vector16store,6,24.826,1.898,0.960664,0.954455,0.971972,3.058104,2.389952,3.094801,1.000000,1.000000,1.000000
ldc2,65,1,repeated-source,cpp-approved-execution,6,8.110,27.829,2.932722,2.322967,2.978593,1.000000,1.000000,1.000000,3.058104,2.389952,3.094801
ldc2,65,1,universal,original,6,188.480,1.869,1.000000,1.000000,1.000000,4.967932,4.681034,5.032068,0.999612,0.988295,1.012853
ldc2,65,1,universal,selected64,6,190.737,2.224,0.987074,0.977717,1.015452,5.007199,4.767857,5.051702,0.994422,0.979465,1.003566
ldc2,65,1,universal,vector16store,6,188.790,1.182,1.000391,0.987310,1.011844,4.981675,4.669951,5.022251,1.000000,1.000000,1.000000
ldc2,65,1,universal,cpp-approved-execution,6,37.897,6.283,4.967932,4.681034,5.032068,1.000000,1.000000,1.000000,4.981675,4.669951,5.022251
ldc2,65,17,contiguous,original,6,119.831,1.056,1.000000,1.000000,1.000000,1.365385,1.358852,1.379808,1.000000,0.996516,1.003521
ldc2,65,17,contiguous,selected64,6,120.042,1.406,0.998264,0.996491,1.000000,1.367788,1.358852,1.384615,0.998246,0.993056,1.003521
ldc2,65,17,contiguous,vector16store,6,120.042,0.703,1.000000,0.996491,1.003497,1.365385,1.363636,1.375000,1.000000,1.000000,1.000000
ldc2,65,17,contiguous,cpp-approved-execution,6,87.764,0.481,1.365385,1.358852,1.379808,1.000000,1.000000,1.000000,1.365385,1.363636,1.375000
ldc2,65,17,negative-both,original,6,484.177,0.349,1.000000,1.000000,1.000000,4.779250,4.756198,4.807531,1.000434,0.998259,1.002613
ldc2,65,17,negative-both,selected64,6,483.544,0.611,1.000873,1.000000,1.004371,4.771405,4.755187,4.799163,1.001309,1.000869,1.003487
ldc2,65,17,negative-both,vector16store,6,484.177,0.523,0.999566,0.997394,1.001744,4.779232,4.759336,4.815900,1.000000,1.000000,1.000000
ldc2,65,17,negative-both,cpp-approved-execution,6,101.266,1.250,4.779250,4.756198,4.807531,1.000000,1.000000,1.000000,4.779232,4.759336,4.815900
ldc2,65,17,negative-source,original,6,484.388,0.871,1.000000,1.000000,1.000000,4.695299,4.669388,4.729508,0.999567,0.996522,1.001748
ldc2,65,17,negative-source,selected64,6,483.544,0.698,1.001304,0.999128,1.003490,4.687136,4.669388,4.721311,1.000870,0.999128,1.001748
ldc2,65,17,negative-source,vector16store,6,483.755,0.611,1.000434,0.998255,1.003490,4.691218,4.677551,4.725410,1.000000,1.000000,1.000000
ldc2,65,17,negative-source,cpp-approved-execution,6,103.165,0.409,4.695299,4.669388,4.729508,1.000000,1.000000,1.000000,4.691218,4.677551,4.725410
ldc2,65,17,padded,original,6,151.477,0.557,1.000000,1.000000,1.000000,1.483471,1.479339,1.500000,1.000000,1.000000,1.002786
ldc2,65,17,padded,selected64,6,151.477,0.836,1.000000,0.997214,1.005602,1.485486,1.475207,1.500000,1.001393,0.997214,1.008403
ldc2,65,17,padded,vector16store,6,151.688,0.556,1.000000,0.997222,1.000000,1.487603,1.479339,1.500000,1.000000,1.000000,1.000000
ldc2,65,17,padded,cpp-approved-execution,6,102.110,0.826,1.483471,1.479339,1.500000,1.000000,1.000000,1.000000,1.487603,1.479339,1.500000
ldc2,65,17,repeated-source,original,6,150.633,0.560,1.000000,1.000000,1.000000,1.467078,1.463115,1.473251,1.005602,1.000000,1.008427
ldc2,65,17,repeated-source,selected64,6,150.633,0.560,1.000004,0.997199,1.002809,1.468174,1.459016,1.473251,1.004202,1.000000,1.011236
ldc2,65,17,repeated-source,vector16store,6,151.477,0.557,0.994429,0.991643,1.000000,1.474330,1.471311,1.477366,1.000000,1.000000,1.000000
ldc2,65,17,repeated-source,cpp-approved-execution,6,102.532,0.412,1.467078,1.463115,1.473251,1.000000,1.000000,1.000000,1.474330,1.471311,1.477366
ldc2,65,17,universal,original,6,2538.819,12.697,1.000000,1.000000,1.000000,3.782496,3.754693,4.438657,1.001166,0.996743,1.017140
ldc2,65,17,universal,selected64,6,2541.139,12.470,1.005110,0.992720,1.006257,3.779408,3.739049,4.412611,1.004774,0.994705,1.023144
ldc2,65,17,universal,vector16store,6,2544.093,12.406,0.998836,0.983149,1.003268,3.786900,3.760325,4.514736,1.000000,1.000000,1.000000
ldc2,65,17,universal,cpp-approved-execution,6,670.464,8.748,3.782496,3.754693,4.438657,1.000000,1.000000,1.000000,3.786900,3.760325,4.514736
ldc2,65,128,contiguous,original,6,803.226,1.606,1.000000,1.000000,1.000000,1.164319,1.162791,1.177570,0.996024,0.995968,1.000000
ldc2,65,128,contiguous,selected64,6,803.226,1.606,1.000000,1.000000,1.000000,1.164319,1.162791,1.177570,0.996024,0.995968,1.000000
ldc2,65,128,contiguous,vector16store,6,803.226,1.606,1.003992,1.000000,1.004049,1.163555,1.159624,1.172897,1.000000,1.000000,1.000000
ldc2,65,128,contiguous,cpp-approved-execution,6,688.710,0.937,1.164319,1.162791,1.177570,1.000000,1.000000,1.000000,1.163555,1.159624,1.172897
ldc2,65,128,negative-both,original,6,3395.161,0.855,1.000000,1.000000,1.000000,4.309426,4.263158,4.336066,0.999525,0.998110,1.011342
ldc2,65,128,negative-both,selected64,6,3393.548,0.665,1.000473,0.999048,1.001905,4.305328,4.263158,4.331967,1.000476,0.999049,1.012299
ldc2,65,128,negative-both,vector16store,6,3393.548,1.901,1.000476,0.988785,1.001894,4.307377,4.263158,4.385246,1.000000,1.000000,1.000000
ldc2,65,128,negative-both,cpp-approved-execution,6,787.097,1.230,4.309426,4.263158,4.336066,1.000000,1.000000,1.000000,4.307377,4.263158,4.385246
ldc2,65,128,negative-source,original,6,3385.484,0.572,1.000000,1.000000,1.000000,4.309457,4.277551,4.320988,0.999524,0.999047,1.000954
ldc2,65,128,negative-source,selected64,6,3380.645,0.763,1.000477,0.997151,1.001910,4.309440,4.277551,4.333333,1.000477,0.997151,1.000955
ldc2,65,128,negative-source,vector16store,6,3383.871,0.572,1.000477,0.999047,1.000954,4.307399,4.281633,4.320988,1.000000,1.000000,1.000000
ldc2,65,128,negative-source,cpp-approved-execution,6,785.484,0.821,4.309457,4.277551,4.320988,1.000000,1.000000,1.000000,4.307399,4.281633,4.320988
ldc2,65,128,padded,original,6,854.839,0.755,1.000000,1.000000,1.000000,1.084016,1.072581,1.090164,1.000000,1.000000,1.003788
ldc2,65,128,padded,selected64,6,853.226,0.756,1.000000,1.000000,1.003788,1.081967,1.072581,1.090164,1.001880,1.000000,1.003788
ldc2,65,128,padded,vector16store,6,854.839,1.132,1.000000,0.996226,1.000000,1.084016,1.072581,1.094262,1.000000,1.000000,1.000000
ldc2,65,128,padded,cpp-approved-execution,6,787.097,1.639,1.084016,1.072581,1.090164,1.000000,1.000000,1.000000,1.084016,1.072581,1.094262
ldc2,65,128,repeated-source,original,6,840.323,1.152,1.000000,1.000000,1.000000,1.076125,1.069959,1.087137,1.000000,0.996198,1.003831
ldc2,65,128,repeated-source,selected64,6,841.935,1.149,1.000000,0.996183,1.003817,1.074075,1.069959,1.091286,1.000000,0.996198,1.000000
ldc2,65,128,repeated-source,vector16store,6,841.935,0.766,1.000000,0.996183,1.003817,1.074075,1.069959,1.087137,1.000000,1.000000,1.000000
ldc2,65,128,repeated-source,cpp-approved-execution,6,782.258,1.237,1.076125,1.069959,1.087137,1.000000,1.000000,1.000000,1.074075,1.069959,1.087137
ldc2,65,128,universal,original,6,19133.871,3.018,1.000000,1.000000,1.000000,3.986905,3.644778,4.172390,1.005255,0.987665,1.018453
ldc2,65,128,universal,selected64,6,19119.355,5.112,1.003413,0.985250,1.016925,3.974051,3.584115,4.228451,1.014452,0.987164,1.025921
ldc2,65,128,universal,vector16store,6,19353.226,3.434,0.994774,0.981882,1.012489,3.996543,3.659787,4.240364,1.000000,1.000000,1.000000
ldc2,65,128,universal,cpp-approved-execution,6,4795.161,11.705,3.986905,3.644778,4.172390,1.000000,1.000000,1.000000,3.996543,3.659787,4.240364
ldc2,95,1,contiguous,original,6,27.909,2.078,1.000000,1.000000,1.000000,2.315790,2.307229,2.355422,1.022078,1.011509,1.023499
ldc2,95,1,contiguous,selected64,6,28.017,1.035,0.996119,0.992228,1.002564,2.328313,2.318318,2.349398,1.015534,1.012937,1.020725
ldc2,95,1,contiguous,vector16store,6,28.470,1.018,0.978399,0.977041,0.988622,2.365412,2.358434,2.382530,1.000000,1.000000,1.000000
ldc2,95,1,contiguous,cpp-approved-execution,6,12.033,0.301,2.315790,2.307229,2.355422,1.000000,1.000000,1.000000,2.365412,2.358434,2.382530
ldc2,95,1,negative-both,original,6,56.868,1.083,1.000000,1.000000,1.000000,4.669643,4.666667,4.703264,1.014659,1.005076,1.102679
ldc2,95,1,negative-both,selected64,6,57.793,1.317,0.984316,0.973913,0.997483,4.745536,4.715134,4.791667,0.998745,0.990062,1.084013
ldc2,95,1,negative-both,vector16store,6,57.793,9.094,0.985556,0.906883,0.994949,4.738493,4.714286,5.145833,1.000000,1.000000,1.000000
ldc2,95,1,negative-both,cpp-approved-execution,6,12.178,0.298,4.669643,4.666667,4.703264,1.000000,1.000000,1.000000,4.738493,4.714286,5.145833
ldc2,95,1,negative-source,original,6,56.868,0.382,1.000000,1.000000,1.000000,4.669643,4.666667,4.684524,1.013997,1.009548,1.016582
ldc2,95,1,negative-source,selected64,6,57.956,1.001,0.982781,0.973309,0.984365,4.758929,4.747024,4.794643,0.993427,0.989448,0.999373
ldc2,95,1,negative-source,vector16store,6,57.775,0.502,0.986198,0.983689,0.990542,4.744048,4.720238,4.744048,1.000000,1.000000,1.000000
ldc2,95,1,negative-source,cpp-approved-execution,6,12.178,0.000,4.669643,4.666667,4.684524,1.000000,1.000000,1.000000,4.744048,4.720238,4.744048
ldc2,95,1,padded,original,6,27.927,2.336,1.000000,1.000000,1.000000,2.293155,2.279762,2.333333,1.019558,1.014212,1.025510
ldc2,95,1,padded,selected64,6,28.072,1.808,0.994192,0.990944,1.000000,2.305060,2.300595,2.342262,1.012918,1.009009,1.021601
ldc2,95,1,padded,vector16store,6,28.434,2.804,0.980818,0.975124,0.985987,2.334821,2.327381,2.392857,1.000000,1.000000,1.000000
ldc2,95,1,padded,cpp-approved-execution,6,12.178,0.000,2.293155,2.279762,2.333333,1.000000,1.000000,1.000000,2.334821,2.327381,2.392857
ldc2,95,1,repeated-source,original,6,27.909,1.429,1.000000,1.000000,1.000000,2.291667,2.285714,2.318452,1.019481,1.006418,1.022135
ldc2,95,1,repeated-source,selected64,6,28.017,0.388,0.995476,0.993548,1.007762,2.300595,2.297619,2.306548,1.014886,1.012903,1.016839
ldc2,95,1,repeated-source,vector16store,6,28.452,0.510,0.980892,0.978344,0.993622,2.336310,2.330357,2.342262,1.000000,1.000000,1.000000
ldc2,95,1,repeated-source,cpp-approved-execution,6,12.178,0.000,2.291667,2.285714,2.318452,1.000000,1.000000,1.000000,2.336310,2.330357,2.342262
ldc2,95,1,universal,original,6,259.242,7.312,1.000000,1.000000,1.000000,4.787483,4.702811,5.076664,0.986384,0.956948,1.002562
ldc2,95,1,universal,selected64,6,257.666,12.069,0.999435,0.932118,1.060849,4.769578,4.710843,5.285141,1.000285,0.904635,1.015177
ldc2,95,1,universal,vector16store,6,256.923,3.428,1.013806,0.997445,1.044989,4.744645,4.672691,4.858104,1.000000,1.000000,1.000000
ldc2,95,1,universal,cpp-approved-execution,6,54.150,0.469,4.787483,4.702811,5.076664,1.000000,1.000000,1.000000,4.744645,4.672691,4.858104
ldc2,95,17,contiguous,original,6,179.012,2.759,1.000000,1.000000,1.000000,1.376190,1.312500,1.409524,1.005125,0.993103,1.010417
ldc2,95,17,contiguous,selected64,6,179.630,2.405,0.996564,0.993103,1.000000,1.380952,1.316964,1.409524,1.003384,0.989691,1.006920
ldc2,95,17,contiguous,vector16store,6,179.630,3.093,0.994903,0.989691,1.006944,1.382431,1.321429,1.414286,1.000000,1.000000,1.000000
ldc2,95,17,contiguous,cpp-approved-execution,6,129.630,6.667,1.376190,1.312500,1.409524,1.000000,1.000000,1.000000,1.382431,1.321429,1.414286
ldc2,95,17,negative-both,original,6,679.012,0.727,1.000000,1.000000,1.000000,3.956835,3.949640,3.978417,1.000908,1.000000,1.003643
ldc2,95,17,negative-both,selected64,6,678.395,0.455,1.001366,0.998182,1.002720,3.953237,3.949640,3.967626,1.001821,1.001815,1.002732
ldc2,95,17,negative-both,vector16store,6,679.938,0.545,0.999093,0.996370,1.000000,3.962230,3.956835,3.978417,1.000000,1.000000,1.000000
ldc2,95,17,negative-both,cpp-approved-execution,6,171.605,0.000,3.956835,3.949640,3.978417,1.000000,1.000000,1.000000,3.962230,3.956835,3.978417
ldc2,95,17,negative-source,original,6,684.568,0.812,1.000000,1.000000,1.000000,3.983813,3.953901,4.000000,0.999548,0.998198,1.002691
ldc2,95,17,negative-source,selected64,6,683.951,0.812,0.999552,0.999097,1.001805,3.985612,3.957447,3.992806,1.000000,0.998195,1.001792
ldc2,95,17,negative-source,vector16store,6,683.951,1.083,1.000452,0.997317,1.001805,3.983813,3.964539,3.992806,1.000000,1.000000,1.000000
ldc2,95,17,negative-source,cpp-approved-execution,6,171.605,1.439,3.983813,3.953901,4.000000,1.000000,1.000000,1.000000,3.983813,3.964539,3.992806
ldc2,95,17,padded,original,6,205.556,0.300,1.000000,1.000000,1.000000,1.197842,1.197842,1.201439,1.003003,1.000000,1.006006
ldc2,95,17,padded,selected64,6,206.173,0.000,0.997006,0.997006,1.000000,1.201439,1.201439,1.201439,1.000000,0.997006,1.002994
ldc2,95,17,padded,vector16store,6,206.173,0.599,0.997006,0.994030,1.000000,1.201439,1.197842,1.205036,1.000000,1.000000,1.000000
ldc2,95,17,padded,cpp-approved-execution,6,171.605,0.000,1.197842,1.197842,1.201439,1.000000,1.000000,1.000000,1.201439,1.197842,1.205036
ldc2,95,17,repeated-source,original,6,204.938,0.301,1.000000,1.000000,1.000000,1.194245,1.194245,1.197842,1.000000,1.000000,1.003012
ldc2,95,17,repeated-source,selected64,6,204.938,0.301,1.000000,0.996997,1.000000,1.194245,1.194245,1.197842,1.000000,1.000000,1.000000
ldc2,95,17,repeated-source,vector16store,6,204.938,0.301,1.000000,0.996997,1.000000,1.194245,1.194245,1.197842,1.000000,1.000000,1.000000
ldc2,95,17,repeated-source,cpp-approved-execution,6,171.605,0.000,1.194245,1.194245,1.197842,1.000000,1.000000,1.000000,1.194245,1.194245,1.197842
ldc2,95,17,universal,original,6,3664.506,5.441,1.000000,1.000000,1.000000,4.108304,4.097578,4.324100,1.000002,0.980141,1.003038
ldc2,95,17,universal,selected64,6,3692.284,4.748,0.998918,0.990003,1.031044,4.139446,4.019377,4.215917,0.998653,0.989004,1.020489
ldc2,95,17,universal,vector16store,6,3666.049,3.536,0.999999,0.996971,1.020261,4.110035,4.089965,4.238227,1.000000,1.000000,1.000000
ldc2,95,17,universal,cpp-approved-execution,6,891.975,0.069,4.108304,4.097578,4.324100,1.000000,1.000000,1.000000,4.110035,4.089965,4.238227
ldc2,95,128,contiguous,original,6,1257.143,0.758,1.000000,1.000000,1.000000,1.275362,1.269231,1.281553,1.000000,0.996212,1.000000
ldc2,95,128,contiguous,selected64,6,1257.143,0.758,1.000000,1.000000,1.003802,1.274700,1.269231,1.276699,1.000000,1.000000,1.003774
ldc2,95,128,contiguous,vector16store,6,1257.143,1.136,1.000000,1.000000,1.003802,1.275362,1.269231,1.278846,1.000000,1.000000,1.000000
ldc2,95,128,contiguous,cpp-approved-execution,6,988.095,0.964,1.275362,1.269231,1.281553,1.000000,1.000000,1.000000,1.275362,1.269231,1.278846
ldc2,95,128,negative-both,original,6,4933.333,0.290,1.000000,1.000000,1.000000,3.583045,3.560137,3.588235,0.999518,0.999035,1.000965
ldc2,95,128,negative-both,selected64,6,4933.333,0.386,1.000000,0.997110,1.001932,3.582037,3.560137,3.591696,0.999519,0.997110,1.000966
ldc2,95,128,negative-both,vector16store,6,4930.952,0.290,1.000483,0.999036,1.000966,3.581315,3.563574,3.584775,1.000000,1.000000,1.000000
ldc2,95,128,negative-both,cpp-approved-execution,6,1376.190,0.692,3.583045,3.560137,3.588235,1.000000,1.000000,1.000000,3.581315,3.563574,3.584775
ldc2,95,128,negative-source,original,6,4876.190,0.391,1.000000,1.000000,1.000000,3.696751,3.671429,3.696751,1.000000,0.999023,1.000973
ldc2,95,128,negative-source,selected64,6,4873.810,0.489,1.000489,1.000000,1.000978,3.693141,3.671429,3.696751,1.000000,1.000000,1.000978
ldc2,95,128,negative-source,vector16store,6,4876.190,0.586,1.000000,0.999028,1.000978,3.693141,3.675000,3.696751,1.000000,1.000000,1.000000
ldc2,95,128,negative-source,cpp-approved-execution,6,1319.048,1.083,3.696751,3.671429,3.696751,1.000000,1.000000,1.000000,3.693141,3.675000,3.696751
ldc2,95,128,padded,original,6,1371.429,0.694,1.000000,1.000000,1.000000,1.039711,1.028470,1.046931,1.000000,1.000000,1.003472
ldc2,95,128,padded,selected64,6,1371.429,0.347,1.000000,1.000000,1.003460,1.039711,1.028470,1.043321,1.000000,1.000000,1.003472
ldc2,95,128,padded,vector16store,6,1373.810,0.693,1.000000,0.996540,1.000000,1.039711,1.028470,1.046931,1.000000,1.000000,1.000000
ldc2,95,128,padded,cpp-approved-execution,6,1319.048,1.444,1.039711,1.028470,1.046931,1.000000,1.000000,1.000000,1.039711,1.028470,1.046931
ldc2,95,128,repeated-source,original,6,1338.095,1.068,1.000000,1.000000,1.000000,1.014440,1.014440,1.025271,1.000000,0.996479,1.003559
ldc2,95,128,repeated-source,selected64,6,1338.095,0.712,1.000000,1.000000,1.003534,1.014440,1.014440,1.021661,1.000000,1.000000,1.003559
ldc2,95,128,repeated-source,vector16store,6,1338.095,0.712,1.000000,0.996454,1.003534,1.016245,1.014440,1.021661,1.000000,1.000000,1.000000
ldc2,95,128,repeated-source,cpp-approved-execution,6,1319.048,0.361,1.014440,1.014440,1.025271,1.000000,1.000000,1.000000,1.016245,1.014440,1.021661
ldc2,95,128,universal,original,6,28000.000,11.378,1.000000,1.000000,1.000000,4.191019,4.091233,4.571327,0.996125,0.918240,1.017492
ldc2,95,128,universal,selected64,6,27973.810,2.792,1.001887,0.984820,1.087008,4.188589,4.085531,4.205421,1.000091,0.992864,1.003794
ldc2,95,128,universal,vector16store,6,27902.381,2.304,1.003922,0.982809,1.089040,4.177901,4.098361,4.197575,1.000000,1.000000,1.000000
ldc2,95,128,universal,cpp-approved-execution,6,6678.571,0.071,4.191019,4.091233,4.571327,1.000000,1.000000,1.000000,4.177901,4.098361,4.197575
ldc2,127,1,contiguous,original,6,30.547,2.062,1.000000,1.000000,1.000000,2.130068,2.114865,2.158784,1.013452,1.003170,1.018779
ldc2,127,1,contiguous,selected64,6,30.620,1.741,0.996849,0.990506,1.003180,2.135135,2.125000,2.162162,1.009501,1.001582,1.017188
ldc2,127,1,contiguous,vector16store,6,30.887,2.824,0.986727,0.981567,0.996840,2.153716,2.138514,2.199324,1.000000,1.000000,1.000000
ldc2,127,1,contiguous,cpp-approved-execution,6,14.341,0.000,2.130068,2.114865,2.158784,1.000000,1.000000,1.000000,2.153716,2.138514,2.199324
ldc2,127,1,negative-both,original,6,68.096,0.925,1.000000,1.000000,1.000000,4.653974,4.645695,4.688742,1.007479,1.002825,1.011356
ldc2,127,1,negative-both,selected64,6,68.774,9.722,0.990841,0.918288,0.999288,4.700331,4.649007,5.105960,1.000706,0.920882,1.007123
ldc2,127,1,negative-both,vector16store,6,68.653,0.776,0.992577,0.988772,0.997183,4.692053,4.682119,4.718543,1.000000,1.000000,1.000000
ldc2,127,1,negative-both,cpp-approved-execution,6,14.632,0.000,4.653974,4.645695,4.688742,1.000000,1.000000,1.000000,4.692053,4.682119,4.718543
ldc2,127,1,negative-source,original,6,68.144,3.413,1.000000,1.000000,1.000000,4.657285,4.625828,4.784768,1.004269,0.997880,1.010737
ldc2,127,1,negative-source,selected64,6,68.847,2.393,0.992239,0.970813,0.998589,4.705298,4.692053,4.804636,0.995766,0.981237,1.000000
ldc2,127,1,negative-source,vector16store,6,68.411,2.975,0.995749,0.989377,1.002125,4.675497,4.652318,4.791391,1.000000,1.000000,1.000000
ldc2,127,1,negative-source,cpp-approved-execution,6,14.632,0.000,4.657285,4.625828,4.784768,1.000000,1.000000,1.000000,4.675497,4.652318,4.791391
ldc2,127,1,padded,original,6,30.378,2.073,1.000000,1.000000,1.000000,2.076159,2.069536,2.112583,1.015949,1.012678,1.020800
ldc2,127,1,padded,selected64,6,30.644,0.949,0.993671,0.988924,1.004724,2.094371,2.082781,2.102649,1.011086,1.006319,1.018898
ldc2,127,1,padded,vector16store,6,30.911,1.567,0.984301,0.979624,0.987480,2.112583,2.109272,2.142384,1.000000,1.000000,1.000000
ldc2,127,1,padded,cpp-approved-execution,6,14.632,0.000,2.076159,2.069536,2.112583,1.000000,1.000000,1.000000,2.112583,2.109272,2.142384
ldc2,127,1,repeated-source,original,6,30.329,0.639,1.000000,1.000000,1.000000,2.072848,2.062914,2.076159,1.020767,1.014354,1.022472
ldc2,127,1,repeated-source,selected64,6,30.426,0.318,0.996818,0.990461,0.998408,2.079470,2.076159,2.082781,1.014331,1.012719,1.020734
ldc2,127,1,repeated-source,vector16store,6,30.862,0.628,0.979658,0.978022,0.985849,2.109272,2.105960,2.119205,1.000000,1.000000,1.000000
ldc2,127,1,repeated-source,cpp-approved-execution,6,14.632,0.000,2.072848,2.062914,2.076159,1.000000,1.000000,1.000000,2.109272,2.105960,2.119205
ldc2,127,1,universal,original,6,327.592,3.135,1.000000,1.000000,1.000000,4.570655,4.483913,4.652881,1.002760,0.981349,1.036386
ldc2,127,1,universal,selected64,6,327.713,1.079,1.001422,0.984167,1.017494,4.577288,4.445174,4.614237,1.003182,0.998517,1.019976
ldc2,127,1,universal,vector16store,6,329.457,2.324,0.997277,0.964892,1.019005,4.590642,4.472095,4.673220,1.000000,1.000000,1.000000
ldc2,127,1,universal,cpp-approved-execution,6,71.463,3.254,4.570655,4.483913,4.652881,1.000000,1.000000,1.000000,4.590642,4.472095,4.673220
ldc2,127,17,contiguous,original,6,214.876,0.385,1.000000,1.000000,1.000000,1.220657,1.220657,1.225352,1.000000,1.000000,1.003846
ldc2,127,17,contiguous,selected64,6,214.876,0.385,1.000000,0.996169,1.000000,1.220657,1.220657,1.225352,1.000000,0.996169,1.003846
ldc2,127,17,contiguous,vector16store,6,214.876,0.385,1.000000,0.996169,1.000000,1.220657,1.220657,1.225352,1.000000,1.000000,1.000000
ldc2,127,17,contiguous,cpp-approved-execution,6,176.033,0.000,1.220657,1.220657,1.225352,1.000000,1.000000,1.000000,1.220657,1.220657,1.225352
ldc2,127,17,negative-both,original,6,889.256,0.372,1.000000,1.000000,1.000000,4.089354,4.075758,4.102662,1.000000,0.999071,1.089302
ldc2,127,17,negative-both,selected64,6,888.843,0.558,1.000000,0.999071,1.002796,4.087452,4.064394,4.102662,1.000465,0.998143,1.089302
ldc2,127,17,negative-both,vector16store,6,889.256,8.922,1.000000,0.918019,1.000930,4.091255,4.071970,4.452471,1.000000,1.000000,1.000000
ldc2,127,17,negative-both,cpp-approved-execution,6,217.355,0.380,4.089354,4.075758,4.102662,1.000000,1.000000,1.000000,4.091255,4.071970,4.452471
ldc2,127,17,negative-source,original,6,893.388,0.740,1.000000,1.000000,1.000000,4.114293,4.101887,4.129771,1.000000,0.997240,1.004625
ldc2,127,17,negative-source,selected64,6,892.975,0.740,1.000000,0.998155,1.001854,4.114293,4.101887,4.137405,0.999539,0.997240,1.006487
ldc2,127,17,negative-source,vector16store,6,893.802,0.647,1.000000,0.995396,1.002768,4.120229,4.090566,4.133588,1.000000,1.000000,1.000000
ldc2,127,17,negative-source,cpp-approved-execution,6,216.942,1.143,4.114293,4.101887,4.129771,1.000000,1.000000,1.000000,4.120229,4.090566,4.133588
ldc2,127,17,padded,original,6,259.504,0.637,1.000000,1.000000,1.000000,1.198096,1.193916,1.202290,1.003185,0.996825,1.009585
ldc2,127,17,padded,selected64,6,259.504,0.000,1.000000,0.996815,1.003185,1.198473,1.193916,1.198473,1.003185,1.000000,1.006369
ldc2,127,17,padded,vector16store,6,260.331,0.635,0.996825,0.990506,1.003185,1.202290,1.193916,1.206107,1.000000,1.000000,1.000000
ldc2,127,17,padded,cpp-approved-execution,6,216.529,0.382,1.198096,1.193916,1.202290,1.000000,1.000000,1.000000,1.202290,1.193916,1.206107
ldc2,127,17,repeated-source,original,6,265.702,3.421,1.000000,1.000000,1.000000,1.215509,1.194757,1.231939,1.000000,0.996805,1.009404
ldc2,127,17,repeated-source,selected64,6,265.289,3.427,1.000000,0.993769,1.003115,1.215502,1.199234,1.231939,1.001558,0.996805,1.006231
ldc2,127,17,repeated-source,vector16store,6,266.116,3.727,1.000000,0.990683,1.003205,1.215509,1.195402,1.231939,1.000000,1.000000,1.000000
ldc2,127,17,repeated-source,cpp-approved-execution,6,218.182,2.273,1.215509,1.194757,1.231939,1.000000,1.000000,1.000000,1.215509,1.195402,1.231939
ldc2,127,17,universal,original,6,4881.818,5.417,1.000000,1.000000,1.000000,4.107778,4.091226,4.311065,1.001946,0.983319,1.031057
ldc2,127,17,universal,selected64,6,4908.678,5.758,0.996521,0.983280,1.004918,4.134693,4.089136,4.324287,0.998668,0.979485,1.018641
ldc2,127,17,universal,vector16store,6,4898.760,6.714,0.998058,0.969879,1.016964,4.122039,4.022981,4.297147,1.000000,1.000000,1.000000
ldc2,127,17,universal,cpp-approved-execution,6,1187.603,0.278,4.107778,4.091226,4.311065,1.000000,1.000000,1.000000,4.122039,4.022981,4.297147
ldc2,127,128,contiguous,original,6,1615.625,0.387,1.000000,1.000000,1.000000,1.222749,1.221698,1.233333,1.000000,1.000000,1.000000
ldc2,127,128,contiguous,selected64,6,1615.625,0.774,1.000000,0.996154,1.000000,1.224582,1.221698,1.233333,1.000000,0.996154,1.000000
ldc2,127,128,contiguous,vector16store,6,1615.625,0.387,1.000000,1.000000,1.000000,1.222749,1.221698,1.233333,1.000000,1.000000,1.000000
ldc2,127,128,contiguous,cpp-approved-execution,6,1318.750,0.948,1.222749,1.221698,1.233333,1.000000,1.000000,1.000000,1.222749,1.221698,1.233333
ldc2,127,128,negative-both,original,6,6546.875,0.382,1.000000,1.000000,1.000000,3.875926,3.838828,3.881481,1.000000,0.999045,1.000956
ldc2,127,128,negative-both,selected64,6,6553.125,0.572,1.000000,0.995247,1.000956,3.874074,3.842491,3.896296,1.000477,0.995247,1.000956
ldc2,127,128,negative-both,vector16store,6,6546.875,0.382,1.000000,0.999045,1.000956,3.875926,3.838828,3.885185,1.000000,1.000000,1.000000
ldc2,127,128,negative-both,cpp-approved-execution,6,1687.500,1.111,3.875926,3.838828,3.881481,1.000000,1.000000,1.000000,3.875926,3.838828,3.885185
ldc2,127,128,negative-source,original,6,6475.000,0.290,1.000000,1.000000,1.000000,3.898496,3.894737,3.905660,1.000000,0.999037,1.000000
ldc2,127,128,negative-source,selected64,6,6471.875,0.483,1.000483,0.999038,1.000967,3.898312,3.890977,3.906015,1.000483,0.998075,1.000967
ldc2,127,128,negative-source,vector16store,6,6475.000,0.193,1.000000,1.000000,1.000964,3.896617,3.894737,3.905660,1.000000,1.000000,1.000000
ldc2,127,128,negative-source,cpp-approved-execution,6,1662.500,0.376,3.898496,3.894737,3.905660,1.000000,1.000000,1.000000,3.896617,3.894737,3.905660
ldc2,127,128,padded,original,6,1706.250,0.733,1.000000,1.000000,1.000000,1.028352,1.026316,1.030189,1.000000,0.996337,1.000000
ldc2,127,128,padded,selected64,6,1700.000,0.735,1.000000,1.000000,1.003676,1.026415,1.026316,1.030189,1.000000,1.000000,1.003676
ldc2,127,128,padded,vector16store,6,1703.125,0.734,1.000000,1.000000,1.003676,1.026465,1.026316,1.030189,1.000000,1.000000,1.000000
ldc2,127,128,padded,cpp-approved-execution,6,1656.250,0.755,1.028352,1.026316,1.030189,1.000000,1.000000,1.000000,1.026465,1.026316,1.030189
ldc2,127,128,repeated-source,original,6,1681.250,0.743,1.000000,1.000000,1.000000,1.022770,1.018939,1.022814,1.000000,1.000000,1.003731
ldc2,127,128,repeated-source,selected64,6,1681.250,0.743,1.000000,0.996296,1.000000,1.022770,1.019011,1.022814,1.000000,0.996296,1.003731
ldc2,127,128,repeated-source,vector16store,6,1681.250,0.372,1.000000,0.996283,1.000000,1.022814,1.018939,1.022814,1.000000,1.000000,1.000000
ldc2,127,128,repeated-source,cpp-approved-execution,6,1643.750,0.380,1.022770,1.018939,1.022814,1.000000,1.000000,1.000000,1.022814,1.018939,1.022814
ldc2,127,128,universal,original,6,37528.125,5.496,1.000000,1.000000,1.000000,4.207770,4.112360,4.307799,0.988824,0.982251,1.022541
ldc2,127,128,universal,selected64,6,37175.000,22.629,1.001300,0.867480,1.032325,4.159441,4.062500,4.965877,1.007818,0.853597,1.016121
ldc2,127,128,universal,vector16store,6,37375.000,3.696,1.011326,0.977956,1.018070,4.191011,4.119382,4.238858,1.000000,1.000000,1.000000
ldc2,127,128,universal,cpp-approved-execution,6,8918.750,0.841,4.207770,4.112360,4.307799,1.000000,1.000000,1.000000,4.191011,4.119382,4.238858
ldc2,128,1,contiguous,original,6,28.662,1.704,1.000000,1.000000,1.000000,2.466387,2.462185,2.493724,1.024722,1.020443,1.027304
ldc2,128,1,contiguous,selected64,6,28.638,1.705,1.000840,0.998296,1.006838,2.464286,2.457983,2.489540,1.024722,1.020443,1.034188
ldc2,128,1,contiguous,vector16store,6,29.395,1.661,0.975875,0.973422,0.979967,2.529412,2.516807,2.548117,1.000000,1.000000,1.000000
ldc2,128,1,contiguous,cpp-approved-execution,6,11.621,0.420,2.466387,2.462185,2.493724,1.000000,1.000000,1.000000,2.529412,2.516807,2.548117
ldc2,128,1,negative-both,original,6,70.508,0.485,1.000000,1.000000,1.000000,5.918033,5.905738,5.934426,1.009006,1.000691,1.015267
ldc2,128,1,negative-both,selected64,6,70.825,0.414,0.996547,0.992424,1.001383,5.944672,5.926230,5.950820,1.006554,0.997932,1.011757
ldc2,128,1,negative-both,vector16store,6,71.216,1.028,0.991097,0.984962,0.999309,5.977459,5.934426,5.995902,1.000000,1.000000,1.000000
ldc2,128,1,negative-both,cpp-approved-execution,6,11.914,0.000,5.918033,5.905738,5.934426,1.000000,1.000000,1.000000,5.977459,5.934426,5.995902
ldc2,128,1,negative-source,original,6,68.921,1.629,1.000000,1.000000,1.000000,5.784836,5.754098,5.848361,1.006744,0.997898,1.139815
ldc2,128,1,negative-source,selected64,6,69.287,1.550,0.995405,0.982566,1.000701,5.815574,5.786885,5.877049,1.001765,0.996513,1.131783
ldc2,128,1,negative-source,vector16store,6,69.507,13.488,0.993302,0.877335,1.002107,5.834016,5.795082,6.581967,1.000000,1.000000,1.000000
ldc2,128,1,negative-source,cpp-approved-execution,6,11.914,0.000,5.784836,5.754098,5.848361,1.000000,1.000000,1.000000,5.834016,5.795082,6.581967
ldc2,128,1,padded,original,6,28.735,4.078,1.000000,1.000000,1.000000,2.407787,2.268657,2.446721,1.016142,1.014803,1.022260
ldc2,128,1,padded,selected64,6,28.687,3.234,1.002557,0.998291,1.008446,2.403689,2.253731,2.426230,1.021018,1.015306,1.023649
ldc2,128,1,padded,vector16store,6,29.248,3.339,0.984115,0.978224,0.985413,2.450820,2.302239,2.483607,1.000000,1.000000,1.000000
ldc2,128,1,padded,cpp-approved-execution,6,11.914,9.836,2.407787,2.268657,2.446721,1.000000,1.000000,1.000000,2.450820,2.302239,2.483607
ldc2,128,1,repeated-source,original,6,28.540,1.027,1.000000,1.000000,1.000000,2.395492,2.385246,2.409836,1.032534,1.029060,1.034014
ldc2,128,1,repeated-source,selected64,6,28.638,0.853,0.996590,0.993186,0.998302,2.403689,2.393443,2.413934,1.028132,1.025554,1.032258
ldc2,128,1,repeated-source,vector16store,6,29.395,1.163,0.968491,0.967105,0.971761,2.467213,2.463115,2.491803,1.000000,1.000000,1.000000
ldc2,128,1,repeated-source,cpp-approved-execution,6,11.914,0.000,2.395492,2.385246,2.409836,1.000000,1.000000,1.000000,2.467213,2.463115,2.491803
ldc2,128,1,universal,original,6,330.005,3.211,1.000000,1.000000,1.000000,4.298279,4.280779,4.681726,1.003181,0.977843,1.021460
ldc2,128,1,universal,selected64,6,330.884,3.719,0.998108,0.988590,1.007753,4.300191,4.268216,4.692515,1.000078,0.980721,1.019112
ldc2,128,1,universal,vector16store,6,330.298,6.327,0.996829,0.978990,1.022659,4.311345,4.185930,4.782198,1.000000,1.000000,1.000000
ldc2,128,1,universal,cpp-approved-execution,6,76.611,6.947,4.298279,4.280779,4.681726,1.000000,1.000000,1.000000,4.311345,4.185930,4.782198
ldc2,128,17,contiguous,original,6,207.500,1.205,1.000000,1.000000,1.000000,1.179670,1.174528,1.185714,1.002008,0.992000,1.004049
ldc2,128,17,contiguous,selected64,6,206.667,0.403,1.004032,0.995968,1.012146,1.175773,1.165094,1.180952,1.004040,1.000000,1.008097
ldc2,128,17,contiguous,vector16store,6,207.083,0.805,0.998000,0.995968,1.008065,1.180099,1.169811,1.185714,1.000000,1.000000,1.000000
ldc2,128,17,contiguous,cpp-approved-execution,6,175.417,0.950,1.179670,1.174528,1.185714,1.000000,1.000000,1.000000,1.180099,1.169811,1.185714
ldc2,128,17,negative-both,original,6,895.833,0.465,1.000000,1.000000,1.000000,5.021028,5.000000,5.051643,1.000465,0.999073,1.003721
ldc2,128,17,negative-both,selected64,6,896.250,0.372,1.000000,0.999071,1.000928,5.021028,5.000000,5.051643,1.000465,0.999071,1.003721
ldc2,128,17,negative-both,vector16store,6,897.500,0.464,0.999535,0.996293,1.000928,5.021028,5.004651,5.061033,1.000000,1.000000,1.000000
ldc2,128,17,negative-both,cpp-approved-execution,6,178.333,0.935,5.021028,5.000000,5.051643,1.000000,1.000000,1.000000,5.021028,5.004651,5.061033
ldc2,128,17,negative-source,original,6,900.417,1.296,1.000000,1.000000,1.000000,5.023256,5.018349,5.060748,0.999538,0.999074,1.001852
ldc2,128,17,negative-source,selected64,6,901.250,1.479,0.999081,0.999075,1.000927,5.027907,5.018605,5.060748,0.999082,0.998152,1.000925
ldc2,128,17,negative-source,vector16store,6,900.833,1.388,1.000462,0.998152,1.000927,5.023256,5.018349,5.056075,1.000000,1.000000,1.000000
ldc2,128,17,negative-source,cpp-approved-execution,6,179.167,1.860,5.023256,5.018349,5.060748,1.000000,1.000000,1.000000,5.023256,5.018349,5.056075
ldc2,128,17,padded,original,6,235.833,0.353,1.000000,1.000000,1.000000,1.330986,1.316279,1.334906,1.000000,0.996479,1.000000
ldc2,128,17,padded,selected64,6,235.833,0.000,1.000000,1.000000,1.003534,1.328638,1.316279,1.334906,1.000000,1.000000,1.003534
ldc2,128,17,padded,vector16store,6,235.833,0.353,1.000000,1.000000,1.003534,1.328638,1.316279,1.334906,1.000000,1.000000,1.000000
ldc2,128,17,padded,cpp-approved-execution,6,177.500,1.408,1.330986,1.316279,1.334906,1.000000,1.000000,1.000000,1.328638,1.316279,1.334906
ldc2,128,17,repeated-source,original,6,234.583,0.355,1.000000,1.000000,1.000000,1.319249,1.311628,1.323944,1.000000,0.996454,1.003559
ldc2,128,17,repeated-source,selected64,6,235.000,1.064,0.996466,0.996454,1.003571,1.323944,1.308411,1.328638,0.998233,0.996454,1.003571
ldc2,128,17,repeated-source,vector16store,6,234.583,0.710,1.000000,0.996454,1.003559,1.319249,1.313084,1.323944,1.000000,1.000000,1.000000
ldc2,128,17,repeated-source,cpp-approved-execution,6,177.500,0.939,1.319249,1.311628,1.323944,1.000000,1.000000,1.000000,1.319249,1.313084,1.323944
ldc2,128,17,universal,original,6,4965.417,3.172,1.000000,1.000000,1.000000,4.141512,3.563861,4.244599,0.997140,0.972918,1.006441
ldc2,128,17,universal,selected64,6,4950.833,3.148,1.003590,0.995950,1.008151,4.133798,3.543261,4.234146,1.000011,0.974065,1.012292
ldc2,128,17,universal,vector16store,6,4947.917,5.221,1.002872,0.993600,1.027835,4.118161,3.586816,4.170035,1.000000,1.000000,1.000000
ldc2,128,17,universal,cpp-approved-execution,6,1195.833,18.467,4.141512,3.563861,4.244599,1.000000,1.000000,1.000000,4.118161,3.586816,4.170035
ldc2,128,128,contiguous,original,6,1462.500,1.709,1.000000,1.000000,1.000000,1.096244,1.093458,1.102326,1.000000,1.000000,1.004274
ldc2,128,128,contiguous,selected64,6,1456.250,1.288,1.002119,1.000000,1.004292,1.095786,1.088785,1.099057,1.002119,1.000000,1.008584
ldc2,128,128,contiguous,vector16store,6,1462.500,1.709,1.000000,0.995745,1.000000,1.098361,1.093458,1.102326,1.000000,1.000000,1.000000
ldc2,128,128,contiguous,cpp-approved-execution,6,1334.375,1.405,1.096244,1.093458,1.102326,1.000000,1.000000,1.000000,1.098361,1.093458,1.102326
ldc2,128,128,negative-both,original,6,6609.375,2.931,1.000000,1.000000,1.000000,4.589130,4.506224,4.613734,0.998582,0.991628,1.018009
ldc2,128,128,negative-both,selected64,6,6609.375,2.175,1.000466,0.999054,1.007421,4.591304,4.473029,4.609442,0.999527,0.992551,1.018009
ldc2,128,128,negative-both,vector16store,6,6634.375,2.449,1.001420,0.982309,1.008443,4.581032,4.485477,4.669565,1.000000,1.000000,1.000000
ldc2,128,128,negative-both,cpp-approved-execution,6,1446.875,4.752,4.589130,4.506224,4.613734,1.000000,1.000000,1.000000,4.581032,4.485477,4.669565
ldc2,128,128,negative-source,original,6,6525.000,0.575,1.000000,1.000000,1.000000,4.539130,4.530435,4.556522,0.998566,0.998084,1.000960
ldc2,128,128,negative-source,selected64,6,6518.750,24.065,1.000479,0.811146,1.002882,4.534783,4.526087,5.617391,1.000479,0.810372,1.000961
ldc2,128,128,negative-source,vector16store,6,6518.750,0.479,1.001436,0.999041,1.001919,4.534783,4.530435,4.552174,1.000000,1.000000,1.000000
ldc2,128,128,negative-source,cpp-approved-execution,6,1437.500,0.000,4.539130,4.530435,4.556522,1.000000,1.000000,1.000000,4.534783,4.530435,4.552174
ldc2,128,128,padded,original,6,1543.750,0.405,1.000000,1.000000,1.000000,1.073913,1.069264,1.078947,1.000000,0.995951,1.004065
ldc2,128,128,padded,selected64,6,1543.750,0.405,1.000000,1.000000,1.000000,1.073913,1.069264,1.078947,1.000000,0.995951,1.004065
ldc2,128,128,padded,vector16store,6,1540.625,0.811,1.000000,0.995951,1.004065,1.073753,1.069565,1.083333,1.000000,1.000000,1.000000
ldc2,128,128,padded,cpp-approved-execution,6,1437.500,1.304,1.073913,1.069264,1.078947,1.000000,1.000000,1.000000,1.073753,1.069565,1.083333
ldc2,128,128,repeated-source,original,6,1525.000,1.230,1.000000,1.000000,1.000000,1.077084,1.070175,1.084071,1.000000,0.995902,1.004098
ldc2,128,128,repeated-source,selected64,6,1525.000,1.230,1.000000,0.995918,1.004115,1.077084,1.070175,1.084071,1.002033,0.995918,1.004098
ldc2,128,128,repeated-source,vector16store,6,1528.125,1.636,1.000000,0.995918,1.004115,1.077434,1.070485,1.084071,1.000000,1.000000,1.000000
ldc2,128,128,repeated-source,cpp-approved-execution,6,1415.625,0.883,1.077084,1.070175,1.084071,1.000000,1.000000,1.000000,1.077434,1.070485,1.084071
ldc2,128,128,universal,original,6,37506.250,9.415,1.000000,1.000000,1.000000,4.184798,4.113668,4.501393,0.994824,0.967667,1.006597
ldc2,128,128,universal,selected64,6,37315.625,3.986,1.007551,0.996796,1.052769,4.163529,4.115760,4.275766,1.003344,0.994239,1.018730
ldc2,128,128,universal,vector16store,6,37381.250,6.470,1.005203,0.993446,1.033413,4.170851,4.092050,4.355850,1.000000,1.000000,1.000000
ldc2,128,128,universal,cpp-approved-execution,6,8962.500,0.209,4.184798,4.113668,4.501393,1.000000,1.000000,1.000000,4.170851,4.092050,4.355850
ldc2,129,1,contiguous,original,6,29.331,4.027,1.000000,1.000000,1.000000,2.355731,2.351779,2.446640,1.012592,1.006462,1.023529
ldc2,129,1,contiguous,selected64,6,29.331,4.195,1.000000,0.998325,1.001684,2.355731,2.347826,2.446640,1.012592,1.006462,1.023529
ldc2,129,1,contiguous,vector16store,6,29.872,3.624,0.987570,0.977011,0.993579,2.399209,2.375494,2.462451,1.000000,1.000000,1.000000
ldc2,129,1,contiguous,cpp-approved-execution,6,12.451,0.000,2.355731,2.351779,2.446640,1.000000,1.000000,1.000000,2.399209,2.375494,2.462451
ldc2,129,1,negative-both,original,6,69.513,3.965,1.000000,1.000000,1.000000,5.517578,5.429687,5.648438,1.005333,0.993653,1.015214
ldc2,129,1,negative-both,selected64,6,69.144,3.488,1.000310,0.992938,1.017947,5.488281,5.441406,5.632812,1.011841,0.990915,1.018031
ldc2,129,1,negative-both,vector16store,6,69.587,4.173,0.994701,0.985014,1.006388,5.523438,5.503906,5.734375,1.000000,1.000000,1.000000
ldc2,129,1,negative-both,cpp-approved-execution,6,12.598,0.000,5.517578,5.429687,5.648438,1.000000,1.000000,1.000000,5.523438,5.503906,5.734375
ldc2,129,1,negative-source,original,6,69.070,1.354,1.000000,1.000000,1.000000,5.482422,5.429687,5.503906,1.008884,1.004968,1.015108
ldc2,129,1,negative-source,selected64,6,68.602,1.220,1.003217,0.995745,1.011486,5.445312,5.441406,5.507812,1.012859,1.002837,1.017947
ldc2,129,1,negative-source,vector16store,6,69.636,1.131,0.991197,0.985117,0.995056,5.527344,5.500000,5.562500,1.000000,1.000000,1.000000
ldc2,129,1,negative-source,cpp-approved-execution,6,12.598,0.000,5.482422,5.429687,5.503906,1.000000,1.000000,1.000000,5.527344,5.500000,5.562500
ldc2,129,1,padded,original,6,29.380,1.675,1.000000,1.000000,1.000000,2.332031,2.324219,2.363281,1.020811,1.013445,1.026756
ldc2,129,1,padded,selected64,6,29.380,1.843,1.000000,0.996705,1.000000,2.332031,2.328125,2.371094,1.019295,1.011745,1.026756
ldc2,129,1,padded,vector16store,6,29.995,2.461,0.979614,0.973941,0.986733,2.380859,2.355469,2.414062,1.000000,1.000000,1.000000
ldc2,129,1,padded,cpp-approved-execution,6,12.598,0.000,2.332031,2.324219,2.363281,1.000000,1.000000,1.000000,2.380859,2.355469,2.414062
ldc2,129,1,repeated-source,original,6,29.232,0.505,1.000000,1.000000,1.000000,2.320312,2.312500,2.324219,1.015993,1.006723,1.023569
ldc2,129,1,repeated-source,selected64,6,29.257,1.009,0.998325,0.991653,1.001686,2.322266,2.316406,2.339844,1.015981,1.003350,1.023569
ldc2,129,1,repeated-source,vector16store,6,29.700,1.491,0.984259,0.976974,0.993322,2.357422,2.339844,2.375000,1.000000,1.000000,1.000000
ldc2,129,1,repeated-source,cpp-approved-execution,6,12.598,0.000,2.320312,2.312500,2.324219,1.000000,1.000000,1.000000,2.357422,2.339844,2.375000
ldc2,129,1,universal,original,6,335.778,5.203,1.000000,1.000000,1.000000,4.556629,4.335459,4.730458,0.994186,0.961396,0.998081
ldc2,129,1,universal,selected64,6,334.867,5.805,1.001894,0.990756,1.033265,4.538454,4.323342,4.623474,0.994012,0.979275,1.008203
ldc2,129,1,universal,vector16store,6,332.603,4.942,1.005848,1.001923,1.040154,4.525835,4.306565,4.586160,1.000000,1.000000,1.000000
ldc2,129,1,universal,cpp-approved-execution,6,75.098,6.225,4.556629,4.335459,4.730458,1.000000,1.000000,1.000000,4.525835,4.306565,4.586160
ldc2,129,17,contiguous,original,6,211.765,0.397,1.000000,1.000000,1.000000,1.202871,1.200000,1.210526,1.000000,0.996032,1.011905
ldc2,129,17,contiguous,selected64,6,211.765,1.190,1.000000,0.996047,1.008000,1.204762,1.196172,1.205742,1.003960,0.996032,1.008000
ldc2,129,17,contiguous,vector16store,6,212.185,1.584,1.000000,0.988235,1.003984,1.207633,1.195238,1.214286,1.000000,1.000000,1.000000
ldc2,129,17,contiguous,cpp-approved-execution,6,176.050,0.477,1.202871,1.200000,1.210526,1.000000,1.000000,1.000000,1.207633,1.195238,1.214286
ldc2,129,17,negative-both,original,6,905.042,0.464,1.000000,1.000000,1.000000,4.884379,4.859729,4.904545,1.000000,0.999071,1.026927
ldc2,129,17,negative-both,selected64,6,904.202,3.625,1.000929,0.968525,1.003728,4.882096,4.859729,5.031674,1.001393,0.968525,1.028837
ldc2,129,17,negative-both,vector16store,6,904.622,2.973,1.000000,0.973779,1.000929,4.882106,4.859729,5.027273,1.000000,1.000000,1.000000
ldc2,129,17,negative-both,cpp-approved-execution,6,185.294,0.454,4.884379,4.859729,4.904545,1.000000,1.000000,1.000000,4.882106,4.859729,5.027273
ldc2,129,17,negative-source,original,6,908.403,2.035,1.000000,1.000000,1.000000,4.911364,4.860360,5.004545,0.999538,0.980018,1.000927
ldc2,129,17,negative-source,selected64,6,907.143,3.057,1.000927,0.972097,1.021336,4.904545,4.855856,5.050000,1.000464,0.972097,1.001855
ldc2,129,17,negative-source,vector16store,6,907.563,0.278,1.000462,0.999074,1.020389,4.906818,4.864865,4.918182,1.000000,1.000000,1.000000
ldc2,129,17,negative-source,cpp-approved-execution,6,184.874,0.909,4.911364,4.860360,5.004545,1.000000,1.000000,1.000000,4.906818,4.864865,4.918182
ldc2,129,17,padded,original,6,242.017,2.778,1.000000,1.000000,1.000000,1.309797,1.304545,1.321101,1.001695,1.000000,1.003484
ldc2,129,17,padded,selected64,6,241.597,2.783,1.000000,0.996552,1.003484,1.310807,1.304545,1.321101,1.001695,1.000000,1.003484
ldc2,129,17,padded,vector16store,6,242.017,3.125,0.998311,0.996528,1.000000,1.313643,1.304545,1.321101,1.000000,1.000000,1.000000
ldc2,129,17,padded,cpp-approved-execution,6,184.874,3.182,1.309797,1.304545,1.321101,1.000000,1.000000,1.000000,1.313643,1.304545,1.321101
ldc2,129,17,repeated-source,original,6,240.336,0.699,1.000000,1.000000,1.000000,1.294786,1.288288,1.304545,1.000000,0.996503,1.003509
ldc2,129,17,repeated-source,selected64,6,240.336,0.350,1.000000,0.996503,1.000000,1.299321,1.288288,1.304545,1.000000,0.996503,1.003497
ldc2,129,17,repeated-source,vector16store,6,240.336,0.699,1.000000,0.996503,1.003509,1.297049,1.288288,1.304545,1.000000,1.000000,1.000000
ldc2,129,17,repeated-source,cpp-approved-execution,6,185.294,0.907,1.294786,1.288288,1.304545,1.000000,1.000000,1.000000,1.297049,1.288288,1.304545
ldc2,129,17,universal,original,6,5022.269,7.212,1.000000,1.000000,1.000000,4.167712,4.025105,4.328681,1.002298,0.992127,1.043456
ldc2,129,17,universal,selected64,6,5008.403,5.839,0.996482,0.979633,1.022786,4.159107,4.073273,4.316120,1.015768,0.990223,1.029858
ldc2,129,17,universal,vector16store,6,5091.597,6.090,0.997712,0.958353,1.007935,4.226735,4.099093,4.350523,1.000000,1.000000,1.000000
ldc2,129,17,universal,cpp-approved-execution,6,1204.202,0.140,4.167712,4.025105,4.328681,1.000000,1.000000,1.000000,4.226735,4.099093,4.350523
ldc2,129,128,contiguous,original,6,1493.333,0.893,1.000000,1.000000,1.000000,1.117201,1.103448,1.120000,1.000000,0.995556,1.004464
ldc2,129,128,contiguous,selected64,6,1493.333,0.893,1.000000,0.995556,1.004484,1.114714,1.108374,1.119403,1.000000,0.995556,1.004484
ldc2,129,128,contiguous,vector16store,6,1493.333,0.893,1.000000,0.995556,1.004464,1.114428,1.108374,1.120000,1.000000,1.000000,1.000000
ldc2,129,128,contiguous,cpp-approved-execution,6,1340.000,1.493,1.117201,1.103448,1.120000,1.000000,1.000000,1.000000,1.114428,1.108374,1.120000
ldc2,129,128,negative-both,original,6,6646.667,0.401,1.000000,1.000000,1.000000,4.564220,4.540909,4.577982,0.999497,0.996994,1.010040
ldc2,129,128,negative-both,selected64,6,6650.000,1.103,1.000000,0.993035,1.003015,4.566514,4.540909,4.589041,1.000000,0.991045,1.010040
ldc2,129,128,negative-both,vector16store,6,6640.000,1.205,1.000503,0.990060,1.003015,4.561927,4.540909,4.614679,1.000000,1.000000,1.000000
ldc2,129,128,negative-both,cpp-approved-execution,6,1453.333,0.917,4.564220,4.540909,4.577982,1.000000,1.000000,1.000000,4.561927,4.540909,4.614679
ldc2,129,128,negative-source,original,6,6570.000,0.609,1.000000,1.000000,1.000000,4.602804,4.586047,4.607477,1.000000,0.998990,1.001014
ldc2,129,128,negative-source,selected64,6,6566.667,0.711,1.000000,0.998991,1.001016,4.600467,4.586047,4.609302,1.000507,0.997982,1.001016
ldc2,129,128,negative-source,vector16store,6,6570.000,0.507,1.000000,0.998987,1.001011,4.601402,4.590698,4.607477,1.000000,1.000000,1.000000
ldc2,129,128,negative-source,cpp-approved-execution,6,1426.667,0.467,4.602804,4.586047,4.607477,1.000000,1.000000,1.000000,4.601402,4.590698,4.607477
ldc2,129,128,padded,original,6,1560.000,0.855,1.000000,1.000000,1.000000,1.088785,1.088372,1.093023,1.000000,1.000000,1.000000
ldc2,129,128,padded,selected64,6,1560.000,0.855,1.000000,1.000000,1.004274,1.088579,1.088372,1.093023,1.000000,1.000000,1.004274
ldc2,129,128,padded,vector16store,6,1560.000,0.855,1.000000,1.000000,1.000000,1.088785,1.088372,1.093023,1.000000,1.000000,1.000000
ldc2,129,128,padded,cpp-approved-execution,6,1433.333,0.465,1.088785,1.088372,1.093023,1.000000,1.000000,1.000000,1.088785,1.088372,1.093023
ldc2,129,128,repeated-source,original,6,1550.000,0.430,1.000000,1.000000,1.000000,1.091549,1.084112,1.099057,1.000000,0.995708,1.000000
ldc2,129,128,repeated-source,selected64,6,1553.333,0.429,1.000000,0.995708,1.004310,1.093897,1.088785,1.099057,0.997854,0.995708,1.004310
ldc2,129,128,repeated-source,vector16store,6,1546.667,0.431,1.000000,1.000000,1.004310,1.091549,1.084112,1.099057,1.000000,1.000000,1.000000
ldc2,129,128,repeated-source,cpp-approved-execution,6,1420.000,0.939,1.091549,1.084112,1.099057,1.000000,1.000000,1.000000,1.091549,1.084112,1.099057
ldc2,129,128,universal,original,6,37500.000,4.338,1.000000,1.000000,1.000000,4.149759,4.070059,4.246868,1.002206,0.994968,1.021381
ldc2,129,128,universal,selected64,6,37830.000,3.525,0.992908,0.974228,1.013899,4.183190,4.121771,4.266224,0.999230,0.990876,1.008797
ldc2,129,128,universal,vector16store,6,37733.333,2.580,0.997799,0.979067,1.005058,4.174041,4.135793,4.240413,1.000000,1.000000,1.000000
ldc2,129,128,universal,cpp-approved-execution,6,9040.000,0.147,4.149759,4.070059,4.246868,1.000000,1.000000,1.000000,4.174041,4.135793,4.240413
ldc2,255,1,contiguous,original,6,40.759,0.955,1.000000,1.000000,1.000000,1.753138,1.744770,1.761506,1.011919,1.007160,1.019185
ldc2,255,1,contiguous,selected64,6,40.661,0.718,1.000000,0.997608,1.002392,1.748954,1.748954,1.761506,1.011919,1.009569,1.016746
ldc2,255,1,contiguous,vector16store,6,41.245,0.943,0.988221,0.981176,0.992891,1.774059,1.765690,1.782427,1.000000,1.000000,1.000000
ldc2,255,1,contiguous,cpp-approved-execution,6,23.249,0.000,1.753138,1.744770,1.761506,1.000000,1.000000,1.000000,1.774059,1.765690,1.782427
ldc2,255,1,negative-both,original,6,118.337,0.658,1.000000,1.000000,1.000000,5.026860,5.012397,5.045455,1.003704,0.999180,1.005771
ldc2,255,1,negative-both,selected64,6,118.969,1.063,0.992646,0.990228,1.003292,5.053719,5.020661,5.074380,0.997141,0.995912,1.002469
ldc2,255,1,negative-both,vector16store,6,118.677,0.410,0.996309,0.994262,1.000821,5.041322,5.033058,5.053719,1.000000,1.000000,1.000000
ldc2,255,1,negative-both,cpp-approved-execution,6,23.541,0.000,5.026860,5.012397,5.045455,1.000000,1.000000,1.000000,5.041322,5.033058,5.053719
ldc2,255,1,negative-source,original,6,118.191,0.988,1.000000,1.000000,1.000000,5.020661,4.995868,5.045455,1.004521,1.000000,1.008271
ldc2,255,1,negative-source,selected64,6,118.969,0.818,0.993851,0.991028,0.998365,5.053719,5.024793,5.066116,0.997956,0.995922,1.002467
ldc2,255,1,negative-source,vector16store,6,118.726,0.410,0.995500,0.991797,1.000000,5.043388,5.037190,5.057851,1.000000,1.000000,1.000000
ldc2,255,1,negative-source,cpp-approved-execution,6,23.541,0.000,5.020661,4.995868,5.045455,1.000000,1.000000,1.000000,5.043388,5.037190,5.057851
ldc2,255,1,padded,original,6,40.613,0.240,1.000000,1.000000,1.000000,1.725207,1.723140,1.727273,1.014354,1.002392,1.016787
ldc2,255,1,padded,selected64,6,40.564,0.480,1.000000,1.000000,1.004808,1.723140,1.719008,1.727273,1.014354,1.007212,1.019231
ldc2,255,1,padded,vector16store,6,41.196,1.181,0.985849,0.983491,0.997613,1.750000,1.731405,1.752066,1.000000,1.000000,1.000000
ldc2,255,1,padded,cpp-approved-execution,6,23.541,0.000,1.725207,1.723140,1.727273,1.000000,1.000000,1.000000,1.750000,1.731405,1.752066
ldc2,255,1,repeated-source,original,6,40.613,1.437,1.000000,1.000000,1.000000,1.725207,1.714876,1.739669,1.017894,1.011962,1.024038
ldc2,255,1,repeated-source,selected64,6,40.613,1.677,0.997602,0.995215,1.002398,1.725207,1.719008,1.747934,1.014371,1.012019,1.021583
ldc2,255,1,repeated-source,vector16store,6,41.342,1.882,0.982421,0.976526,0.988180,1.756198,1.739669,1.772727,1.000000,1.000000,1.000000
ldc2,255,1,repeated-source,cpp-approved-execution,6,23.541,0.000,1.725207,1.714876,1.739669,1.000000,1.000000,1.000000,1.756198,1.739669,1.772727
ldc2,255,1,universal,original,6,621.790,35.810,1.000000,1.000000,1.000000,4.417415,4.333794,5.915688,0.993182,0.981075,1.022727
ldc2,255,1,universal,selected64,6,613.084,37.334,1.002779,0.966887,1.015702,4.355563,4.331030,5.957153,1.001515,0.974246,1.006344
ldc2,255,1,universal,vector16store,6,615.953,33.402,1.006870,0.977778,1.019290,4.375950,4.342087,5.803732,1.000000,1.000000,1.000000
ldc2,255,1,universal,cpp-approved-execution,6,140.759,0.000,4.417415,4.333794,5.915688,1.000000,1.000000,1.000000,4.375950,4.342087,5.803732
ldc2,255,17,contiguous,original,6,391.667,4.681,1.000000,1.000000,1.000000,1.119048,1.113744,1.138095,1.000000,0.991632,1.000000
ldc2,255,17,contiguous,selected64,6,391.667,5.106,1.000000,0.995951,1.004202,1.119048,1.113744,1.138249,1.000000,0.995798,1.000000
ldc2,255,17,contiguous,vector16store,6,391.667,4.681,1.000000,1.000000,1.008439,1.119048,1.113744,1.133641,1.000000,1.000000,1.000000
ldc2,255,17,contiguous,cpp-approved-execution,6,350.000,3.333,1.119048,1.113744,1.138095,1.000000,1.000000,1.000000,1.119048,1.113744,1.133641
ldc2,255,17,negative-both,original,6,1748.333,1.430,1.000000,1.000000,1.000000,4.662222,4.606195,4.693333,1.007179,1.000000,1.015370
ldc2,255,17,negative-both,selected64,6,1735.000,0.288,1.006244,0.999040,1.014409,4.626667,4.610619,4.640000,1.013922,1.012488,1.015370
ldc2,255,17,negative-both,vector16store,6,1760.833,0.379,0.992910,0.984863,1.000000,4.691111,4.676991,4.702222,1.000000,1.000000,1.000000
ldc2,255,17,negative-both,cpp-approved-execution,6,375.000,0.444,4.662222,4.606195,4.693333,1.000000,1.000000,1.000000,4.691111,4.676991,4.702222
ldc2,255,17,negative-source,original,6,1736.667,1.440,1.000000,1.000000,1.000000,4.631111,4.622222,4.688889,1.001908,0.987678,1.013462
ldc2,255,17,negative-source,selected64,6,1733.333,0.385,1.000962,0.999042,1.014423,4.622222,4.622222,4.640000,1.007692,1.000000,1.013462
ldc2,255,17,negative-source,vector16store,6,1748.333,1.144,0.998097,0.986717,1.012476,4.662222,4.631111,4.684444,1.000000,1.000000,1.000000
ldc2,255,17,negative-source,cpp-approved-execution,6,375.000,0.000,4.631111,4.622222,4.688889,1.000000,1.000000,1.000000,4.662222,4.631111,4.684444
ldc2,255,17,padded,original,6,432.500,0.771,1.000000,1.000000,1.000000,1.152989,1.151111,1.155556,1.000000,1.000000,1.007722
ldc2,255,17,padded,selected64,6,431.667,0.772,1.000000,1.000000,1.003861,1.151111,1.151111,1.155556,1.001931,1.000000,1.007722
ldc2,255,17,padded,vector16store,6,433.333,0.769,1.000000,0.992337,1.000000,1.155556,1.151111,1.160000,1.000000,1.000000,1.000000
ldc2,255,17,padded,cpp-approved-execution,6,375.000,0.444,1.152989,1.151111,1.155556,1.000000,1.000000,1.000000,1.155556,1.151111,1.160000
ldc2,255,17,repeated-source,original,6,431.667,0.386,1.000000,1.000000,1.000000,1.146018,1.145374,1.151111,1.000000,1.000000,1.007722
ldc2,255,17,repeated-source,selected64,6,431.667,0.386,1.000000,1.000000,1.000000,1.146018,1.145374,1.151111,1.000000,1.000000,1.007722
ldc2,255,17,repeated-source,vector16store,6,431.667,0.772,1.000000,0.992337,1.000000,1.147899,1.146018,1.154867,1.000000,1.000000,1.000000
ldc2,255,17,repeated-source,cpp-approved-execution,6,376.667,0.885,1.146018,1.145374,1.151111,1.000000,1.000000,1.000000,1.147899,1.146018,1.154867
ldc2,255,17,universal,original,6,9860.833,5.392,1.000000,1.000000,1.000000,4.051003,3.989782,4.229452,1.000687,0.987218,1.006316
ldc2,255,17,universal,selected64,6,9903.333,5.621,0.997628,0.986924,1.004562,4.068476,4.011580,4.244521,0.993908,0.988402,1.003942
ldc2,255,17,universal,vector16store,6,9810.000,7.119,0.999315,0.993724,1.012947,4.030131,3.969178,4.256164,1.000000,1.000000,1.000000
ldc2,255,17,universal,cpp-approved-execution,6,2434.167,0.548,4.051003,3.989782,4.229452,1.000000,1.000000,1.000000,4.030131,3.969178,4.256164
ldc2,255,128,contiguous,original,6,3000.000,0.417,1.000000,1.000000,1.000000,1.137117,1.132075,1.142857,1.000000,0.995833,1.000000
ldc2,255,128,contiguous,selected64,6,3000.000,0.417,1.000000,1.000000,1.000000,1.137117,1.132075,1.142857,1.000000,0.995833,1.000000
ldc2,255,128,contiguous,vector16store,6,3000.000,0.833,1.000000,1.000000,1.004184,1.136792,1.132075,1.142857,1.000000,1.000000,1.000000
ldc2,255,128,contiguous,cpp-approved-execution,6,2643.750,0.946,1.137117,1.132075,1.142857,1.000000,1.000000,1.000000,1.136792,1.132075,1.142857
ldc2,255,128,negative-both,original,6,13212.500,2.460,1.000000,1.000000,1.000000,4.329901,4.247967,4.390947,1.000938,0.979458,1.015311
ldc2,255,128,negative-both,selected64,6,13068.750,0.765,1.010519,0.998090,1.023992,4.276639,4.251012,4.316872,1.012434,0.999048,1.023969
ldc2,255,128,negative-both,vector16store,6,13225.000,2.268,0.999066,0.984920,1.020972,4.327286,4.246964,4.377049,1.000000,1.000000,1.000000
ldc2,255,128,negative-both,cpp-approved-execution,6,3050.000,1.639,4.329901,4.247967,4.390947,1.000000,1.000000,1.000000,4.327286,4.246964,4.377049
ldc2,255,128,negative-source,original,6,13175.000,3.795,1.000000,1.000000,1.000000,4.356006,4.301653,4.473029,0.997679,0.975610,1.028818
ldc2,255,128,negative-source,selected64,6,13000.000,0.673,1.013956,0.996176,1.035543,4.319502,4.293388,4.329167,1.021153,0.998088,1.030799
ldc2,255,128,negative-source,vector16store,6,13275.000,2.919,1.002344,0.971989,1.025000,4.415802,4.297521,4.425620,1.000000,1.000000,1.000000
ldc2,255,128,negative-source,cpp-approved-execution,6,3018.750,0.828,4.356006,4.301653,4.473029,1.000000,1.000000,1.000000,4.415802,4.297521,4.425620
ldc2,255,128,padded,original,6,3112.500,2.008,1.000000,1.000000,1.000000,1.061829,1.055319,1.072034,0.996032,0.995968,1.000000
ldc2,255,128,padded,selected64,6,3106.250,1.610,1.004032,1.000000,1.008032,1.057565,1.055319,1.063559,1.000000,1.000000,1.004016
ldc2,255,128,padded,vector16store,6,3106.250,2.012,1.003984,1.000000,1.004049,1.057565,1.055319,1.067797,1.000000,1.000000,1.000000
ldc2,255,128,padded,cpp-approved-execution,6,2937.500,0.851,1.061829,1.055319,1.072034,1.000000,1.000000,1.000000,1.057565,1.055319,1.067797
ldc2,255,128,repeated-source,original,6,3093.750,0.404,1.000000,1.000000,1.000000,1.055319,1.050847,1.055556,0.997984,0.995951,1.000000
ldc2,255,128,repeated-source,selected64,6,3087.500,0.810,1.002024,1.000000,1.004065,1.053301,1.046610,1.055556,1.000000,0.995951,1.004065
ldc2,255,128,repeated-source,vector16store,6,3087.500,0.810,1.002024,1.000000,1.004065,1.053301,1.046610,1.055556,1.000000,1.000000,1.000000
ldc2,255,128,repeated-source,cpp-approved-execution,6,2937.500,0.851,1.055319,1.050847,1.055556,1.000000,1.000000,1.000000,1.053301,1.046610,1.055556
ldc2,255,128,universal,original,6,74612.500,9.131,1.000000,1.000000,1.000000,4.061945,3.985695,4.351020,0.993698,0.934647,1.012647
ldc2,255,128,universal,selected64,6,74637.500,1.491,0.999820,0.979575,1.070281,4.061545,4.049046,4.106875,0.995730,0.984252,1.001492
ldc2,255,128,universal,vector16store,6,74237.500,2.812,1.006378,0.987511,1.069923,4.042882,3.993882,4.113002,1.000000,1.000000,1.000000
ldc2,255,128,universal,cpp-approved-execution,6,18368.750,0.204,4.061945,3.985695,4.351020,1.000000,1.000000,1.000000,4.042882,3.993882,4.113002
ldc2,256,1,contiguous,original,6,39.160,1.746,1.000000,1.000000,1.000000,1.891509,1.882075,1.915094,1.013676,1.004926,1.015038
ldc2,256,1,contiguous,selected64,6,39.014,1.502,1.002500,0.997500,1.017544,1.884434,1.877358,1.905660,1.016247,1.012500,1.022556
ldc2,256,1,contiguous,vector16store,6,39.697,1.230,0.986510,0.985185,0.995098,1.917453,1.910377,1.933962,1.000000,1.000000,1.000000
ldc2,256,1,contiguous,cpp-approved-execution,6,20.703,0.000,1.891509,1.882075,1.915094,1.000000,1.000000,1.000000,1.917453,1.910377,1.933962
ldc2,256,1,negative-both,original,6,118.848,0.247,1.000000,1.000000,1.000000,5.634259,5.629630,5.643519,1.004931,0.998357,1.014778
ldc2,256,1,negative-both,selected64,6,119.385,0.900,0.995517,0.991843,1.000000,5.659722,5.634259,5.685185,1.000003,0.994290,1.007395
ldc2,256,1,negative-both,vector16store,6,119.434,1.717,0.995099,0.985437,1.001646,5.662037,5.625000,5.722222,1.000000,1.000000,1.000000
ldc2,256,1,negative-both,cpp-approved-execution,6,21.094,0.000,5.634259,5.629630,5.643519,1.000000,1.000000,1.000000,5.662037,5.625000,5.722222
ldc2,256,1,negative-source,original,6,121.045,1.129,1.000000,1.000000,1.000000,5.738426,5.712963,5.777778,1.004446,0.998397,1.008914
ldc2,256,1,negative-source,selected64,6,121.533,0.723,0.995982,0.987990,1.006452,5.761574,5.714286,5.782407,1.000000,0.996797,1.004839
ldc2,256,1,negative-source,vector16store,6,121.631,0.401,0.995576,0.991165,1.001605,5.763889,5.741935,5.773148,1.000000,1.000000,1.000000
ldc2,256,1,negative-source,cpp-approved-execution,6,21.094,0.463,5.738426,5.712963,5.777778,1.000000,1.000000,1.000000,5.763889,5.741935,5.773148
ldc2,256,1,padded,original,6,38.721,2.270,1.000000,1.000000,1.000000,1.835648,1.824074,1.865741,1.021487,1.012407,1.045455
ldc2,256,1,padded,selected64,6,38.916,1.004,0.994987,0.990000,1.010025,1.844907,1.833333,1.851852,1.018844,1.007500,1.035000
ldc2,256,1,padded,vector16store,6,39.600,2.959,0.978966,0.956522,0.987745,1.872995,1.861111,1.916667,1.000000,1.000000,1.000000
ldc2,256,1,padded,cpp-approved-execution,6,21.094,0.463,1.835648,1.824074,1.865741,1.000000,1.000000,1.000000,1.872995,1.861111,1.916667
ldc2,256,1,repeated-source,original,6,39.111,3.745,1.000000,1.000000,1.000000,1.851852,1.746835,1.856481,1.014978,1.004831,1.020000
ldc2,256,1,repeated-source,selected64,6,39.062,3.500,1.001211,0.997500,1.005013,1.851852,1.742616,1.851852,1.016272,1.007264,1.020000
ldc2,256,1,repeated-source,vector16store,6,39.746,2.703,0.985249,0.980392,0.995192,1.879630,1.755274,1.888889,1.000000,1.000000,1.000000
ldc2,256,1,repeated-source,cpp-approved-execution,6,21.094,9.722,1.851852,1.746835,1.856481,1.000000,1.000000,1.000000,1.879630,1.755274,1.888889
ldc2,256,1,universal,original,6,625.293,18.569,1.000000,1.000000,1.000000,4.425017,4.334485,5.156185,0.995525,0.961331,1.003827
ldc2,256,1,universal,selected64,6,620.801,15.951,1.011092,0.993053,1.024300,4.393227,4.333103,5.033863,0.996863,0.970904,1.010502
ldc2,256,1,universal,vector16store,6,615.137,16.050,1.004503,0.996188,1.040224,4.353144,4.312370,5.011057,1.000000,1.000000,1.000000
ldc2,256,1,universal,cpp-approved-execution,6,141.309,0.000,4.425017,4.334485,5.156185,1.000000,1.000000,1.000000,4.353144,4.312370,5.011057
ldc2,256,17,contiguous,original,6,396.667,1.261,1.000000,1.000000,1.000000,1.133652,1.127358,1.138756,1.000000,0.995781,1.004202
ldc2,256,17,contiguous,selected64,6,397.500,1.258,0.995807,0.991667,1.004219,1.136033,1.132075,1.148325,0.995798,0.991597,1.004219
ldc2,256,17,contiguous,vector16store,6,396.667,1.261,1.000000,0.995816,1.004237,1.131260,1.122642,1.143541,1.000000,1.000000,1.000000
ldc2,256,17,contiguous,cpp-approved-execution,6,348.333,1.435,1.133652,1.127358,1.138756,1.000000,1.000000,1.000000,1.131260,1.122642,1.143541
ldc2,256,17,negative-both,original,6,1765.000,1.794,1.000000,1.000000,1.000000,5.028482,4.892523,5.071770,0.987240,0.982176,0.999045
ldc2,256,17,negative-both,selected64,6,1744.167,1.911,1.011449,0.995296,1.018147,4.981064,4.887850,5.061905,1.000000,0.983067,1.000959
ldc2,256,17,negative-both,vector16store,6,1742.500,0.956,1.012925,1.000956,1.018147,4.973944,4.887850,4.995215,1.000000,1.000000,1.000000
ldc2,256,17,negative-both,cpp-approved-execution,6,351.667,2.370,5.028482,4.892523,5.071770,1.000000,1.000000,1.000000,4.973944,4.887850,4.995215
ldc2,256,17,negative-source,original,6,1742.500,0.670,1.000000,1.000000,1.000000,4.950349,4.896714,4.966667,0.999522,0.996190,1.000000
ldc2,256,17,negative-source,selected64,6,1741.667,1.531,1.000000,0.989613,1.000959,4.962175,4.896714,4.971831,0.999522,0.989613,1.000000
ldc2,256,17,negative-source,vector16store,6,1740.833,0.479,1.000478,1.000000,1.003824,4.938545,4.896714,4.966667,1.000000,1.000000,1.000000
ldc2,256,17,negative-source,cpp-approved-execution,6,352.500,1.418,4.950349,4.896714,4.966667,1.000000,1.000000,1.000000,4.938545,4.896714,4.966667
ldc2,256,17,padded,original,6,423.333,1.575,1.000000,1.000000,1.000000,1.203791,1.189815,1.209524,1.000000,1.000000,1.003953
ldc2,256,17,padded,selected64,6,422.500,1.972,1.000000,0.996124,1.003953,1.201422,1.194444,1.209524,1.001969,0.996124,1.003953
ldc2,256,17,padded,vector16store,6,423.333,1.575,1.000000,0.996063,1.000000,1.203791,1.189815,1.214286,1.000000,1.000000,1.000000
ldc2,256,17,padded,cpp-approved-execution,6,351.667,2.844,1.203791,1.189815,1.209524,1.000000,1.000000,1.000000,1.203791,1.189815,1.214286
ldc2,256,17,repeated-source,original,6,421.667,0.000,1.000000,1.000000,1.000000,1.204762,1.187793,1.204762,1.000000,0.996047,1.003953
ldc2,256,17,repeated-source,selected64,6,421.667,0.395,1.000000,1.000000,1.003968,1.200000,1.187793,1.204762,1.000000,1.000000,1.003968
ldc2,256,17,repeated-source,vector16store,6,421.667,0.791,1.000000,0.996063,1.003968,1.204277,1.187793,1.204762,1.000000,1.000000,1.000000
ldc2,256,17,repeated-source,cpp-approved-execution,6,350.000,1.429,1.204762,1.187793,1.204762,1.000000,1.000000,1.000000,1.204277,1.187793,1.204762
ldc2,256,17,universal,original,6,9933.333,3.389,1.000000,1.000000,1.000000,4.021487,3.808861,4.154949,0.997900,0.991674,1.068178
ldc2,256,17,universal,selected64,6,9961.667,3.263,0.999190,0.988087,1.004171,4.057299,3.820253,4.144710,0.996339,0.991914,1.070817
ldc2,256,17,universal,vector16store,6,9957.500,11.147,1.002104,0.936173,1.008396,4.035812,3.801899,4.438225,1.000000,1.000000,1.000000
ldc2,256,17,universal,cpp-approved-execution,6,2443.333,7.844,4.021487,3.808861,4.154949,1.000000,1.000000,1.000000,4.035812,3.801899,4.438225
ldc2,256,128,contiguous,original,6,2875.000,0.870,1.000000,1.000000,1.000000,1.084906,1.080189,1.094787,1.000000,0.995671,1.004348
ldc2,256,128,contiguous,selected64,6,2875.000,0.870,1.000000,0.995671,1.008734,1.087264,1.075117,1.090047,1.000000,1.000000,1.004367
ldc2,256,128,contiguous,vector16store,6,2875.000,0.870,1.000000,0.995671,1.004348,1.087264,1.079812,1.094787,1.000000,1.000000,1.000000
ldc2,256,128,contiguous,cpp-approved-execution,6,2650.000,0.943,1.084906,1.080189,1.094787,1.000000,1.000000,1.000000,1.087264,1.079812,1.094787
ldc2,256,128,negative-both,original,6,13387.500,2.801,1.000000,1.000000,1.000000,4.596265,4.487179,4.643478,0.990231,0.969444,1.001873
ldc2,256,128,negative-both,selected64,6,13162.500,4.843,1.007159,0.970909,1.029552,4.532572,4.476596,4.700855,0.997149,0.952727,1.020019
ldc2,256,128,negative-both,vector16store,6,13181.250,2.276,1.009883,0.998131,1.031519,4.499973,4.478632,4.652174,1.000000,1.000000,1.000000
ldc2,256,128,negative-both,cpp-approved-execution,6,2918.750,2.141,4.596265,4.487179,4.643478,1.000000,1.000000,1.000000,4.499973,4.478632,4.652174
ldc2,256,128,negative-source,original,6,13050.000,2.299,1.000000,1.000000,1.000000,4.688093,4.659193,4.711712,0.995194,0.980245,1.008637
ldc2,256,128,negative-source,selected64,6,12975.000,2.794,1.005815,0.987724,1.018199,4.641256,4.618834,4.770270,1.002906,0.985836,1.011550
ldc2,256,128,negative-source,vector16store,6,13037.500,1.918,1.004838,0.991437,1.020154,4.672646,4.610619,4.713004,1.000000,1.000000,1.000000
ldc2,256,128,negative-source,cpp-approved-execution,6,2787.500,1.794,4.688093,4.659193,4.711712,1.000000,1.000000,1.000000,4.672646,4.610619,4.713004
ldc2,256,128,padded,original,6,2962.500,1.688,1.000000,1.000000,1.000000,1.079909,1.071429,1.082192,1.000000,0.995781,1.000000
ldc2,256,128,padded,selected64,6,2962.500,1.266,1.000000,0.995781,1.000000,1.082192,1.071429,1.082192,0.997917,0.995781,1.000000
ldc2,256,128,padded,vector16store,6,2962.500,1.266,1.000000,1.000000,1.004237,1.077626,1.066964,1.082192,1.000000,1.000000,1.000000
ldc2,256,128,padded,cpp-approved-execution,6,2737.500,2.283,1.079909,1.071429,1.082192,1.000000,1.000000,1.000000,1.077626,1.066964,1.082192
ldc2,256,128,repeated-source,original,6,2943.750,0.425,1.000000,1.000000,1.000000,1.075342,1.068182,1.082569,1.000000,0.995763,1.004255
ldc2,256,128,repeated-source,selected64,6,2943.750,0.849,1.000000,0.991561,1.004255,1.075521,1.068182,1.082569,1.000000,0.991561,1.004255
ldc2,256,128,repeated-source,vector16store,6,2943.750,0.425,1.000000,0.995763,1.004255,1.075342,1.068182,1.082569,1.000000,1.000000,1.000000
ldc2,256,128,repeated-source,cpp-approved-execution,6,2737.500,0.913,1.075342,1.068182,1.082569,1.000000,1.000000,1.000000,1.075342,1.068182,1.082569
ldc2,256,128,universal,original,6,75062.500,4.013,1.000000,1.000000,1.000000,4.077259,3.968265,4.226891,0.994551,0.961752,1.002678
ldc2,256,128,universal,selected64,6,75331.250,1.875,0.997754,0.974950,1.004813,4.074719,4.062204,4.233193,0.992354,0.960020,0.999835
ldc2,256,128,universal,vector16store,6,74631.250,4.304,1.005525,0.997329,1.039769,4.039587,3.907495,4.232493,1.000000,1.000000,1.000000
ldc2,256,128,universal,cpp-approved-execution,6,18437.500,3.593,4.077259,3.968265,4.226891,1.000000,1.000000,1.000000,4.039587,3.907495,4.232493
ldc2,257,1,contiguous,original,6,39.608,0.990,1.000000,1.000000,1.000000,1.853211,1.848624,1.858447,1.014851,1.012346,1.014888
ldc2,257,1,contiguous,selected64,6,39.755,0.740,0.997528,0.995062,1.000000,1.858123,1.853211,1.862385,1.011111,1.009852,1.014742
ldc2,257,1,contiguous,vector16store,6,40.196,0.976,0.985366,0.985330,0.987805,1.880734,1.876147,1.885845,1.000000,1.000000,1.000000
ldc2,257,1,contiguous,cpp-approved-execution,6,21.373,0.459,1.853211,1.848624,1.858447,1.000000,1.000000,1.000000,1.880734,1.876147,1.885845
ldc2,257,1,negative-both,original,6,119.265,2.384,1.000000,1.000000,1.000000,5.504525,5.475113,5.606335,0.998766,0.996713,1.004959
ldc2,257,1,negative-both,selected64,6,119.314,1.890,0.999186,0.994248,1.000000,5.506787,5.506787,5.610860,0.997946,0.995078,1.000000
ldc2,257,1,negative-both,vector16store,6,119.069,2.223,1.001237,0.995066,1.003298,5.495475,5.488688,5.610860,1.000000,1.000000,1.000000
ldc2,257,1,negative-both,cpp-approved-execution,6,21.667,0.000,5.504525,5.475113,5.606335,1.000000,1.000000,1.000000,5.495475,5.488688,5.610860
ldc2,257,1,negative-source,original,6,118.971,0.577,1.000000,1.000000,1.000000,5.490950,5.479638,5.511312,1.004112,0.998355,1.017341
ldc2,257,1,negative-source,selected64,6,119.510,0.902,0.995901,0.987765,1.002469,5.515837,5.497738,5.547511,0.999588,0.995082,1.008230
ldc2,257,1,negative-source,vector16store,6,119.608,1.475,0.995907,0.982955,1.001647,5.520362,5.493213,5.574661,1.000000,1.000000,1.000000
ldc2,257,1,negative-source,cpp-approved-execution,6,21.667,0.000,5.490950,5.479638,5.511312,1.000000,1.000000,1.000000,5.520362,5.493213,5.574661
ldc2,257,1,padded,original,6,39.461,1.491,1.000000,1.000000,1.000000,1.821267,1.814480,1.841629,1.016062,1.012376,1.019950
ldc2,257,1,padded,selected64,6,39.510,1.985,1.000000,0.995037,1.002494,1.823529,1.814480,1.850679,1.013648,1.012225,1.017456
ldc2,257,1,padded,vector16store,6,40.098,1.467,0.984193,0.980440,0.987775,1.850679,1.846154,1.873303,1.000000,1.000000,1.000000
ldc2,257,1,padded,cpp-approved-execution,6,21.667,0.000,1.821267,1.814480,1.841629,1.000000,1.000000,1.000000,1.850679,1.846154,1.873303
ldc2,257,1,repeated-source,original,6,39.461,0.497,1.000000,1.000000,1.000000,1.821267,1.819005,1.828054,1.012422,1.009901,1.014925
ldc2,257,1,repeated-source,selected64,6,39.608,0.990,0.996287,0.987715,1.002481,1.828054,1.823529,1.841629,1.007426,1.002457,1.012407
ldc2,257,1,repeated-source,vector16store,6,40.000,0.245,0.987730,0.985294,0.990196,1.846154,1.841629,1.846154,1.000000,1.000000,1.000000
ldc2,257,1,repeated-source,cpp-approved-execution,6,21.667,0.000,1.821267,1.819005,1.828054,1.000000,1.000000,1.000000,1.846154,1.841629,1.846154
ldc2,257,1,universal,original,6,617.108,16.459,1.000000,1.000000,1.000000,4.350035,4.328956,4.996578,1.003580,0.993934,1.009091
ldc2,257,1,universal,selected64,6,621.471,15.286,0.998015,0.988060,1.006758,4.380788,4.338398,4.963039,1.001837,0.986375,1.007723
ldc2,257,1,universal,vector16store,6,620.343,17.084,0.996439,0.990991,1.006103,4.371331,4.302695,5.001369,1.000000,1.000000,1.000000
ldc2,257,1,universal,cpp-approved-execution,6,141.863,0.968,4.350035,4.328956,4.996578,1.000000,1.000000,1.000000,4.371331,4.302695,5.001369
ldc2,257,17,contiguous,original,6,400.000,0.833,1.000000,1.000000,1.000000,1.137441,1.110092,1.142180,0.995851,0.995833,1.004149
ldc2,257,17,contiguous,selected64,6,401.667,0.830,0.997934,0.995851,1.004149,1.139810,1.105505,1.146919,0.995842,0.991701,1.000000
ldc2,257,17,contiguous,vector16store,6,399.167,1.253,1.004167,0.995868,1.004184,1.132701,1.105505,1.146919,1.000000,1.000000,1.000000
ldc2,257,17,contiguous,cpp-approved-execution,6,351.667,3.318,1.137441,1.110092,1.142180,1.000000,1.000000,1.000000,1.132701,1.105505,1.146919
ldc2,257,17,negative-both,original,6,1755.833,1.519,1.000000,1.000000,1.000000,4.920967,4.750000,5.047393,0.998578,0.984977,1.010486
ldc2,257,17,negative-both,selected64,6,1750.833,0.762,1.000951,1.000000,1.016221,4.918598,4.714286,4.971564,1.000477,0.998102,1.011450
ldc2,257,17,negative-both,vector16store,6,1753.333,1.046,1.001426,0.989623,1.015253,4.920967,4.709821,5.023697,1.000000,1.000000,1.000000
ldc2,257,17,negative-both,cpp-approved-execution,6,355.833,6.089,4.920967,4.750000,5.047393,1.000000,1.000000,1.000000,4.920967,4.709821,5.023697
ldc2,257,17,negative-source,original,6,1751.667,1.522,1.000000,1.000000,1.000000,4.881395,4.847926,4.953488,1.000000,0.984038,1.003810
ldc2,257,17,negative-source,selected64,6,1750.833,0.286,1.000000,0.998099,1.015253,4.879070,4.847926,4.893023,1.000000,0.999047,1.001901
ldc2,257,17,negative-source,vector16store,6,1750.833,0.571,1.000000,0.996205,1.016221,4.879070,4.847926,4.902326,1.000000,1.000000,1.000000
ldc2,257,17,negative-source,cpp-approved-execution,6,358.333,0.930,4.881395,4.847926,4.953488,1.000000,1.000000,1.000000,4.879070,4.847926,4.902326
ldc2,257,17,padded,original,6,429.167,2.330,1.000000,1.000000,1.000000,1.206090,1.196262,1.212963,1.000000,0.996124,1.003906
ldc2,257,17,padded,selected64,6,429.167,1.942,1.000000,0.996109,1.003891,1.206090,1.200935,1.212963,1.000000,0.996124,1.003891
ldc2,257,17,padded,vector16store,6,429.167,1.942,1.000000,0.996109,1.003891,1.206101,1.200935,1.212963,1.000000,1.000000,1.000000
ldc2,257,17,padded,cpp-approved-execution,6,356.667,1.402,1.206090,1.196262,1.212963,1.000000,1.000000,1.000000,1.206101,1.200935,1.212963
ldc2,257,17,repeated-source,original,6,427.500,1.949,1.000000,1.000000,1.000000,1.195814,1.171171,1.201878,1.000000,0.996094,1.003922
ldc2,257,17,repeated-source,selected64,6,427.500,1.949,1.000000,0.996094,1.003891,1.195814,1.171171,1.201878,0.998062,0.996094,1.003922
ldc2,257,17,repeated-source,vector16store,6,427.500,1.949,1.000000,0.996094,1.003922,1.193499,1.171171,1.201878,1.000000,1.000000,1.000000
ldc2,257,17,repeated-source,cpp-approved-execution,6,357.500,4.196,1.195814,1.171171,1.201878,1.000000,1.000000,1.000000,1.193499,1.171171,1.201878
ldc2,257,17,universal,original,6,9924.167,5.424,1.000000,1.000000,1.000000,4.047927,3.968027,4.184908,0.995539,0.990034,1.009086
ldc2,257,17,universal,selected64,6,9927.500,3.744,1.000637,0.985304,1.012405,4.050659,4.027211,4.176071,0.996138,0.993000,1.002316
ldc2,257,17,universal,vector16store,6,9890.000,3.606,1.004483,0.990996,1.010066,4.035017,4.004082,4.146839,1.000000,1.000000,1.000000
ldc2,257,17,universal,cpp-approved-execution,6,2451.667,0.068,4.047927,3.968027,4.184908,1.000000,1.000000,1.000000,4.035017,4.004082,4.146839
ldc2,257,128,contiguous,original,6,2912.500,0.429,1.000000,1.000000,1.000000,1.091341,1.088372,1.098592,1.000000,0.995726,1.000000
ldc2,257,128,contiguous,selected64,6,2912.500,0.429,1.000000,1.000000,1.000000,1.091341,1.088372,1.098592,1.000000,0.995726,1.000000
ldc2,257,128,contiguous,vector16store,6,2912.500,0.429,1.000000,1.000000,1.004292,1.091341,1.083721,1.098592,1.000000,1.000000,1.000000
ldc2,257,128,contiguous,cpp-approved-execution,6,2668.750,0.937,1.091341,1.088372,1.098592,1.000000,1.000000,1.000000,1.091341,1.083721,1.098592
ldc2,257,128,negative-both,original,6,13137.500,2.569,1.000000,1.000000,1.000000,4.671111,4.621145,4.731278,1.000476,0.979516,1.011418
ldc2,257,128,negative-both,selected64,6,13118.750,0.858,1.000953,0.994324,1.022857,4.660000,4.621145,4.697778,1.001907,0.999047,1.005676
ldc2,257,128,negative-both,vector16store,6,13143.750,1.427,0.999527,0.988711,1.020913,4.668889,4.616740,4.724444,1.000000,1.000000,1.000000
ldc2,257,128,negative-both,cpp-approved-execution,6,2812.500,0.889,4.671111,4.621145,4.731278,1.000000,1.000000,1.000000,4.668889,4.616740,4.724444
ldc2,257,128,negative-source,original,6,13006.250,0.577,1.000000,1.000000,1.000000,4.680917,4.645740,4.727273,0.999038,0.994231,1.004826
ldc2,257,128,negative-source,selected64,6,13018.750,0.960,0.997603,0.994242,1.005797,4.679372,4.662162,4.740909,0.996644,0.991371,1.005797
ldc2,257,128,negative-source,vector16store,6,12987.500,0.674,1.000962,0.995197,1.005803,4.678675,4.650224,4.700000,1.000000,1.000000,1.000000
ldc2,257,128,negative-source,cpp-approved-execution,6,2781.250,1.348,4.680917,4.645740,4.727273,1.000000,1.000000,1.000000,4.678675,4.650224,4.700000
ldc2,257,128,padded,original,6,3000.000,1.250,1.000000,1.000000,1.000000,1.098404,1.090909,1.105991,0.997925,0.991667,1.000000
ldc2,257,128,padded,selected64,6,2993.750,0.835,1.002083,1.000000,1.008403,1.096110,1.090909,1.100917,1.000000,1.000000,1.000000
ldc2,257,128,padded,vector16store,6,2993.750,0.835,1.002083,1.000000,1.008403,1.096110,1.090909,1.100917,1.000000,1.000000,1.000000
ldc2,257,128,padded,cpp-approved-execution,6,2725.000,1.376,1.098404,1.090909,1.105991,1.000000,1.000000,1.000000,1.096110,1.090909,1.100917
ldc2,257,128,repeated-source,original,6,2950.000,0.847,1.000000,1.000000,1.000000,1.092166,1.082569,1.093023,1.000000,0.995763,1.004237
ldc2,257,128,repeated-source,selected64,6,2950.000,0.847,1.000000,0.995781,1.004255,1.092166,1.077982,1.097222,1.000000,1.000000,1.000000
ldc2,257,128,repeated-source,vector16store,6,2950.000,0.847,1.000000,0.995781,1.004255,1.092166,1.077982,1.097222,1.000000,1.000000,1.000000
ldc2,257,128,repeated-source,cpp-approved-execution,6,2706.250,1.386,1.092166,1.082569,1.093023,1.000000,1.000000,1.000000,1.092166,1.077982,1.097222
ldc2,257,128,universal,original,6,75425.000,3.298,1.000000,1.000000,1.000000,4.089449,4.038540,4.173090,0.996114,0.979026,1.012891
ldc2,257,128,universal,selected64,6,75337.500,3.335,0.995937,0.988184,1.013050,4.081973,4.043978,4.179973,0.994899,0.983975,1.005317
ldc2,257,128,universal,vector16store,6,75150.000,4.025,1.003901,0.987273,1.021424,4.073135,4.010825,4.171738,1.000000,1.000000,1.000000
ldc2,257,128,universal,cpp-approved-execution,6,18475.000,0.406,4.089449,4.038540,4.173090,1.000000,1.000000,1.000000,4.073135,4.010825,4.171738
ldc2,511,1,contiguous,original,6,61.501,1.585,1.000000,1.000000,1.000000,1.470865,1.460465,1.476636,1.009524,1.003135,1.012658
ldc2,511,1,contiguous,selected64,6,61.404,0.952,1.000000,0.996825,1.003175,1.470865,1.458716,1.471963,1.007937,1.006289,1.012658
ldc2,511,1,contiguous,vector16store,6,61.988,0.943,0.990566,0.987500,0.996875,1.483645,1.467890,1.488372,1.000000,1.000000,1.000000
ldc2,511,1,contiguous,cpp-approved-execution,6,41.813,1.865,1.470865,1.460465,1.476636,1.000000,1.000000,1.000000,1.483645,1.467890,1.488372
ldc2,511,1,negative-both,original,6,216.472,0.450,1.000000,1.000000,1.000000,5.179494,5.157407,5.191589,1.000901,0.999099,1.003607
ldc2,511,1,negative-both,selected64,6,216.764,0.719,0.999999,0.997312,1.000903,5.177570,5.152778,5.200935,1.000448,0.998200,1.004513
ldc2,511,1,negative-both,vector16store,6,216.862,0.719,0.999100,0.996406,1.000902,5.191132,5.152778,5.200935,1.000000,1.000000,1.000000
ldc2,511,1,negative-both,cpp-approved-execution,6,41.813,0.932,5.179494,5.157407,5.191589,1.000000,1.000000,1.000000,5.191132,5.152778,5.200935
ldc2,511,1,negative-source,original,6,216.667,2.069,1.000000,1.000000,1.000000,5.177570,4.982063,5.236111,1.000901,0.981432,1.004513
ldc2,511,1,negative-source,selected64,6,216.374,1.351,1.000000,0.998203,1.022604,5.146634,4.991031,5.196262,1.000901,0.998203,1.005420
ldc2,511,1,negative-source,vector16store,6,216.764,1.169,0.999100,0.995508,1.018919,5.160566,4.982063,5.200935,1.000000,1.000000,1.000000
ldc2,511,1,negative-source,cpp-approved-execution,6,41.910,4.186,5.177570,4.982063,5.236111,1.000000,1.000000,1.000000,5.160566,4.982063,5.200935
ldc2,511,1,padded,original,6,61.696,3.160,1.000000,1.000000,1.000000,1.469907,1.462963,1.495413,1.006299,1.000000,1.018987
ldc2,511,1,padded,selected64,6,61.598,3.165,1.004674,1.000000,1.009554,1.465116,1.456221,1.486239,1.011131,1.006173,1.018987
ldc2,511,1,padded,vector16store,6,62.281,2.504,0.993740,0.981366,1.000000,1.479166,1.472222,1.497674,1.000000,1.000000,1.000000
ldc2,511,1,padded,cpp-approved-execution,6,42.008,1.392,1.469907,1.462963,1.495413,1.000000,1.000000,1.000000,1.479166,1.472222,1.497674
ldc2,511,1,repeated-source,original,6,61.501,0.951,1.000000,1.000000,1.000000,1.471963,1.410714,1.485981,1.007911,1.003175,1.009524
ldc2,511,1,repeated-source,selected64,6,61.306,0.954,1.003185,1.003175,1.009615,1.467290,1.406250,1.471963,1.012719,1.006369,1.019231
ldc2,511,1,repeated-source,vector16store,6,61.988,1.258,0.992153,0.990566,0.996835,1.482526,1.424107,1.495327,1.000000,1.000000,1.000000
ldc2,511,1,repeated-source,cpp-approved-execution,6,41.715,4.673,1.471963,1.410714,1.485981,1.000000,1.000000,1.000000,1.482526,1.424107,1.495327
ldc2,511,1,universal,original,6,1184.698,3.390,1.000000,1.000000,1.000000,4.171242,4.124914,4.266301,0.999459,0.983361,1.009484
ldc2,511,1,universal,selected64,6,1188.596,4.051,0.994029,0.983633,1.000822,4.184969,4.163349,4.332876,0.990236,0.981467,1.002961
ldc2,511,1,universal,vector16store,6,1185.673,3.814,1.000548,0.990605,1.016921,4.174674,4.096774,4.256005,1.000000,1.000000,1.000000
ldc2,511,1,universal,cpp-approved-execution,6,284.016,0.000,4.171242,4.124914,4.266301,1.000000,1.000000,1.000000,4.174674,4.096774,4.256005
ldc2,511,17,contiguous,original,6,790.000,0.422,1.000000,1.000000,1.000000,1.102804,1.097222,1.107477,1.000000,0.995763,1.000000
ldc2,511,17,contiguous,selected64,6,788.333,0.846,1.000000,1.000000,1.004255,1.100467,1.097222,1.107477,1.000000,1.000000,1.000000
ldc2,511,17,contiguous,vector16store,6,788.333,0.846,1.000000,1.000000,1.004255,1.100467,1.097222,1.107477,1.000000,1.000000,1.000000
ldc2,511,17,contiguous,cpp-approved-execution,6,713.333,0.935,1.102804,1.097222,1.107477,1.000000,1.000000,1.000000,1.100467,1.097222,1.107477
ldc2,511,17,negative-both,original,6,3498.333,0.381,1.000000,1.000000,1.000000,4.554348,4.506438,4.569565,0.999046,0.996194,1.000000
ldc2,511,17,negative-both,selected64,6,3495.000,1.621,1.000477,0.986830,1.004780,4.552174,4.502146,4.581897,0.999525,0.985889,1.000956
ldc2,511,17,negative-both,vector16store,6,3491.667,0.477,1.000955,1.000000,1.003820,4.550000,4.502146,4.569565,1.000000,1.000000,1.000000
ldc2,511,17,negative-both,cpp-approved-execution,6,766.667,1.304,4.554348,4.506438,4.569565,1.000000,1.000000,1.000000,4.550000,4.502146,4.569565
ldc2,511,17,negative-source,original,6,3500.000,0.381,1.000000,1.000000,1.000000,4.643805,4.589520,4.654867,1.000000,0.999049,1.000954
ldc2,511,17,negative-source,selected64,6,3496.667,1.430,1.000478,0.989642,1.003817,4.637361,4.632743,4.685841,1.000954,0.988701,1.002863
ldc2,511,17,negative-source,vector16store,6,3500.000,0.190,1.000000,0.999047,1.000952,4.643805,4.585153,4.650442,1.000000,1.000000,1.000000
ldc2,511,17,negative-source,cpp-approved-execution,6,753.333,1.327,4.643805,4.589520,4.654867,1.000000,1.000000,1.000000,4.643805,4.585153,4.650442
ldc2,511,17,padded,original,6,828.333,1.610,1.000000,1.000000,1.000000,1.131800,1.127854,1.146119,1.003984,1.000000,1.004049
ldc2,511,17,padded,selected64,6,828.333,1.610,1.000000,1.000000,1.000000,1.131800,1.127854,1.146119,1.003984,1.000000,1.004049
ldc2,511,17,padded,vector16store,6,831.667,2.004,0.996032,0.995968,1.000000,1.136346,1.127854,1.150685,1.000000,1.000000,1.000000
ldc2,511,17,padded,cpp-approved-execution,6,730.000,0.913,1.131800,1.127854,1.146119,1.000000,1.000000,1.000000,1.136346,1.127854,1.150685
ldc2,511,17,repeated-source,original,6,816.667,1.633,1.000000,1.000000,1.000000,1.136588,1.118721,1.139535,0.997959,0.995918,1.000000
ldc2,511,17,repeated-source,selected64,6,813.333,2.049,1.002049,0.995951,1.004098,1.134884,1.118721,1.138249,1.000000,0.995918,1.004098
ldc2,511,17,repeated-source,vector16store,6,813.333,1.639,1.002049,1.000000,1.004098,1.134262,1.114155,1.139535,1.000000,1.000000,1.000000
ldc2,511,17,repeated-source,cpp-approved-execution,6,716.667,1.860,1.136588,1.118721,1.139535,1.000000,1.000000,1.000000,1.134262,1.114155,1.139535
ldc2,511,17,universal,original,6,19916.667,4.050,1.000000,1.000000,1.000000,4.128028,4.086301,4.273167,1.001952,0.991811,1.009387
ldc2,511,17,universal,selected64,6,19945.000,3.343,0.998913,0.993308,1.002009,4.137024,4.097945,4.268326,0.998915,0.986130,1.010531
ldc2,511,17,universal,vector16store,6,19916.667,5.623,0.998080,0.990701,1.008256,4.124306,4.083737,4.313278,1.000000,1.000000,1.000000
ldc2,511,17,universal,cpp-approved-execution,6,4818.333,1.038,4.128028,4.086301,4.273167,1.000000,1.000000,1.000000,4.124306,4.083737,4.313278
ldc2,511,128,contiguous,original,6,5825.000,0.215,1.000000,1.000000,1.000000,1.106635,1.104265,1.109524,1.000000,0.997854,1.000000
ldc2,511,128,contiguous,selected64,6,5825.000,0.215,1.002146,1.000000,1.002151,1.104265,1.101896,1.109524,1.000000,1.000000,1.002151
ldc2,511,128,contiguous,vector16store,6,5825.000,0.429,1.000000,1.000000,1.002151,1.105450,1.101896,1.109524,1.000000,1.000000,1.000000
ldc2,511,128,contiguous,cpp-approved-execution,6,5275.000,0.474,1.106635,1.104265,1.109524,1.000000,1.000000,1.000000,1.105450,1.101896,1.109524
ldc2,511,128,negative-both,original,6,26031.250,11.573,1.000000,1.000000,1.000000,4.307141,4.266940,4.791322,0.999759,0.898232,1.004331
ldc2,511,128,negative-both,selected64,6,26106.250,1.819,0.999045,0.983467,1.110101,4.315408,4.286598,4.373967,0.998324,0.981105,1.002405
ldc2,511,128,negative-both,vector16store,6,26056.250,0.480,1.000245,0.995688,1.113298,4.300313,4.285421,4.320911,1.000000,1.000000,1.000000
ldc2,511,128,negative-both,cpp-approved-execution,6,6050.000,0.826,4.307141,4.266940,4.791322,1.000000,1.000000,1.000000,4.300313,4.285421,4.320911
ldc2,511,128,negative-source,original,6,25912.500,6.512,1.000000,1.000000,1.000000,4.348698,4.329854,4.620545,1.000241,0.938748,1.028338
ldc2,511,128,negative-source,selected64,6,25906.250,0.627,0.999519,0.998070,1.063707,4.346229,4.330544,4.364211,0.999517,0.998552,1.027844
ldc2,511,128,negative-source,vector16store,6,25881.250,3.477,0.999759,0.972443,1.065249,4.344183,4.328452,4.469729,1.000000,1.000000,1.000000
ldc2,511,128,negative-source,cpp-approved-execution,6,5968.750,0.838,4.348698,4.329854,4.620545,1.000000,1.000000,1.000000,4.344183,4.328452,4.469729
ldc2,511,128,padded,original,6,5956.250,0.630,1.000000,1.000000,1.000000,1.079273,1.076923,1.086364,1.000000,0.997899,1.002105
ldc2,511,128,padded,selected64,6,5956.250,1.049,1.000000,0.995833,1.002096,1.080499,1.076923,1.085973,1.000000,0.995833,1.002105
ldc2,511,128,padded,vector16store,6,5956.250,0.630,1.000000,0.997899,1.002105,1.080407,1.074661,1.084091,1.000000,1.000000,1.000000
ldc2,511,128,padded,cpp-approved-execution,6,5512.500,0.454,1.079273,1.076923,1.086364,1.000000,1.000000,1.000000,1.080407,1.074661,1.084091
ldc2,511,128,repeated-source,original,6,5918.750,1.056,1.000000,1.000000,1.000000,1.068849,1.065169,1.074324,1.000000,0.993671,1.000000
ldc2,511,128,repeated-source,selected64,6,5906.250,1.270,1.000000,1.000000,1.004246,1.065537,1.065169,1.074324,1.000000,0.997881,1.004246
ldc2,511,128,repeated-source,vector16store,6,5912.500,1.057,1.000000,1.000000,1.006369,1.066591,1.063205,1.072072,1.000000,1.000000,1.000000
ldc2,511,128,repeated-source,cpp-approved-execution,6,5537.500,0.677,1.068849,1.065169,1.074324,1.000000,1.000000,1.000000,1.066591,1.063205,1.072072
ldc2,511,128,universal,original,6,149337.500,1.615,1.000000,1.000000,1.000000,4.123209,3.912929,4.136897,0.998127,0.993058,1.005816
ldc2,511,128,universal,selected64,6,149531.250,2.140,1.002008,0.987679,1.009102,4.111640,3.961741,4.127329,0.997358,0.992726,1.012845
ldc2,511,128,universal,vector16store,6,149000.000,1.552,1.001877,0.994218,1.006990,4.103002,3.935686,4.128214,1.000000,1.000000,1.000000
ldc2,511,128,universal,cpp-approved-execution,6,36237.500,4.657,4.123209,3.912929,4.136897,1.000000,1.000000,1.000000,4.103002,3.935686,4.128214
ldc2,512,1,contiguous,original,6,60.059,0.650,1.000000,1.000000,1.000000,1.515974,1.512315,1.519802,1.009756,1.006494,1.019417
ldc2,512,1,contiguous,selected64,6,59.863,1.305,1.003263,0.996774,1.006536,1.512315,1.507389,1.519608,1.013051,1.009772,1.016129
ldc2,512,1,contiguous,vector16store,6,60.547,1.935,0.990338,0.980952,0.993548,1.529557,1.522167,1.544118,1.000000,1.000000,1.000000
ldc2,512,1,contiguous,cpp-approved-execution,6,39.648,0.985,1.515974,1.512315,1.519802,1.000000,1.000000,1.000000,1.529557,1.522167,1.544118
ldc2,512,1,negative-both,original,6,216.895,1.441,1.000000,1.000000,1.000000,5.501244,5.279621,5.582090,0.999102,0.997300,1.000000
ldc2,512,1,negative-both,selected64,6,216.602,0.541,1.002255,0.997295,1.011722,5.493806,5.265403,5.517413,1.000450,0.997295,1.011722
ldc2,512,1,negative-both,vector16store,6,216.602,1.533,1.000899,1.000000,1.002708,5.496281,5.270142,5.582090,1.000000,1.000000,1.000000
ldc2,512,1,negative-both,cpp-approved-execution,6,39.355,4.963,5.501244,5.279621,5.582090,1.000000,1.000000,1.000000,5.496281,5.270142,5.582090
ldc2,512,1,negative-source,original,6,216.406,0.361,1.000000,1.000000,1.000000,5.526206,5.475248,5.545000,1.000450,0.999097,1.003607
ldc2,512,1,negative-source,selected64,6,216.797,0.991,0.999550,0.992825,1.002717,5.518706,5.475248,5.575000,1.001354,0.991928,1.003607
ldc2,512,1,negative-source,vector16store,6,216.406,0.632,0.999552,0.996406,1.000904,5.530000,5.485149,5.540000,1.000000,1.000000,1.000000
ldc2,512,1,negative-source,cpp-approved-execution,6,39.160,0.998,5.526206,5.475248,5.545000,1.000000,1.000000,1.000000,5.530000,5.485149,5.540000
ldc2,512,1,padded,original,6,59.766,0.980,1.000000,1.000000,1.000000,1.508645,1.471154,1.527363,1.009820,1.006515,1.016447
ldc2,512,1,padded,selected64,6,59.570,0.984,1.001639,0.996721,1.006557,1.503707,1.471154,1.517413,1.013115,1.006536,1.013158
ldc2,512,1,padded,vector16store,6,60.352,0.647,0.990276,0.983819,0.993528,1.523460,1.480769,1.537313,1.000000,1.000000,1.000000
ldc2,512,1,padded,cpp-approved-execution,6,39.551,3.457,1.508645,1.471154,1.527363,1.000000,1.000000,1.000000,1.523460,1.480769,1.537313
ldc2,512,1,repeated-source,original,6,59.961,0.977,1.000000,1.000000,1.000000,1.502451,1.492683,1.512315,1.008143,1.003257,1.013115
ldc2,512,1,repeated-source,selected64,6,59.766,0.327,1.003263,0.996732,1.003268,1.502475,1.492683,1.507389,1.009804,1.006536,1.013072
ldc2,512,1,repeated-source,vector16store,6,60.352,0.647,0.991925,0.987055,0.996753,1.514718,1.507317,1.522167,1.000000,1.000000,1.000000
ldc2,512,1,repeated-source,cpp-approved-execution,6,39.844,0.980,1.502451,1.492683,1.512315,1.000000,1.000000,1.000000,1.514718,1.507317,1.522167
ldc2,512,1,universal,original,6,1194.336,3.336,1.000000,1.000000,1.000000,4.195545,4.168154,4.305213,0.996966,0.990541,1.005895
ldc2,512,1,universal,selected64,6,1189.355,4.746,1.002638,0.966305,1.011547,4.178039,4.160604,4.358957,1.002639,0.959062,1.010402
ldc2,512,1,universal,vector16store,6,1189.062,4.090,1.003049,0.994140,1.009549,4.178449,4.159808,4.330590,1.000000,1.000000,1.000000
ldc2,512,1,universal,cpp-approved-execution,6,284.570,0.069,4.195545,4.168154,4.305213,1.000000,1.000000,1.000000,4.178449,4.159808,4.330590
ldc2,512,17,contiguous,original,6,785.000,0.849,1.000000,1.000000,1.000000,1.088372,1.077626,1.098131,1.004237,0.995745,1.004274
ldc2,512,17,contiguous,selected64,6,785.000,1.274,1.000000,0.995745,1.004274,1.090482,1.077626,1.093458,1.000000,1.000000,1.004237
ldc2,512,17,contiguous,vector16store,6,786.667,1.271,0.995781,0.995745,1.004274,1.090698,1.082192,1.097222,1.000000,1.000000,1.000000
ldc2,512,17,contiguous,cpp-approved-execution,6,718.333,2.320,1.088372,1.077626,1.098131,1.000000,1.000000,1.000000,1.090698,1.082192,1.097222
ldc2,512,17,negative-both,original,6,3511.667,1.424,1.000000,1.000000,1.000000,4.474468,4.424370,4.536170,1.000000,0.988743,1.004744
ldc2,512,17,negative-both,selected64,6,3511.667,0.285,1.000000,0.999049,1.011385,4.474468,4.424370,4.485106,1.000475,0.999049,1.004744
ldc2,512,17,negative-both,vector16store,6,3511.667,0.759,1.000000,0.995279,1.011385,4.474468,4.424370,4.506383,1.000000,1.000000,1.000000
ldc2,512,17,negative-both,cpp-approved-execution,6,783.333,1.277,4.474468,4.424370,4.536170,1.000000,1.000000,1.000000,4.474468,4.424370,4.506383
ldc2,512,17,negative-source,original,6,3521.667,0.473,1.000000,1.000000,1.000000,4.716518,4.696429,4.739910,0.999527,0.998108,1.000951
ldc2,512,17,negative-source,selected64,6,3515.000,0.379,1.000947,0.999050,1.001898,4.707589,4.696429,4.735426,1.000474,0.999053,1.001896
ldc2,512,17,negative-source,vector16store,6,3516.667,0.379,1.000473,0.999050,1.001896,4.709821,4.700893,4.735426,1.000000,1.000000,1.000000
ldc2,512,17,negative-source,cpp-approved-execution,6,746.667,0.446,4.716518,4.696429,4.739910,1.000000,1.000000,1.000000,4.709821,4.700893,4.735426
ldc2,512,17,padded,original,6,828.333,2.012,1.000000,1.000000,1.000000,1.142540,1.132420,1.160550,1.000000,0.992095,1.004032
ldc2,512,17,padded,selected64,6,828.333,2.414,1.000000,1.000000,1.004049,1.142540,1.132420,1.155963,1.000000,0.996032,1.004049
ldc2,512,17,padded,vector16store,6,830.000,2.008,1.000000,0.995984,1.007968,1.142540,1.136986,1.155251,1.000000,1.000000,1.000000
ldc2,512,17,padded,cpp-approved-execution,6,726.667,0.917,1.142540,1.132420,1.160550,1.000000,1.000000,1.000000,1.142540,1.136986,1.155251
ldc2,512,17,repeated-source,original,6,813.333,1.230,1.000000,1.000000,1.000000,1.125000,1.119266,1.134259,1.000000,0.995935,1.000000
ldc2,512,17,repeated-source,selected64,6,813.333,0.820,1.000000,1.000000,1.004082,1.124712,1.119266,1.134259,1.000000,1.000000,1.000000
ldc2,512,17,repeated-source,vector16store,6,813.333,0.820,1.000000,1.000000,1.004082,1.124712,1.119266,1.134259,1.000000,1.000000,1.000000
ldc2,512,17,repeated-source,cpp-approved-execution,6,721.667,0.924,1.125000,1.119266,1.134259,1.000000,1.000000,1.000000,1.124712,1.119266,1.134259
ldc2,512,17,universal,original,6,19893.333,5.211,1.000000,1.000000,1.000000,4.093091,3.956577,4.157459,0.996954,0.981440,1.000680
ldc2,512,17,universal,selected64,6,19738.333,4.137,1.009808,0.995947,1.025828,4.079217,3.856960,4.147892,1.005269,0.991555,1.023296
ldc2,512,17,universal,vector16store,6,19856.667,3.525,1.003057,0.999321,1.018911,4.091023,3.883142,4.141672,1.000000,1.000000,1.000000
ldc2,512,17,universal,cpp-approved-execution,6,4823.333,8.569,4.093091,3.956577,4.157459,1.000000,1.000000,1.000000,4.091023,3.883142,4.141672
ldc2,512,128,contiguous,original,6,5687.500,0.440,1.000000,1.000000,1.000000,1.076925,1.073113,1.082938,1.003287,0.997802,1.004396
ldc2,512,128,contiguous,selected64,6,5700.000,0.658,1.001096,0.995624,1.002203,1.076830,1.073286,1.080569,1.001096,0.997812,1.006608
ldc2,512,128,contiguous,vector16store,6,5706.250,1.095,0.996725,0.995624,1.002203,1.079205,1.073286,1.087678,1.000000,1.000000,1.000000
ldc2,512,128,contiguous,cpp-approved-execution,6,5281.250,0.473,1.076925,1.073113,1.082938,1.000000,1.000000,1.000000,1.079205,1.073286,1.087678
ldc2,512,128,negative-both,original,6,26656.250,5.815,1.000000,1.000000,1.000000,4.470645,4.394515,4.646316,0.998592,0.951065,1.064810
ldc2,512,128,negative-both,selected64,6,26325.000,7.882,1.003356,0.950645,1.059530,4.433054,4.385263,4.705021,1.002432,0.949755,1.063279
ldc2,512,128,negative-both,vector16store,6,26506.250,5.612,1.001410,0.939134,1.051453,4.454832,4.418947,4.679325,1.000000,1.000000,1.000000
ldc2,512,128,negative-both,cpp-approved-execution,6,5943.750,0.841,4.470645,4.394515,4.646316,1.000000,1.000000,1.000000,4.454832,4.418947,4.679325
ldc2,512,128,negative-source,original,6,26106.250,0.910,1.000000,1.000000,1.000000,4.485456,4.336798,4.528139,0.997609,0.992352,1.000963
ldc2,512,128,negative-source,selected64,6,26006.250,1.202,1.002640,0.992861,1.007707,4.479021,4.367983,4.504310,0.999759,0.992861,1.001444
ldc2,512,128,negative-source,vector16store,6,25993.750,0.481,1.002403,0.999038,1.007707,4.476859,4.336798,4.493506,1.000000,1.000000,1.000000
ldc2,512,128,negative-source,cpp-approved-execution,6,5806.250,4.090,4.485456,4.336798,4.528139,1.000000,1.000000,1.000000,4.476859,4.336798,4.493506
ldc2,512,128,padded,original,6,5806.250,0.646,1.000000,1.000000,1.000000,1.082942,1.076923,1.088993,1.001082,0.993548,1.012903
ldc2,512,128,padded,selected64,6,5793.750,1.294,1.001078,0.991416,1.008677,1.081869,1.076923,1.091335,1.002162,0.993562,1.015086
ldc2,512,128,padded,vector16store,6,5793.750,1.942,0.998920,0.987261,1.006494,1.081776,1.079254,1.100467,1.000000,1.000000,1.000000
ldc2,512,128,padded,cpp-approved-execution,6,5356.250,0.467,1.082942,1.076923,1.088993,1.000000,1.000000,1.000000,1.081776,1.079254,1.100467
ldc2,512,128,repeated-source,original,6,5762.500,0.651,1.000000,1.000000,1.000000,1.070766,1.064665,1.076566,1.001085,0.993534,1.002169
ldc2,512,128,repeated-source,selected64,6,5762.500,0.217,1.000000,1.000000,1.004329,1.069606,1.064665,1.072093,1.001085,0.997835,1.002169
ldc2,512,128,repeated-source,vector16store,6,5768.750,0.217,0.998918,0.997835,1.006508,1.070766,1.064665,1.074419,1.000000,1.000000,1.000000
ldc2,512,128,repeated-source,cpp-approved-execution,6,5387.500,0.696,1.070766,1.064665,1.076566,1.000000,1.000000,1.000000,1.070766,1.064665,1.074419
ldc2,512,128,universal,original,6,151075.000,4.038,1.000000,1.000000,1.000000,4.146457,4.123803,4.290878,1.000502,0.990132,1.059353
ldc2,512,128,universal,selected64,6,150487.500,2.525,1.000842,0.994255,1.049242,4.145662,4.089501,4.191262,1.018531,0.992936,1.053267
ldc2,512,128,universal,vector16store,6,152281.250,7.297,0.999510,0.943973,1.009966,4.195057,4.084815,4.414517,1.000000,1.000000,1.000000
ldc2,512,128,universal,cpp-approved-execution,6,36312.500,0.723,4.146457,4.123803,4.290878,1.000000,1.000000,1.000000,4.195057,4.084815,4.414517
ldc2,513,1,contiguous,original,6,60.568,2.262,1.000000,1.000000,1.000000,1.509756,1.398230,1.531707,1.009693,1.006472,1.018987
ldc2,513,1,contiguous,selected64,6,60.665,2.581,1.000000,0.996785,1.000000,1.511011,1.402655,1.531707,1.009631,1.006431,1.015773
ldc2,513,1,contiguous,vector16store,6,61.155,3.520,0.990400,0.981366,0.993569,1.524390,1.424779,1.546341,1.000000,1.000000,1.000000
ldc2,513,1,contiguous,cpp-approved-execution,6,40.117,10.732,1.509756,1.398230,1.531707,1.000000,1.000000,1.000000,1.524390,1.424779,1.546341
ldc2,513,1,negative-both,original,6,216.732,0.722,1.000000,1.000000,1.000000,5.439812,5.416667,5.455882,1.011706,1.000898,1.016290
ldc2,513,1,negative-both,selected64,6,217.319,0.630,0.999548,0.995500,1.001802,5.446078,5.416667,5.450980,1.011707,1.001799,1.015385
ldc2,513,1,negative-both,vector16store,6,219.569,0.980,0.988429,0.983972,0.999102,5.500000,5.460784,5.532020,1.000000,1.000000,1.000000
ldc2,513,1,negative-both,cpp-approved-execution,6,39.922,0.490,5.439812,5.416667,5.455882,1.000000,1.000000,1.000000,5.500000,5.460784,5.532020
ldc2,513,1,negative-source,original,6,216.732,1.354,1.000000,1.000000,1.000000,5.453202,5.431373,5.490196,1.009905,1.003594,1.021680
ldc2,513,1,negative-source,selected64,6,217.319,0.900,0.998656,0.994599,1.008101,5.458128,5.431373,5.472906,1.010806,1.000896,1.022604
ldc2,513,1,negative-source,vector16store,6,219.667,1.693,0.990212,0.978780,0.996419,5.523351,5.450980,5.571429,1.000000,1.000000,1.000000
ldc2,513,1,negative-source,cpp-approved-execution,6,39.824,0.491,5.453202,5.431373,5.490196,1.000000,1.000000,1.000000,5.523351,5.450980,5.571429
ldc2,513,1,padded,original,6,60.274,0.649,1.000000,1.000000,1.000000,1.511060,1.466667,1.517241,1.009756,1.003247,1.012987
ldc2,513,1,padded,selected64,6,60.274,0.649,1.000000,0.996753,1.003257,1.513511,1.461905,1.517241,1.008133,1.003247,1.016287
ldc2,513,1,padded,vector16store,6,60.763,1.288,0.990338,0.987179,0.996764,1.523339,1.485714,1.527094,1.000000,1.000000,1.000000
ldc2,513,1,padded,cpp-approved-execution,6,39.824,3.440,1.511060,1.466667,1.517241,1.000000,1.000000,1.000000,1.523339,1.485714,1.527094
ldc2,513,1,repeated-source,original,6,60.372,2.269,1.000000,1.000000,1.000000,1.491522,1.433790,1.497585,1.009709,1.006369,1.013029
ldc2,513,1,repeated-source,selected64,6,60.470,1.942,0.998382,0.993528,1.003236,1.493950,1.433790,1.500000,1.006472,1.006369,1.012945
ldc2,513,1,repeated-source,vector16store,6,60.861,1.608,0.990385,0.987138,0.993671,1.509709,1.442922,1.512077,1.000000,1.000000,1.000000
ldc2,513,1,repeated-source,cpp-approved-execution,6,40.411,6.295,1.491522,1.433790,1.497585,1.000000,1.000000,1.000000,1.509709,1.442922,1.512077
ldc2,513,1,universal,original,6,1195.303,0.900,1.000000,1.000000,1.000000,4.192176,4.167808,4.214139,0.998771,0.991331,1.018355
ldc2,513,1,universal,selected64,6,1193.151,1.460,1.001728,0.992518,1.008079,4.182567,4.162663,4.223747,1.002703,0.989763,1.010735
ldc2,513,1,universal,vector16store,6,1195.988,2.503,1.001231,0.981976,1.008744,4.190254,4.159918,4.264928,1.000000,1.000000,1.000000
ldc2,513,1,universal,cpp-approved-execution,6,285.127,0.206,4.192176,4.167808,4.214139,1.000000,1.000000,1.000000,4.190254,4.159918,4.264928
ldc2,513,17,contiguous,original,6,765.000,0.436,1.000000,1.000000,1.000000,1.062500,1.055046,1.069767,1.002174,0.995652,1.004367
ldc2,513,17,contiguous,selected64,6,765.000,0.871,1.000000,0.995652,1.004367,1.064815,1.050459,1.069767,1.000000,1.000000,1.004367
ldc2,513,17,contiguous,vector16store,6,766.667,0.870,0.997835,0.995652,1.004367,1.067130,1.050459,1.069767,1.000000,1.000000,1.000000
ldc2,513,17,contiguous,cpp-approved-execution,6,720.000,1.389,1.062500,1.055046,1.069767,1.000000,1.000000,1.000000,1.067130,1.050459,1.069767
ldc2,513,17,negative-both,original,6,3510.000,0.380,1.000000,1.000000,1.000000,4.730346,4.668142,4.769231,1.000000,0.998102,1.001896
ldc2,513,17,negative-both,selected64,6,3508.333,0.380,1.000000,1.000000,1.000951,4.730346,4.668142,4.764706,1.000476,0.999050,1.001896
ldc2,513,17,negative-both,vector16store,6,3506.667,0.475,1.000000,0.998108,1.001901,4.732598,4.676991,4.760181,1.000000,1.000000,1.000000
ldc2,513,17,negative-both,cpp-approved-execution,6,741.667,2.247,4.730346,4.668142,4.769231,1.000000,1.000000,1.000000,4.732598,4.676991,4.760181
ldc2,513,17,negative-source,original,6,3518.333,0.474,1.000000,1.000000,1.000000,4.897674,4.844037,4.916279,1.000000,0.998106,1.000951
ldc2,513,17,negative-source,selected64,6,3513.333,0.285,1.000948,0.999050,1.001899,4.897674,4.834862,4.906977,1.000000,0.999053,1.001899
ldc2,513,17,negative-source,vector16store,6,3515.000,0.379,1.000000,0.999050,1.001898,4.900000,4.834862,4.916279,1.000000,1.000000,1.000000
ldc2,513,17,negative-source,cpp-approved-execution,6,716.667,1.395,4.897674,4.844037,4.916279,1.000000,1.000000,1.000000,4.900000,4.834862,4.916279
ldc2,513,17,padded,original,6,803.333,1.245,1.000000,1.000000,1.000000,1.142519,1.136792,1.151659,1.000000,0.995851,1.004149
ldc2,513,17,padded,selected64,6,803.333,0.830,1.000000,1.000000,1.004132,1.142519,1.136792,1.147619,1.000000,0.995851,1.004149
ldc2,513,17,padded,vector16store,6,803.333,0.830,1.000000,0.995868,1.004167,1.142183,1.136792,1.147619,1.000000,1.000000,1.000000
ldc2,513,17,padded,cpp-approved-execution,6,703.333,0.948,1.142519,1.136792,1.151659,1.000000,1.000000,1.000000,1.142183,1.136792,1.147619
ldc2,513,17,repeated-source,original,6,790.000,1.688,1.000000,1.000000,1.000000,1.134293,1.133971,1.153846,1.000000,0.995833,1.004237
ldc2,513,17,repeated-source,selected64,6,790.000,0.844,1.000000,0.995781,1.004184,1.139090,1.133971,1.149038,1.000000,1.000000,1.000000
ldc2,513,17,repeated-source,vector16store,6,790.000,0.844,1.000000,0.995781,1.004184,1.139090,1.133971,1.149038,1.000000,1.000000,1.000000
ldc2,513,17,repeated-source,cpp-approved-execution,6,695.000,0.480,1.134293,1.133971,1.153846,1.000000,1.000000,1.000000,1.139090,1.133971,1.149038
ldc2,513,17,universal,original,6,20015.000,3.464,1.000000,1.000000,1.000000,4.112759,3.924565,4.158621,1.009363,0.990040,1.024227
ldc2,513,17,universal,selected64,6,20185.000,3.534,0.989227,0.982597,1.020325,4.120690,3.925210,4.219310,1.005245,0.981405,1.010163
ldc2,513,17,universal,vector16store,6,20156.667,3.837,0.990724,0.976346,1.010060,4.100271,3.960671,4.236552,1.000000,1.000000,1.000000
ldc2,513,17,universal,cpp-approved-execution,6,4833.333,6.966,4.112759,3.924565,4.158621,1.000000,1.000000,1.000000,4.100271,3.960671,4.236552
ldc2,513,128,contiguous,original,6,5550.000,0.901,1.000000,1.000000,1.000000,1.048405,1.039813,1.051765,1.000000,1.000000,1.015660
ldc2,513,128,contiguous,selected64,6,5562.500,0.674,1.000000,0.993274,1.004494,1.047170,1.042155,1.056872,1.000000,0.995516,1.020225
ldc2,513,128,contiguous,vector16store,6,5550.000,2.477,1.000000,0.984581,1.000000,1.048405,1.039813,1.068235,1.000000,1.000000,1.000000
ldc2,513,128,contiguous,cpp-approved-execution,6,5306.250,1.178,1.048405,1.039813,1.051765,1.000000,1.000000,1.000000,1.048405,1.039813,1.068235
ldc2,513,128,negative-both,original,6,26175.000,2.340,1.000000,1.000000,1.000000,4.476960,4.435789,4.504292,0.999292,0.993807,1.007119
ldc2,513,128,negative-both,selected64,6,26612.500,6.858,0.995987,0.935094,1.001431,4.498927,4.467368,4.783726,0.996896,0.933751,1.000000
ldc2,513,128,negative-both,vector16store,6,26106.250,2.298,1.000709,0.992931,1.006232,4.471882,4.462343,4.493534,1.000000,1.000000,1.000000
ldc2,513,128,negative-both,cpp-approved-execution,6,5831.250,3.001,4.476960,4.435789,4.504292,1.000000,1.000000,1.000000,4.471882,4.462343,4.493534
ldc2,513,128,negative-source,original,6,26000.000,11.731,1.000000,1.000000,1.000000,4.546451,4.509761,5.061002,0.999519,0.897977,1.004805
ldc2,513,128,negative-source,selected64,6,26031.250,1.200,1.000000,0.988118,1.113615,4.544165,4.539301,4.563991,0.999760,0.988118,1.005772
ldc2,513,128,negative-source,vector16store,6,26037.500,0.672,1.000481,0.995218,1.113615,4.544760,4.509761,4.565502,1.000000,1.000000,1.000000
ldc2,513,128,negative-source,cpp-approved-execution,6,5731.250,0.872,4.546451,4.509761,5.061002,1.000000,1.000000,1.000000,4.544760,4.509761,4.565502
ldc2,513,128,padded,original,6,5837.500,0.857,1.000000,1.000000,1.000000,1.102837,1.093677,1.108491,1.000000,0.995745,1.004274
ldc2,513,128,padded,selected64,6,5862.500,1.279,0.996797,0.989429,1.002132,1.105075,1.100703,1.112941,0.996802,0.993603,1.000000
ldc2,513,128,padded,vector16store,6,5843.750,0.856,1.000000,0.995745,1.004274,1.102714,1.096019,1.105882,1.000000,1.000000,1.000000
ldc2,513,128,padded,cpp-approved-execution,6,5293.750,0.945,1.102837,1.093677,1.108491,1.000000,1.000000,1.000000,1.102714,1.096019,1.105882
ldc2,513,128,repeated-source,original,6,5793.750,1.079,1.000000,1.000000,1.000000,1.087818,1.084112,1.091765,1.000000,0.997840,1.002155
ldc2,513,128,repeated-source,selected64,6,5787.500,1.080,1.000000,1.000000,1.002165,1.087059,1.084112,1.089412,1.000000,1.000000,1.002155
ldc2,513,128,repeated-source,vector16store,6,5787.500,1.080,1.000000,0.997849,1.002165,1.087059,1.086449,1.089412,1.000000,1.000000,1.000000
ldc2,513,128,repeated-source,cpp-approved-execution,6,5318.750,0.940,1.087818,1.084112,1.091765,1.000000,1.000000,1.000000,1.087059,1.086449,1.089412
ldc2,513,128,universal,original,6,149756.250,1.669,1.000000,1.000000,1.000000,4.080287,3.910404,4.151203,1.003106,0.986507,1.017101
ldc2,513,128,universal,selected64,6,150093.750,2.290,0.998865,0.977922,1.006499,4.094696,3.933377,4.132439,0.999629,0.982518,1.017270
ldc2,513,128,universal,vector16store,6,149425.000,2.802,0.996906,0.983186,1.013678,4.091833,3.928782,4.142415,1.000000,1.000000,1.000000
ldc2,513,128,universal,cpp-approved-execution,6,36431.250,5.318,4.080287,3.910404,4.151203,1.000000,1.000000,1.000000,4.091833,3.928782,4.142415
ldc2,2048,1,contiguous,original,6,196.094,0.797,1.000000,1.000000,1.000000,1.178825,1.151376,1.189573,1.003984,0.996016,1.004000
ldc2,2048,1,contiguous,selected64,6,196.094,0.797,1.000000,0.992095,1.003984,1.178404,1.156682,1.189573,1.000000,0.996016,1.003984
ldc2,2048,1,contiguous,vector16store,6,196.484,0.795,0.996032,0.996016,1.004000,1.180751,1.155963,1.184834,1.000000,1.000000,1.000000
ldc2,2048,1,contiguous,cpp-approved-execution,6,166.406,3.286,1.178825,1.151376,1.189573,1.000000,1.000000,1.000000,1.180751,1.155963,1.184834
ldc2,2048,1,negative-both,original,6,810.547,0.771,1.000000,1.000000,1.000000,4.866293,4.619469,4.919431,1.000964,1.000000,1.002893
ldc2,2048,1,negative-both,selected64,6,810.547,0.675,1.000000,0.999036,1.000000,4.868652,4.619469,4.919431,1.000000,1.000000,1.002893
ldc2,2048,1,negative-both,vector16store,6,812.109,0.673,0.999037,0.997115,1.000000,4.875661,4.619469,4.924171,1.000000,1.000000,1.000000
ldc2,2048,1,negative-both,cpp-approved-execution,6,166.797,7.026,4.866293,4.619469,4.919431,1.000000,1.000000,1.000000,4.875661,4.619469,4.924171
ldc2,2048,1,negative-source,original,6,810.938,0.867,1.000000,1.000000,1.000000,4.841121,4.619469,4.952607,1.000479,0.997129,1.003861
ldc2,2048,1,negative-source,selected64,6,810.547,0.578,0.999998,0.999036,1.002879,4.845794,4.615044,4.938389,1.000482,0.999037,1.002893
ldc2,2048,1,negative-source,vector16store,6,811.719,0.770,0.999522,0.996154,1.002879,4.845794,4.623894,4.938389,1.000000,1.000000,1.000000
ldc2,2048,1,negative-source,cpp-approved-execution,6,167.188,7.009,4.841121,4.619469,4.952607,1.000000,1.000000,1.000000,4.845794,4.623894,4.938389
ldc2,2048,1,padded,original,6,196.484,0.398,1.000000,1.000000,1.000000,1.175234,1.172093,1.178404,1.000008,0.996032,1.003984
ldc2,2048,1,padded,selected64,6,195.703,0.399,1.003992,1.000000,1.008000,1.168224,1.167442,1.178404,1.003992,1.000000,1.008000
ldc2,2048,1,padded,vector16store,6,196.484,0.398,1.000008,0.996032,1.003984,1.175234,1.167442,1.183099,1.000000,1.000000,1.000000
ldc2,2048,1,padded,cpp-approved-execution,6,167.188,0.935,1.175234,1.172093,1.178404,1.000000,1.000000,1.000000,1.175234,1.167442,1.183099
ldc2,2048,1,repeated-source,original,6,196.875,0.397,1.000000,1.000000,1.000000,1.172897,1.172093,1.177570,1.000000,0.996032,1.003984
ldc2,2048,1,repeated-source,selected64,6,196.094,0.797,1.003984,1.000000,1.008000,1.172495,1.162791,1.172897,1.001992,1.000000,1.008000
ldc2,2048,1,repeated-source,vector16store,6,196.484,0.398,1.000000,0.996032,1.003984,1.172897,1.172093,1.177570,1.000000,1.000000,1.000000
ldc2,2048,1,repeated-source,cpp-approved-execution,6,167.188,0.467,1.172897,1.172093,1.177570,1.000000,1.000000,1.000000,1.172897,1.172093,1.177570
ldc2,2048,1,universal,original,6,4649.219,5.865,1.000000,1.000000,1.000000,4.164451,4.146956,4.391183,1.000819,0.991119,1.015356
ldc2,2048,1,universal,selected64,6,4592.578,8.540,1.010805,0.984713,1.023846,4.113716,4.079076,4.430371,1.008395,0.991944,1.018120
ldc2,2048,1,universal,vector16store,6,4651.562,6.281,0.999182,0.984876,1.008960,4.166550,4.132960,4.394682,1.000000,1.000000,1.000000
ldc2,2048,1,universal,cpp-approved-execution,6,1116.406,0.000,4.164451,4.146956,4.391183,1.000000,1.000000,1.000000,4.166550,4.132960,4.394682
ldc2,2048,17,contiguous,original,6,3025.000,0.000,1.000000,1.000000,1.000000,1.073176,1.070796,1.075556,1.000000,0.995868,1.000000
ldc2,2048,17,contiguous,selected64,6,3031.250,0.825,0.997942,0.995885,1.004149,1.075221,1.070796,1.080000,0.995885,0.995868,1.004149
ldc2,2048,17,contiguous,vector16store,6,3025.000,0.413,1.000000,1.000000,1.004149,1.070954,1.070796,1.075556,1.000000,1.000000,1.000000
ldc2,2048,17,contiguous,cpp-approved-execution,6,2818.750,0.443,1.073176,1.070796,1.075556,1.000000,1.000000,1.000000,1.070954,1.070796,1.075556
ldc2,2048,17,negative-both,original,6,13750.000,3.636,1.000000,1.000000,1.000000,4.724886,4.680851,4.838298,0.997721,0.994545,0.999118
ldc2,2048,17,negative-both,selected64,6,13712.500,3.464,1.001826,1.000883,1.005305,4.709873,4.676596,4.812766,1.000000,0.998174,1.000913
ldc2,2048,17,negative-both,vector16store,6,13718.750,3.645,1.002286,1.000883,1.005484,4.707681,4.675214,4.817021,1.000000,1.000000,1.000000
ldc2,2048,17,negative-both,cpp-approved-execution,6,2931.250,2.559,4.724886,4.680851,4.838298,1.000000,1.000000,1.000000,4.707681,4.675214,4.817021
ldc2,2048,17,negative-source,original,6,13731.250,0.637,1.000000,1.000000,1.000000,4.799127,4.786026,4.820175,0.998638,0.998179,1.000912
ldc2,2048,17,negative-source,selected64,6,13718.750,0.456,1.000911,1.000000,1.001817,4.794760,4.786026,4.815789,1.000000,0.999088,1.000912
ldc2,2048,17,negative-source,vector16store,6,13718.750,0.456,1.001364,0.999088,1.001825,4.792576,4.786026,4.815789,1.000000,1.000000,1.000000
ldc2,2048,17,negative-source,cpp-approved-execution,6,2862.500,0.437,4.799127,4.786026,4.820175,1.000000,1.000000,1.000000,4.792576,4.786026,4.815789
ldc2,2048,17,padded,original,6,3075.000,0.813,1.000000,1.000000,1.000000,1.088496,1.083700,1.102222,0.997976,0.991935,1.004065
ldc2,2048,17,padded,selected64,6,3075.000,1.220,1.000000,0.991935,1.012245,1.090905,1.083700,1.097345,1.000000,0.987903,1.004082
ldc2,2048,17,padded,vector16store,6,3075.000,0.813,1.002033,0.995951,1.008130,1.090708,1.083700,1.093333,1.000000,1.000000,1.000000
ldc2,2048,17,padded,cpp-approved-execution,6,2825.000,0.885,1.088496,1.083700,1.102222,1.000000,1.000000,1.000000,1.090708,1.083700,1.093333
ldc2,2048,17,repeated-source,original,6,3062.500,0.816,1.000000,1.000000,1.000000,1.083886,1.079646,1.084071,1.000000,0.995935,1.000000
ldc2,2048,17,repeated-source,selected64,6,3062.500,0.816,1.000000,0.995918,1.004082,1.084071,1.079295,1.088496,1.000000,0.995918,1.000000
ldc2,2048,17,repeated-source,vector16store,6,3062.500,0.408,1.000000,1.000000,1.004082,1.081858,1.079295,1.084071,1.000000,1.000000,1.000000
ldc2,2048,17,repeated-source,cpp-approved-execution,6,2825.000,0.442,1.083886,1.079646,1.084071,1.000000,1.000000,1.000000,1.081858,1.079295,1.084071
ldc2,2048,17,universal,original,6,79775.000,4.340,1.000000,1.000000,1.000000,4.198704,4.142292,4.313403,0.997849,0.987726,1.003595
ldc2,2048,17,universal,selected64,6,79856.250,2.724,1.002736,0.992581,1.008758,4.206943,4.161629,4.275953,0.998446,0.990376,1.006915
ldc2,2048,17,universal,vector16store,6,79706.250,4.328,1.002156,0.996417,1.012426,4.195111,4.129605,4.305519,1.000000,1.000000,1.000000
ldc2,2048,17,universal,cpp-approved-execution,6,19006.250,0.263,4.198704,4.142292,4.313403,1.000000,1.000000,1.000000,4.195111,4.129605,4.305519
ldc2,2048,128,contiguous,original,6,23068.750,8.886,1.000000,1.000000,1.000000,1.075066,1.065116,1.172150,0.998378,0.912281,1.007642
ldc2,2048,128,contiguous,selected64,6,23037.500,1.682,1.000827,0.993541,1.082474,1.076478,1.062209,1.082844,0.995669,0.987520,1.010400
ldc2,2048,128,contiguous,vector16store,6,22987.500,1.740,1.001628,0.992416,1.096154,1.072616,1.067638,1.077371,1.000000,1.000000,1.000000
ldc2,2048,128,contiguous,cpp-approved-execution,6,21456.250,1.049,1.075066,1.065116,1.172150,1.000000,1.000000,1.000000,1.072616,1.067638,1.077371
ldc2,2048,128,negative-both,original,6,107000.000,3.843,1.000000,1.000000,1.000000,4.378027,4.355544,4.404534,0.999825,0.991546,1.003160
ldc2,2048,128,negative-both,selected64,6,109462.500,5.470,0.987704,0.967658,1.002458,4.450489,4.344863,4.523274,0.985217,0.966753,1.004800
ldc2,2048,128,negative-both,vector16store,6,107206.250,2.892,1.000176,0.996849,1.008526,4.376369,4.342053,4.390256,1.000000,1.000000,1.000000
ldc2,2048,128,negative-both,cpp-approved-execution,6,24506.250,3.877,4.378027,4.355544,4.404534,1.000000,1.000000,1.000000,4.376369,4.342053,4.390256
ldc2,2048,128,negative-source,original,6,106431.250,1.961,1.000000,1.000000,1.000000,4.532695,4.274218,4.588108,1.010532,0.996955,1.014915
ldc2,2048,128,negative-source,selected64,6,106443.750,2.865,0.999590,0.966327,1.003408,4.527113,4.311972,4.714363,1.002875,0.979269,1.016467
ldc2,2048,128,negative-source,vector16store,6,107362.500,1.840,0.989586,0.985304,1.003055,4.540138,4.307004,4.654054,1.000000,1.000000,1.000000
ldc2,2048,128,negative-source,cpp-approved-execution,6,23512.500,8.666,4.532695,4.274218,4.588108,1.000000,1.000000,1.000000,4.540138,4.307004,4.654054
ldc2,2048,128,padded,original,6,23581.250,6.838,1.000000,1.000000,1.000000,1.084172,1.073462,1.161365,0.997354,0.936753,1.028147
ldc2,2048,128,padded,selected64,6,23487.500,1.224,1.003192,0.994717,1.069223,1.080506,1.073462,1.087306,1.001597,0.998939,1.022715
ldc2,2048,128,padded,vector16store,6,23525.000,3.029,1.002655,0.972624,1.067517,1.083215,1.072323,1.112005,1.000000,1.000000,1.000000
ldc2,2048,128,padded,cpp-approved-execution,6,21737.500,1.553,1.084172,1.073462,1.161365,1.000000,1.000000,1.000000,1.083215,1.072323,1.112005
ldc2,2048,128,repeated-source,original,6,23356.250,1.284,1.000000,1.000000,1.000000,1.073843,0.982713,1.093878,0.993337,0.981876,1.014579
ldc2,2048,128,repeated-source,selected64,6,23225.000,8.235,1.004329,0.940822,1.019011,1.074242,1.044526,1.075362,1.000809,0.928285,1.014085
ldc2,2048,128,repeated-source,vector16store,6,23212.500,1.992,1.006753,0.985631,1.018458,1.075154,0.969618,1.084247,1.000000,1.000000,1.000000
ldc2,2048,128,repeated-source,cpp-approved-execution,6,21650.000,11.201,1.073843,0.982713,1.093878,1.000000,1.000000,1.000000,1.075154,0.969618,1.084247
ldc2,2048,128,universal,original,6,607968.750,6.180,1.000000,1.000000,1.000000,4.151962,4.075193,4.308732,0.999442,0.955884,1.010715
ldc2,2048,128,universal,selected64,6,607062.500,6.416,1.002062,0.991902,1.013303,4.148994,4.077925,4.306621,0.995545,0.956352,1.024161
ldc2,2048,128,universal,vector16store,6,606487.500,2.745,1.000570,0.989398,1.046153,4.130739,4.087159,4.258756,1.000000,1.000000,1.000000
ldc2,2048,128,universal,cpp-approved-execution,6,147031.250,1.879,4.151962,4.075193,4.308732,1.000000,1.000000,1.000000,4.130739,4.087159,4.258756
ldc2,2048,512,contiguous,original,6,94125.000,2.749,1.000000,1.000000,1.000000,1.075466,1.047541,1.080821,0.997810,0.984395,1.026284
ldc2,2048,512,contiguous,selected64,6,94325.000,3.101,0.995814,0.974674,1.019083,1.081846,1.027925,1.101233,0.996748,0.972606,1.020701
ldc2,2048,512,contiguous,vector16store,6,93993.750,2.766,1.002194,0.974389,1.015852,1.075258,1.031195,1.102796,1.000000,1.000000,1.000000
ldc2,2048,512,contiguous,cpp-approved-execution,6,87181.250,5.577,1.075466,1.047541,1.080821,1.000000,1.000000,1.000000,1.075258,1.031195,1.102796
ldc2,2048,512,negative-both,original,6,441150.000,4.075,1.000000,1.000000,1.000000,4.185940,3.833551,4.250237,1.002912,0.994749,1.014514
ldc2,2048,512,negative-both,selected64,6,439800.000,3.578,0.999083,0.995086,1.014844,4.179161,3.852480,4.265536,1.002394,0.996312,1.029573
ldc2,2048,512,negative-both,vector16store,6,444931.250,4.596,0.997098,0.985694,1.005279,4.189852,3.849434,4.295066,1.000000,1.000000,1.000000
ldc2,2048,512,negative-both,cpp-approved-execution,6,105400.000,10.970,4.185940,3.833551,4.250237,1.000000,1.000000,1.000000,4.189852,3.849434,4.295066
ldc2,2048,512,negative-source,original,6,432212.500,5.637,1.000000,1.000000,1.000000,4.433265,4.294053,4.575298,1.003154,0.987444,1.054430
ldc2,2048,512,negative-source,selected64,6,442006.250,6.578,0.996521,0.949604,1.019047,4.442027,4.364868,4.649962,1.002511,0.960079,1.030382
ldc2,2048,512,negative-source,vector16store,6,434193.750,8.260,0.996865,0.948380,1.012715,4.448225,4.375760,4.603762,1.000000,1.000000,1.000000
ldc2,2048,512,negative-source,cpp-approved-execution,6,98237.500,5.382,4.433265,4.294053,4.575298,1.000000,1.000000,1.000000,4.448225,4.375760,4.603762
ldc2,2048,512,padded,original,6,96650.000,2.794,1.000000,1.000000,1.000000,1.100231,0.995393,1.115455,0.996352,0.972187,1.012212
ldc2,2048,512,padded,selected64,6,95681.250,6.833,1.004655,0.954830,1.028340,1.083504,1.042482,1.107978,0.999347,0.966491,1.008526
ldc2,2048,512,padded,vector16store,6,95675.000,3.044,1.003661,0.987935,1.028609,1.084284,1.007550,1.117425,1.000000,1.000000,1.000000
ldc2,2048,512,padded,cpp-approved-execution,6,88168.750,13.242,1.100231,0.995393,1.115455,1.000000,1.000000,1.000000,1.084284,1.007550,1.117425
ldc2,2048,512,repeated-source,original,6,94156.250,2.244,1.000000,1.000000,1.000000,1.058019,1.038160,1.094000,1.003723,0.994427,1.008896
ldc2,2048,512,repeated-source,selected64,6,94281.250,6.099,0.997619,0.951035,1.018250,1.071646,1.031040,1.093564,1.001327,0.945734,1.027308
ldc2,2048,512,repeated-source,vector16store,6,94225.000,2.892,0.996296,0.991183,1.005604,1.066285,1.032374,1.095743,1.000000,1.000000,1.000000
ldc2,2048,512,repeated-source,cpp-approved-execution,6,89081.250,5.585,1.058019,1.038160,1.094000,1.000000,1.000000,1.000000,1.066285,1.032374,1.095743
ldc2,2048,512,universal,original,6,2485550.000,4.218,1.000000,1.000000,1.000000,4.151301,4.004832,4.250085,0.995116,0.980747,1.021113
ldc2,2048,512,universal,selected64,6,2475943.750,4.630,0.999939,0.980838,1.024309,4.131905,4.083070,4.249156,1.001195,0.976666,1.019147
ldc2,2048,512,universal,vector16store,6,2476681.250,5.585,1.004909,0.979323,1.019631,4.163519,3.987797,4.269470,1.000000,1.000000,1.000000
ldc2,2048,512,universal,cpp-approved-execution,6,597606.250,3.012,4.151301,4.004832,4.250085,1.000000,1.000000,1.000000,4.163519,3.987797,4.269470
