compiler,width,height,layout,form,processes,ns_per_call,process_spread_pct,original_over_form_median,original_over_form_min,original_over_form_max,form_over_cpp_median,form_over_cpp_min,form_over_cpp_max,unconditional_over_form_median,unconditional_over_form_min,unconditional_over_form_max
dmd,1,1,contiguous,original,6,82.275,10.386,1.000000,1.000000,1.000000,13.601096,13.255396,13.950820,1.014018,0.997356,1.033107
dmd,1,1,contiguous,selected64,6,82.471,13.262,0.996450,0.896746,1.040660,13.490017,13.239216,15.304527,1.023096,0.895133,1.037909
dmd,1,1,contiguous,vector16store,6,83.289,14.011,0.986229,0.967954,1.002651,13.733328,13.662745,13.913934,1.000000,1.000000,1.000000
dmd,1,1,contiguous,cpp-approved-execution,6,6.018,14.199,13.601096,13.255396,13.950820,1.000000,1.000000,1.000000,13.733328,13.662745,13.913934
dmd,1,1,negative-both,original,6,87.122,8.323,1.000000,1.000000,1.000000,10.862754,10.764151,11.061162,1.011920,0.993365,1.033149
dmd,1,1,negative-both,selected64,6,85.913,6.564,1.013495,0.982291,1.025808,10.782875,10.631884,11.009434,1.021175,1.009310,1.034600
dmd,1,1,negative-both,vector16store,6,87.732,7.987,0.988222,0.967914,1.006680,11.006154,10.886957,11.172956,1.000000,1.000000,1.000000
dmd,1,1,negative-both,cpp-approved-execution,6,7.971,8.270,10.862754,10.764151,11.061162,1.000000,1.000000,1.000000,11.006154,10.886957,11.172956
dmd,1,1,negative-source,original,6,88.342,70.609,1.000000,1.000000,1.000000,10.817765,10.688730,11.588235,1.021718,0.952177,1.086257
dmd,1,1,negative-source,selected64,6,84.814,76.598,1.003900,0.981600,1.079919,10.755978,10.680982,10.889088,1.030380,1.023837,1.084355
dmd,1,1,negative-source,vector16store,6,88.867,77.555,0.978746,0.920592,1.050224,11.111215,10.935583,11.682390,1.000000,1.000000,1.000000
dmd,1,1,negative-source,cpp-approved-execution,6,7.922,74.268,10.817765,10.688730,11.588235,1.000000,1.000000,1.000000,11.111215,10.935583,11.682390
dmd,1,1,padded,original,6,88.367,78.795,1.000000,1.000000,1.000000,10.752872,10.510135,11.340557,1.017018,0.955228,1.078338
dmd,1,1,padded,selected64,6,84.680,88.915,1.008201,0.960037,1.078304,10.774305,10.517028,10.947635,1.027362,1.002160,1.051809
dmd,1,1,padded,vector16store,6,87.915,84.282,0.983269,0.927353,1.046871,10.981307,10.832817,11.427673,1.000000,1.000000,1.000000
dmd,1,1,padded,cpp-approved-execution,6,7.861,85.093,10.752872,10.510135,11.340557,1.000000,1.000000,1.000000,10.981307,10.832817,11.427673
dmd,1,1,repeated-source,original,6,87.793,9.844,1.000000,1.000000,1.000000,10.809972,10.653731,11.226994,1.011474,0.977643,1.051228
dmd,1,1,repeated-source,selected64,6,86.401,7.234,1.004787,0.981188,1.030696,10.839285,10.633721,11.034591,1.020054,0.994585,1.041678
dmd,1,1,repeated-source,vector16store,6,87.622,6.826,0.988656,0.951268,1.022868,10.916200,10.831804,11.346626,1.000000,1.000000,1.000000
dmd,1,1,repeated-source,cpp-approved-execution,6,7.971,10.413,10.809972,10.653731,11.226994,1.000000,1.000000,1.000000,10.916200,10.831804,11.346626
dmd,1,1,universal,original,6,177.832,11.120,1.000000,1.000000,1.000000,32.756829,31.695833,33.834101,0.998374,0.992063,1.015094
dmd,1,1,universal,selected64,6,178.333,11.774,1.000946,0.968852,1.028173,33.225298,31.483333,33.691244,0.999306,0.961163,1.021343
dmd,1,1,universal,vector16store,6,176.990,12.222,1.001642,0.985131,1.008000,32.894282,31.926407,33.654378,1.000000,1.000000,1.000000
dmd,1,1,universal,cpp-approved-execution,6,5.334,16.018,32.756829,31.695833,33.834101,1.000000,1.000000,1.000000,32.894282,31.926407,33.654378
dmd,1,17,contiguous,original,6,129.321,10.817,1.000000,1.000000,1.000000,14.335193,14.220000,14.709239,1.355240,1.345245,1.396984
dmd,1,17,contiguous,selected64,6,138.086,12.341,0.933388,0.920856,0.970768,15.348651,15.152174,15.493573,1.266581,1.248548,1.307209
dmd,1,17,contiguous,vector16store,6,176.221,10.502,0.737877,0.715828,0.743359,19.356518,19.334239,20.138587,1.000000,1.000000,1.000000
dmd,1,17,contiguous,cpp-approved-execution,6,8.984,10.598,14.335193,14.220000,14.709239,1.000000,1.000000,1.000000,19.356518,19.334239,20.138587
dmd,1,17,negative-both,original,6,239.209,9.155,1.000000,1.000000,1.000000,5.159117,4.868408,5.339623,1.222745,1.193337,1.313645
dmd,1,17,negative-both,selected64,6,255.420,11.814,0.933046,0.889113,0.965491,5.418760,5.228191,5.848047,1.172415,1.109547,1.177979
dmd,1,17,negative-both,vector16store,6,292.590,15.695,0.817837,0.761241,0.837986,6.320701,6.098039,6.830391,1.000000,1.000000,1.000000
dmd,1,17,negative-both,cpp-approved-execution,6,45.459,13.104,5.159117,4.868408,5.339623,1.000000,1.000000,1.000000,6.320701,6.098039,6.830391
dmd,1,17,negative-source,original,6,229.077,8.963,1.000000,1.000000,1.000000,5.071193,5.021563,5.236785,1.229494,1.198579,1.281452
dmd,1,17,negative-source,selected64,6,241.248,9.422,0.950074,0.944547,0.953324,5.322554,5.303591,5.544229,1.168735,1.132114,1.221606
dmd,1,17,negative-source,vector16store,6,285.596,10.951,0.813429,0.780365,0.834322,6.289834,6.152339,6.497318,1.000000,1.000000,1.000000
dmd,1,17,negative-source,cpp-approved-execution,6,45.276,8.897,5.071193,5.021563,5.236785,1.000000,1.000000,1.000000,6.289834,6.152339,6.497318
dmd,1,17,padded,original,6,231.665,11.034,1.000000,1.000000,1.000000,4.990814,4.885777,5.128501,1.245653,1.197842,1.258739
dmd,1,17,padded,selected64,6,246.021,10.301,0.935232,0.909181,0.978678,5.326235,5.153579,5.504668,1.167439,1.129812,1.181703
dmd,1,17,padded,vector16store,6,283.289,8.179,0.802796,0.794446,0.834835,6.161528,6.037773,6.403624,1.000000,1.000000,1.000000
dmd,1,17,padded,cpp-approved-execution,6,45.850,10.170,4.990814,4.885777,5.128501,1.000000,1.000000,1.000000,6.161528,6.037773,6.403624
dmd,1,17,repeated-source,original,6,223.645,15.501,1.000000,1.000000,1.000000,4.857798,4.672088,5.173958,1.246155,1.181196,1.265806
dmd,1,17,repeated-source,selected64,6,236.902,11.594,0.950858,0.937961,0.987672,5.137727,4.981112,5.238542,1.178196,1.166634,1.208890
dmd,1,17,repeated-source,vector16store,6,280.957,10.801,0.802543,0.790011,0.846600,6.032744,5.913956,6.306032,1.000000,1.000000,1.000000
dmd,1,17,repeated-source,cpp-approved-execution,6,46.545,10.123,4.857798,4.672088,5.173958,1.000000,1.000000,1.000000,6.032744,5.913956,6.306032
dmd,1,17,universal,original,6,448.230,13.655,1.000000,1.000000,1.000000,19.703048,19.430571,21.168274,0.982044,0.916101,1.049862
dmd,1,17,universal,selected64,6,445.471,9.805,1.003737,0.955596,1.080298,19.596747,19.319756,20.778867,0.982730,0.948362,1.066004
dmd,1,17,universal,vector16store,6,441.687,15.704,1.018299,0.952506,1.091582,19.313759,18.789116,20.941748,1.000000,1.000000,1.000000
dmd,1,17,universal,cpp-approved-execution,6,22.656,10.776,19.703048,19.430571,21.168274,1.000000,1.000000,1.000000,19.313759,18.789116,20.941748
dmd,1,128,contiguous,original,6,286.987,8.354,1.000000,1.000000,1.000000,15.687676,14.524804,15.868493,2.267120,2.263816,2.295321
dmd,1,128,contiguous,selected64,6,356.396,8.782,0.807879,0.799866,0.814915,19.389188,17.882507,19.731507,1.837302,1.812817,1.851259
dmd,1,128,contiguous,vector16store,6,651.880,8.517,0.441088,0.435669,0.441732,35.633290,32.939948,36.018421,1.000000,1.000000,1.000000
dmd,1,128,contiguous,cpp-approved-execution,6,18.604,5.249,15.687676,14.524804,15.868493,1.000000,1.000000,1.000000,35.633290,32.939948,36.018421
dmd,1,128,negative-both,original,6,406.299,16.476,1.000000,1.000000,1.000000,1.212851,1.167955,1.302623,2.022965,1.943414,2.165595
dmd,1,128,negative-both,selected64,6,424.756,28.256,0.960043,0.804352,0.992384,1.259008,1.231401,1.619469,1.902163,1.741901,1.978132
dmd,1,128,negative-both,vector16store,6,812.769,18.029,0.494327,0.461767,0.514559,2.405326,2.379382,2.820954,1.000000,1.000000,1.000000
dmd,1,128,negative-both,cpp-approved-execution,6,326.221,16.075,1.212851,1.167955,1.302623,1.000000,1.000000,1.000000,2.405326,2.379382,2.820954
dmd,1,128,negative-source,original,6,404.590,12.829,1.000000,1.000000,1.000000,1.233922,1.205951,1.294127,1.985720,1.927505,2.186522
dmd,1,128,negative-source,selected64,6,423.560,14.963,0.975276,0.903898,1.008746,1.270773,1.241636,1.349767,1.931437,1.895879,1.990916
dmd,1,128,negative-source,vector16store,6,807.129,18.209,0.503662,0.457347,0.518805,2.428427,2.382091,2.667669,1.000000,1.000000,1.000000
dmd,1,128,negative-source,cpp-approved-execution,6,324.121,10.078,1.233922,1.205951,1.294127,1.000000,1.000000,1.000000,2.428427,2.382091,2.667669
dmd,1,128,padded,original,6,386.719,12.715,1.000000,1.000000,1.000000,1.208266,1.194380,1.243103,2.003074,1.947674,2.090157
dmd,1,128,padded,selected64,6,410.107,10.620,0.942271,0.903527,0.965664,1.293462,1.251589,1.321908,1.870744,1.822238,2.016086
dmd,1,128,padded,vector16store,6,778.076,13.235,0.499256,0.478433,0.513433,2.415678,2.362818,2.523312,1.000000,1.000000,1.000000
dmd,1,128,padded,cpp-approved-execution,6,318.115,12.955,1.208266,1.194380,1.243103,1.000000,1.000000,1.000000,2.415678,2.362818,2.523312
dmd,1,128,repeated-source,original,6,372.729,15.707,1.000000,1.000000,1.000000,1.194155,1.140546,1.222327,2.057189,1.989081,2.125118
dmd,1,128,repeated-source,selected64,6,394.531,21.980,0.952770,0.910308,0.973629,1.247245,1.211605,1.323761,1.938310,1.829250,2.049384
dmd,1,128,repeated-source,vector16store,6,783.643,15.932,0.486362,0.470562,0.502745,2.422641,2.374010,2.573899,1.000000,1.000000,1.000000
dmd,1,128,repeated-source,cpp-approved-execution,6,313.696,15.161,1.194155,1.140546,1.222327,1.000000,1.000000,1.000000,2.422641,2.374010,2.573899
dmd,1,128,universal,original,6,2095.410,11.658,1.000000,1.000000,1.000000,13.733258,13.466320,14.489311,0.977634,0.951229,1.007953
dmd,1,128,universal,selected64,6,2037.891,12.831,1.022280,0.999403,1.048548,13.460822,13.161972,14.309438,1.007333,0.950661,1.022862
dmd,1,128,universal,vector16store,6,2026.904,11.869,1.022883,0.992110,1.051272,13.500354,13.193815,14.134374,1.000000,1.000000,1.000000
dmd,1,128,universal,cpp-approved-execution,6,148.486,12.792,13.733258,13.466320,14.489311,1.000000,1.000000,1.000000,13.500354,13.193815,14.134374
dmd,7,1,contiguous,original,6,113.220,16.173,1.000000,1.000000,1.000000,11.536151,11.346154,11.977556,1.010146,0.999134,1.112077
dmd,7,1,contiguous,selected64,6,111.938,18.713,1.009399,0.986278,1.035576,11.405124,11.253846,11.817568,1.021736,1.006040,1.096817
dmd,7,1,contiguous,vector16store,6,113.623,28.019,0.989973,0.899218,1.000866,11.577277,11.412821,12.961712,1.000000,1.000000,1.000000
dmd,7,1,contiguous,cpp-approved-execution,6,9.778,13.483,11.536151,11.346154,11.977556,1.000000,1.000000,1.000000,11.577277,11.412821,12.961712
dmd,7,1,negative-both,original,6,115.784,12.504,1.000000,1.000000,1.000000,10.904930,8.773655,10.958525,0.989857,0.977234,1.038486
dmd,7,1,negative-both,selected64,6,114.746,19.660,1.008415,0.950321,1.031154,10.668938,9.107607,11.484211,0.999360,0.959670,1.007679
dmd,7,1,negative-both,vector16store,6,114.868,15.154,1.010272,0.962940,1.023296,10.698853,9.111317,11.021053,1.000000,1.000000,1.000000
dmd,7,1,negative-both,cpp-approved-execution,6,10.693,26.941,10.904930,8.773655,10.958525,1.000000,1.000000,1.000000,10.698853,9.111317,11.021053
dmd,7,1,negative-source,original,6,114.355,15.115,1.000000,1.000000,1.000000,10.996991,10.603248,11.252174,0.991310,0.973725,1.011780
dmd,7,1,negative-source,selected64,6,114.343,10.889,1.012912,0.989471,1.058054,10.813919,10.433333,11.002299,1.009171,0.968836,1.030253
dmd,7,1,negative-source,vector16store,6,113.831,12.847,1.008767,0.988357,1.026984,10.803492,10.517401,11.247619,1.000000,1.000000,1.000000
dmd,7,1,negative-source,cpp-approved-execution,6,10.535,9.270,10.996991,10.603248,11.252174,1.000000,1.000000,1.000000,10.803492,10.517401,11.247619
dmd,7,1,padded,original,6,115.942,15.751,1.000000,1.000000,1.000000,10.802874,10.535963,11.521739,0.996749,0.952052,1.036776
dmd,7,1,padded,selected64,6,113.245,20.912,1.002835,0.967652,1.074248,10.749117,10.497619,11.253138,1.005158,0.963748,1.031150
dmd,7,1,padded,vector16store,6,114.673,15.712,1.003263,0.964528,1.050363,10.846205,10.585714,11.059497,1.000000,1.000000,1.000000
dmd,7,1,padded,cpp-approved-execution,6,10.535,13.441,10.802874,10.535963,11.521739,1.000000,1.000000,1.000000,10.846205,10.585714,11.059497
dmd,7,1,repeated-source,original,6,114.331,9.652,1.000000,1.000000,1.000000,10.815258,10.530233,11.073733,0.999792,0.981726,1.033797
dmd,7,1,repeated-source,selected64,6,113.306,11.183,0.997302,0.983279,1.037602,10.767846,10.417051,11.129032,0.999554,0.972446,1.034284
dmd,7,1,repeated-source,vector16store,6,115.723,7.637,1.000208,0.967308,1.018614,10.759319,10.530233,11.187500,1.000000,1.000000,1.000000
dmd,7,1,repeated-source,cpp-approved-execution,6,10.571,7.159,10.815258,10.530233,11.073733,1.000000,1.000000,1.000000,10.759319,10.530233,11.187500
dmd,7,1,universal,original,6,291.919,20.130,1.000000,1.000000,1.000000,34.171226,33.701149,35.529101,0.996479,0.972321,1.201049
dmd,7,1,universal,selected64,6,288.989,13.686,1.008892,0.992259,1.055071,33.672976,32.807799,34.393189,1.017179,0.995769,1.203053
dmd,7,1,universal,vector16store,6,292.090,28.076,1.003534,0.832605,1.028467,34.191368,33.543103,40.508427,1.000000,1.000000,1.000000
dmd,7,1,universal,cpp-approved-execution,6,8.594,15.625,34.171226,33.701149,35.529101,1.000000,1.000000,1.000000,34.191368,33.543103,40.508427
dmd,7,17,contiguous,original,6,218.483,6.963,1.000000,1.000000,1.000000,10.343661,9.971800,10.666667,1.180631,1.122971,1.226828
dmd,7,17,contiguous,selected64,6,216.803,10.494,1.004943,0.954087,1.024086,10.250390,9.874187,10.937229,1.176052,1.122971,1.245506
dmd,7,17,contiguous,vector16store,6,256.608,9.734,0.847028,0.815110,0.890495,12.122708,11.583514,12.721382,1.000000,1.000000,1.000000
dmd,7,17,contiguous,cpp-approved-execution,6,20.981,3.896,10.343661,9.971800,10.666667,1.000000,1.000000,1.000000,12.122708,11.583514,12.721382
dmd,7,17,negative-both,original,6,326.680,12.289,1.000000,1.000000,1.000000,3.446294,3.319418,3.664643,1.166350,1.113943,1.218901
dmd,7,17,negative-both,selected64,6,349.432,10.189,0.930019,0.914729,1.008743,3.647784,3.563790,3.795564,1.107808,1.075151,1.127744
dmd,7,17,negative-both,vector16store,6,384.741,12.382,0.857467,0.820411,0.897712,4.058153,3.831614,4.215043,1.000000,1.000000,1.000000
dmd,7,17,negative-both,cpp-approved-execution,6,95.504,10.366,3.446294,3.319418,3.664643,1.000000,1.000000,1.000000,4.058153,3.831614,4.215043
dmd,7,17,negative-source,original,6,331.312,13.090,1.000000,1.000000,1.000000,3.463538,3.390093,3.655259,1.177927,1.130802,1.240810
dmd,7,17,negative-source,selected64,6,346.571,13.588,0.942314,0.911407,0.968750,3.653952,3.573987,4.010569,1.109995,1.067388,1.149001
dmd,7,17,negative-source,vector16store,6,389.555,15.143,0.848959,0.805925,0.884328,4.055423,3.915174,4.535481,1.000000,1.000000,1.000000
dmd,7,17,negative-source,cpp-approved-execution,6,94.755,11.503,3.463538,3.390093,3.655259,1.000000,1.000000,1.000000,4.055423,3.915174,4.535481
dmd,7,17,padded,original,6,320.890,7.416,1.000000,1.000000,1.000000,3.387255,3.304096,3.439759,1.154649,1.133429,1.189262
dmd,7,17,padded,selected64,6,339.010,6.443,0.939498,0.926111,0.970035,3.609306,3.495538,3.657920,1.087700,1.050481,1.129976
dmd,7,17,padded,vector16store,6,369.301,11.141,0.866064,0.840857,0.882278,3.914318,3.835202,4.012809,1.000000,1.000000,1.000000
dmd,7,17,padded,cpp-approved-execution,6,94.709,9.302,3.387255,3.304096,3.439759,1.000000,1.000000,1.000000,3.914318,3.835202,4.012809
dmd,7,17,repeated-source,original,6,317.938,14.227,1.000000,1.000000,1.000000,3.290430,3.037113,3.368832,1.156598,1.134281,1.171264
dmd,7,17,repeated-source,selected64,6,341.939,13.467,0.940854,0.922048,0.948731,3.488005,3.201237,3.653639,1.092577,1.045862,1.102155
dmd,7,17,repeated-source,vector16store,6,366.599,13.639,0.864606,0.853779,0.881616,3.813852,3.496082,3.865769,1.000000,1.000000,1.000000
dmd,7,17,repeated-source,cpp-approved-execution,6,95.368,23.190,3.290430,3.037113,3.368832,1.000000,1.000000,1.000000,3.813852,3.496082,3.865769
dmd,7,17,universal,original,6,1913.056,17.773,1.000000,1.000000,1.000000,20.661198,19.741538,21.295524,1.007149,0.983345,1.061007
dmd,7,17,universal,selected64,6,1925.023,17.377,1.015767,0.973651,1.019355,20.329814,19.410989,21.871821,1.009609,0.997326,1.081543
dmd,7,17,universal,vector16store,6,1938.283,14.728,0.992926,0.942501,1.016937,21.022875,19.412747,21.813327,1.000000,1.000000,1.000000
dmd,7,17,universal,cpp-approved-execution,6,90.872,22.439,20.661198,19.741538,21.295524,1.000000,1.000000,1.000000,21.022875,19.412747,21.813327
dmd,7,128,contiguous,original,6,912.329,15.090,1.000000,1.000000,1.000000,9.018968,8.755853,9.465116,1.277916,1.213408,1.378533
dmd,7,128,contiguous,selected64,6,890.240,9.156,1.041024,1.004219,1.087405,8.702658,8.568345,8.727273,1.337741,1.319466,1.384350
dmd,7,128,contiguous,vector16store,6,1180.479,12.475,0.782569,0.725409,0.824125,11.530800,11.476534,12.070234,1.000000,1.000000,1.000000
dmd,7,128,contiguous,cpp-approved-execution,6,102.055,8.054,9.018968,8.755853,9.465116,1.000000,1.000000,1.000000,11.530800,11.476534,12.070234
dmd,7,128,negative-both,original,6,953.082,13.726,1.000000,1.000000,1.000000,1.360181,1.310636,1.410748,1.388910,1.339848,1.476862
dmd,7,128,negative-both,selected64,6,1036.815,12.849,0.941135,0.918334,0.969036,1.442318,1.384195,1.476513,1.314589,1.291920,1.358949
dmd,7,128,negative-both,vector16store,6,1381.849,13.160,0.720031,0.677111,0.746354,1.899827,1.801193,1.949153,1.000000,1.000000,1.000000
dmd,7,128,negative-both,cpp-approved-execution,6,714.555,7.860,1.360181,1.310636,1.410748,1.000000,1.000000,1.000000,1.899827,1.801193,1.949153
dmd,7,128,negative-source,original,6,927.740,12.292,1.000000,1.000000,1.000000,1.309546,1.276178,1.334235,1.411840,1.390769,1.442529
dmd,7,128,negative-source,selected64,6,980.308,19.179,0.951133,0.898618,0.970067,1.384702,1.354076,1.420157,1.350628,1.249770,1.372026
dmd,7,128,negative-source,vector16store,6,1323.973,15.210,0.708334,0.693227,0.719027,1.851623,1.774869,1.924673,1.000000,1.000000,1.000000
dmd,7,128,negative-source,cpp-approved-execution,6,718.151,14.783,1.309546,1.276178,1.334235,1.000000,1.000000,1.000000,1.851623,1.774869,1.924673
dmd,7,128,padded,original,6,936.301,10.095,1.000000,1.000000,1.000000,1.320022,1.281928,1.360465,1.415503,1.377137,1.451504
dmd,7,128,padded,selected64,6,992.123,8.906,0.955007,0.923611,0.972203,1.388562,1.336047,1.442829,1.349656,1.298522,1.406906
dmd,7,128,padded,vector16store,6,1323.288,11.672,0.706554,0.688941,0.726144,1.872168,1.841322,1.892237,1.000000,1.000000,1.000000
dmd,7,128,padded,cpp-approved-execution,6,708.733,12.225,1.320022,1.281928,1.360465,1.000000,1.000000,1.000000,1.872168,1.841322,1.892237
dmd,7,128,repeated-source,original,6,916.781,8.480,1.000000,1.000000,1.000000,1.312067,1.294574,1.344588,1.394151,1.351603,1.437548
dmd,7,128,repeated-source,selected64,6,964.897,10.932,0.956099,0.909153,0.978268,1.373202,1.355090,1.472691,1.323820,1.242940,1.393621
dmd,7,128,repeated-source,vector16store,6,1260.103,10.925,0.717282,0.695629,0.739862,1.850104,1.765709,1.895138,1.000000,1.000000,1.000000
dmd,7,128,repeated-source,cpp-approved-execution,6,696.404,6.885,1.312067,1.294574,1.344588,1.000000,1.000000,1.000000,1.850104,1.765709,1.895138
dmd,7,128,universal,original,6,12872.260,11.871,1.000000,1.000000,1.000000,21.657750,19.342933,22.941040,1.006638,0.980601,1.044612
dmd,7,128,universal,selected64,6,12671.747,12.962,1.016654,1.014169,1.029007,21.188830,19.030400,22.560116,1.029688,1.006359,1.061768
dmd,7,128,universal,vector16store,6,13126.199,13.283,0.993468,0.957293,1.019783,21.689319,20.205867,23.276879,1.000000,1.000000,1.000000
dmd,7,128,universal,cpp-approved-execution,6,603.253,14.647,21.657750,19.342933,22.941040,1.000000,1.000000,1.000000,21.689319,20.205867,23.276879
dmd,15,1,contiguous,original,6,122.827,8.229,1.000000,1.000000,1.000000,10.383921,10.016393,10.575453,1.010379,0.957377,1.042349
dmd,15,1,contiguous,selected64,6,120.471,8.147,1.026213,0.994102,1.038662,10.117430,9.964072,10.303823,1.031731,0.994391,1.056825
dmd,15,1,contiguous,vector16store,6,124.097,11.824,0.989765,0.959372,1.044521,10.432377,9.908184,10.889336,1.000000,1.000000,1.000000
dmd,15,1,contiguous,cpp-approved-execution,6,11.914,7.582,10.383921,10.016393,10.575453,1.000000,1.000000,1.000000,10.432377,9.908184,10.889336
dmd,15,1,negative-both,original,6,121.936,10.752,1.000000,1.000000,1.000000,9.807459,9.357651,10.305835,1.017288,0.985807,1.059628
dmd,15,1,negative-both,selected64,6,117.737,9.933,1.019579,0.978522,1.066417,9.686029,9.169039,10.054475,1.020481,0.997098,1.090126
dmd,15,1,negative-both,vector16store,6,126.245,12.203,0.983009,0.943727,1.014397,9.894172,9.503559,10.503018,1.000000,1.000000,1.000000
dmd,15,1,negative-both,cpp-approved-execution,6,12.292,15.690,9.807459,9.357651,10.305835,1.000000,1.000000,1.000000,9.894172,9.503559,10.503018
dmd,15,1,negative-source,original,6,121.094,12.540,1.000000,1.000000,1.000000,9.828308,9.690021,9.947475,1.009939,0.997744,1.031625
dmd,15,1,negative-source,selected64,6,119.019,10.256,1.017717,0.988524,1.033151,9.643887,9.562500,9.948819,1.024561,1.007027,1.057635
dmd,15,1,negative-source,vector16store,6,122.888,14.980,0.990184,0.969344,1.002262,9.958087,9.736730,10.145669,1.000000,1.000000,1.000000
dmd,15,1,negative-source,cpp-approved-execution,6,12.244,11.366,9.828308,9.690021,9.947475,1.000000,1.000000,1.000000,9.958087,9.736730,10.145669
dmd,15,1,padded,original,6,121.826,9.760,1.000000,1.000000,1.000000,10.054545,9.935922,10.427617,1.003656,0.981098,1.028206
dmd,15,1,padded,selected64,6,121.533,111.651,1.007881,0.450496,1.037119,10.046416,9.708835,23.146993,1.013540,0.452516,1.028291
dmd,15,1,padded,vector16store,6,122.498,9.586,0.996358,0.972568,1.019266,10.151192,9.961616,10.474388,1.000000,1.000000,1.000000
dmd,15,1,padded,cpp-approved-execution,6,12.097,13.320,10.054545,9.935922,10.427617,1.000000,1.000000,1.000000,10.151192,9.961616,10.474388
dmd,15,1,repeated-source,original,6,120.654,11.230,1.000000,1.000000,1.000000,9.856315,9.737154,10.032990,1.011467,0.971640,1.033637
dmd,15,1,repeated-source,selected64,6,119.556,16.377,1.018773,0.969775,1.031634,9.726788,9.556180,10.257089,1.008680,0.996207,1.050558
dmd,15,1,repeated-source,vector16store,6,122.034,15.645,0.988790,0.967457,1.029188,9.967159,9.661826,10.281664,1.000000,1.000000,1.000000
dmd,15,1,repeated-source,cpp-approved-execution,6,12.244,10.369,9.856315,9.737154,10.032990,1.000000,1.000000,1.000000,9.967159,9.661826,10.281664
dmd,15,1,universal,original,6,406.323,19.810,1.000000,1.000000,1.000000,31.176335,26.498428,32.915789,1.015034,0.990081,1.138152
dmd,15,1,universal,selected64,6,408.374,17.451,1.012003,0.974162,1.037633,30.702127,27.201258,32.042105,1.030992,0.970462,1.169185
dmd,15,1,universal,vector16store,6,403.552,31.834,0.985198,0.878618,1.010018,31.561781,26.397799,37.463158,1.000000,1.000000,1.000000
dmd,15,1,universal,cpp-approved-execution,6,13.367,25.023,31.176335,26.498428,32.915789,1.000000,1.000000,1.000000,31.561781,26.397799,37.463158
dmd,15,17,contiguous,original,6,329.475,9.330,1.000000,1.000000,1.000000,8.933858,8.897790,9.072193,1.157552,1.130619,1.205526
dmd,15,17,contiguous,selected64,6,317.656,10.596,1.037448,1.027600,1.043679,8.653652,8.552486,8.723404,1.203735,1.161825,1.250966
dmd,15,17,contiguous,vector16store,6,383.366,9.109,0.863946,0.829513,0.884471,10.377259,10.098485,10.726519,1.000000,1.000000,1.000000
dmd,15,17,contiguous,cpp-approved-execution,6,36.479,9.067,8.933858,8.897790,9.072193,1.000000,1.000000,1.000000,10.377259,10.098485,10.726519
dmd,15,17,negative-both,original,6,429.232,8.703,1.000000,1.000000,1.000000,3.442021,3.385749,3.532858,1.176352,1.132314,1.236889
dmd,15,17,negative-both,selected64,6,459.971,7.825,0.938931,0.918526,0.955730,3.693283,3.618346,3.749802,1.091603,1.071460,1.165329
dmd,15,17,negative-both,vector16store,6,501.508,13.810,0.850199,0.808480,0.883147,4.031461,3.936937,4.369755,1.000000,1.000000,1.000000
dmd,15,17,negative-both,cpp-approved-execution,6,123.103,7.744,3.442021,3.385749,3.532858,1.000000,1.000000,1.000000,4.031461,3.936937,4.369755
dmd,15,17,negative-source,original,6,421.206,13.903,1.000000,1.000000,1.000000,3.391900,3.124341,3.605806,1.175137,1.125212,1.212461
dmd,15,17,negative-source,selected64,6,443.823,9.622,0.940367,0.920732,0.975408,3.606981,3.379050,3.696715,1.099060,1.066232,1.177623
dmd,15,17,negative-source,vector16store,6,493.920,12.250,0.851060,0.824769,0.888722,3.986186,3.718915,4.253145,1.000000,1.000000,1.000000
dmd,15,17,negative-source,cpp-approved-execution,6,125.535,8.214,3.391900,3.124341,3.605806,1.000000,1.000000,1.000000,3.986186,3.718915,4.253145
dmd,15,17,padded,original,6,428.161,9.860,1.000000,1.000000,1.000000,3.385332,3.148465,3.560594,1.151422,1.111770,1.166264
dmd,15,17,padded,selected64,6,440.126,9.592,0.964527,0.939510,1.004633,3.519734,3.351178,3.548203,1.112327,1.083280,1.118246
dmd,15,17,padded,vector16store,6,491.877,10.580,0.868493,0.857439,0.899467,3.912445,3.630264,3.958561,1.000000,1.000000,1.000000
dmd,15,17,padded,cpp-approved-execution,6,124.951,13.780,3.385332,3.148465,3.560594,1.000000,1.000000,1.000000,3.912445,3.630264,3.958561
dmd,15,17,repeated-source,original,6,408.414,13.934,1.000000,1.000000,1.000000,3.361112,3.282522,3.735941,1.164601,1.059991,1.197180
dmd,15,17,repeated-source,selected64,6,425.632,6.925,0.951367,0.938613,1.055006,3.519182,3.464477,3.556303,1.115128,1.083648,1.140463
dmd,15,17,repeated-source,vector16store,6,475.827,11.980,0.858664,0.835297,0.943404,3.921089,3.853782,3.960065,1.000000,1.000000,1.000000
dmd,15,17,repeated-source,cpp-approved-execution,6,120.914,9.574,3.361112,3.282522,3.735941,1.000000,1.000000,1.000000,3.921089,3.853782,3.960065
dmd,15,17,universal,original,6,4006.226,14.406,1.000000,1.000000,1.000000,23.353121,22.443584,25.729810,1.007782,0.913407,1.017567
dmd,15,17,universal,selected64,6,3825.875,15.253,1.027687,0.993123,1.088887,22.526539,22.200238,23.629454,1.030564,0.994597,1.043856
dmd,15,17,universal,vector16store,6,3894.601,15.433,0.992295,0.982737,1.094803,23.341900,22.627451,24.109529,1.000000,1.000000,1.000000
dmd,15,17,universal,cpp-approved-execution,6,166.099,11.772,23.353121,22.443584,25.729810,1.000000,1.000000,1.000000,23.341900,22.627451,24.109529
dmd,15,128,contiguous,original,6,1712.500,5.281,1.000000,1.000000,1.000000,7.794287,7.731788,7.970199,1.177099,1.173222,1.186955
dmd,15,128,contiguous,selected64,6,1611.397,4.381,1.065456,1.060881,1.084884,7.292869,7.222951,7.421769,1.256924,1.246706,1.276586
dmd,15,128,contiguous,vector16store,6,2018.382,6.120,0.849547,0.842492,0.852354,9.158594,9.086093,9.460265,1.000000,1.000000,1.000000
dmd,15,128,contiguous,cpp-approved-execution,6,220.956,3.661,7.794287,7.731788,7.970199,1.000000,1.000000,1.000000,9.158594,9.086093,9.460265
dmd,15,128,negative-both,original,6,1691.912,8.214,1.000000,1.000000,1.000000,1.802178,1.660364,1.886762,1.294366,1.263476,1.303466
dmd,15,128,negative-both,selected64,6,1702.574,6.392,0.987993,0.985081,1.017634,1.824306,1.677091,1.874900,1.278696,1.245219,1.326452
dmd,15,128,negative-both,vector16store,6,2168.015,9.361,0.772585,0.767185,0.791468,2.327809,2.157818,2.459330,1.000000,1.000000,1.000000
dmd,15,128,negative-both,cpp-approved-execution,6,922.426,13.073,1.802178,1.660364,1.886762,1.000000,1.000000,1.000000,2.327809,2.157818,2.459330
dmd,15,128,negative-source,original,6,1626.838,9.492,1.000000,1.000000,1.000000,1.801458,1.757235,1.828881,1.291203,1.243108,1.323187
dmd,15,128,negative-source,selected64,6,1676.103,6.186,0.980732,0.941960,1.012690,1.828722,1.786977,1.941569,1.264826,1.205073,1.294221
dmd,15,128,negative-source,vector16store,6,2118.750,6.004,0.774511,0.755751,0.804435,2.325986,2.252839,2.372392,1.000000,1.000000,1.000000
dmd,15,128,negative-source,cpp-approved-execution,6,915.441,9.880,1.801458,1.757235,1.828881,1.000000,1.000000,1.000000,2.325986,2.252839,2.372392
dmd,15,128,padded,original,6,1644.485,8.182,1.000000,1.000000,1.000000,1.785714,1.758842,1.843450,1.300887,1.270562,1.337088
dmd,15,128,padded,selected64,6,1656.985,8.032,1.001747,0.962787,1.018116,1.781652,1.758427,1.854735,1.292062,1.282994,1.342323
dmd,15,128,padded,vector16store,6,2170.588,8.875,0.768725,0.747894,0.787053,2.338385,2.268860,2.464856,1.000000,1.000000,1.000000
dmd,15,128,padded,cpp-approved-execution,6,916.176,8.106,1.785714,1.758842,1.843450,1.000000,1.000000,1.000000,2.338385,2.268860,2.464856
dmd,15,128,repeated-source,original,6,1611.765,7.938,1.000000,1.000000,1.000000,1.777371,1.725155,1.811200,1.300396,1.261926,1.357336
dmd,15,128,repeated-source,selected64,6,1630.515,6.584,0.982994,0.961538,1.007566,1.799460,1.760870,1.849280,1.272620,1.250000,1.329806
dmd,15,128,repeated-source,vector16store,6,2086.397,10.079,0.768997,0.736737,0.792440,2.317383,2.284426,2.341615,1.000000,1.000000,1.000000
dmd,15,128,repeated-source,cpp-approved-execution,6,908.088,8.664,1.777371,1.725155,1.811200,1.000000,1.000000,1.000000,2.317383,2.284426,2.341615
dmd,15,128,universal,original,6,28031.250,8.475,1.000000,1.000000,1.000000,23.537488,22.898335,24.010360,1.005224,0.980148,1.021368
dmd,15,128,universal,selected64,6,27705.882,8.636,1.015343,0.997065,1.036339,23.050268,22.540428,24.081048,1.015604,1.006858,1.037586
dmd,15,128,universal,vector16store,6,28389.338,8.324,0.994824,0.979079,1.020254,23.389263,23.261529,24.246191,1.000000,1.000000,1.000000
dmd,15,128,universal,cpp-approved-execution,6,1200.000,6.189,23.537488,22.898335,24.010360,1.000000,1.000000,1.000000,23.389263,23.261529,24.246191
dmd,16,1,contiguous,original,6,123.596,5.393,1.000000,1.000000,1.000000,15.042417,14.944954,15.235821,0.934929,0.910271,0.961761
dmd,16,1,contiguous,selected64,6,119.946,7.531,1.018974,0.996516,1.045687,14.712745,14.570149,15.149560,0.952669,0.934185,0.976542
dmd,16,1,contiguous,vector16store,6,114.551,5.691,1.069602,1.039760,1.098574,13.992464,13.814706,14.414925,1.000000,1.000000,1.000000
dmd,16,1,contiguous,cpp-approved-execution,6,8.179,4.179,15.042417,14.944954,15.235821,1.000000,1.000000,1.000000,13.992464,13.814706,14.414925
dmd,16,1,negative-both,original,6,123.389,6.292,1.000000,1.000000,1.000000,13.720808,13.531507,14.402740,0.936833,0.886818,1.030126
dmd,16,1,negative-both,selected64,6,123.059,6.468,1.014917,0.995716,1.018771,13.662873,13.282192,14.175342,0.943556,0.901044,1.044335
dmd,16,1,negative-both,vector16store,6,114.380,14.941,1.067462,0.970755,1.127628,12.776222,12.602740,14.171123,1.000000,1.000000,1.000000
dmd,16,1,negative-both,cpp-approved-execution,6,8.911,5.753,13.720808,13.531507,14.402740,1.000000,1.000000,1.000000,12.776222,12.602740,14.171123
dmd,16,1,negative-source,original,6,123.108,5.692,1.000000,1.000000,1.000000,13.304758,13.152062,13.882514,0.939773,0.925605,0.944399
dmd,16,1,negative-source,selected64,6,119.812,7.356,1.020140,0.995033,1.054587,13.151450,12.868557,13.324538,0.960789,0.935625,0.976131
dmd,16,1,negative-source,vector16store,6,114.893,5.567,1.064087,1.058874,1.080374,12.496988,12.353093,12.849727,1.000000,1.000000,1.000000
dmd,16,1,negative-source,cpp-approved-execution,6,9.106,6.434,13.304758,13.152062,13.882514,1.000000,1.000000,1.000000,12.496988,12.353093,12.849727
dmd,16,1,padded,original,6,121.619,6.343,1.000000,1.000000,1.000000,13.595086,13.393048,13.661290,0.928162,0.922471,0.945299
dmd,16,1,padded,selected64,6,119.836,7.538,1.021212,0.977296,1.029597,13.352254,13.052055,13.895775,0.945983,0.910602,0.962940
dmd,16,1,padded,vector16store,6,113.098,7.858,1.077414,1.057867,1.084044,12.588508,12.424658,12.880637,1.000000,1.000000,1.000000
dmd,16,1,padded,cpp-approved-execution,6,8.997,5.970,13.595086,13.393048,13.661290,1.000000,1.000000,1.000000,12.588508,12.424658,12.880637
dmd,16,1,repeated-source,original,6,119.568,14.967,1.000000,1.000000,1.000000,13.501800,13.321429,14.805405,0.944380,0.905257,0.967651
dmd,16,1,repeated-source,selected64,6,118.872,11.748,1.011270,0.974304,1.040653,13.490248,12.969780,14.227027,0.948545,0.933733,0.978532
dmd,16,1,repeated-source,vector16store,6,114.233,10.216,1.058895,1.033431,1.104658,12.907760,12.560440,13.402703,1.000000,1.000000,1.000000
dmd,16,1,repeated-source,cpp-approved-execution,6,8.911,4.110,13.501800,13.321429,14.805405,1.000000,1.000000,1.000000,12.907760,12.560440,13.402703
dmd,16,1,universal,original,6,422.034,12.848,1.000000,1.000000,1.000000,30.778325,30.361775,31.759704,0.998639,0.965313,1.028578
dmd,16,1,universal,selected64,6,426.660,17.041,0.983123,0.954605,1.015305,31.458999,30.491468,32.590219,0.980986,0.941271,1.004832
dmd,16,1,universal,vector16store,6,421.326,10.222,1.001371,0.972216,1.035934,30.667132,30.406143,31.660177,1.000000,1.000000,1.000000
dmd,16,1,universal,cpp-approved-execution,6,13.501,10.307,30.778325,30.361775,31.759704,1.000000,1.000000,1.000000,30.667132,30.406143,31.660177
dmd,16,17,contiguous,original,6,336.293,9.881,1.000000,1.000000,1.000000,10.118509,8.488064,10.322884,0.736487,0.727611,0.760221
dmd,16,17,contiguous,selected64,6,318.899,12.081,1.061027,1.041627,1.074547,9.584548,7.899204,9.678261,0.785506,0.761605,0.792453
dmd,16,17,contiguous,vector16store,6,249.013,8.340,1.357843,1.315406,1.374361,7.517241,6.214854,7.585890,1.000000,1.000000,1.000000
dmd,16,17,contiguous,cpp-approved-execution,6,33.489,20.465,10.118509,8.488064,10.322884,1.000000,1.000000,1.000000,7.517241,6.214854,7.585890
dmd,16,17,negative-both,original,6,436.085,6.977,1.000000,1.000000,1.000000,6.764986,6.575194,6.802488,0.867848,0.840205,0.903325
dmd,16,17,negative-both,selected64,6,456.282,8.239,0.955732,0.906083,0.973600,7.081371,6.753488,7.264516,0.823539,0.782194,0.879477
dmd,16,17,negative-both,vector16store,6,379.595,10.587,1.152307,1.107022,1.190186,5.870722,5.682258,5.975806,1.000000,1.000000,1.000000
dmd,16,17,negative-both,cpp-approved-execution,6,64.434,6.608,6.764986,6.575194,6.802488,1.000000,1.000000,1.000000,5.870722,5.682258,5.975806
dmd,16,17,negative-source,original,6,437.591,9.326,1.000000,1.000000,1.000000,6.769710,6.571192,6.888710,0.858230,0.847390,0.906465
dmd,16,17,negative-source,selected64,6,462.928,8.681,0.941250,0.926458,0.964676,7.186911,6.988411,7.311290,0.809808,0.791961,0.858073
dmd,16,17,negative-source,vector16store,6,372.430,14.973,1.165201,1.103187,1.180095,5.815777,5.657285,6.139752,1.000000,1.000000,1.000000
dmd,16,17,negative-source,cpp-approved-execution,6,64.382,6.452,6.769710,6.571192,6.888710,1.000000,1.000000,1.000000,5.815777,5.657285,6.139752
dmd,16,17,padded,original,6,432.139,8.122,1.000000,1.000000,1.000000,6.602943,6.508278,6.712903,0.861973,0.852010,0.913329
dmd,16,17,padded,selected64,6,443.562,8.170,0.957952,0.946112,0.983692,6.844371,6.824194,7.012520,0.831985,0.811050,0.870118
dmd,16,17,padded,vector16store,6,369.782,14.266,1.160164,1.094896,1.173695,5.687300,5.582160,6.101721,1.000000,1.000000,1.000000
dmd,16,17,padded,cpp-approved-execution,6,64.953,5.596,6.602943,6.508278,6.712903,1.000000,1.000000,1.000000,5.687300,5.582160,6.101721
dmd,16,17,repeated-source,original,6,421.132,9.567,1.000000,1.000000,1.000000,6.550949,6.431405,7.081174,0.872018,0.822917,1.000000
dmd,16,17,repeated-source,selected64,6,436.968,9.363,0.945242,0.905877,0.977006,6.863365,6.733871,7.816926,0.824272,0.803001,0.905877
dmd,16,17,repeated-source,vector16store,6,360.800,22.507,1.146771,1.000000,1.215190,5.657061,5.493377,7.081174,1.000000,1.000000,1.000000
dmd,16,17,repeated-source,cpp-approved-execution,6,63.603,12.571,6.550949,6.431405,7.081174,1.000000,1.000000,1.000000,5.657061,5.493377,7.081174
dmd,16,17,universal,original,6,4253.011,17.384,1.000000,1.000000,1.000000,23.810459,22.649047,26.975460,0.980853,0.950148,1.023022
dmd,16,17,universal,selected64,6,4064.278,13.033,1.034012,0.999132,1.118431,23.084573,22.666667,24.139688,1.021721,0.978095,1.062675
dmd,16,17,universal,vector16store,6,4136.241,13.748,1.019545,0.977496,1.052468,23.516889,22.950830,25.630675,1.000000,1.000000,1.000000
dmd,16,17,universal,cpp-approved-execution,6,173.261,12.047,23.810459,22.649047,26.975460,1.000000,1.000000,1.000000,23.516889,22.950830,25.630675
dmd,16,128,contiguous,original,6,1833.594,16.148,1.000000,1.000000,1.000000,7.907371,7.793220,8.529801,0.658696,0.609472,0.711184
dmd,16,128,contiguous,selected64,6,1666.016,12.192,1.113259,1.059935,1.170377,7.141353,7.100719,7.352542,0.727446,0.713312,0.777081
dmd,16,128,contiguous,vector16store,6,1206.250,18.135,1.518208,1.406106,1.640764,5.218043,5.170068,5.564103,1.000000,1.000000,1.000000
dmd,16,128,contiguous,cpp-approved-execution,6,230.469,11.525,7.907371,7.793220,8.529801,1.000000,1.000000,1.000000,5.218043,5.170068,5.564103
dmd,16,128,negative-both,original,6,1745.703,9.040,1.000000,1.000000,1.000000,3.824651,3.723183,3.934596,0.751343,0.741441,0.787596
dmd,16,128,negative-both,selected64,6,1753.516,11.896,0.989125,0.950388,1.026493,3.846557,3.783737,4.010381,0.750860,0.712252,0.763359
dmd,16,128,negative-both,vector16store,6,1307.422,13.923,1.330959,1.269687,1.348724,2.875300,2.804498,2.947536,1.000000,1.000000,1.000000
dmd,16,128,negative-both,cpp-approved-execution,6,452.734,8.801,3.824651,3.723183,3.934596,1.000000,1.000000,1.000000,2.875300,2.804498,2.947536
dmd,16,128,negative-source,original,6,1731.641,9.023,1.000000,1.000000,1.000000,3.804870,3.723183,3.829310,0.751180,0.742767,0.782178
dmd,16,128,negative-source,selected64,6,1712.109,8.624,0.995251,0.986241,1.014679,3.778448,3.769896,3.850407,0.754350,0.739865,0.771416
dmd,16,128,negative-source,vector16store,6,1292.188,6.590,1.331302,1.278481,1.346318,2.847666,2.842561,2.960818,1.000000,1.000000,1.000000
dmd,16,128,negative-source,cpp-approved-execution,6,453.125,6.379,3.804870,3.723183,3.829310,1.000000,1.000000,1.000000,2.847666,2.842561,2.960818
dmd,16,128,padded,original,6,1732.422,8.298,1.000000,1.000000,1.000000,3.752947,3.372340,3.922145,0.761589,0.740975,0.849679
dmd,16,128,padded,selected64,6,1729.297,11.023,1.000179,0.966474,1.015226,3.776817,3.329787,3.915721,0.754380,0.748405,0.821192
dmd,16,128,padded,vector16store,6,1314.453,20.446,1.313046,1.176915,1.349574,2.839100,2.615502,3.215559,1.000000,1.000000,1.000000
dmd,16,128,padded,cpp-approved-execution,6,458.203,13.640,3.752947,3.372340,3.922145,1.000000,1.000000,1.000000,2.839100,2.615502,3.215559
dmd,16,128,repeated-source,original,6,1749.219,12.640,1.000000,1.000000,1.000000,3.759298,3.698361,4.174439,0.756080,0.722383,0.772727
dmd,16,128,repeated-source,selected64,6,1760.938,11.047,1.016515,0.950088,1.036788,3.746600,3.656040,4.067358,0.756441,0.725044,0.787976
dmd,16,128,repeated-source,vector16store,6,1344.141,8.893,1.322726,1.294118,1.384307,2.860676,2.826230,3.015544,1.000000,1.000000,1.000000
dmd,16,128,repeated-source,cpp-approved-execution,6,459.766,7.986,3.759298,3.698361,4.174439,1.000000,1.000000,1.000000,2.860676,2.826230,3.015544
dmd,16,128,universal,original,6,29757.031,12.158,1.000000,1.000000,1.000000,23.256214,22.687805,23.564626,1.019160,0.971911,1.095685
dmd,16,128,universal,selected64,6,29277.344,9.622,1.016983,1.003902,1.037819,22.898141,22.290089,23.090291,1.037616,1.007857,1.118194
dmd,16,128,universal,vector16store,6,31019.531,11.031,0.981245,0.912671,1.028900,23.888723,22.483296,25.819419,1.000000,1.000000,1.000000
dmd,16,128,universal,cpp-approved-execution,6,1280.078,13.244,23.256214,22.687805,23.564626,1.000000,1.000000,1.000000,23.888723,22.483296,25.819419
dmd,17,1,contiguous,original,6,122.449,7.437,1.000000,1.000000,1.000000,13.409650,13.189974,13.526882,0.950289,0.923769,0.974762
dmd,17,1,contiguous,selected64,6,121.460,9.628,1.010866,0.962921,1.022135,13.234733,13.135870,13.908377,0.966081,0.889516,0.989111
dmd,17,1,contiguous,vector16store,6,116.577,7.874,1.052316,1.025892,1.082522,12.729605,12.371728,13.185484,1.000000,1.000000,1.000000
dmd,17,1,contiguous,cpp-approved-execution,6,9.167,8.256,13.409650,13.189974,13.526882,1.000000,1.000000,1.000000,12.729605,12.371728,13.185484
dmd,17,1,negative-both,original,6,123.865,10.151,1.000000,1.000000,1.000000,12.356305,12.059701,12.647343,0.927572,0.895021,0.956181
dmd,17,1,negative-both,selected64,6,119.800,8.987,1.024079,1.003727,1.048856,11.995106,11.950249,12.330918,0.953923,0.931724,0.977693
dmd,17,1,negative-both,vector16store,6,114.807,13.865,1.078305,1.045827,1.117292,11.483360,11.134328,11.734554,1.000000,1.000000,1.000000
dmd,17,1,negative-both,cpp-approved-execution,6,9.998,8.547,12.356305,12.059701,12.647343,1.000000,1.000000,1.000000,11.483360,11.134328,11.734554
dmd,17,1,negative-source,original,6,124.292,7.936,1.000000,1.000000,1.000000,12.303732,11.997706,12.763682,0.935829,0.907758,0.973050
dmd,17,1,negative-source,selected64,6,121.082,9.779,1.021668,1.003260,1.030942,12.023029,11.958716,12.380597,0.955529,0.935360,0.982607
dmd,17,1,negative-source,vector16store,6,116.260,9.807,1.068571,1.027697,1.101615,11.492062,11.246973,11.945274,1.000000,1.000000,1.000000
dmd,17,1,negative-source,cpp-approved-execution,6,9.998,10.745,12.303732,11.997706,12.763682,1.000000,1.000000,1.000000,11.492062,11.246973,11.945274
dmd,17,1,padded,original,6,123.694,8.171,1.000000,1.000000,1.000000,12.324387,12.213303,12.646766,0.950570,0.919513,0.974847
dmd,17,1,padded,selected64,6,122.815,7.991,1.018817,0.964286,1.023289,12.214343,11.947248,12.770732,0.955469,0.921141,0.989952
dmd,17,1,padded,vector16store,6,118.823,8.588,1.052119,1.025803,1.087532,11.698565,11.341404,12.253731,1.000000,1.000000,1.000000
dmd,17,1,padded,cpp-approved-execution,6,9.937,8.354,12.324387,12.213303,12.646766,1.000000,1.000000,1.000000,11.698565,11.341404,12.253731
dmd,17,1,repeated-source,original,6,121.484,16.961,1.000000,1.000000,1.000000,12.332150,12.053269,12.744921,0.945761,0.930570,0.957284
dmd,17,1,repeated-source,selected64,6,125.159,16.346,0.988369,0.941607,1.020616,12.516158,12.002551,13.085995,0.940343,0.890725,0.951966
dmd,17,1,repeated-source,vector16store,6,115.515,16.380,1.057349,1.044622,1.074610,11.682849,11.397094,11.860045,1.000000,1.000000,1.000000
dmd,17,1,repeated-source,cpp-approved-execution,6,9.888,12.593,12.332150,12.053269,12.744921,1.000000,1.000000,1.000000,11.682849,11.397094,11.860045
dmd,17,1,universal,original,6,440.002,10.559,1.000000,1.000000,1.000000,20.885044,20.312360,30.630551,1.019911,1.000895,1.027935
dmd,17,1,universal,selected64,6,441.943,10.496,1.006958,0.988338,1.019307,20.645040,20.425061,30.417407,1.019776,1.005391,1.032642
dmd,17,1,universal,vector16store,6,447.766,12.590,0.980484,0.972825,0.999105,21.129046,20.597052,31.410302,1.000000,1.000000,1.000000
dmd,17,1,universal,cpp-approved-execution,6,20.520,40.928,20.885044,20.312360,30.630551,1.000000,1.000000,1.000000,21.129046,20.597052,31.410302
dmd,17,17,contiguous,original,6,356.781,11.928,1.000000,1.000000,1.000000,9.901622,9.324713,10.586420,0.768743,0.751618,0.794990
dmd,17,17,contiguous,selected64,6,338.644,13.121,1.059269,1.042738,1.095756,9.235610,8.942529,9.956790,0.822030,0.783740,0.838955
dmd,17,17,contiguous,vector16store,6,271.058,16.473,1.300893,1.257878,1.330463,7.658997,7.008621,8.246914,1.000000,1.000000,1.000000
dmd,17,17,contiguous,cpp-approved-execution,6,35.612,13.313,9.901622,9.324713,10.586420,1.000000,1.000000,1.000000,7.658997,7.008621,8.246914
dmd,17,17,negative-both,original,6,447.795,16.546,1.000000,1.000000,1.000000,5.309945,5.264352,5.540904,0.897043,0.890067,0.957030
dmd,17,17,negative-both,selected64,6,466.483,20.633,0.954323,0.922358,0.970355,5.562385,5.450382,6.007326,0.864314,0.846817,0.889658
dmd,17,17,negative-both,vector16store,6,402.370,24.716,1.114773,1.044900,1.123511,4.752168,4.713699,5.302808,1.000000,1.000000,1.000000
dmd,17,17,negative-both,cpp-approved-execution,6,83.352,11.772,5.309945,5.264352,5.540904,1.000000,1.000000,1.000000,4.752168,4.713699,5.302808
dmd,17,17,negative-source,original,6,449.559,13.587,1.000000,1.000000,1.000000,5.382475,5.268358,5.526728,0.893817,0.882544,0.909679
dmd,17,17,negative-source,selected64,6,467.144,13.972,0.959118,0.924338,1.008086,5.621741,5.482399,5.781127,0.859098,0.829000,0.897979
dmd,17,17,negative-source,vector16store,6,397.685,13.751,1.118810,1.099289,1.133088,4.815791,4.706117,4.995019,1.000000,1.000000,1.000000
dmd,17,17,negative-source,cpp-approved-execution,6,83.517,9.637,5.382475,5.268358,5.526728,1.000000,1.000000,1.000000,4.815791,4.706117,4.995019
dmd,17,17,padded,original,6,433.186,9.290,1.000000,1.000000,1.000000,5.257626,5.119948,5.382192,0.892999,0.877625,0.917282
dmd,17,17,padded,selected64,6,450.441,11.529,0.961694,0.936114,0.976738,5.469612,5.442077,5.594521,0.851141,0.847734,0.882468
dmd,17,17,padded,vector16store,6,391.731,11.652,1.119888,1.090178,1.139439,4.664309,4.625832,4.936986,1.000000,1.000000,1.000000
dmd,17,17,padded,cpp-approved-execution,6,82.745,11.059,5.257626,5.119948,5.382192,1.000000,1.000000,1.000000,4.664309,4.625832,4.936986
dmd,17,17,repeated-source,original,6,423.815,13.788,1.000000,1.000000,1.000000,5.188970,5.124166,5.262402,0.892912,0.873194,0.916120
dmd,17,17,repeated-source,selected64,6,451.213,14.930,0.949608,0.849331,0.975557,5.460729,5.394256,6.036986,0.848255,0.765373,0.863516
dmd,17,17,repeated-source,vector16store,6,378.666,18.809,1.120026,1.091560,1.145221,4.613799,4.559572,4.785802,1.000000,1.000000,1.000000
dmd,17,17,repeated-source,cpp-approved-execution,6,82.470,14.171,5.188970,5.124166,5.262402,1.000000,1.000000,1.000000,4.613799,4.559572,4.785802
dmd,17,17,universal,original,6,4425.854,17.358,1.000000,1.000000,1.000000,23.890569,22.475589,24.933490,0.985542,0.927600,1.009865
dmd,17,17,universal,selected64,6,4285.557,16.033,1.023882,1.006844,1.088102,23.184120,21.889144,23.596853,1.005685,0.970014,1.036920
dmd,17,17,universal,vector16store,6,4344.598,16.216,1.014706,0.990232,1.078051,22.939302,22.697300,23.645144,1.000000,1.000000,1.000000
dmd,17,17,universal,cpp-approved-execution,6,189.802,15.277,23.890569,22.475589,24.933490,1.000000,1.000000,1.000000,22.939302,22.697300,23.645144
dmd,17,128,contiguous,original,6,1935.833,18.941,1.000000,1.000000,1.000000,7.817581,7.691228,8.329114,0.706652,0.666271,0.746201
dmd,17,128,contiguous,selected64,6,1754.167,17.435,1.103561,1.099707,1.148704,7.001758,6.893417,7.468354,0.777730,0.765348,0.832203
dmd,17,128,contiguous,vector16store,6,1368.333,25.396,1.415126,1.340122,1.500891,5.464361,5.275862,6.215190,1.000000,1.000000,1.000000
dmd,17,128,contiguous,cpp-approved-execution,6,247.500,11.448,7.817581,7.691228,8.329114,1.000000,1.000000,1.000000,5.464361,5.275862,6.215190
dmd,17,128,negative-both,original,6,1845.833,58.555,1.000000,1.000000,1.000000,3.070116,3.029155,3.590426,0.818050,0.693926,0.845902
dmd,17,128,negative-both,selected64,6,1860.417,53.124,0.989708,0.967041,1.013818,3.124540,3.063536,3.541489,0.807817,0.703515,0.836498
dmd,17,128,negative-both,vector16store,6,1514.583,33.783,1.222421,1.182171,1.441076,2.505220,2.456163,2.565341,1.000000,1.000000,1.000000
dmd,17,128,negative-both,cpp-approved-execution,6,601.250,35.204,3.070116,3.029155,3.590426,1.000000,1.000000,1.000000,2.505220,2.456163,2.565341
dmd,17,128,negative-source,original,6,1826.667,14.872,1.000000,1.000000,1.000000,3.030199,3.002674,3.084615,0.824311,0.807149,0.858330
dmd,17,128,negative-source,selected64,6,1888.750,15.354,0.978244,0.950540,0.991624,3.117009,3.052557,3.203728,0.808572,0.789752,0.826622
dmd,17,128,negative-source,vector16store,6,1505.833,12.064,1.213142,1.165053,1.238929,2.489914,2.481283,2.613848,1.000000,1.000000,1.000000
dmd,17,128,negative-source,cpp-approved-execution,6,605.833,12.930,3.030199,3.002674,3.084615,1.000000,1.000000,1.000000,2.489914,2.481283,2.613848
dmd,17,128,padded,original,6,1772.500,11.613,1.000000,1.000000,1.000000,2.995816,2.932227,3.016575,0.831168,0.812848,0.852983
dmd,17,128,padded,selected64,6,1793.333,11.478,0.987296,0.982588,0.993631,3.029560,2.961272,3.056701,0.821259,0.800169,0.839575
dmd,17,128,padded,vector16store,6,1495.000,9.365,1.203139,1.172357,1.230242,2.461366,2.445876,2.546985,1.000000,1.000000,1.000000
dmd,17,128,padded,cpp-approved-execution,6,598.333,10.028,2.995816,2.932227,3.016575,1.000000,1.000000,1.000000,2.461366,2.445876,2.546985
dmd,17,128,repeated-source,original,6,1786.667,19.636,1.000000,1.000000,1.000000,2.996497,2.984686,3.278008,0.828052,0.818697,0.883544
dmd,17,128,repeated-source,selected64,6,1798.333,19.370,0.991605,0.988275,1.082686,3.017401,3.014144,3.085271,0.819531,0.813702,0.956601
dmd,17,128,repeated-source,vector16store,6,1463.750,27.726,1.207675,1.131805,1.221453,2.472241,2.452617,2.896266,1.000000,1.000000,1.000000
dmd,17,128,repeated-source,cpp-approved-execution,6,595.833,16.923,2.996497,2.984686,3.278008,1.000000,1.000000,1.000000,2.472241,2.452617,2.896266
dmd,17,128,universal,original,6,32320.417,15.506,1.000000,1.000000,1.000000,23.633673,21.730594,25.566729,0.997773,0.978792,1.099758
dmd,17,128,universal,selected64,6,31729.583,16.754,1.021744,0.996795,1.062944,23.125623,21.348174,24.052762,1.020467,0.992807,1.119459
dmd,17,128,universal,vector16store,6,33608.750,15.395,1.002235,0.909291,1.021668,23.717841,23.118560,25.649907,1.000000,1.000000,1.000000
dmd,17,128,universal,cpp-approved-execution,6,1360.000,14.951,23.633673,21.730594,25.566729,1.000000,1.000000,1.000000,23.717841,23.118560,25.649907
dmd,23,1,contiguous,original,6,129.126,17.886,1.000000,1.000000,1.000000,10.880218,10.578059,11.270115,0.925578,0.874214,0.963577
dmd,23,1,contiguous,selected64,6,127.869,12.372,1.035137,0.971905,1.068859,10.495534,10.314346,11.099792,0.949773,0.934411,0.963006
dmd,23,1,contiguous,vector16store,6,121.411,10.758,1.080482,1.037800,1.143885,9.968383,9.852490,10.395010,1.000000,1.000000,1.000000
dmd,23,1,contiguous,cpp-approved-execution,6,11.865,12.140,10.880218,10.578059,11.270115,1.000000,1.000000,1.000000,9.968383,9.852490,10.395010
dmd,23,1,negative-both,original,6,128.528,10.637,1.000000,1.000000,1.000000,10.066288,9.916509,10.358595,0.936156,0.920103,0.966274
dmd,23,1,negative-both,selected64,6,125.256,12.202,1.025601,1.021576,1.041718,9.811706,9.620493,10.107209,0.959496,0.956656,0.990307
dmd,23,1,negative-both,vector16store,6,121.094,15.605,1.068198,1.034903,1.086835,9.422522,9.226640,10.009242,1.000000,1.000000,1.000000
dmd,23,1,negative-both,cpp-approved-execution,6,12.781,7.259,10.066288,9.916509,10.358595,1.000000,1.000000,1.000000,9.422522,9.226640,10.009242
dmd,23,1,negative-source,original,6,132.166,10.899,1.000000,1.000000,1.000000,10.122850,9.987250,10.379962,0.928717,0.877254,0.955499
dmd,23,1,negative-source,selected64,6,124.023,11.280,1.025932,1.018956,1.085178,9.819172,9.565217,9.919414,0.955596,0.948671,0.973611
dmd,23,1,negative-source,vector16store,6,118.945,12.972,1.076758,1.046574,1.139921,9.418038,9.105860,9.542805,1.000000,1.000000,1.000000
dmd,23,1,negative-source,cpp-approved-execution,6,12.793,10.687,10.122850,9.987250,10.379962,1.000000,1.000000,1.000000,9.418038,9.105860,9.542805
dmd,23,1,padded,original,6,128.284,10.696,1.000000,1.000000,1.000000,9.972822,9.655109,10.312253,0.946760,0.931638,0.963860
dmd,23,1,padded,selected64,6,124.353,14.116,1.026940,0.998020,1.035523,9.740855,9.394161,10.211397,0.974209,0.929793,0.989482
dmd,23,1,padded,vector16store,6,121.582,8.655,1.056287,1.037495,1.073379,9.443282,9.076642,9.853755,1.000000,1.000000,1.000000
dmd,23,1,padded,cpp-approved-execution,6,12.793,8.206,9.972822,9.655109,10.312253,1.000000,1.000000,1.000000,9.443282,9.076642,9.853755
dmd,23,1,repeated-source,original,6,127.307,11.679,1.000000,1.000000,1.000000,10.094476,9.986590,10.384758,0.931514,0.911759,0.993517
dmd,23,1,repeated-source,selected64,6,123.755,10.515,1.030933,1.012036,1.052027,9.858857,9.592523,10.016729,0.961296,0.937294,1.045207
dmd,23,1,repeated-source,vector16store,6,119.055,15.400,1.073551,1.006525,1.096781,9.531843,9.249042,10.026168,1.000000,1.000000,1.000000
dmd,23,1,repeated-source,cpp-approved-execution,6,12.585,8.729,10.094476,9.986590,10.384758,1.000000,1.000000,1.000000,9.531843,9.249042,10.026168
dmd,23,1,universal,original,6,529.846,13.363,1.000000,1.000000,1.000000,29.147840,23.644995,30.158960,0.996594,0.973359,1.011651
dmd,23,1,universal,selected64,6,525.183,16.461,1.028460,0.979110,1.043589,29.075279,22.657379,29.499312,1.011883,0.978318,1.042268
dmd,23,1,universal,vector16store,6,527.625,14.784,1.003422,0.988483,1.027370,29.158214,23.615067,29.482963,1.000000,1.000000,1.000000
dmd,23,1,universal,cpp-approved-execution,6,18.250,39.331,29.147840,23.644995,30.158960,1.000000,1.000000,1.000000,29.158214,23.615067,29.482963
dmd,23,17,contiguous,original,6,447.836,13.498,1.000000,1.000000,1.000000,8.804912,8.600000,9.532544,0.772258,0.748595,0.794926
dmd,23,17,contiguous,selected64,6,396.940,17.033,1.110634,1.053908,1.188930,7.973921,7.770492,8.407932,0.860609,0.820418,0.902583
dmd,23,17,contiguous,vector16store,6,347.239,12.379,1.294987,1.257979,1.335836,6.869777,6.549180,7.236686,1.000000,1.000000,1.000000
dmd,23,17,contiguous,cpp-approved-execution,6,49.851,15.868,8.804912,8.600000,9.532544,1.000000,1.000000,1.000000,6.869777,6.549180,7.236686
dmd,23,17,negative-both,original,6,516.642,13.693,1.000000,1.000000,1.000000,4.016950,3.801811,4.087161,0.914469,0.912504,0.940631
dmd,23,17,negative-both,selected64,6,537.612,169.572,0.965237,0.396662,0.977291,4.166667,4.131347,9.584507,0.881832,0.362654,0.917179
dmd,23,17,negative-both,vector16store,6,479.030,13.460,1.093531,1.063116,1.095886,3.695182,3.475855,3.825677,1.000000,1.000000,1.000000
dmd,23,17,negative-both,cpp-approved-execution,6,126.716,19.670,4.016950,3.801811,4.087161,1.000000,1.000000,1.000000,3.695182,3.475855,3.825677
dmd,23,17,negative-source,original,6,511.716,14.525,1.000000,1.000000,1.000000,3.987100,3.883028,4.189099,0.909734,0.892358,0.931720
dmd,23,17,negative-source,selected64,6,534.478,10.975,0.963804,0.941927,1.003298,4.152788,4.040138,4.284761,0.877150,0.862677,0.895301
dmd,23,17,negative-source,vector16store,6,472.537,12.413,1.099238,1.073284,1.120626,3.638691,3.552752,3.756396,1.000000,1.000000,1.000000
dmd,23,17,negative-source,cpp-approved-execution,6,129.925,8.386,3.987100,3.883028,4.189099,1.000000,1.000000,1.000000,3.638691,3.552752,3.756396
dmd,23,17,padded,original,6,522.836,12.190,1.000000,1.000000,1.000000,4.003758,3.934704,4.211670,0.904212,0.879348,0.979404
dmd,23,17,padded,selected64,6,535.075,28.591,0.964914,0.837162,1.001382,4.133387,4.077388,5.030892,0.881458,0.741415,0.944952
dmd,23,17,padded,vector16store,6,471.642,17.152,1.106179,1.021029,1.137206,3.662040,3.510613,3.910000,1.000000,1.000000,1.000000
dmd,23,17,padded,cpp-approved-execution,6,128.657,8.469,4.003758,3.934704,4.211670,1.000000,1.000000,1.000000,3.662040,3.510613,3.910000
dmd,23,17,repeated-source,original,6,495.299,23.474,1.000000,1.000000,1.000000,3.906992,3.784764,4.236443,0.901205,0.822325,0.921406
dmd,23,17,repeated-source,selected64,6,508.806,19.801,0.964075,0.868957,1.013230,4.082713,3.978824,4.527650,0.856269,0.787023,0.880470
dmd,23,17,repeated-source,vector16store,6,442.687,12.070,1.109654,1.085298,1.216065,3.513427,3.451765,3.563364,1.000000,1.000000,1.000000
dmd,23,17,repeated-source,cpp-approved-execution,6,126.642,13.671,3.906992,3.784764,4.236443,1.000000,1.000000,1.000000,3.513427,3.451765,3.563364
dmd,23,17,universal,original,6,5806.343,12.714,1.000000,1.000000,1.000000,23.680979,19.396356,24.012747,1.016258,0.977944,1.138727
dmd,23,17,universal,selected64,6,5653.881,18.439,1.019188,0.967864,1.048799,23.073738,19.030034,23.458153,1.043476,1.021837,1.160647
dmd,23,17,universal,vector16store,6,5899.851,21.979,0.984177,0.878174,1.022554,23.802250,22.087149,24.556107,1.000000,1.000000,1.000000
dmd,23,17,universal,cpp-approved-execution,6,242.910,30.538,23.680979,19.396356,24.012747,1.000000,1.000000,1.000000,23.802250,22.087149,24.556107
dmd,23,128,contiguous,original,6,2569.101,15.526,1.000000,1.000000,1.000000,7.599484,6.253406,7.678808,0.712954,0.697715,0.786083
dmd,23,128,contiguous,selected64,6,2300.000,13.972,1.131166,1.048903,1.141107,6.718427,5.961853,6.917219,0.802140,0.774533,0.897005
dmd,23,128,contiguous,vector16store,6,1815.169,27.422,1.402637,1.272129,1.433251,5.389038,4.713896,5.954819,1.000000,1.000000,1.000000
dmd,23,128,contiguous,cpp-approved-execution,6,338.202,27.575,7.599484,6.253406,7.678808,1.000000,1.000000,1.000000,5.389038,4.713896,5.954819
dmd,23,128,negative-both,original,6,2373.034,13.778,1.000000,1.000000,1.000000,2.512384,2.482382,2.591676,0.831007,0.822917,0.860706
dmd,23,128,negative-both,selected64,6,2360.674,11.138,1.004875,0.977184,1.017668,2.510562,2.466586,2.568579,0.833312,0.813107,0.866825
dmd,23,128,negative-both,vector16store,6,1997.753,12.430,1.203361,1.161837,1.215190,2.090709,2.048521,2.164497,1.000000,1.000000,1.000000
dmd,23,128,negative-both,cpp-approved-execution,6,949.438,10.296,2.512384,2.482382,2.591676,1.000000,1.000000,1.000000,2.090709,2.048521,2.164497
dmd,23,128,negative-source,original,6,2389.888,29.243,1.000000,1.000000,1.000000,2.499343,2.481013,2.800847,0.827321,0.750756,0.839268
dmd,23,128,negative-source,selected64,6,2399.438,19.340,0.997587,0.994924,1.084051,2.493794,2.357067,2.583686,0.834161,0.813858,0.866096
dmd,23,128,negative-source,vector16store,6,1976.966,16.368,1.208815,1.191514,1.331990,2.078674,2.034522,2.115960,1.000000,1.000000,1.000000
dmd,23,128,negative-source,cpp-approved-execution,6,962.921,16.569,2.499343,2.481013,2.800847,1.000000,1.000000,1.000000,2.078674,2.034522,2.115960
dmd,23,128,padded,original,6,2362.360,15.077,1.000000,1.000000,1.000000,2.528011,2.460510,2.583425,0.841322,0.822926,0.872648
dmd,23,128,padded,selected64,6,2383.146,24.941,0.995723,0.928884,1.016600,2.528512,2.478803,2.781215,0.834947,0.764402,0.874561
dmd,23,128,padded,vector16store,6,1987.640,16.959,1.188622,1.145938,1.215177,2.119093,2.077764,2.213097,1.000000,1.000000,1.000000
dmd,23,128,padded,cpp-approved-execution,6,939.326,12.321,2.528011,2.460510,2.583425,1.000000,1.000000,1.000000,2.119093,2.077764,2.213097
dmd,23,128,repeated-source,original,6,2243.820,23.786,1.000000,1.000000,1.000000,2.459411,2.455112,2.577851,0.841255,0.835230,0.864738
dmd,23,128,repeated-source,selected64,6,2252.247,29.883,0.994571,0.946076,0.996465,2.470369,2.465371,2.724781,0.834314,0.818109,0.842929
dmd,23,128,repeated-source,vector16store,6,1885.955,27.108,1.188700,1.156419,1.197275,2.076728,2.051033,2.229167,1.000000,1.000000,1.000000
dmd,23,128,repeated-source,cpp-approved-execution,6,912.921,18.215,2.459411,2.455112,2.577851,1.000000,1.000000,1.000000,2.076728,2.051033,2.229167
dmd,23,128,universal,original,6,43385.393,15.443,1.000000,1.000000,1.000000,23.814694,23.200957,24.732500,0.990201,0.968524,1.005484
dmd,23,128,universal,selected64,6,42293.258,13.894,1.031525,0.986120,1.055428,22.999346,22.573739,25.080625,1.029266,0.973948,1.034463
dmd,23,128,universal,vector16store,6,42439.326,13.066,1.009902,0.994546,1.032498,23.580892,22.470694,24.868125,1.000000,1.000000,1.000000
dmd,23,128,universal,cpp-approved-execution,6,1798.315,9.872,23.814694,23.200957,24.732500,1.000000,1.000000,1.000000,23.580892,22.470694,24.868125
dmd,31,1,contiguous,original,6,133.130,16.835,1.000000,1.000000,1.000000,9.721838,9.453448,10.283582,0.930804,0.920134,0.939701
dmd,31,1,contiguous,selected64,6,129.590,12.547,1.036154,1.003294,1.078060,9.383652,9.264117,9.538972,0.966211,0.941263,1.000695
dmd,31,1,contiguous,vector16store,6,125.000,16.113,1.074348,1.064168,1.086798,8.989980,8.868966,9.545605,1.000000,1.000000,1.000000
dmd,31,1,contiguous,cpp-approved-execution,6,13.745,9.769,9.721838,9.453448,10.283582,1.000000,1.000000,1.000000,8.989980,8.868966,9.545605
dmd,31,1,negative-both,original,6,136.584,73.858,1.000000,1.000000,1.000000,9.139032,8.318584,9.284746,0.949817,0.937014,0.961276
dmd,31,1,negative-both,selected64,6,134.814,69.920,1.018932,0.979364,1.048622,9.047780,8.039823,9.338542,0.961092,0.925952,1.007848
dmd,31,1,negative-both,vector16store,6,129.553,73.815,1.052871,1.040284,1.067220,8.641514,7.947788,8.923729,1.000000,1.000000,1.000000
dmd,31,1,negative-both,cpp-approved-execution,6,14.990,90.228,9.139032,8.318584,9.284746,1.000000,1.000000,1.000000,8.641514,7.947788,8.923729
dmd,31,1,negative-source,original,6,134.827,10.032,1.000000,1.000000,1.000000,9.085450,8.943333,9.442122,0.942155,0.900732,0.978209
dmd,31,1,negative-source,selected64,6,131.750,12.100,1.030556,1.014046,1.084580,8.805353,8.643333,9.115254,0.978149,0.935850,1.001543
dmd,31,1,negative-source,vector16store,6,127.979,14.517,1.061911,1.022276,1.110208,8.593588,8.397329,8.854740,1.000000,1.000000,1.000000
dmd,31,1,negative-source,cpp-approved-execution,6,14.771,10.579,9.085450,8.943333,9.442122,1.000000,1.000000,1.000000,8.593588,8.397329,8.854740
dmd,31,1,padded,original,6,136.267,18.687,1.000000,1.000000,1.000000,9.187596,8.652893,9.538843,0.947589,0.898285,0.958981
dmd,31,1,padded,selected64,6,129.736,16.127,1.051749,0.963440,1.099238,8.761540,8.376860,9.462932,0.978977,0.923921,1.006314
dmd,31,1,padded,vector16store,6,128.064,14.031,1.055335,1.042774,1.113233,8.642631,8.292562,8.742998,1.000000,1.000000,1.000000
dmd,31,1,padded,cpp-approved-execution,6,14.795,9.076,9.187596,8.652893,9.538843,1.000000,1.000000,1.000000,8.642631,8.292562,8.742998
dmd,31,1,repeated-source,original,6,134.424,59.717,1.000000,1.000000,1.000000,8.989495,8.755123,9.293245,0.947549,0.920936,0.965794
dmd,31,1,repeated-source,selected64,6,131.531,62.032,1.001749,0.980711,1.067967,8.838509,8.613559,9.231434,0.960457,0.923293,0.990948
dmd,31,1,repeated-source,vector16store,6,126.440,62.502,1.055446,1.035417,1.085852,8.534739,8.372951,8.595129,1.000000,1.000000,1.000000
dmd,31,1,repeated-source,cpp-approved-execution,6,14.795,65.512,8.989495,8.755123,9.293245,1.000000,1.000000,1.000000,8.534739,8.372951,8.595129
dmd,31,1,universal,original,6,644.995,47.409,1.000000,1.000000,1.000000,28.335721,24.231969,28.914410,1.018655,0.961219,1.091009
dmd,31,1,universal,selected64,6,647.766,51.933,0.987134,0.961009,1.017034,28.441913,25.056530,29.380739,1.001675,0.977592,1.055106
dmd,31,1,universal,vector16store,6,642.151,59.686,0.981691,0.916583,1.040346,28.497136,26.437297,29.392392,1.000000,1.000000,1.000000
dmd,31,1,universal,cpp-approved-execution,6,22.778,71.597,28.335721,24.231969,28.914410,1.000000,1.000000,1.000000,28.497136,26.437297,29.392392
dmd,31,17,contiguous,original,6,544.869,66.839,1.000000,1.000000,1.000000,8.439845,8.050817,8.808260,0.844519,0.807935,0.856024
dmd,31,17,contiguous,selected64,6,494.567,65.256,1.127215,1.098320,1.188221,7.473488,7.119782,7.710280,0.945083,0.913587,1.015519
dmd,31,17,contiguous,vector16store,6,462.072,60.135,1.184136,1.168192,1.237723,7.151555,6.504537,7.528024,1.000000,1.000000,1.000000
dmd,31,17,contiguous,cpp-approved-execution,6,64.487,74.883,8.439845,8.050817,8.808260,1.000000,1.000000,1.000000,7.151555,6.504537,7.528024
dmd,31,17,negative-both,original,6,618.209,53.637,1.000000,1.000000,1.000000,3.745804,3.550602,5.529483,0.973080,0.811317,0.985101
dmd,31,17,negative-both,selected64,6,652.012,14.442,0.964552,0.902120,1.379880,3.899519,3.680723,4.250617,0.939212,0.846936,1.119520
dmd,31,17,negative-both,vector16store,6,591.348,29.432,1.027668,1.015124,1.232564,3.582190,3.449398,4.486161,1.000000,1.000000,1.000000
dmd,31,17,negative-both,cpp-approved-execution,6,167.103,7.225,3.745804,3.550602,5.529483,1.000000,1.000000,1.000000,3.582190,3.449398,4.486161
dmd,31,17,negative-source,original,6,646.076,57.895,1.000000,1.000000,1.000000,3.751913,3.639671,4.150943,0.963306,0.920807,0.979835
dmd,31,17,negative-source,selected64,6,638.732,53.741,0.984236,0.938136,1.107365,3.839684,3.680723,4.072041,0.953320,0.863842,1.038298
dmd,31,17,negative-source,vector16store,6,613.280,60.269,1.038131,1.020580,1.086004,3.610237,3.475000,4.023156,1.000000,1.000000,1.000000
dmd,31,17,negative-source,cpp-approved-execution,6,169.215,42.212,3.751913,3.639671,4.150943,1.000000,1.000000,1.000000,3.610237,3.475000,4.023156
dmd,31,17,padded,original,6,624.748,68.116,1.000000,1.000000,1.000000,3.642707,3.606838,3.918171,0.950301,0.898956,0.972580
dmd,31,17,padded,selected64,6,635.211,57.618,0.994876,0.917106,1.052700,3.750713,3.505797,3.932845,0.939379,0.891959,0.958247
dmd,31,17,padded,vector16store,6,583.501,62.862,1.052370,1.028194,1.112402,3.495924,3.359420,3.607264,1.000000,1.000000,1.000000
dmd,31,17,padded,cpp-approved-execution,6,165.996,69.333,3.642707,3.606838,3.918171,1.000000,1.000000,1.000000,3.495924,3.359420,3.607264
dmd,31,17,repeated-source,original,6,572.636,15.777,1.000000,1.000000,1.000000,3.637418,3.587450,3.664887,0.950736,0.927681,0.971344
dmd,31,17,repeated-source,selected64,6,586.419,16.984,0.969320,0.962554,0.993485,3.708655,3.688919,3.797203,0.920659,0.914647,0.943178
dmd,31,17,repeated-source,vector16store,6,538.632,14.793,1.051817,1.029502,1.077957,3.461108,3.395046,3.496503,1.000000,1.000000,1.000000
dmd,31,17,repeated-source,cpp-approved-execution,6,157.344,13.939,3.637418,3.587450,3.664887,1.000000,1.000000,1.000000,3.461108,3.395046,3.496503
dmd,31,17,universal,original,6,7741.549,14.313,1.000000,1.000000,1.000000,23.432413,22.645969,26.066369,0.981898,0.921535,1.033455
dmd,31,17,universal,selected64,6,7450.000,15.030,1.035672,1.018786,1.077475,22.645973,22.015251,24.192087,1.028197,0.992930,1.063063
dmd,31,17,universal,vector16store,6,7577.264,18.880,1.018659,0.967628,1.085147,23.306652,22.820317,24.021059,1.000000,1.000000,1.000000
dmd,31,17,universal,cpp-approved-execution,6,318.410,18.389,23.432413,22.645969,26.066369,1.000000,1.000000,1.000000,23.306652,22.820317,24.021059
dmd,31,128,contiguous,original,6,3484.848,17.826,1.000000,1.000000,1.000000,7.798302,6.235149,8.229965,0.767903,0.715363,0.814798
dmd,31,128,contiguous,selected64,6,2931.818,12.300,1.197196,1.128631,1.286517,6.702159,4.846535,6.885714,0.919966,0.915181,0.922710
dmd,31,128,contiguous,vector16store,6,2697.727,11.851,1.302511,1.227298,1.397891,6.150144,4.460396,6.332143,1.000000,1.000000,1.000000
dmd,31,128,contiguous,cpp-approved-execution,6,434.091,46.073,7.798302,6.235149,8.229965,1.000000,1.000000,1.000000,6.150144,4.460396,6.332143
dmd,31,128,negative-both,original,6,3059.091,16.097,1.000000,1.000000,1.000000,2.524081,2.500597,2.624857,0.898296,0.870547,0.923656
dmd,31,128,negative-both,selected64,6,3096.970,18.297,0.991564,0.973118,1.001959,2.541229,2.501792,2.686431,0.893253,0.850594,0.901077
dmd,31,128,negative-both,vector16store,6,2787.121,13.917,1.113220,1.082654,1.148703,2.275219,2.215463,2.330798,1.000000,1.000000,1.000000
dmd,31,128,negative-both,cpp-approved-execution,6,1211.364,11.007,2.524081,2.500597,2.624857,1.000000,1.000000,1.000000,2.275219,2.215463,2.330798
dmd,31,128,negative-source,original,6,3093.182,20.328,1.000000,1.000000,1.000000,2.536446,2.435644,2.710857,0.895124,0.821669,0.932927
dmd,31,128,negative-source,selected64,6,3131.818,17.368,1.006467,0.966601,1.036260,2.519090,2.467039,2.619226,0.901815,0.851464,0.929348
dmd,31,128,negative-source,vector16store,6,2768.182,16.913,1.117192,1.071895,1.217034,2.270446,2.227429,2.292737,1.000000,1.000000,1.000000
dmd,31,128,negative-source,cpp-approved-execution,6,1218.939,15.786,2.536446,2.435644,2.710857,1.000000,1.000000,1.000000,2.270446,2.227429,2.292737
dmd,31,128,padded,original,6,3089.394,10.054,1.000000,1.000000,1.000000,2.486284,2.072549,2.595718,0.908547,0.891827,1.011826
dmd,31,128,padded,selected64,6,3070.455,13.718,0.997938,0.963976,1.020802,2.510237,2.150000,2.548872,0.909090,0.876598,0.975376
dmd,31,128,padded,vector16store,6,2795.455,21.626,1.100661,0.988312,1.121294,2.264055,2.097059,2.355164,1.000000,1.000000,1.000000
dmd,31,128,padded,cpp-approved-execution,6,1215.909,31.277,2.486284,2.072549,2.595718,1.000000,1.000000,1.000000,2.264055,2.097059,2.355164
dmd,31,128,repeated-source,original,6,3084.848,12.033,1.000000,1.000000,1.000000,2.496977,2.465409,2.552109,0.917731,0.895940,1.027268
dmd,31,128,repeated-source,selected64,6,3150.000,11.640,0.987678,0.969817,1.022912,2.539391,2.453162,2.593052,0.913591,0.889659,1.018173
dmd,31,128,repeated-source,vector16store,6,2856.061,23.926,1.089645,0.973455,1.116146,2.271385,2.248244,2.582742,1.000000,1.000000,1.000000
dmd,31,128,repeated-source,cpp-approved-execution,6,1225.000,10.513,2.496977,2.465409,2.552109,1.000000,1.000000,1.000000,2.271385,2.248244,2.582742
dmd,31,128,universal,original,6,57824.242,13.487,1.000000,1.000000,1.000000,23.892552,23.200649,25.013977,0.995442,0.977268,1.026481
dmd,31,128,universal,selected64,6,54890.909,14.566,1.025790,1.008717,1.080936,23.102613,22.565584,23.937767,1.030822,1.006679,1.056364
dmd,31,128,universal,vector16store,6,57656.061,13.040,1.004586,0.974202,1.023261,23.831795,23.148888,24.785845,1.000000,1.000000,1.000000
dmd,31,128,universal,cpp-approved-execution,6,2372.727,14.112,23.892552,23.200649,25.013977,1.000000,1.000000,1.000000,23.831795,23.148888,24.785845
dmd,32,1,contiguous,original,6,136.060,15.396,1.000000,1.000000,1.000000,14.841854,14.255208,15.519231,0.887673,0.846522,0.917345
dmd,32,1,contiguous,selected64,6,132.898,15.854,1.024162,1.005821,1.048636,14.680509,14.036458,14.799451,0.907267,0.887693,0.922685
dmd,32,1,contiguous,vector16store,6,121.350,13.017,1.126542,1.090103,1.181305,13.174094,12.888021,13.561497,1.000000,1.000000,1.000000
dmd,32,1,contiguous,cpp-approved-execution,6,9.204,12.732,14.841854,14.255208,15.519231,1.000000,1.000000,1.000000,13.174094,12.888021,13.561497
dmd,32,1,negative-both,original,6,140.210,55.058,1.000000,1.000000,1.000000,12.211333,11.180754,14.152466,0.901112,0.806876,0.945685
dmd,32,1,negative-both,selected64,6,133.484,70.069,1.030821,0.947751,1.142443,11.842805,11.634409,12.666667,0.922273,0.873114,0.946003
dmd,32,1,negative-both,vector16store,6,123.242,62.857,1.109904,1.057435,1.239348,11.113429,10.573472,11.419283,1.000000,1.000000,1.000000
dmd,32,1,negative-both,cpp-approved-execution,6,11.145,71.413,12.211333,11.180754,14.152466,1.000000,1.000000,1.000000,11.113429,10.573472,11.419283
dmd,32,1,negative-source,original,6,133.374,6.883,1.000000,1.000000,1.000000,12.050535,11.847191,12.262582,0.899524,0.872056,0.916161
dmd,32,1,negative-source,selected64,6,131.165,9.791,1.015501,0.989488,1.036472,11.814607,11.671171,12.170576,0.911045,0.882289,0.943458
dmd,32,1,negative-source,vector16store,6,119.336,7.017,1.111763,1.091511,1.146716,10.793258,10.664516,11.011261,1.000000,1.000000,1.000000
dmd,32,1,negative-source,cpp-approved-execution,6,11.011,5.543,12.050535,11.847191,12.262582,1.000000,1.000000,1.000000,10.793258,10.664516,11.011261
dmd,32,1,padded,original,6,134.326,10.887,1.000000,1.000000,1.000000,12.068625,9.841187,12.388060,0.893090,0.887952,0.929718
dmd,32,1,padded,selected64,6,130.212,15.487,1.025614,0.989105,1.039110,11.739264,9.579407,12.524520,0.918487,0.878277,0.966080
dmd,32,1,padded,vector16store,6,120.569,10.853,1.119733,1.075595,1.126187,10.778108,8.741710,11.454945,1.000000,1.000000,1.000000
dmd,32,1,padded,cpp-approved-execution,6,11.084,30.617,12.068625,9.841187,12.388060,1.000000,1.000000,1.000000,10.778108,8.741710,11.454945
dmd,32,1,repeated-source,original,6,135.571,21.160,1.000000,1.000000,1.000000,12.196769,11.983721,14.682135,0.891457,0.876885,1.185051
dmd,32,1,repeated-source,selected64,6,129.480,119.883,1.040852,0.557189,1.053845,11.679812,11.547461,26.350348,0.924919,0.660298,0.945603
dmd,32,1,repeated-source,vector16store,6,119.934,58.565,1.121802,0.843846,1.140400,10.922291,10.684327,17.399072,1.000000,1.000000,1.000000
dmd,32,1,repeated-source,cpp-approved-execution,6,10.730,9.101,12.196769,11.983721,14.682135,1.000000,1.000000,1.000000,10.922291,10.684327,17.399072
dmd,32,1,universal,original,6,660.522,19.453,1.000000,1.000000,1.000000,25.677735,21.628437,27.841143,0.992145,0.940893,1.034867
dmd,32,1,universal,selected64,6,638.269,14.049,1.015348,0.971417,1.121187,24.665430,21.532600,27.496674,1.031695,0.955883,1.054916
dmd,32,1,universal,vector16store,6,645.105,15.183,1.007985,0.966308,1.062821,24.731795,22.382561,27.978286,1.000000,1.000000,1.000000
dmd,32,1,universal,cpp-approved-execution,6,26.453,36.733,25.677735,21.628437,27.841143,1.000000,1.000000,1.000000,24.731795,22.382561,27.978286
dmd,32,17,contiguous,original,6,560.603,5.934,1.000000,1.000000,1.000000,8.335363,8.218462,8.924590,0.615670,0.586701,0.681619
dmd,32,17,contiguous,selected64,6,493.243,11.633,1.121968,1.082938,1.206560,7.408038,7.280000,7.603604,0.701367,0.688917,0.738152
dmd,32,17,contiguous,vector16store,6,341.476,16.804,1.624254,1.467095,1.704446,5.187388,5.049231,5.612613,1.000000,1.000000,1.000000
dmd,32,17,contiguous,cpp-approved-execution,6,66.944,8.696,8.335363,8.218462,8.924590,1.000000,1.000000,1.000000,5.187388,5.049231,5.612613
dmd,32,17,negative-both,original,6,604.054,10.050,1.000000,1.000000,1.000000,6.065650,5.924272,6.406571,0.765366,0.740741,0.777032
dmd,32,17,negative-both,selected64,6,639.085,7.157,0.961719,0.917614,0.994898,6.367587,6.106796,6.613779,0.728005,0.709596,0.772959
dmd,32,17,negative-both,vector16store,6,462.266,12.683,1.306705,1.286949,1.350000,4.644839,4.388350,4.977413,1.000000,1.000000,1.000000
dmd,32,17,negative-both,cpp-approved-execution,6,99.584,10.230,6.065650,5.924272,6.406571,1.000000,1.000000,1.000000,4.644839,4.388350,4.977413
dmd,32,17,negative-source,original,6,611.850,14.101,1.000000,1.000000,1.000000,6.119856,6.029228,6.553753,0.753749,0.726091,0.759593
dmd,32,17,negative-source,selected64,6,628.794,9.522,0.969772,0.966369,1.009057,6.280894,6.221294,6.494929,0.733448,0.726593,0.735353
dmd,32,17,negative-source,vector16store,6,461.954,9.721,1.326719,1.316495,1.377238,4.591122,4.561028,4.758621,1.000000,1.000000,1.000000
dmd,32,17,negative-source,cpp-approved-execution,6,99.688,5.422,6.119856,6.029228,6.553753,1.000000,1.000000,1.000000,4.591122,4.561028,4.758621
dmd,32,17,padded,original,6,604.782,18.322,1.000000,1.000000,1.000000,6.055220,5.786693,6.402000,0.759781,0.751067,0.778492
dmd,32,17,padded,selected64,6,619.439,12.015,0.969114,0.949804,1.010736,6.267143,5.976517,6.404711,0.743917,0.723504,0.765709
dmd,32,17,padded,vector16store,6,457.900,16.481,1.316180,1.284535,1.331439,4.636792,4.504892,4.850000,1.000000,1.000000,1.000000
dmd,32,17,padded,cpp-approved-execution,6,98.753,14.105,6.055220,5.786693,6.402000,1.000000,1.000000,1.000000,4.636792,4.504892,4.850000
dmd,32,17,repeated-source,original,6,585.759,13.345,1.000000,1.000000,1.000000,5.956391,5.935760,6.078629,0.751270,0.740299,0.765820
dmd,32,17,repeated-source,selected64,6,612.266,11.307,0.960144,0.943848,0.994721,6.218300,6.110887,6.300000,0.723935,0.711310,0.737758
dmd,32,17,repeated-source,vector16store,6,439.605,14.472,1.331079,1.305789,1.350806,4.490625,4.449679,4.570858,1.000000,1.000000,1.000000
dmd,32,17,repeated-source,cpp-approved-execution,6,98.441,12.038,5.956391,5.935760,6.078629,1.000000,1.000000,1.000000,4.490625,4.449679,4.570858
dmd,32,17,universal,original,6,7948.857,11.210,1.000000,1.000000,1.000000,23.650403,23.358306,24.814433,1.012588,0.986939,1.059689
dmd,32,17,universal,selected64,6,7716.112,14.059,1.025105,0.970443,1.039432,23.122625,22.699674,25.154042,1.031167,1.024768,1.047340
dmd,32,17,universal,vector16store,6,7998.649,13.448,0.987582,0.943673,1.013234,24.083443,23.261889,25.867600,1.000000,1.000000,1.000000
dmd,32,17,universal,cpp-approved-execution,6,324.636,10.439,23.650403,23.358306,24.814433,1.000000,1.000000,1.000000,24.083443,23.261889,25.867600
dmd,32,128,contiguous,original,6,3480.469,8.081,1.000000,1.000000,1.000000,7.615433,7.539007,7.726277,0.543306,0.541863,0.554206
dmd,32,128,contiguous,selected64,6,3039.844,10.897,1.148258,1.143519,1.182682,6.610169,6.521277,6.667808,0.626773,0.622378,0.643575
dmd,32,128,contiguous,vector16store,6,1913.281,7.677,1.840586,1.804383,1.845486,4.165078,4.085106,4.204778,1.000000,1.000000,1.000000
dmd,32,128,contiguous,cpp-approved-execution,6,457.031,10.256,7.615433,7.539007,7.726277,1.000000,1.000000,1.000000,4.165078,4.085106,4.204778
dmd,32,128,negative-both,original,6,3200.000,10.791,1.000000,1.000000,1.000000,4.367742,4.339286,4.508658,0.618969,0.607297,0.625435
dmd,32,128,negative-both,selected64,6,3154.688,15.552,0.999005,0.967699,1.041500,4.374914,4.309735,4.512397,0.624143,0.592035,0.632500
dmd,32,128,negative-both,vector16store,6,1971.875,8.796,1.615700,1.598888,1.646640,2.725059,2.654762,2.738095,1.000000,1.000000,1.000000
dmd,32,128,negative-both,cpp-approved-execution,6,721.094,11.701,4.367742,4.339286,4.508658,1.000000,1.000000,1.000000,2.725059,2.654762,2.738095
dmd,32,128,negative-source,original,6,3237.500,10.811,1.000000,1.000000,1.000000,4.366492,4.351111,4.526971,0.624250,0.610449,0.632248
dmd,32,128,negative-source,selected64,6,3212.500,8.123,1.010260,0.995947,1.047528,4.335525,4.291242,4.409483,0.630565,0.628267,0.639462
dmd,32,128,negative-source,vector16store,6,2020.312,8.507,1.601928,1.581657,1.638138,2.744365,2.718941,2.775862,1.000000,1.000000,1.000000
dmd,32,128,negative-source,cpp-approved-execution,6,733.594,8.733,4.366492,4.351111,4.526971,1.000000,1.000000,1.000000,2.744365,2.718941,2.775862
dmd,32,128,padded,original,6,3028.906,54.630,1.000000,1.000000,1.000000,4.259469,4.159681,5.995951,0.637268,0.474004,0.664275
dmd,32,128,padded,selected64,6,3066.406,35.873,1.001308,0.968238,1.135736,4.289676,4.209581,5.279352,0.633632,0.538344,0.645026
dmd,32,128,padded,vector16store,6,1975.000,16.535,1.569272,1.505401,2.109687,2.753492,2.632735,2.842105,1.000000,1.000000,1.000000
dmd,32,128,padded,cpp-approved-execution,6,715.625,13.537,4.259469,4.159681,5.995951,1.000000,1.000000,1.000000,2.753492,2.632735,2.842105
dmd,32,128,repeated-source,original,6,3050.000,17.879,1.000000,1.000000,1.000000,4.243281,4.193916,4.342222,0.644419,0.639344,0.672979
dmd,32,128,repeated-source,selected64,6,3070.312,20.458,0.994907,0.974382,0.999503,4.277662,4.235931,4.371111,0.639391,0.638024,0.668531
dmd,32,128,repeated-source,vector16store,6,1988.281,20.275,1.551806,1.485932,1.564103,2.732120,2.709957,2.922222,1.000000,1.000000,1.000000
dmd,32,128,repeated-source,cpp-approved-execution,6,713.281,19.277,4.243281,4.193916,4.342222,1.000000,1.000000,1.000000,2.732120,2.709957,2.922222
dmd,32,128,universal,original,6,58926.562,13.624,1.000000,1.000000,1.000000,23.494265,22.162459,26.034690,0.999929,0.926459,1.008853
dmd,32,128,universal,selected64,6,56782.031,12.347,1.033814,1.014817,1.072998,22.906302,21.269484,24.263509,1.032818,0.994089,1.037588
dmd,32,128,universal,vector16store,6,58043.750,12.044,1.000108,0.991225,1.079378,23.592057,21.969265,24.120080,1.000000,1.000000,1.000000
dmd,32,128,universal,cpp-approved-execution,6,2459.375,20.521,23.494265,22.162459,26.034690,1.000000,1.000000,1.000000,23.592057,21.969265,24.120080
dmd,33,1,contiguous,original,6,135.547,11.599,1.000000,1.000000,1.000000,13.203450,13.081678,13.493917,0.901310,0.870048,0.934526
dmd,33,1,contiguous,selected64,6,129.114,11.969,1.036783,1.031685,1.063063,12.697426,12.679912,12.777500,0.935061,0.921828,0.967568
dmd,33,1,contiguous,vector16store,6,119.678,15.177,1.109550,1.070061,1.149362,11.908558,11.708531,12.330166,1.000000,1.000000,1.000000
dmd,33,1,contiguous,cpp-approved-execution,6,10.156,12.740,13.203450,13.081678,13.493917,1.000000,1.000000,1.000000,11.908558,11.708531,12.330166
dmd,33,1,negative-both,original,6,137.683,15.959,1.000000,1.000000,1.000000,11.460964,11.160825,11.730550,0.889542,0.861695,0.900038
dmd,33,1,negative-both,selected64,6,130.554,15.147,1.042305,1.022092,1.063465,10.940986,10.881148,11.185958,0.926951,0.900341,0.940019
dmd,33,1,negative-both,vector16store,6,121.887,11.477,1.124296,1.111064,1.160503,10.147317,10.035052,10.267748,1.000000,1.000000,1.000000
dmd,33,1,negative-both,cpp-approved-execution,6,11.975,12.844,11.460964,11.160825,11.730550,1.000000,1.000000,1.000000,10.147317,10.035052,10.267748
dmd,33,1,negative-source,original,6,134.961,16.027,1.000000,1.000000,1.000000,11.175760,11.052209,11.692600,0.890734,0.870241,0.897892
dmd,33,1,negative-source,selected64,6,128.406,22.873,1.040600,0.981210,1.073484,10.739748,10.656627,11.916509,0.924644,0.872293,0.934190
dmd,33,1,negative-source,vector16store,6,119.763,16.594,1.122674,1.113719,1.149107,9.964569,9.881356,10.394687,1.000000,1.000000,1.000000
dmd,33,1,negative-source,cpp-approved-execution,6,12.024,11.168,11.175760,11.052209,11.692600,1.000000,1.000000,1.000000,9.964569,9.881356,10.394687
dmd,33,1,padded,original,6,133.264,15.590,1.000000,1.000000,1.000000,11.195941,11.072016,11.315011,0.888910,0.868477,0.903178
dmd,33,1,padded,selected64,6,132.507,23.620,1.016637,0.957163,1.036203,11.020032,10.685185,11.780037,0.897459,0.833987,0.935875
dmd,33,1,padded,vector16store,6,119.055,12.960,1.124988,1.107202,1.151441,9.937265,9.805611,10.021142,1.000000,1.000000,1.000000
dmd,33,1,padded,cpp-approved-execution,6,12.012,13.821,11.195941,11.072016,11.315011,1.000000,1.000000,1.000000,9.937265,9.805611,10.021142
dmd,33,1,repeated-source,original,6,134.717,11.743,1.000000,1.000000,1.000000,11.291651,11.091816,11.362851,0.883200,0.876414,0.899829
dmd,33,1,repeated-source,selected64,6,132.251,20.380,1.032336,0.898361,1.038030,10.952713,10.837310,12.577320,0.909192,0.789672,0.933728
dmd,33,1,repeated-source,vector16store,6,118.591,10.067,1.132251,1.111322,1.141013,9.981164,9.776447,10.224622,1.000000,1.000000,1.000000
dmd,33,1,repeated-source,cpp-approved-execution,6,11.902,11.487,11.291651,11.091816,11.362851,1.000000,1.000000,1.000000,9.981164,9.776447,10.224622
dmd,33,1,universal,original,6,655.688,16.268,1.000000,1.000000,1.000000,24.737379,21.437202,28.914595,1.010574,0.996203,1.167352
dmd,33,1,universal,selected64,6,657.190,16.970,0.996514,0.951409,1.062817,24.694922,21.824621,30.391351,1.040292,0.985843,1.110629
dmd,33,1,universal,vector16store,6,678.381,21.856,0.989538,0.856640,1.003812,25.325608,21.643084,33.753514,1.000000,1.000000,1.000000
dmd,33,1,universal,cpp-approved-execution,6,26.392,35.338,24.737379,21.437202,28.914595,1.000000,1.000000,1.000000,25.325608,21.643084,33.753514
dmd,33,17,contiguous,original,6,580.728,16.519,1.000000,1.000000,1.000000,8.876368,8.664360,9.196262,0.632981,0.595190,0.656491
dmd,33,17,contiguous,selected64,6,516.060,13.983,1.125331,1.059213,1.187928,7.813966,7.716263,8.307443,0.711656,0.695364,0.713989
dmd,33,17,contiguous,vector16store,6,367.987,11.289,1.579850,1.523249,1.680137,5.560851,5.473520,5.776699,1.000000,1.000000,1.000000
dmd,33,17,contiguous,cpp-approved-execution,6,65.525,10.458,8.876368,8.664360,9.196262,1.000000,1.000000,1.000000,5.560851,5.473520,5.776699
dmd,33,17,negative-both,original,6,624.411,11.900,1.000000,1.000000,1.000000,5.258885,5.229091,5.450091,0.779136,0.769564,0.817035
dmd,33,17,negative-both,selected64,6,641.756,14.248,0.966887,0.952320,0.995690,5.474032,5.392523,5.514815,0.758790,0.742912,0.782005
dmd,33,17,negative-both,vector16store,6,486.510,16.945,1.283475,1.223938,1.299437,4.132970,4.069091,4.280992,1.000000,1.000000,1.000000
dmd,33,17,negative-both,cpp-approved-execution,6,117.880,12.716,5.258885,5.229091,5.450091,1.000000,1.000000,1.000000,4.132970,4.069091,4.280992
dmd,33,17,negative-source,original,6,626.552,10.629,1.000000,1.000000,1.000000,5.277205,5.061962,5.361921,0.789919,0.770870,0.827910
dmd,33,17,negative-source,selected64,6,653.640,12.056,0.958319,0.927793,0.975737,5.515915,5.265060,5.706927,0.760148,0.736042,0.794036
dmd,33,17,negative-source,vector16store,6,494.004,17.902,1.266271,1.207861,1.297235,4.080072,4.043557,4.430532,1.000000,1.000000,1.000000
dmd,33,17,negative-source,cpp-approved-execution,6,119.272,8.618,5.277205,5.061962,5.361921,1.000000,1.000000,1.000000,4.080072,4.043557,4.430532
dmd,33,17,padded,original,6,614.347,12.966,1.000000,1.000000,1.000000,5.214401,5.100885,5.377778,0.776219,0.751019,0.787647
dmd,33,17,padded,selected64,6,630.835,19.823,0.966872,0.912148,1.003066,5.376737,5.346084,5.895726,0.750288,0.713250,0.753322
dmd,33,17,padded,vector16store,6,473.662,13.788,1.288301,1.269604,1.331524,4.027680,4.017699,4.205128,1.000000,1.000000,1.000000
dmd,33,17,padded,cpp-approved-execution,6,117.666,9.463,5.214401,5.100885,5.377778,1.000000,1.000000,1.000000,4.027680,4.017699,4.205128
dmd,33,17,repeated-source,original,6,599.036,12.547,1.000000,1.000000,1.000000,5.222618,5.142857,5.316384,0.770152,0.758027,0.777056
dmd,33,17,repeated-source,selected64,6,630.193,15.562,0.964079,0.950505,0.995649,5.356932,5.288496,5.593220,0.742801,0.725832,0.763070
dmd,33,17,repeated-source,vector16store,6,464.454,10.696,1.298445,1.286908,1.319214,4.003454,3.941480,4.112994,1.000000,1.000000,1.000000
dmd,33,17,repeated-source,cpp-approved-execution,6,114.561,13.458,5.222618,5.142857,5.316384,1.000000,1.000000,1.000000,4.003454,3.941480,4.112994
dmd,33,17,universal,original,6,8330.621,17.374,1.000000,1.000000,1.000000,23.898216,18.186448,24.772727,0.995414,0.881081,1.034070
dmd,33,17,universal,selected64,6,7930.300,15.432,1.034626,1.030646,1.145552,23.078999,15.875701,23.957702,1.029882,1.009325,1.077863
dmd,33,17,universal,vector16store,6,8223.769,16.730,1.004657,0.967053,1.134969,23.937370,16.023738,25.114610,1.000000,1.000000,1.000000
dmd,33,17,universal,cpp-approved-execution,6,344.004,51.105,23.898216,18.186448,24.772727,1.000000,1.000000,1.000000,23.937370,16.023738,25.114610
dmd,33,128,contiguous,original,6,3584.677,12.283,1.000000,1.000000,1.000000,7.530160,7.464968,7.847751,0.573423,0.561007,0.579806
dmd,33,128,contiguous,selected64,6,3072.581,14.803,1.152082,1.122605,1.183717,6.547622,6.458194,6.968858,0.660794,0.629789,0.668048
dmd,33,128,contiguous,vector16store,6,2045.161,9.543,1.743965,1.724715,1.782510,4.328100,4.187898,4.550173,1.000000,1.000000,1.000000
dmd,33,128,contiguous,cpp-approved-execution,6,466.129,13.495,7.530160,7.464968,7.847751,1.000000,1.000000,1.000000,4.328100,4.187898,4.550173
dmd,33,128,negative-both,original,6,3217.742,15.338,1.000000,1.000000,1.000000,3.822886,3.732955,3.960993,0.670927,0.657117,0.685544
dmd,33,128,negative-both,selected64,6,3234.677,11.419,0.992106,0.974296,1.046354,3.800287,3.728155,3.957282,0.672068,0.654968,0.710417
dmd,33,128,negative-both,vector16store,6,2169.355,13.160,1.490482,1.458696,1.521798,2.556153,2.506616,2.679612,1.000000,1.000000,1.000000
dmd,33,128,negative-both,cpp-approved-execution,6,841.129,9.396,3.822886,3.732955,3.960993,1.000000,1.000000,1.000000,2.556153,2.506616,2.679612
dmd,33,128,negative-source,original,6,3287.903,23.056,1.000000,1.000000,1.000000,3.745844,3.556131,4.302867,0.678797,0.603915,0.767363
dmd,33,128,negative-source,selected64,6,3266.935,11.701,1.003499,0.967575,1.109007,3.730203,3.675302,3.879928,0.682075,0.669746,0.761156
dmd,33,128,negative-source,vector16store,6,2296.774,20.154,1.473466,1.303165,1.655862,2.586576,2.510680,2.805607,1.000000,1.000000,1.000000
dmd,33,128,negative-source,cpp-approved-execution,6,875.806,11.786,3.745844,3.556131,4.302867,1.000000,1.000000,1.000000,2.586576,2.510680,2.805607
dmd,33,128,padded,original,6,3162.097,14.333,1.000000,1.000000,1.000000,3.752180,3.661626,3.779324,0.671483,0.666341,0.683531
dmd,33,128,padded,selected64,6,3142.742,17.603,1.010467,0.992824,1.039937,3.686988,3.611006,3.774914,0.681272,0.664543,0.693642
dmd,33,128,padded,vector16store,6,2136.290,13.515,1.489259,1.462991,1.500733,2.506667,2.502836,2.546720,1.000000,1.000000,1.000000
dmd,33,128,padded,cpp-approved-execution,6,853.226,14.934,3.752180,3.661626,3.779324,1.000000,1.000000,1.000000,2.506667,2.502836,2.546720
dmd,33,128,repeated-source,original,6,3134.677,68.227,1.000000,1.000000,1.000000,3.679170,3.650485,3.812128,0.679866,0.656893,0.681383
dmd,33,128,repeated-source,selected64,6,3140.323,72.573,0.991935,0.927419,1.011305,3.684503,3.657895,4.022901,0.675264,0.630455,0.676346
dmd,33,128,repeated-source,vector16store,6,2120.968,62.738,1.470878,1.467603,1.522317,2.488008,2.473684,2.536260,1.000000,1.000000,1.000000
dmd,33,128,repeated-source,cpp-approved-execution,6,848.387,61.977,3.679170,3.650485,3.812128,1.000000,1.000000,1.000000,2.488008,2.473684,2.536260
dmd,33,128,universal,original,6,60584.677,31.704,1.000000,1.000000,1.000000,23.461755,20.010239,24.196015,1.004743,0.892738,1.246718
dmd,33,128,universal,selected64,6,58709.677,14.387,1.024417,1.021471,1.191485,22.805242,16.794369,23.641388,1.037855,1.015841,1.275547
dmd,33,128,universal,vector16store,6,60221.774,29.841,0.995324,0.802106,1.120149,23.792523,17.863908,28.769704,1.000000,1.000000,1.000000
dmd,33,128,universal,cpp-approved-execution,6,2545.161,54.056,23.461755,20.010239,24.196015,1.000000,1.000000,1.000000,23.792523,17.863908,28.769704
dmd,47,1,contiguous,original,6,146.082,14.924,1.000000,1.000000,1.000000,9.808273,9.370370,9.943894,0.891495,0.877199,1.010436
dmd,47,1,contiguous,selected64,6,138.184,16.890,1.040416,1.024383,1.061102,9.347627,9.056361,9.563528,0.930104,0.907940,1.064173
dmd,47,1,contiguous,vector16store,6,131.067,17.267,1.121749,0.989672,1.139992,8.695388,8.417069,9.922314,1.000000,1.000000,1.000000
dmd,47,1,contiguous,cpp-approved-execution,6,14.978,12.877,9.808273,9.370370,9.943894,1.000000,1.000000,1.000000,8.695388,8.417069,9.922314
dmd,47,1,negative-both,original,6,145.789,10.969,1.000000,1.000000,1.000000,8.803015,8.685131,9.041791,0.889903,0.881636,0.929216
dmd,47,1,negative-both,selected64,6,140.491,8.202,1.043013,1.022833,1.073056,8.411630,8.346549,8.786567,0.935306,0.914388,0.966378
dmd,47,1,negative-both,vector16store,6,131.995,10.062,1.123721,1.076177,1.134254,7.928190,7.825153,8.102374,1.000000,1.000000,1.000000
dmd,47,1,negative-both,cpp-approved-execution,6,16.541,8.708,8.803015,8.685131,9.041791,1.000000,1.000000,1.000000,7.928190,7.825153,8.102374
dmd,47,1,negative-source,original,6,147.119,31.497,1.000000,1.000000,1.000000,8.956265,8.384397,9.772903,0.893663,0.863827,0.942303
dmd,47,1,negative-source,selected64,6,141.199,26.645,1.054787,1.002884,1.084168,8.376674,8.351227,9.014194,0.928761,0.921832,1.021615
dmd,47,1,negative-source,vector16store,6,131.641,38.075,1.118995,1.061230,1.157639,7.891420,7.723404,9.209032,1.000000,1.000000,1.000000
dmd,47,1,negative-source,cpp-approved-execution,6,16.748,17.930,8.956265,8.384397,9.772903,1.000000,1.000000,1.000000,7.891420,7.723404,9.209032
dmd,47,1,padded,original,6,148.511,13.776,1.000000,1.000000,1.000000,8.912680,8.662857,9.053412,0.887352,0.851360,0.898938
dmd,47,1,padded,selected64,6,142.224,12.548,1.048938,1.024497,1.062987,8.458839,8.263318,8.654303,0.930787,0.890622,0.940422
dmd,47,1,padded,vector16store,6,131.580,13.155,1.126958,1.112424,1.174591,7.803313,7.707715,7.957418,1.000000,1.000000,1.000000
dmd,47,1,padded,cpp-approved-execution,6,16.663,10.403,8.912680,8.662857,9.053412,1.000000,1.000000,1.000000,7.803313,7.707715,7.957418
dmd,47,1,repeated-source,original,6,145.007,48.708,1.000000,1.000000,1.000000,8.789986,8.441700,9.005772,0.901567,0.877699,0.987592
dmd,47,1,repeated-source,selected64,6,140.674,65.359,1.042437,0.936424,1.054695,8.587126,8.292570,9.014822,0.929705,0.910566,1.019087
dmd,47,1,repeated-source,vector16store,6,129.712,65.462,1.109188,1.012564,1.139343,7.993140,7.676471,8.860029,1.000000,1.000000,1.000000
dmd,47,1,repeated-source,cpp-approved-execution,6,16.382,54.545,8.789986,8.441700,9.005772,1.000000,1.000000,1.000000,7.993140,7.676471,8.860029
dmd,47,1,universal,original,6,847.253,15.186,1.000000,1.000000,1.000000,26.930886,26.374520,28.116366,1.016329,0.996913,1.048372
dmd,47,1,universal,selected64,6,838.074,18.134,1.015518,0.990133,1.055416,26.320991,25.216434,28.159910,1.045093,1.012904,1.065406
dmd,47,1,universal,vector16store,6,867.639,13.881,0.983936,0.953860,1.003097,27.672540,26.854183,28.523273,1.000000,1.000000,1.000000
dmd,47,1,universal,cpp-approved-execution,6,31.494,12.946,26.930886,26.374520,28.116366,1.000000,1.000000,1.000000,27.672540,26.854183,28.523273
dmd,47,17,contiguous,original,6,754.421,74.641,1.000000,1.000000,1.000000,7.866459,7.714744,8.542169,0.717783,0.627174,0.720342
dmd,47,17,contiguous,selected64,6,666.311,64.242,1.142158,1.120072,1.213003,6.920483,6.740385,7.042169,0.816227,0.760764,0.847210
dmd,47,17,contiguous,vector16store,6,541.616,52.969,1.393179,1.388229,1.594453,5.639683,5.357430,5.805643,1.000000,1.000000,1.000000
dmd,47,17,contiguous,cpp-approved-execution,6,96.037,59.048,7.866459,7.714744,8.542169,1.000000,1.000000,1.000000,5.639683,5.357430,5.805643
dmd,47,17,negative-both,original,6,784.146,9.992,1.000000,1.000000,1.000000,3.901775,3.893871,3.996988,0.860003,0.844828,0.880923
dmd,47,17,negative-both,selected64,6,808.384,5.544,0.972973,0.964830,1.007391,4.017334,3.921739,4.058735,0.842277,0.834163,0.856772
dmd,47,17,negative-both,vector16store,6,674.390,6.058,1.162794,1.135172,1.183673,3.351702,3.337681,3.477410,1.000000,1.000000,1.000000
dmd,47,17,negative-both,cpp-approved-execution,6,200.457,8.669,3.901775,3.893871,3.996988,1.000000,1.000000,1.000000,3.351702,3.337681,3.477410
dmd,47,17,negative-source,original,6,785.518,9.470,1.000000,1.000000,1.000000,3.981952,3.919558,4.079223,0.873537,0.848290,0.895363
dmd,47,17,negative-source,selected64,6,791.006,9.520,0.987312,0.948496,1.005410,3.991538,3.970032,4.182390,0.854617,0.837505,0.894127
dmd,47,17,negative-source,vector16store,6,691.311,11.863,1.144781,1.116866,1.178843,3.526713,3.324921,3.560000,1.000000,1.000000,1.000000
dmd,47,17,negative-source,cpp-approved-execution,6,198.171,5.385,3.981952,3.919558,4.079223,1.000000,1.000000,1.000000,3.526713,3.324921,3.560000
dmd,47,17,padded,original,6,797.866,11.043,1.000000,1.000000,1.000000,3.863766,3.796486,4.200000,0.853607,0.808433,0.907829
dmd,47,17,padded,selected64,6,808.232,10.298,0.983278,0.940856,1.045610,4.000250,3.841339,4.035139,0.845343,0.811115,0.854490
dmd,47,17,padded,vector16store,6,682.774,11.297,1.171499,1.101529,1.236960,3.343454,3.253012,3.446559,1.000000,1.000000,1.000000
dmd,47,17,padded,cpp-approved-execution,6,205.335,9.354,3.863766,3.796486,4.200000,1.000000,1.000000,1.000000,3.343454,3.253012,3.446559
dmd,47,17,repeated-source,original,6,743.750,14.060,1.000000,1.000000,1.000000,3.834654,3.792937,3.980519,0.854414,0.840131,0.854846
dmd,47,17,repeated-source,selected64,6,773.476,13.914,0.974572,0.922686,0.994323,3.988985,3.923313,4.110754,0.832688,0.788754,0.835418
dmd,47,17,repeated-source,vector16store,6,629.573,14.140,1.170393,1.169802,1.190291,3.277153,3.242376,3.400000,1.000000,1.000000,1.000000
dmd,47,17,repeated-source,cpp-approved-execution,6,191.463,10.191,3.834654,3.792937,3.980519,1.000000,1.000000,1.000000,3.277153,3.242376,3.400000
dmd,47,17,universal,original,6,11011.585,13.401,1.000000,1.000000,1.000000,23.631864,23.230499,23.984728,1.018346,1.003406,1.063054
dmd,47,17,universal,selected64,6,10757.012,15.789,1.016958,0.955015,1.053560,23.201894,22.419228,24.757423,1.027827,1.015233,1.057149
dmd,47,17,universal,vector16store,6,11198.780,14.990,0.982006,0.940686,0.996606,23.826195,23.582687,25.134555,1.000000,1.000000,1.000000
dmd,47,17,universal,cpp-approved-execution,6,469.055,15.405,23.631864,23.230499,23.984728,1.000000,1.000000,1.000000,23.826195,23.582687,25.134555
dmd,47,128,contiguous,original,6,5202.326,12.785,1.000000,1.000000,1.000000,7.482424,7.261290,8.069204,0.660493,0.621784,0.690804
dmd,47,128,contiguous,selected64,6,4251.163,10.613,1.188301,1.171558,1.281319,6.313075,6.187097,6.361624,0.790116,0.774515,0.810740
dmd,47,128,contiguous,vector16store,6,3355.814,12.751,1.514337,1.447588,1.608276,4.991993,4.826797,5.059041,1.000000,1.000000,1.000000
dmd,47,128,contiguous,cpp-approved-execution,6,673.256,13.472,7.482424,7.261290,8.069204,1.000000,1.000000,1.000000,4.991993,4.826797,5.059041
dmd,47,128,negative-both,original,6,4466.279,12.809,1.000000,1.000000,1.000000,3.030141,2.993661,3.083861,0.767186,0.751668,0.775543
dmd,47,128,negative-both,selected64,6,4391.860,14.615,1.004234,0.991353,1.027041,2.995997,2.988906,3.110759,0.773357,0.745168,0.776365
dmd,47,128,negative-both,vector16store,6,3405.814,13.793,1.303471,1.289420,1.330375,2.319334,2.313821,2.344877,1.000000,1.000000,1.000000
dmd,47,128,negative-both,cpp-approved-execution,6,1467.442,12.361,3.030141,2.993661,3.083861,1.000000,1.000000,1.000000,2.319334,2.313821,2.344877
dmd,47,128,negative-source,original,6,4445.349,6.539,1.000000,1.000000,1.000000,3.003939,2.975610,3.088468,0.771449,0.752430,0.778142
dmd,47,128,negative-source,selected64,6,4423.256,5.415,0.994810,0.988776,1.028947,3.001564,2.995385,3.042276,0.771745,0.762694,0.774211
dmd,47,128,negative-source,vector16store,6,3418.605,5.374,1.296261,1.285112,1.329028,2.317886,2.300310,2.328051,1.000000,1.000000,1.000000
dmd,47,128,negative-source,cpp-approved-execution,6,1469.767,5.538,3.003939,2.975610,3.088468,1.000000,1.000000,1.000000,2.317886,2.300310,2.328051
dmd,47,128,padded,original,6,4352.326,11.435,1.000000,1.000000,1.000000,2.991288,2.925687,3.014610,0.785335,0.760494,0.788482
dmd,47,128,padded,selected64,6,4390.698,12.500,0.995107,0.972761,1.009110,2.977838,2.943457,3.099026,0.781167,0.748299,0.788482
dmd,47,128,padded,vector16store,6,3398.837,8.142,1.273342,1.268260,1.314935,2.309882,2.288262,2.371753,1.000000,1.000000,1.000000
dmd,47,128,padded,cpp-approved-execution,6,1470.930,9.012,2.991288,2.925687,3.014610,1.000000,1.000000,1.000000,2.309882,2.288262,2.371753
dmd,47,128,repeated-source,original,6,4279.070,13.261,1.000000,1.000000,1.000000,2.969843,2.898413,3.085271,0.784498,0.771859,0.801205
dmd,47,128,repeated-source,selected64,6,4389.535,10.649,0.996608,0.959627,1.041039,2.979919,2.894737,3.056962,0.782701,0.754141,0.816104
dmd,47,128,repeated-source,vector16store,6,3395.349,13.014,1.274701,1.248120,1.295573,2.335431,2.305380,2.381395,1.000000,1.000000,1.000000
dmd,47,128,repeated-source,cpp-approved-execution,6,1467.442,12.203,2.969843,2.898413,3.085271,1.000000,1.000000,1.000000,2.335431,2.305380,2.381395
dmd,47,128,universal,original,6,84600.000,17.898,1.000000,1.000000,1.000000,23.709597,22.186190,24.705231,0.975179,0.930569,1.016590
dmd,47,128,universal,selected64,6,81175.581,22.449,1.041740,0.976495,1.077716,23.096778,21.173243,24.292870,1.018434,0.908696,1.065224
dmd,47,128,universal,vector16store,6,84103.488,13.934,1.025462,0.983681,1.074611,23.259076,22.074838,23.913231,1.000000,1.000000,1.000000
dmd,47,128,universal,cpp-approved-execution,6,3711.628,17.105,23.709597,22.186190,24.705231,1.000000,1.000000,1.000000,23.259076,22.074838,23.913231
dmd,63,1,contiguous,original,6,160.120,15.369,1.000000,1.000000,1.000000,9.770222,9.283133,10.304598,0.852578,0.833240,0.858210
dmd,63,1,contiguous,selected64,6,150.183,9.234,1.075538,1.035097,1.099494,9.164666,8.662791,9.372126,0.913057,0.887490,0.935330
dmd,63,1,contiguous,vector16store,6,136.511,14.379,1.172918,1.165216,1.200134,8.330135,7.938953,8.748563,1.000000,1.000000,1.000000
dmd,63,1,contiguous,cpp-approved-execution,6,16.797,5.959,9.770222,9.283133,10.304598,1.000000,1.000000,1.000000,8.330135,7.938953,8.748563
dmd,63,1,negative-both,original,6,160.791,8.989,1.000000,1.000000,1.000000,8.619751,8.471354,8.755895,0.853921,0.816974,0.866892
dmd,63,1,negative-both,selected64,6,149.658,9.918,1.067682,1.060513,1.120474,8.029209,7.776316,8.187240,0.917634,0.896501,0.922846
dmd,63,1,negative-both,vector16store,6,136.096,9.023,1.171077,1.153546,1.224030,7.300992,7.118421,7.531207,1.000000,1.000000,1.000000
dmd,63,1,negative-both,cpp-approved-execution,6,18.652,11.649,8.619751,8.471354,8.755895,1.000000,1.000000,1.000000,7.300992,7.118421,7.531207
dmd,63,1,negative-source,original,6,160.132,8.828,1.000000,1.000000,1.000000,8.578419,8.421053,8.822478,0.857649,0.829763,0.906119
dmd,63,1,negative-source,selected64,6,151.941,6.749,1.071133,0.997051,1.100701,8.003968,7.921694,8.454068,0.914364,0.903446,0.934102
dmd,63,1,negative-source,vector16store,6,139.185,7.490,1.166005,1.103608,1.205164,7.318532,7.256739,7.637795,1.000000,1.000000,1.000000
dmd,63,1,negative-source,cpp-approved-execution,6,18.811,7.138,8.578419,8.421053,8.822478,1.000000,1.000000,1.000000,7.318532,7.256739,7.637795
dmd,63,1,padded,original,6,157.947,11.887,1.000000,1.000000,1.000000,8.472513,8.411367,8.943662,0.847366,0.836507,0.872875
dmd,63,1,padded,selected64,6,149.500,14.012,1.056507,1.018222,1.087498,8.062212,7.804374,8.783611,0.898575,0.861808,0.922519
dmd,63,1,padded,vector16store,6,135.620,9.649,1.180129,1.145640,1.195448,7.269759,7.099635,7.569782,1.000000,1.000000,1.000000
dmd,63,1,padded,cpp-approved-execution,6,18.518,11.074,8.472513,8.411367,8.943662,1.000000,1.000000,1.000000,7.269759,7.099635,7.569782
dmd,63,1,repeated-source,original,6,156.348,9.963,1.000000,1.000000,1.000000,8.419077,8.322497,8.488432,0.859049,0.844524,0.887500
dmd,63,1,repeated-source,selected64,6,147.437,7.650,1.064118,1.056998,1.081142,7.898494,7.807305,7.957004,0.913532,0.910804,0.938378
dmd,63,1,repeated-source,vector16store,6,135.925,8.119,1.164093,1.126761,1.184099,7.229331,7.128463,7.386216,1.000000,1.000000,1.000000
dmd,63,1,repeated-source,cpp-approved-execution,6,18.677,9.542,8.419077,8.322497,8.488432,1.000000,1.000000,1.000000,7.229331,7.128463,7.386216
dmd,63,1,universal,original,6,1112.659,53.967,1.000000,1.000000,1.000000,23.721879,22.362342,31.723378,1.002299,0.875569,1.032058
dmd,63,1,universal,selected64,6,1062.317,56.464,1.016058,0.987334,1.190975,23.699461,22.021097,26.636475,1.019472,0.998018,1.066085
dmd,63,1,universal,vector16store,6,1099.805,52.904,0.997781,0.968938,1.142114,23.802824,22.219409,27.776010,1.000000,1.000000,1.000000
dmd,63,1,universal,cpp-approved-execution,6,47.144,55.049,23.721879,22.362342,31.723378,1.000000,1.000000,1.000000,23.802824,22.219409,27.776010
dmd,63,17,contiguous,original,6,968.443,9.268,1.000000,1.000000,1.000000,7.816653,7.774306,7.976351,0.650196,0.637865,0.658776
dmd,63,17,contiguous,selected64,6,844.057,9.226,1.154707,1.127290,1.160535,6.769492,6.708333,7.006757,0.750775,0.726133,0.759526
dmd,63,17,contiguous,vector16store,6,623.156,8.287,1.538004,1.517966,1.567729,5.090393,5.066007,5.121528,1.000000,1.000000,1.000000
dmd,63,17,contiguous,cpp-approved-execution,6,122.746,8.681,7.816653,7.774306,7.976351,1.000000,1.000000,1.000000,5.090393,5.066007,5.121528
dmd,63,17,negative-both,original,6,1094.877,9.321,1.000000,1.000000,1.000000,4.655217,4.584642,4.802345,0.689695,0.677235,0.765957
dmd,63,17,negative-both,selected64,6,986.066,20.033,1.105307,1.013074,1.116537,4.181174,4.144852,4.740369,0.764149,0.755111,0.775972
dmd,63,17,negative-both,vector16store,6,755.328,22.952,1.449919,1.305556,1.476593,3.179268,3.166071,3.678392,1.000000,1.000000,1.000000
dmd,63,17,negative-both,cpp-approved-execution,6,237.705,6.379,4.655217,4.584642,4.802345,1.000000,1.000000,1.000000,3.179268,3.166071,3.678392
dmd,63,17,negative-source,original,6,1071.107,7.193,1.000000,1.000000,1.000000,4.576344,4.547038,4.693220,0.688427,0.675334,0.693870
dmd,63,17,negative-source,selected64,6,970.697,5.658,1.105002,1.101731,1.133907,4.135051,4.114082,4.143101,0.764378,0.755819,0.765766
dmd,63,17,negative-source,vector16store,6,741.803,5.856,1.452611,1.441193,1.480749,3.158820,3.122378,3.170358,1.000000,1.000000,1.000000
dmd,63,17,negative-source,cpp-approved-execution,6,234.836,5.061,4.576344,4.547038,4.693220,1.000000,1.000000,1.000000,3.158820,3.122378,3.170358
dmd,63,17,padded,original,6,1079.303,6.569,1.000000,1.000000,1.000000,4.557359,4.544503,4.651801,0.694110,0.672566,0.713378
dmd,63,17,padded,selected64,6,972.336,2.740,1.105061,1.077674,1.135678,4.121621,4.096055,4.222222,0.765280,0.763819,0.788517
dmd,63,17,padded,vector16store,6,743.238,5.955,1.440709,1.401781,1.486842,3.181768,3.128645,3.252129,1.000000,1.000000,1.000000
dmd,63,17,padded,cpp-approved-execution,6,235.656,5.043,4.557359,4.544503,4.651801,1.000000,1.000000,1.000000,3.181768,3.128645,3.252129
dmd,63,17,repeated-source,original,6,1074.795,22.040,1.000000,1.000000,1.000000,4.655730,4.535783,4.912605,0.692615,0.670306,0.779678
dmd,63,17,repeated-source,selected64,6,962.090,16.741,1.109762,1.055777,1.238035,4.186145,3.968067,4.418440,0.763805,0.737450,0.965269
dmd,63,17,repeated-source,vector16store,6,743.443,36.659,1.443860,1.282580,1.491857,3.233693,3.121857,3.830252,1.000000,1.000000,1.000000
dmd,63,17,repeated-source,cpp-approved-execution,6,229.713,13.916,4.655730,4.535783,4.912605,1.000000,1.000000,1.000000,3.233693,3.121857,3.830252
dmd,63,17,universal,original,6,14763.730,10.568,1.000000,1.000000,1.000000,23.315656,22.219138,25.068286,1.014490,0.993093,1.072999
dmd,63,17,universal,selected64,6,14340.369,20.237,1.016211,0.937115,1.041687,22.873521,22.375326,26.750492,1.035738,0.953830,1.058489
dmd,63,17,universal,vector16store,6,14978.893,15.344,0.985728,0.931967,1.006955,23.690940,23.246736,25.515430,1.000000,1.000000,1.000000
dmd,63,17,universal,cpp-approved-execution,6,626.025,13.682,23.315656,22.219138,25.068286,1.000000,1.000000,1.000000,23.690940,23.246736,25.515430
dmd,63,128,contiguous,original,6,6587.500,8.349,1.000000,1.000000,1.000000,6.417015,6.352410,6.618012,0.607778,0.586579,0.626459
dmd,63,128,contiguous,selected64,6,5554.688,9.564,1.177755,1.156250,1.226828,5.449141,5.394410,5.557994,0.715932,0.710526,0.726452
dmd,63,128,contiguous,vector16store,6,4004.688,9.208,1.645338,1.596273,1.704800,3.892801,3.849673,4.037618,1.000000,1.000000,1.000000
dmd,63,128,contiguous,cpp-approved-execution,6,1012.500,8.025,6.417015,6.352410,6.618012,1.000000,1.000000,1.000000,3.892801,3.849673,4.037618
dmd,63,128,negative-both,original,6,6807.812,9.318,1.000000,1.000000,1.000000,3.933797,3.831560,3.947183,0.606748,0.594960,0.705805
dmd,63,128,negative-both,selected64,6,5828.125,16.032,1.154567,1.093556,1.188312,3.362018,3.307551,3.599656,0.704473,0.690683,0.771838
dmd,63,128,negative-both,vector16store,6,4101.562,26.514,1.648134,1.416821,1.680784,2.348936,2.320922,2.778351,1.000000,1.000000,1.000000
dmd,63,128,negative-both,cpp-approved-execution,6,1753.125,6.952,3.933797,3.831560,3.947183,1.000000,1.000000,1.000000,2.348936,2.320922,2.778351
dmd,63,128,negative-source,original,6,6639.062,6.025,1.000000,1.000000,1.000000,3.855565,3.771478,3.944144,0.605577,0.594077,0.607262
dmd,63,128,negative-source,selected64,6,5692.188,7.027,1.164167,1.151626,1.167119,3.308810,3.274401,3.381982,0.705480,0.684155,0.708627
dmd,63,128,negative-source,vector16store,6,4026.562,6.597,1.651324,1.646735,1.683282,2.340387,2.240550,2.383784,1.000000,1.000000,1.000000
dmd,63,128,negative-source,cpp-approved-execution,6,1717.188,7.097,3.855565,3.771478,3.944144,1.000000,1.000000,1.000000,2.340387,2.240550,2.383784
dmd,63,128,padded,original,6,6687.500,10.140,1.000000,1.000000,1.000000,3.786096,3.512356,3.856373,0.611636,0.595775,0.631107
dmd,63,128,padded,selected64,6,5737.500,11.710,1.158196,1.147044,1.200676,3.267543,3.051071,3.279933,0.715633,0.702362,0.723907
dmd,63,128,padded,vector16store,6,4125.000,13.030,1.634979,1.584517,1.678487,2.315755,2.202636,2.374368,1.000000,1.000000,1.000000
dmd,63,128,padded,cpp-approved-execution,6,1781.250,13.684,3.786096,3.512356,3.856373,1.000000,1.000000,1.000000,2.315755,2.202636,2.374368
dmd,63,128,repeated-source,original,6,6603.125,8.708,1.000000,1.000000,1.000000,3.827354,2.981638,3.907197,0.613286,0.607109,0.631454
dmd,63,128,repeated-source,selected64,6,5687.500,12.033,1.163794,1.069944,1.195759,3.273385,2.786723,3.356061,0.713425,0.675621,0.728113
dmd,63,128,repeated-source,vector16store,6,4059.375,8.006,1.630560,1.583646,1.647149,2.340679,1.882768,2.397727,1.000000,1.000000,1.000000
dmd,63,128,repeated-source,cpp-approved-execution,6,1737.500,32.374,3.827354,2.981638,3.907197,1.000000,1.000000,1.000000,2.340679,1.882768,2.397727
dmd,63,128,universal,original,6,112554.688,13.541,1.000000,1.000000,1.000000,23.896197,23.513798,25.559692,0.989904,0.918211,1.022582
dmd,63,128,universal,selected64,6,110068.750,12.529,1.044318,0.967030,1.056931,23.141919,22.320817,25.005340,1.031400,0.970228,1.034471
dmd,63,128,universal,vector16store,6,112760.938,7.560,1.010224,0.977916,1.089074,23.430391,22.997365,24.726969,1.000000,1.000000,1.000000
dmd,63,128,universal,cpp-approved-execution,6,4750.000,5.132,23.896197,23.513798,25.559692,1.000000,1.000000,1.000000,23.430391,22.997365,24.726969
dmd,64,1,contiguous,original,6,158.972,6.803,1.000000,1.000000,1.000000,13.249566,12.872137,13.351695,0.819009,0.801650,0.849492
dmd,64,1,contiguous,selected64,6,132.520,13.836,1.212654,1.122938,1.228460,10.881533,10.549618,11.856855,0.988401,0.914980,1.032019
dmd,64,1,contiguous,vector16store,6,130.200,12.245,1.221020,1.177174,1.247427,10.861638,10.703390,11.153386,1.000000,1.000000,1.000000
dmd,64,1,contiguous,cpp-approved-execution,6,11.987,10.591,13.249566,12.872137,13.351695,1.000000,1.000000,1.000000,10.861638,10.703390,11.153386
dmd,64,1,negative-both,original,6,160.193,13.564,1.000000,1.000000,1.000000,10.325267,10.118506,11.077760,0.807177,0.753615,0.841988
dmd,64,1,negative-both,selected64,6,131.567,7.942,1.231958,1.177861,1.281576,8.613726,8.314873,8.652597,0.988066,0.965815,0.998097
dmd,64,1,negative-both,vector16store,6,130.054,5.482,1.239007,1.187666,1.326937,8.378409,8.248377,8.581169,1.000000,1.000000,1.000000
dmd,64,1,negative-both,cpp-approved-execution,6,15.430,4.272,10.325267,10.118506,11.077760,1.000000,1.000000,1.000000,8.378409,8.248377,8.581169
dmd,64,1,negative-source,original,6,159.033,6.478,1.000000,1.000000,1.000000,10.258994,10.144481,10.333861,0.809670,0.803093,0.865713
dmd,64,1,negative-source,selected64,6,128.979,7.590,1.225287,1.193672,1.246850,8.359177,8.253247,8.651899,0.992083,0.972751,1.065505
dmd,64,1,negative-source,vector16store,6,128.955,10.621,1.235073,1.155117,1.245186,8.277690,8.222393,8.905063,1.000000,1.000000,1.000000
dmd,64,1,negative-source,cpp-approved-execution,6,15.430,5.696,10.258994,10.144481,10.333861,1.000000,1.000000,1.000000,8.277690,8.222393,8.905063
dmd,64,1,padded,original,6,161.743,19.215,1.000000,1.000000,1.000000,10.482595,10.113636,11.543077,0.809125,0.739971,0.838796
dmd,64,1,padded,selected64,6,131.604,9.647,1.230291,1.216322,1.329848,8.495749,8.289557,8.680000,0.992451,0.952954,1.062455
dmd,64,1,padded,vector16store,6,127.771,15.286,1.235962,1.192185,1.351405,8.316004,8.251582,9.147920,1.000000,1.000000,1.000000
dmd,64,1,padded,cpp-approved-execution,6,15.430,5.380,10.482595,10.113636,11.543077,1.000000,1.000000,1.000000,8.316004,8.251582,9.147920
dmd,64,1,repeated-source,original,6,159.473,15.003,1.000000,1.000000,1.000000,10.324687,10.137987,10.878931,0.811908,0.778581,0.837387
dmd,64,1,repeated-source,selected64,6,131.335,6.971,1.216462,1.095959,1.257327,8.423314,8.316038,9.457243,0.986890,0.887249,1.025903
dmd,64,1,repeated-source,vector16store,6,131.323,12.158,1.231677,1.194191,1.284388,8.430525,8.254870,8.531447,1.000000,1.000000,1.000000
dmd,64,1,repeated-source,cpp-approved-execution,6,15.479,13.249,10.324687,10.137987,10.878931,1.000000,1.000000,1.000000,8.430525,8.254870,8.531447
dmd,64,1,universal,original,6,1096.643,13.344,1.000000,1.000000,1.000000,25.765233,21.931863,28.466867,1.001197,0.962311,1.031089
dmd,64,1,universal,selected64,6,1097.095,10.512,1.028149,0.982239,1.068468,24.601489,21.973517,27.132530,1.029380,1.002503,1.039121
dmd,64,1,universal,vector16store,6,1120.935,10.363,0.998805,0.969848,1.039166,25.316350,22.384314,28.193976,1.000000,1.000000,1.000000
dmd,64,1,universal,cpp-approved-execution,6,43.457,25.899,25.765233,21.931863,28.466867,1.000000,1.000000,1.000000,25.316350,22.384314,28.193976
dmd,64,17,contiguous,original,6,971.250,8.966,1.000000,1.000000,1.000000,8.081191,8.017007,8.150171,0.543125,0.540201,0.548548
dmd,64,17,contiguous,selected64,6,513.958,9.891,1.890348,1.883685,1.911930,4.259885,4.251701,4.313131,1.029160,1.019200,1.043141
dmd,64,17,contiguous,vector16store,6,526.042,8.871,1.841199,1.822994,1.851163,4.388428,4.333333,4.447811,1.000000,1.000000,1.000000
dmd,64,17,contiguous,cpp-approved-execution,6,120.625,8.636,8.081191,8.017007,8.150171,1.000000,1.000000,1.000000,4.388428,4.333333,4.447811
dmd,64,17,negative-both,original,6,1069.583,13.323,1.000000,1.000000,1.000000,6.200595,6.040302,6.699267,0.615622,0.564964,0.637189
dmd,64,17,negative-both,selected64,6,650.833,7.875,1.616679,1.583884,1.753039,3.821297,3.813602,3.897619,0.992639,0.954795,1.035279
dmd,64,17,negative-both,vector16store,6,649.167,7.574,1.624384,1.569393,1.770026,3.793611,3.721429,3.955882,1.000000,1.000000,1.000000
dmd,64,17,negative-both,cpp-approved-execution,6,170.208,5.630,6.200595,6.040302,6.699267,1.000000,1.000000,1.000000,3.793611,3.721429,3.955882
dmd,64,17,negative-source,original,6,1081.042,8.325,1.000000,1.000000,1.000000,6.297942,6.174020,6.330900,0.606430,0.599539,0.612679
dmd,64,17,negative-source,selected64,6,664.375,7.902,1.635004,1.614856,1.645222,3.840067,3.811905,3.916870,0.990517,0.980625,0.998645
dmd,64,17,negative-source,vector16store,6,651.875,7.351,1.649040,1.632177,1.667949,3.797326,3.781863,3.875306,1.000000,1.000000,1.000000
dmd,64,17,negative-source,cpp-approved-execution,6,170.833,8.049,6.297942,6.174020,6.330900,1.000000,1.000000,1.000000,3.797326,3.781863,3.875306
dmd,64,17,padded,original,6,1069.583,17.296,1.000000,1.000000,1.000000,6.207696,5.824524,6.882927,0.609428,0.570872,0.675862
dmd,64,17,padded,selected64,6,659.792,28.292,1.632397,1.440900,1.650292,3.863655,3.769608,4.170732,0.982525,0.942105,0.995449
dmd,64,17,padded,vector16store,6,647.917,26.109,1.640919,1.479592,1.751707,3.793333,3.752451,3.936575,1.000000,1.000000,1.000000
dmd,64,17,padded,cpp-approved-execution,6,170.417,21.027,6.207696,5.824524,6.882927,1.000000,1.000000,1.000000,3.793333,3.752451,3.936575
dmd,64,17,repeated-source,original,6,1010.625,8.452,1.000000,1.000000,1.000000,6.037688,5.919169,6.120907,0.616616,0.607547,0.905411
dmd,64,17,repeated-source,selected64,6,619.167,9.892,1.631085,1.610937,1.636608,3.713623,3.651106,3.745592,1.008413,0.985044,1.475101
dmd,64,17,repeated-source,vector16store,6,624.583,50.233,1.621904,1.104471,1.645963,3.728968,3.640704,5.507538,1.000000,1.000000,1.000000
dmd,64,17,repeated-source,cpp-approved-execution,6,165.833,11.558,6.037688,5.919169,6.120907,1.000000,1.000000,1.000000,3.728968,3.640704,5.507538
dmd,64,17,universal,original,6,15241.458,19.784,1.000000,1.000000,1.000000,23.712975,23.276962,26.999344,0.994773,0.935281,1.054256
dmd,64,17,universal,selected64,6,14966.250,12.704,1.037108,1.003052,1.077654,23.227890,22.635294,25.053806,1.030903,1.007909,1.057474
dmd,64,17,universal,vector16store,6,15517.917,10.217,1.005257,0.948536,1.069198,24.261298,23.384314,25.251969,1.000000,1.000000,1.000000
dmd,64,17,universal,cpp-approved-execution,6,636.250,7.924,23.712975,23.276962,26.999344,1.000000,1.000000,1.000000,24.261298,23.384314,25.251969
dmd,64,128,contiguous,original,6,6785.938,62.906,1.000000,1.000000,1.000000,6.469833,6.369942,7.580060,0.485880,0.415305,0.522945
dmd,64,128,contiguous,selected64,6,3134.375,56.929,2.148319,2.067542,2.521608,3.030452,2.987578,3.080925,1.035117,1.011257,1.137214
dmd,64,128,contiguous,vector16store,6,3312.500,56.415,2.058125,1.912249,2.407869,3.137271,3.113208,3.397516,1.000000,1.000000,1.000000
dmd,64,128,contiguous,cpp-approved-execution,6,1035.938,55.204,6.469833,6.369942,7.580060,1.000000,1.000000,1.000000,3.137271,3.113208,3.397516
dmd,64,128,negative-both,original,6,6773.438,11.857,1.000000,1.000000,1.000000,5.269512,5.145320,5.513317,0.505216,0.484916,0.514356
dmd,64,128,negative-both,selected64,6,3450.000,22.283,1.970081,1.800000,1.990009,2.660239,2.628079,3.062954,0.990041,0.901976,1.019627
dmd,64,128,negative-both,vector16store,6,3414.062,9.336,1.979482,1.944177,2.062214,2.633744,2.590047,2.762712,1.000000,1.000000,1.000000
dmd,64,128,negative-both,cpp-approved-execution,6,1292.188,8.948,5.269512,5.145320,5.513317,1.000000,1.000000,1.000000,2.633744,2.590047,2.762712
dmd,64,128,negative-source,original,6,6606.250,59.130,1.000000,1.000000,1.000000,5.121351,5.081340,5.377215,0.506924,0.488230,0.515066
dmd,64,128,negative-source,selected64,6,3343.750,57.757,1.958873,1.923913,2.024786,2.637077,2.585023,2.704545,0.991739,0.988561,0.994225
dmd,64,128,negative-source,vector16store,6,3320.312,57.318,1.972703,1.941499,2.048216,2.616494,2.561622,2.684343,1.000000,1.000000,1.000000
dmd,64,128,negative-source,cpp-approved-execution,6,1253.125,61.347,5.121351,5.081340,5.377215,1.000000,1.000000,1.000000,2.616494,2.561622,2.684343
dmd,64,128,padded,original,6,6648.438,71.210,1.000000,1.000000,1.000000,5.164231,5.130307,5.254950,0.502898,0.496575,0.510526
dmd,64,128,padded,selected64,6,3365.625,71.866,1.964831,1.935185,1.993427,2.634952,2.600484,2.660099,0.993854,0.973154,0.998122
dmd,64,128,padded,vector16store,6,3335.938,68.571,1.988503,1.958763,2.013793,2.620389,2.547584,2.631188,1.000000,1.000000,1.000000
dmd,64,128,padded,cpp-approved-execution,6,1279.688,72.772,5.164231,5.130307,5.254950,1.000000,1.000000,1.000000,2.620389,2.547584,2.631188
dmd,64,128,repeated-source,original,6,6707.812,8.526,1.000000,1.000000,1.000000,5.258425,4.706009,5.398034,0.500377,0.497666,0.566347
dmd,64,128,repeated-source,selected64,6,3381.250,16.636,1.971249,1.833612,1.998134,2.655483,2.566524,2.776413,0.993757,0.981685,1.046903
dmd,64,128,repeated-source,vector16store,6,3340.625,21.796,1.998495,1.765700,2.009381,2.633109,2.620000,2.906634,1.000000,1.000000,1.000000
dmd,64,128,repeated-source,cpp-approved-execution,6,1267.188,20.222,5.258425,4.706009,5.398034,1.000000,1.000000,1.000000,2.633109,2.620000,2.906634
dmd,64,128,universal,original,6,117046.875,11.697,1.000000,1.000000,1.000000,23.929238,23.675505,25.913183,0.998049,0.932374,1.081634
dmd,64,128,universal,selected64,6,113701.562,6.791,1.036532,0.982451,1.106337,23.284564,22.671086,24.241894,1.040488,1.024645,1.062652
dmd,64,128,universal,vector16store,6,117589.062,10.311,1.001955,0.924527,1.072531,24.047053,23.792298,25.760700,1.000000,1.000000,1.000000
dmd,64,128,universal,cpp-approved-execution,6,4867.188,5.136,23.929238,23.675505,25.913183,1.000000,1.000000,1.000000,24.047053,23.792298,25.760700
dmd,65,1,contiguous,original,6,163.120,71.324,1.000000,1.000000,1.000000,12.119957,11.762473,12.442344,0.814884,0.800365,0.848448
dmd,65,1,contiguous,selected64,6,133.693,71.107,1.211502,1.188800,1.255157,9.883917,9.701735,10.340074,0.983931,0.968889,1.064935
dmd,65,1,contiguous,vector16store,6,133.358,70.950,1.227168,1.178623,1.249431,9.863184,9.575922,10.422430,1.000000,1.000000,1.000000
dmd,65,1,contiguous,cpp-approved-execution,6,13.368,75.510,12.119957,11.762473,12.442344,1.000000,1.000000,1.000000,9.863184,9.575922,10.422430
dmd,65,1,negative-both,original,6,161.037,11.597,1.000000,1.000000,1.000000,9.573717,5.823678,9.694030,0.814017,0.805389,1.372693
dmd,65,1,negative-both,selected64,6,135.045,83.287,1.191045,0.720698,1.255505,7.997534,6.968254,8.375940,0.988852,0.939982,1.076310
dmd,65,1,negative-both,vector16store,6,130.494,85.356,1.228477,0.728495,1.241636,7.815084,7.500000,7.994123,1.000000,1.000000,1.000000
dmd,65,1,negative-both,cpp-approved-execution,6,16.753,81.125,9.573717,5.823678,9.694030,1.000000,1.000000,1.000000,7.815084,7.500000,7.994123
dmd,65,1,negative-source,original,6,160.603,74.110,1.000000,1.000000,1.000000,9.639106,8.695594,9.892805,0.824640,0.799317,0.849544
dmd,65,1,negative-source,selected64,6,133.160,82.827,1.205081,1.148967,1.248517,7.933740,7.216288,8.034691,0.993061,0.976098,1.012211
dmd,65,1,negative-source,vector16store,6,132.688,80.262,1.212652,1.177102,1.251068,7.867161,7.304406,7.980480,1.000000,1.000000,1.000000
dmd,65,1,negative-source,cpp-approved-execution,6,16.704,91.166,9.639106,8.695594,9.892805,1.000000,1.000000,1.000000,7.867161,7.304406,7.980480
dmd,65,1,padded,original,6,164.410,19.068,1.000000,1.000000,1.000000,9.681518,5.798905,10.279586,0.811669,0.778098,1.228444
dmd,65,1,padded,selected64,6,134.549,74.949,1.209627,0.813770,1.279507,7.995720,7.125978,8.238519,0.985057,0.962237,0.999671
dmd,65,1,padded,vector16store,6,131.845,76.467,1.232030,0.814038,1.285186,7.887330,7.123631,7.998521,1.000000,1.000000,1.000000
dmd,65,1,padded,cpp-approved-execution,6,16.753,94.301,9.681518,5.798905,10.279586,1.000000,1.000000,1.000000,7.887330,7.123631,7.998521
dmd,65,1,repeated-source,original,6,158.333,61.106,1.000000,1.000000,1.000000,9.559477,9.218023,15.137048,0.814727,0.784997,0.827838
dmd,65,1,repeated-source,selected64,6,131.833,61.499,1.206392,1.179030,1.226566,7.950738,7.773643,12.474398,0.987702,0.952553,0.991225
dmd,65,1,repeated-source,vector16store,6,128.993,56.143,1.227455,1.207965,1.273891,7.862026,7.558140,11.882530,1.000000,1.000000,1.000000
dmd,65,1,repeated-source,cpp-approved-execution,6,16.456,6.481,9.559477,9.218023,15.137048,1.000000,1.000000,1.000000,7.862026,7.558140,11.882530
dmd,65,1,universal,original,6,1130.047,53.435,1.000000,1.000000,1.000000,25.248695,19.312702,27.431490,1.012913,0.921852,1.024768
dmd,65,1,universal,selected64,6,1115.898,68.668,1.011087,0.915394,1.045777,24.571640,21.097683,27.186005,1.023935,0.843859,1.038962
dmd,65,1,universal,vector16store,6,1151.042,40.280,0.987252,0.975831,1.084772,25.131328,17.803461,27.843301,1.000000,1.000000,1.000000
dmd,65,1,universal,cpp-approved-execution,6,43.936,103.302,25.248695,19.312702,27.431490,1.000000,1.000000,1.000000,25.131328,17.803461,27.843301
dmd,65,17,contiguous,original,6,982.489,86.365,1.000000,1.000000,1.000000,7.949944,7.859589,7.966216,0.547201,0.500588,0.551544
dmd,65,17,contiguous,selected64,6,533.333,72.943,1.834689,1.807087,1.982751,4.319035,4.009346,4.349315,1.002816,0.992541,1.009554
dmd,65,17,contiguous,vector16store,6,533.755,71.383,1.827483,1.813091,1.997651,4.332192,3.979439,4.360269,1.000000,1.000000,1.000000
dmd,65,17,contiguous,cpp-approved-execution,6,124.051,86.054,7.949944,7.859589,7.966216,1.000000,1.000000,1.000000,4.332192,3.979439,4.360269
dmd,65,17,negative-both,original,6,1094.093,11.377,1.000000,1.000000,1.000000,5.523659,5.469828,5.689655,0.623351,0.614554,0.636364
dmd,65,17,negative-both,selected64,6,669.620,7.813,1.620694,1.575030,1.679279,3.414842,3.363636,3.485356,1.004749,0.977791,1.055276
dmd,65,17,negative-both,vector16store,6,679.747,13.222,1.604259,1.571429,1.627196,3.424373,3.382479,3.620690,1.000000,1.000000,1.000000
dmd,65,17,negative-both,cpp-approved-execution,6,196.624,9.657,5.523659,5.469828,5.689655,1.000000,1.000000,1.000000,3.424373,3.382479,3.620690
dmd,65,17,negative-source,original,6,1089.030,63.580,1.000000,1.000000,1.000000,5.537715,5.501071,6.283333,0.612237,0.464191,0.629428
dmd,65,17,negative-source,selected64,6,673.207,27.766,1.631214,1.593672,2.094444,3.392473,3.000000,3.451820,0.998742,0.972222,1.003102
dmd,65,17,negative-source,vector16store,6,673.840,24.609,1.633358,1.588745,2.154286,3.389314,2.916667,3.462527,1.000000,1.000000,1.000000
dmd,65,17,negative-source,cpp-approved-execution,6,196.624,44.635,5.537715,5.501071,6.283333,1.000000,1.000000,1.000000,3.389314,2.916667,3.462527
dmd,65,17,padded,original,6,1103.797,31.346,1.000000,1.000000,1.000000,5.502153,4.489458,6.160681,0.611793,0.602482,0.659712
dmd,65,17,padded,selected64,6,674.684,20.826,1.637063,1.633415,1.869765,3.347742,2.743976,3.404167,1.001607,0.985730,1.233505
dmd,65,17,padded,vector16store,6,677.215,41.246,1.634540,1.515814,1.659800,3.361516,2.704819,4.064272,1.000000,1.000000,1.000000
dmd,65,17,padded,cpp-approved-execution,6,200.000,46.414,5.502153,4.489458,6.160681,1.000000,1.000000,1.000000,3.361516,2.704819,4.064272
dmd,65,17,repeated-source,original,6,1062.447,28.713,1.000000,1.000000,1.000000,5.486429,5.437500,6.954955,0.605148,0.599607,0.629409
dmd,65,17,repeated-source,selected64,6,642.405,15.567,1.659043,1.615437,1.815403,3.326404,3.293362,3.831081,1.004321,0.978142,1.137566
dmd,65,17,repeated-source,vector16store,6,640.928,33.114,1.652488,1.588791,1.667759,3.329365,3.267666,4.358108,1.000000,1.000000,1.000000
dmd,65,17,repeated-source,cpp-approved-execution,6,191.561,7.489,5.486429,5.437500,6.954955,1.000000,1.000000,1.000000,3.329365,3.267666,4.358108
dmd,65,17,universal,original,6,15829.958,12.000,1.000000,1.000000,1.000000,23.763811,20.395325,24.180805,0.980900,0.960898,1.008198
dmd,65,17,universal,selected64,6,15371.519,11.543,1.029869,1.022835,1.044926,22.889054,19.518442,23.608050,1.023473,0.984211,1.043046
dmd,65,17,universal,vector16store,6,15620.675,9.605,1.019487,0.991868,1.040693,23.310032,19.927273,23.938295,1.000000,1.000000,1.000000
dmd,65,17,universal,cpp-approved-execution,6,664.346,27.882,23.763811,20.395325,24.180805,1.000000,1.000000,1.000000,23.310032,19.927273,23.938295
dmd,65,128,contiguous,original,6,6827.419,8.694,1.000000,1.000000,1.000000,6.373350,5.982955,6.595166,0.495816,0.478241,0.516190
dmd,65,128,contiguous,selected64,6,3396.774,10.541,2.034519,1.926807,2.040187,3.132527,3.093567,3.232628,1.002183,0.958829,1.049618
dmd,65,128,contiguous,vector16store,6,3374.194,10.516,2.016880,1.937273,2.090996,3.156232,2.977273,3.293413,1.000000,1.000000,1.000000
dmd,65,128,contiguous,cpp-approved-execution,6,1072.581,12.030,6.373350,5.982955,6.595166,1.000000,1.000000,1.000000,3.156232,2.977273,3.293413
dmd,65,128,negative-both,original,6,6917.742,28.212,1.000000,1.000000,1.000000,4.889023,4.649667,5.674468,0.511485,0.501786,0.548556
dmd,65,128,negative-both,selected64,6,3501.613,13.542,1.991344,1.945283,2.224354,2.475687,2.332594,2.551064,1.001901,0.995283,1.220183
dmd,65,128,negative-both,vector16store,6,3548.387,37.091,1.955091,1.822967,1.992883,2.500665,2.341463,3.112766,1.000000,1.000000,1.000000
dmd,65,128,negative-both,cpp-approved-execution,6,1441.935,10.962,4.889023,4.649667,5.674468,1.000000,1.000000,1.000000,2.500665,2.341463,3.112766
dmd,65,128,negative-source,original,6,6837.097,48.549,1.000000,1.000000,1.000000,4.887248,4.382042,4.900693,0.511117,0.366688,0.584572
dmd,65,128,negative-source,selected64,6,3487.097,28.492,1.962522,1.914736,2.259205,2.493649,2.162420,2.556872,1.000967,0.828424,1.154762
dmd,65,128,negative-source,vector16store,6,3493.548,37.119,1.956501,1.710653,2.727111,2.502917,1.791401,2.561620,1.000000,1.000000,1.000000
dmd,65,128,negative-source,cpp-approved-execution,6,1396.774,48.037,4.887248,4.382042,4.900693,1.000000,1.000000,1.000000,2.502917,1.791401,2.561620
dmd,65,128,padded,original,6,6830.645,8.878,1.000000,1.000000,1.000000,4.880678,4.807339,5.154762,0.520961,0.487298,0.532448
dmd,65,128,padded,selected64,6,3503.226,8.379,1.939931,1.917658,2.006487,2.511783,2.501182,2.587007,1.009048,0.977757,1.027372
dmd,65,128,padded,vector16store,6,3503.226,9.853,1.919544,1.878116,2.052133,2.537495,2.497706,2.628770,1.000000,1.000000,1.000000
dmd,65,128,padded,cpp-approved-execution,6,1377.419,6.557,4.880678,4.807339,5.154762,1.000000,1.000000,1.000000,2.537495,2.497706,2.628770
dmd,65,128,repeated-source,original,6,6611.290,63.869,1.000000,1.000000,1.000000,4.880898,4.461957,4.894988,0.519369,0.512433,0.537759
dmd,65,128,repeated-source,selected64,6,3388.710,66.921,1.931738,1.904872,1.957061,2.510863,2.342391,2.549878,1.002863,0.998101,1.024362
dmd,65,128,repeated-source,vector16store,6,3390.323,70.695,1.925426,1.859570,1.951475,2.510933,2.399457,2.557178,1.000000,1.000000,1.000000
dmd,65,128,repeated-source,cpp-approved-execution,6,1351.613,78.520,4.880898,4.461957,4.894988,1.000000,1.000000,1.000000,2.510933,2.399457,2.557178
dmd,65,128,universal,original,6,116277.419,23.611,1.000000,1.000000,1.000000,23.612629,22.076923,27.651832,1.000846,0.935056,1.139300
dmd,65,128,universal,selected64,6,114193.548,19.364,1.031476,0.946926,1.123481,22.893493,21.921216,26.224476,1.044880,0.985950,1.078833
dmd,65,128,universal,vector16store,6,120016.129,20.822,0.999159,0.877732,1.069454,23.661374,22.885236,25.863806,1.000000,1.000000,1.000000
dmd,65,128,universal,cpp-approved-execution,6,5041.935,10.685,23.612629,22.076923,27.651832,1.000000,1.000000,1.000000,23.661374,22.885236,25.863806
dmd,95,1,contiguous,original,6,193.240,58.970,1.000000,1.000000,1.000000,9.845944,9.307273,10.413408,0.760815,0.749260,0.788240
dmd,95,1,contiguous,selected64,6,161.218,67.783,1.181319,1.124549,1.255783,8.235706,8.078182,8.879310,0.909985,0.842580,0.942511
dmd,95,1,contiguous,vector16store,6,148.586,54.885,1.314595,1.268649,1.334650,7.499811,7.336364,7.815642,1.000000,1.000000,1.000000
dmd,95,1,contiguous,cpp-approved-execution,6,19.536,55.288,9.845944,9.307273,10.413408,1.000000,1.000000,1.000000,7.499811,7.336364,7.815642
dmd,95,1,negative-both,original,6,195.288,57.739,1.000000,1.000000,1.000000,8.244818,7.190561,8.403698,0.781216,0.775018,0.844954
dmd,95,1,negative-both,selected64,6,161.798,68.257,1.177790,1.112259,1.218834,6.937349,6.464826,7.223421,0.929425,0.909556,0.945389
dmd,95,1,negative-both,vector16store,6,152.900,70.404,1.280056,1.183497,1.290292,6.412831,6.075690,6.579439,1.000000,1.000000,1.000000
dmd,95,1,negative-both,cpp-approved-execution,6,23.396,79.628,8.244818,7.190561,8.403698,1.000000,1.000000,1.000000,6.412831,6.075690,6.579439
dmd,95,1,negative-source,original,6,189.199,56.954,1.000000,1.000000,1.000000,8.164923,7.896296,8.307933,0.770519,0.714411,0.776574
dmd,95,1,negative-source,selected64,6,158.173,54.285,1.200191,1.185340,1.215857,6.850788,6.543704,6.897600,0.919668,0.868622,0.928458
dmd,95,1,negative-source,vector16store,6,145.832,45.085,1.297829,1.287707,1.399754,6.204614,5.935282,6.368421,1.000000,1.000000,1.000000
dmd,95,1,negative-source,cpp-approved-execution,6,23.559,53.846,8.164923,7.896296,8.307933,1.000000,1.000000,1.000000,6.204614,5.935282,6.368421
dmd,95,1,padded,original,6,188.311,52.257,1.000000,1.000000,1.000000,8.190023,8.157635,8.260606,0.774312,0.753302,0.791698
dmd,95,1,padded,selected64,6,159.732,62.786,1.186228,1.104355,1.210480,6.888066,6.824242,7.456592,0.916533,0.870203,0.924934
dmd,95,1,padded,vector16store,6,145.959,54.482,1.291484,1.263107,1.327490,6.326730,6.222727,6.488746,1.000000,1.000000,1.000000
dmd,95,1,padded,cpp-approved-execution,6,22.997,51.064,8.190023,8.157635,8.260606,1.000000,1.000000,1.000000,6.326730,6.222727,6.488746
dmd,95,1,repeated-source,original,6,187.586,13.545,1.000000,1.000000,1.000000,8.403920,8.243200,8.723308,0.764748,0.709705,0.835514
dmd,95,1,repeated-source,selected64,6,157.829,6.430,1.207542,1.171935,1.337252,6.986648,6.523308,7.159490,0.925114,0.887057,0.993594
dmd,95,1,repeated-source,vector16store,6,144.400,10.643,1.307651,1.196869,1.409036,6.364239,6.190977,6.893651,1.000000,1.000000,1.000000
dmd,95,1,repeated-source,cpp-approved-execution,6,22.689,11.022,8.403920,8.243200,8.723308,1.000000,1.000000,1.000000,6.364239,6.190977,6.893651
dmd,95,1,universal,original,6,1535.738,32.338,1.000000,1.000000,1.000000,22.992162,21.844985,24.502240,1.014191,0.975836,1.092176
dmd,95,1,universal,selected64,6,1504.784,39.401,1.013190,0.953826,1.043743,22.994028,21.509119,23.547041,1.035364,0.991074,1.054346
dmd,95,1,universal,vector16store,6,1548.043,42.835,0.986058,0.915604,1.024762,23.789320,21.317123,24.530013,1.000000,1.000000,1.000000
dmd,95,1,universal,cpp-approved-execution,6,64.824,36.791,22.992162,21.844985,24.502240,1.000000,1.000000,1.000000,23.789320,21.317123,24.530013
dmd,95,17,contiguous,original,6,1499.074,56.002,1.000000,1.000000,1.000000,8.068106,7.918919,11.622581,0.539460,0.373578,0.545379
dmd,95,17,contiguous,selected64,6,1011.728,54.362,1.481855,1.470445,1.517661,5.440698,5.381757,7.790323,0.801163,0.557350,0.806943
dmd,95,17,contiguous,vector16store,6,811.420,9.966,1.853738,1.833587,2.676820,4.352031,4.307432,4.387417,1.000000,1.000000,1.000000
dmd,95,17,contiguous,cpp-approved-execution,6,185.802,9.967,8.068106,7.918919,11.622581,1.000000,1.000000,1.000000,4.352031,4.307432,4.387417
dmd,95,17,negative-both,original,6,1408.333,6.618,1.000000,1.000000,1.000000,4.626675,4.576613,4.681729,0.652439,0.640645,0.660793
dmd,95,17,negative-both,selected64,6,1135.494,9.187,1.231832,1.209031,1.266151,3.733368,3.629259,3.872299,0.809577,0.794013,0.811688
dmd,95,17,negative-both,vector16store,6,916.358,7.140,1.532716,1.513333,1.560926,3.022449,2.943888,3.074656,1.000000,1.000000,1.000000
dmd,95,17,negative-both,cpp-approved-execution,6,306.173,5.242,4.626675,4.576613,4.681729,1.000000,1.000000,1.000000,3.022449,2.943888,3.074656
dmd,95,17,negative-source,original,6,1425.926,11.385,1.000000,1.000000,1.000000,4.624590,4.572314,4.711240,0.662309,0.640549,0.708350
dmd,95,17,negative-source,selected64,6,1159.568,22.199,1.228901,1.098509,1.265202,3.744814,3.678571,4.288760,0.810529,0.778129,0.816552
dmd,95,17,negative-source,vector16store,6,942.593,17.354,1.509921,1.411731,1.561160,3.044020,2.981203,3.337209,1.000000,1.000000,1.000000
dmd,95,17,negative-source,cpp-approved-execution,6,308.333,9.610,4.624590,4.572314,4.711240,1.000000,1.000000,1.000000,3.044020,2.981203,3.337209
dmd,95,17,padded,original,6,1474.074,23.702,1.000000,1.000000,1.000000,4.765203,2.893993,5.547094,0.657586,0.563223,1.097680
dmd,95,17,padded,selected64,6,1195.370,69.920,1.246090,0.781489,1.396569,3.817941,3.698347,3.971944,0.806616,0.784852,0.857865
dmd,95,17,padded,vector16store,6,952.160,82.139,1.520714,0.911012,1.775497,3.088124,2.989669,3.385230,1.000000,1.000000,1.000000
dmd,95,17,padded,cpp-approved-execution,6,308.333,75.075,4.765203,2.893993,5.547094,1.000000,1.000000,1.000000,3.088124,2.989669,3.385230
dmd,95,17,repeated-source,original,6,1372.222,18.264,1.000000,1.000000,1.000000,4.595002,4.530786,4.980392,0.657359,0.640639,0.672288
dmd,95,17,repeated-source,selected64,6,1128.086,8.974,1.231274,1.201533,1.320853,3.753659,3.687500,3.778926,0.806998,0.797612,0.870515
dmd,95,17,repeated-source,vector16store,6,910.494,18.373,1.521247,1.487458,1.560941,3.016329,2.977823,3.282353,1.000000,1.000000,1.000000
dmd,95,17,repeated-source,cpp-approved-execution,6,298.765,8.058,4.595002,4.530786,4.980392,1.000000,1.000000,1.000000,3.016329,2.977823,3.282353
dmd,95,17,universal,original,6,23300.617,10.456,1.000000,1.000000,1.000000,21.745913,20.617631,22.810232,1.010112,0.970817,1.027852
dmd,95,17,universal,selected64,6,22164.815,9.909,1.033023,1.018870,1.056279,21.210244,19.742963,21.594884,1.031062,1.019655,1.064181
dmd,95,17,universal,vector16store,6,22674.383,11.802,0.989989,0.972903,1.030060,21.887317,21.010090,22.274124,1.000000,1.000000,1.000000
dmd,95,17,universal,cpp-approved-execution,6,1037.037,15.595,21.745913,20.617631,22.810232,1.000000,1.000000,1.000000,21.887317,21.010090,22.274124
dmd,95,128,contiguous,original,6,10230.952,12.846,1.000000,1.000000,1.000000,6.757098,6.645161,7.018750,0.520583,0.485307,2.041206
dmd,95,128,contiguous,selected64,6,6690.476,12.313,1.519706,1.466984,1.596304,4.424290,4.392962,4.576324,0.785741,0.769912,3.065660
dmd,95,128,contiguous,vector16store,6,5326.190,265.713,1.921051,0.489906,2.060550,3.506162,3.406250,13.816327,1.000000,1.000000,1.000000
dmd,95,128,contiguous,cpp-approved-execution,6,1516.667,14.757,6.757098,6.645161,7.018750,1.000000,1.000000,1.000000,3.506162,3.406250,13.816327
dmd,95,128,negative-both,original,6,9288.095,22.199,1.000000,1.000000,1.000000,4.009165,3.910417,4.038321,0.593379,0.591805,0.768640
dmd,95,128,negative-both,selected64,6,7064.286,25.345,1.292843,1.261688,1.362509,3.083385,2.961224,3.200730,0.775926,0.754232,0.969783
dmd,95,128,negative-both,vector16store,6,5507.143,55.772,1.685263,1.300999,1.689746,2.379775,2.320833,3.104015,1.000000,1.000000,1.000000
dmd,95,128,negative-both,cpp-approved-execution,6,2314.286,20.988,4.009165,3.910417,4.038321,1.000000,1.000000,1.000000,2.379775,2.320833,3.104015
dmd,95,128,negative-source,original,6,9166.667,18.182,1.000000,1.000000,1.000000,4.006324,4.000000,4.155070,0.595153,0.592631,0.610707
dmd,95,128,negative-source,selected64,6,7083.333,14.655,1.293295,1.289544,1.336317,3.100081,3.089397,3.161359,0.769747,0.767586,0.802430
dmd,95,128,negative-source,vector16store,6,5452.381,19.301,1.680243,1.637447,1.687391,2.407786,2.374220,2.495030,1.000000,1.000000,1.000000
dmd,95,128,negative-source,cpp-approved-execution,6,2266.667,14.286,4.006324,4.000000,4.155070,1.000000,1.000000,1.000000,2.407786,2.374220,2.495030
dmd,95,128,padded,original,6,8997.619,20.270,1.000000,1.000000,1.000000,3.985918,3.856557,4.184805,0.596368,0.563297,0.614766
dmd,95,128,padded,selected64,6,7009.524,22.554,1.287593,1.260740,1.346103,3.101423,2.956967,3.169492,0.769632,0.758256,0.778075
dmd,95,128,padded,vector16store,6,5383.333,23.706,1.676817,1.626636,1.775261,2.374160,2.278689,2.466102,1.000000,1.000000,1.000000
dmd,95,128,padded,cpp-approved-execution,6,2283.333,19.812,3.985918,3.856557,4.184805,1.000000,1.000000,1.000000,2.374160,2.278689,2.466102
dmd,95,128,repeated-source,original,6,8942.857,17.732,1.000000,1.000000,1.000000,3.986424,3.827935,4.126923,0.604661,0.595174,0.666843
dmd,95,128,repeated-source,selected64,6,7109.524,12.860,1.278682,1.230319,1.339576,3.105119,3.080769,3.184615,0.768810,0.756967,0.888265
dmd,95,128,repeated-source,vector16store,6,5430.952,29.636,1.653992,1.499603,1.680180,2.415385,2.371795,2.736538,1.000000,1.000000,1.000000
dmd,95,128,repeated-source,cpp-approved-execution,6,2285.714,13.542,3.986424,3.827935,4.126923,1.000000,1.000000,1.000000,2.415385,2.371795,2.736538
dmd,95,128,universal,original,6,172707.143,8.928,1.000000,1.000000,1.000000,22.065518,18.417000,22.814767,0.992810,0.975757,1.110111
dmd,95,128,universal,selected64,6,165304.762,16.665,1.039631,0.963190,1.055587,21.225090,17.873500,23.476337,1.032147,1.029996,1.129242
dmd,95,128,universal,vector16store,6,170585.714,20.640,1.007250,0.900810,1.024846,21.907378,20.183500,25.102028,1.000000,1.000000,1.000000
dmd,95,128,universal,cpp-approved-execution,6,7769.048,30.034,22.065518,18.417000,22.814767,1.000000,1.000000,1.000000,21.907378,20.183500,25.102028
dmd,127,1,contiguous,original,6,214.535,7.565,1.000000,1.000000,1.000000,9.427504,9.327623,9.605485,0.745050,0.726050,0.765210
dmd,127,1,contiguous,selected64,6,173.619,11.106,1.245740,1.208993,1.277497,7.594222,7.402597,7.808333,0.920293,0.893700,0.977553
dmd,127,1,contiguous,vector16store,6,159.787,12.341,1.342274,1.306831,1.377316,6.978918,6.837778,7.350211,1.000000,1.000000,1.000000
dmd,127,1,contiguous,cpp-approved-execution,6,22.796,6.376,9.427504,9.327623,9.605485,1.000000,1.000000,1.000000,6.978918,6.837778,7.350211
dmd,127,1,negative-both,original,6,214.050,9.982,1.000000,1.000000,1.000000,7.925158,7.849638,8.113924,0.731418,0.711259,0.742699
dmd,127,1,negative-both,selected64,6,167.442,14.120,1.270156,1.222397,1.296821,6.227866,6.186257,6.623917,0.930887,0.869440,0.944168
dmd,127,1,negative-both,vector16store,6,156.638,7.454,1.367212,1.346440,1.405958,5.799983,5.741636,5.852373,1.000000,1.000000,1.000000
dmd,127,1,negative-both,cpp-approved-execution,6,26.793,7.052,7.925158,7.849638,8.113924,1.000000,1.000000,1.000000,5.799983,5.741636,5.852373
dmd,127,1,negative-source,original,6,221.027,8.417,1.000000,1.000000,1.000000,7.912941,7.873606,8.040564,0.724694,0.707576,0.800876
dmd,127,1,negative-source,selected64,6,169.695,6.538,1.287229,1.265930,1.303541,6.171812,6.137457,6.226449,0.927279,0.915174,1.043975
dmd,127,1,negative-source,vector16store,6,158.842,17.935,1.379892,1.248632,1.413276,5.741210,5.616838,6.436620,1.000000,1.000000,1.000000
dmd,127,1,negative-source,cpp-approved-execution,6,27.495,7.753,7.912941,7.873606,8.040564,1.000000,1.000000,1.000000,5.741210,5.616838,6.436620
dmd,127,1,padded,original,6,218.411,9.672,1.000000,1.000000,1.000000,8.007730,7.858736,8.225750,0.724223,0.708190,0.759717
dmd,127,1,padded,selected64,6,170.203,20.552,1.266662,1.148459,1.301860,6.239794,6.195167,7.151675,0.917349,0.872503,0.924468
dmd,127,1,padded,vector16store,6,156.250,14.543,1.380798,1.316280,1.412050,5.749055,5.701413,6.239859,1.000000,1.000000,1.000000
dmd,127,1,padded,cpp-approved-execution,6,27.277,5.151,8.007730,7.858736,8.225750,1.000000,1.000000,1.000000,5.749055,5.701413,6.239859
dmd,127,1,repeated-source,original,6,214.050,17.859,1.000000,1.000000,1.000000,7.938406,7.824742,8.918330,0.725426,0.644282,0.751866
dmd,127,1,repeated-source,selected64,6,167.272,10.224,1.269927,1.263947,1.420642,6.220361,6.189531,6.277677,0.922452,0.915293,0.950319
dmd,127,1,repeated-source,vector16store,6,153.391,13.424,1.378506,1.330023,1.552116,5.740712,5.707581,5.883162,1.000000,1.000000,1.000000
dmd,127,1,repeated-source,cpp-approved-execution,6,26.744,10.326,7.938406,7.824742,8.918330,1.000000,1.000000,1.000000,5.740712,5.707581,5.883162
dmd,127,1,universal,original,6,1935.078,28.463,1.000000,1.000000,1.000000,23.224830,22.546458,26.419740,1.014323,0.870151,1.120361
dmd,127,1,universal,selected64,6,1946.366,15.154,1.025266,0.969292,1.131240,22.904977,22.416968,23.354664,1.032548,0.984350,1.085957
dmd,127,1,universal,vector16store,6,2011.531,12.450,0.985892,0.892570,1.149226,23.600535,22.989154,25.260163,1.000000,1.000000,1.000000
dmd,127,1,universal,cpp-approved-execution,6,84.181,12.892,23.224830,22.546458,26.419740,1.000000,1.000000,1.000000,23.600535,22.989154,25.260163
dmd,127,17,contiguous,original,6,1893.802,10.124,1.000000,1.000000,1.000000,7.855860,7.837370,7.996721,0.515601,0.514027,0.525828
dmd,127,17,contiguous,selected64,6,1174.380,13.723,1.613596,1.561460,1.616679,4.866811,4.854671,5.121311,0.830997,0.810499,0.848895
dmd,127,17,contiguous,vector16store,6,986.364,10.976,1.939485,1.901763,1.945423,4.050069,4.039146,4.150820,1.000000,1.000000,1.000000
dmd,127,17,contiguous,cpp-approved-execution,6,241.322,8.219,7.855860,7.837370,7.996721,1.000000,1.000000,1.000000,4.050069,4.039146,4.150820
dmd,127,17,negative-both,original,6,1761.983,56.520,1.000000,1.000000,1.000000,4.549540,4.526539,7.231111,0.626397,0.408113,0.631938
dmd,127,17,negative-both,selected64,6,1303.306,8.244,1.335763,1.311193,2.132372,3.397168,3.388535,3.481799,0.837182,0.821648,0.870249
dmd,127,17,negative-both,vector16store,6,1100.413,8.787,1.596431,1.582433,2.450301,2.856416,2.834395,2.951111,1.000000,1.000000,1.000000
dmd,127,17,negative-both,cpp-approved-execution,6,382.645,8.423,4.549540,4.526539,7.231111,1.000000,1.000000,1.000000,2.856416,2.834395,2.951111
dmd,127,17,negative-source,original,6,1759.917,7.044,1.000000,1.000000,1.000000,4.527534,4.508475,4.716102,0.625007,0.599730,0.641963
dmd,127,17,negative-source,selected64,6,1318.595,5.578,1.338758,1.289082,1.395611,3.381400,3.379085,3.517699,0.836212,0.821384,0.836991
dmd,127,17,negative-source,vector16store,6,1102.479,5.547,1.599983,1.557721,1.667416,2.828628,2.826271,2.906318,1.000000,1.000000,1.000000
dmd,127,17,negative-source,cpp-approved-execution,6,384.711,7.089,4.527534,4.508475,4.716102,1.000000,1.000000,1.000000,2.828628,2.826271,2.906318
dmd,127,17,padded,original,6,1755.372,20.574,1.000000,1.000000,1.000000,4.594611,4.502119,4.815686,0.625767,0.615557,0.647394
dmd,127,17,padded,selected64,6,1342.975,12.000,1.329757,1.247066,1.541745,3.455225,3.123529,3.610169,0.825814,0.782277,0.998117
dmd,127,17,padded,vector16store,6,1100.413,24.634,1.598041,1.544654,1.624546,2.854468,2.821721,3.117647,1.000000,1.000000,1.000000
dmd,127,17,padded,cpp-approved-execution,6,385.537,13.505,4.594611,4.502119,4.815686,1.000000,1.000000,1.000000,2.854468,2.821721,3.117647
dmd,127,17,repeated-source,original,6,1703.306,6.744,1.000000,1.000000,1.000000,4.504919,4.490446,4.608696,0.623241,0.621152,0.639243
dmd,127,17,repeated-source,selected64,6,1272.727,8.052,1.339369,1.323692,1.342857,3.366119,3.343949,3.450106,0.833953,0.832335,0.858413
dmd,127,17,repeated-source,vector16store,6,1061.570,8.174,1.604515,1.564349,1.609912,2.836164,2.798658,2.878981,1.000000,1.000000,1.000000
dmd,127,17,repeated-source,cpp-approved-execution,6,378.099,7.432,4.504919,4.490446,4.608696,1.000000,1.000000,1.000000,2.836164,2.798658,2.878981
dmd,127,17,universal,original,6,30165.702,8.863,1.000000,1.000000,1.000000,22.481280,21.814994,22.712930,1.007811,0.985455,1.021285
dmd,127,17,universal,selected64,6,29265.702,11.434,1.017937,0.995104,1.049163,22.008583,21.482906,22.533808,1.029944,1.006969,1.035033
dmd,127,17,universal,vector16store,6,30261.157,10.673,0.992263,0.979159,1.014760,22.369765,22.211233,22.973310,1.000000,1.000000,1.000000
dmd,127,17,universal,cpp-approved-execution,6,1360.331,8.080,22.481280,21.814994,22.712930,1.000000,1.000000,1.000000,22.369765,22.211233,22.973310
dmd,127,128,contiguous,original,6,13962.500,34.691,1.000000,1.000000,1.000000,6.702321,6.393258,7.649733,0.489601,0.478017,0.548770
dmd,127,128,contiguous,selected64,6,8256.250,8.403,1.686334,1.630962,2.058273,3.920649,3.716578,4.073248,0.824027,0.799062,1.060432
dmd,127,128,contiguous,vector16store,6,6803.125,41.525,2.042486,1.822258,2.091977,3.270975,3.177843,3.941176,1.000000,1.000000,1.000000
dmd,127,128,contiguous,cpp-approved-execution,6,2106.250,17.804,6.702321,6.393258,7.649733,1.000000,1.000000,1.000000,3.270975,3.177843,3.941176
dmd,127,128,negative-both,original,6,11634.375,8.058,1.000000,1.000000,1.000000,4.150939,4.039474,4.215730,0.579161,0.573904,0.599692
dmd,127,128,negative-both,selected64,6,8425.000,8.160,1.399462,1.364444,1.421212,2.964506,2.953917,3.024719,0.805551,0.787519,0.838362
dmd,127,128,negative-both,vector16store,6,6796.875,12.322,1.726717,1.667524,1.742453,2.384868,2.380184,2.504292,1.000000,1.000000,1.000000
dmd,127,128,negative-both,cpp-approved-execution,6,2815.625,7.103,4.150939,4.039474,4.215730,1.000000,1.000000,1.000000,2.384868,2.380184,2.504292
dmd,127,128,negative-source,original,6,11956.250,12.912,1.000000,1.000000,1.000000,4.189390,3.857434,4.461538,0.565233,0.540230,0.612988
dmd,127,128,negative-source,selected64,6,8568.750,9.847,1.407952,1.343707,1.471459,3.002727,2.804481,3.032051,0.792318,0.778008,0.843137
dmd,127,128,negative-source,vector16store,6,6953.125,11.506,1.769276,1.631352,1.851064,2.375122,2.327473,2.410256,1.000000,1.000000,1.000000
dmd,127,128,negative-source,cpp-approved-execution,6,2893.750,12.527,4.189390,3.857434,4.461538,1.000000,1.000000,1.000000,2.375122,2.327473,2.410256
dmd,127,128,padded,original,6,11503.125,11.410,1.000000,1.000000,1.000000,4.163591,4.150424,4.177273,0.575093,0.573252,0.575987
dmd,127,128,padded,selected64,6,8225.000,8.891,1.398937,1.369616,1.405308,2.978484,2.953390,3.040476,0.804563,0.787784,0.806207
dmd,127,128,padded,vector16store,6,6612.500,11.059,1.738850,1.736150,1.744435,2.394452,2.379237,2.404545,1.000000,1.000000,1.000000
dmd,127,128,padded,cpp-approved-execution,6,2759.375,11.778,4.163591,4.150424,4.177273,1.000000,1.000000,1.000000,2.394452,2.379237,2.404545
dmd,127,128,repeated-source,original,6,11681.250,11.610,1.000000,1.000000,1.000000,4.184171,3.967880,4.383721,0.574800,0.548011,0.647598
dmd,127,128,repeated-source,selected64,6,8200.000,16.768,1.407303,1.260544,1.442234,3.010429,2.949045,3.147752,0.798923,0.787617,0.823842
dmd,127,128,repeated-source,vector16store,6,6618.750,18.414,1.739735,1.544167,1.824782,2.406199,2.322718,2.569593,1.000000,1.000000,1.000000
dmd,127,128,repeated-source,cpp-approved-execution,6,2718.750,12.414,4.184171,3.967880,4.383721,1.000000,1.000000,1.000000,2.406199,2.322718,2.569593
dmd,127,128,universal,original,6,225509.375,10.975,1.000000,1.000000,1.000000,22.660925,21.486135,23.239116,1.004962,0.982773,1.103092
dmd,127,128,universal,selected64,6,217268.750,16.210,1.040291,0.998658,1.050151,21.754985,21.365884,22.341780,1.048829,1.024888,1.101612
dmd,127,128,universal,vector16store,6,227318.750,22.642,0.995219,0.906543,1.017529,22.895949,22.419274,23.701188,1.000000,1.000000,1.000000
dmd,127,128,universal,cpp-approved-execution,6,10046.875,18.476,22.660925,21.486135,23.239116,1.000000,1.000000,1.000000,22.895949,22.419274,23.701188
dmd,128,1,contiguous,original,6,215.576,7.384,1.000000,1.000000,1.000000,11.907258,9.195329,12.099196,0.698975,0.691194,0.720585
dmd,128,1,contiguous,selected64,6,152.002,8.641,1.416811,1.400926,1.433999,8.390009,6.541401,8.503937,0.995886,0.977469,1.025868
dmd,128,1,contiguous,vector16store,6,151.660,10.947,1.430668,1.387761,1.446772,8.298455,6.575372,8.718499,1.000000,1.000000,1.000000
dmd,128,1,contiguous,cpp-approved-execution,6,18.286,31.242,11.907258,9.195329,12.099196,1.000000,1.000000,1.000000,8.298455,6.575372,8.718499
dmd,128,1,negative-both,original,6,214.990,13.536,1.000000,1.000000,1.000000,8.753054,8.665370,9.255769,0.707042,0.649907,0.714639
dmd,128,1,negative-both,selected64,6,156.055,9.731,1.403891,1.364263,1.469170,6.264786,6.128000,6.405622,0.981581,0.954823,1.004896
dmd,128,1,negative-both,vector16store,6,152.051,8.317,1.414357,1.399309,1.538683,6.175304,6.015385,6.234127,1.000000,1.000000,1.000000
dmd,128,1,negative-both,cpp-approved-execution,6,24.512,7.769,8.753054,8.665370,9.255769,1.000000,1.000000,1.000000,6.175304,6.015385,6.234127
dmd,128,1,negative-source,original,6,217.603,6.889,1.000000,1.000000,1.000000,8.966801,8.926000,9.159091,0.695725,0.680577,0.721724
dmd,128,1,negative-source,selected64,6,154.150,35.318,1.412754,1.092425,1.467881,6.332978,6.239669,8.207243,0.981634,0.788429,0.999007
dmd,128,1,negative-source,vector16store,6,151.318,9.164,1.437351,1.385572,1.469340,6.226393,6.211864,6.470825,1.000000,1.000000,1.000000
dmd,128,1,negative-source,cpp-approved-execution,6,24.268,5.634,8.966801,8.926000,9.159091,1.000000,1.000000,1.000000,6.226393,6.211864,6.470825
dmd,128,1,padded,original,6,217.114,7.107,1.000000,1.000000,1.000000,8.988782,8.856287,9.114688,0.698674,0.685430,0.712644
dmd,128,1,padded,selected64,6,152.661,7.197,1.413832,1.403888,1.454254,6.319583,6.263473,6.432653,0.990530,0.978558,1.007648
dmd,128,1,padded,vector16store,6,151.587,6.732,1.431295,1.403226,1.458937,6.280788,6.223140,6.334694,1.000000,1.000000,1.000000
dmd,128,1,padded,cpp-approved-execution,6,24.097,5.876,8.988782,8.856287,9.114688,1.000000,1.000000,1.000000,6.280788,6.223140,6.334694
dmd,128,1,repeated-source,original,6,213.403,8.168,1.000000,1.000000,1.000000,8.918885,8.879276,9.241237,0.697849,0.687178,0.726433
dmd,128,1,repeated-source,selected64,6,150.488,7.268,1.420904,1.384960,1.462369,6.292607,6.186235,6.420619,0.997587,0.988280,1.006080
dmd,128,1,repeated-source,vector16store,6,150.488,8.988,1.432999,1.376590,1.455226,6.226077,6.216599,6.455852,1.000000,1.000000,1.000000
dmd,128,1,repeated-source,cpp-approved-execution,6,23.730,7.407,8.918885,8.879276,9.241237,1.000000,1.000000,1.000000,6.226077,6.216599,6.455852
dmd,128,1,universal,original,6,1933.228,9.393,1.000000,1.000000,1.000000,23.129151,22.480342,23.908299,1.032871,1.004940,1.102527
dmd,128,1,universal,selected64,6,1918.628,11.429,1.007734,0.996741,1.020450,22.744137,22.339633,23.920488,1.043197,1.018423,1.098934
dmd,128,1,universal,vector16store,6,2001.636,11.443,0.968181,0.907007,0.995084,23.853657,23.196693,24.785185,1.000000,1.000000,1.000000
dmd,128,1,universal,cpp-approved-execution,6,84.692,7.956,23.129151,22.480342,23.908299,1.000000,1.000000,1.000000,23.853657,23.196693,24.785185
dmd,128,17,contiguous,original,6,1940.000,11.383,1.000000,1.000000,1.000000,7.961472,7.908451,8.579861,0.458791,0.427357,0.462155
dmd,128,17,contiguous,selected64,6,877.500,21.368,2.201082,2.013855,2.216936,3.613941,3.600683,4.260417,1.010559,0.860636,1.014218
dmd,128,17,contiguous,vector16store,6,883.333,5.472,2.179641,2.163776,2.339962,3.654180,3.645051,3.666667,1.000000,1.000000,1.000000
dmd,128,17,contiguous,cpp-approved-execution,6,241.250,5.527,7.961472,7.908451,8.579861,1.000000,1.000000,1.000000,3.654180,3.645051,3.666667
dmd,128,17,negative-both,original,6,1820.417,48.936,1.000000,1.000000,1.000000,5.503920,5.300676,6.083146,0.567834,0.462135,0.602410
dmd,128,17,negative-both,selected64,6,1025.833,36.799,1.755994,1.738557,2.169071,3.133242,2.763514,3.222500,1.000374,0.995881,1.047324
dmd,128,17,negative-both,vector16store,6,1025.000,42.033,1.761078,1.660000,2.163869,3.124192,2.811236,3.375000,1.000000,1.000000,1.000000
dmd,128,17,negative-both,cpp-approved-execution,6,327.917,54.892,5.503920,5.300676,6.083146,1.000000,1.000000,1.000000,3.124192,2.811236,3.375000
dmd,128,17,negative-source,original,6,1771.667,8.090,1.000000,1.000000,1.000000,5.535177,5.485411,5.788114,0.562017,0.541964,0.567389
dmd,128,17,negative-source,selected64,6,1007.083,9.930,1.756635,1.728395,1.761787,3.158931,3.115979,3.348837,0.985811,0.936728,0.996691
dmd,128,17,negative-source,vector16store,6,1003.750,3.570,1.779384,1.762458,1.845140,3.113693,3.105670,3.136951,1.000000,1.000000,1.000000
dmd,128,17,negative-source,cpp-approved-execution,6,322.083,2.846,5.535177,5.485411,5.788114,1.000000,1.000000,1.000000,3.113693,3.105670,3.136951
dmd,128,17,padded,original,6,1766.250,7.832,1.000000,1.000000,1.000000,5.485471,5.472868,5.625995,0.565322,0.552752,0.566572
dmd,128,17,padded,selected64,6,991.667,6.555,1.763938,1.762063,1.800509,3.111414,3.105943,3.144330,0.997406,0.987705,1.017827
dmd,128,17,padded,vector16store,6,999.167,5.505,1.768905,1.765000,1.809129,3.102159,3.098143,3.180371,1.000000,1.000000,1.000000
dmd,128,17,padded,cpp-approved-execution,6,318.333,5.497,5.485471,5.472868,5.625995,1.000000,1.000000,1.000000,3.102159,3.098143,3.180371
dmd,128,17,repeated-source,original,6,1700.417,12.448,1.000000,1.000000,1.000000,5.467078,5.390957,5.892950,0.564154,0.540097,0.570794
dmd,128,17,repeated-source,selected64,6,965.417,41.951,1.765641,1.394070,1.772286,3.088976,3.074468,4.227154,0.997355,0.752934,1.000865
dmd,128,17,repeated-source,vector16store,6,965.417,7.596,1.772569,1.751945,1.851518,3.084755,3.076923,3.182768,1.000000,1.000000,1.000000
dmd,128,17,repeated-source,cpp-approved-execution,6,313.333,4.521,5.467078,5.390957,5.892950,1.000000,1.000000,1.000000,3.084755,3.076923,3.182768
dmd,128,17,universal,original,6,31154.583,20.171,1.000000,1.000000,1.000000,22.790844,22.384913,25.705596,0.991740,0.898604,1.032638
dmd,128,17,universal,selected64,6,29751.250,9.347,1.048252,1.023465,1.134192,21.760836,21.485993,22.664234,1.028459,0.998345,1.088475
dmd,128,17,universal,vector16store,6,30904.167,12.447,1.008392,0.968394,1.112837,22.799103,21.686639,23.686145,1.000000,1.000000,1.000000
dmd,128,17,universal,cpp-approved-execution,6,1369.167,7.182,22.790844,22.384913,25.705596,1.000000,1.000000,1.000000,22.799103,21.686639,23.686145
dmd,128,128,contiguous,original,6,13562.500,5.760,1.000000,1.000000,1.000000,6.631294,6.401760,6.704819,0.434114,0.418239,0.438388
dmd,128,128,contiguous,selected64,6,5728.125,5.892,2.357602,2.310053,2.424837,2.811051,2.765060,2.815385,1.018010,1.012698,1.028415
dmd,128,128,contiguous,vector16store,6,5862.500,4.691,2.303544,2.281087,2.390977,2.862114,2.804217,2.895385,1.000000,1.000000,1.000000
dmd,128,128,contiguous,cpp-approved-execution,6,2053.125,7.306,6.631294,6.401760,6.704819,1.000000,1.000000,1.000000,2.862114,2.804217,2.895385
dmd,128,128,negative-both,original,6,12015.625,18.882,1.000000,1.000000,1.000000,5.082513,4.755501,5.397959,0.508903,0.473535,0.521851
dmd,128,128,negative-both,selected64,6,6025.000,11.411,1.996682,1.956660,2.105825,2.553453,2.400978,2.596939,1.005282,0.984283,1.033605
dmd,128,128,negative-both,vector16store,6,6153.125,12.494,1.965010,1.916256,2.111776,2.558160,2.481663,2.613514,1.000000,1.000000,1.000000
dmd,128,128,negative-both,cpp-approved-execution,6,2381.250,12.861,5.082513,4.755501,5.397959,1.000000,1.000000,1.000000,2.558160,2.481663,2.613514
dmd,128,128,negative-source,original,6,12065.625,29.630,1.000000,1.000000,1.000000,5.082432,4.179443,5.286842,0.508139,0.483823,0.544810
dmd,128,128,negative-source,selected64,6,6290.625,45.107,1.947242,1.769174,2.025499,2.559628,2.362369,2.718919,0.989470,0.963864,1.016630
dmd,128,128,negative-source,vector16store,6,6140.625,39.695,1.967964,1.835501,2.066872,2.551920,2.277003,2.713514,1.000000,1.000000,1.000000
dmd,128,128,negative-source,cpp-approved-execution,6,2343.750,59.200,5.082432,4.179443,5.286842,1.000000,1.000000,1.000000,2.551920,2.277003,2.713514
dmd,128,128,padded,original,6,11693.750,64.083,1.000000,1.000000,1.000000,5.062237,5.015873,5.438406,0.508266,0.465690,0.510021
dmd,128,128,padded,selected64,6,5971.875,39.351,1.971143,1.953413,2.311008,2.564616,2.353261,2.578212,1.002709,0.994583,1.076212
dmd,128,128,padded,vector16store,6,5962.500,50.314,1.967479,1.960703,2.147353,2.561117,2.532609,2.584958,1.000000,1.000000,1.000000
dmd,128,128,padded,cpp-approved-execution,6,2328.125,52.081,5.062237,5.015873,5.438406,1.000000,1.000000,1.000000,2.561117,2.532609,2.584958
dmd,128,128,repeated-source,original,6,11546.875,10.447,1.000000,1.000000,1.000000,5.034060,5.010554,5.253298,0.509350,0.492717,0.513528
dmd,128,128,repeated-source,selected64,6,5915.625,6.550,1.956047,1.949692,2.031633,2.579019,2.564246,2.585752,0.998368,0.991786,1.003171
dmd,128,128,repeated-source,vector16store,6,5912.500,6.765,1.963290,1.947313,2.029562,2.574067,2.548813,2.588391,1.000000,1.000000,1.000000
dmd,128,128,repeated-source,cpp-approved-execution,6,2293.750,6.267,5.034060,5.010554,5.253298,1.000000,1.000000,1.000000,2.574067,2.548813,2.588391
dmd,128,128,universal,original,6,229518.750,9.425,1.000000,1.000000,1.000000,22.586998,22.173549,22.859574,0.989870,0.980903,1.017558
dmd,128,128,universal,selected64,6,219362.500,10.311,1.039202,1.016897,1.064432,21.734449,21.435667,22.006017,1.033634,1.024010,1.050150
dmd,128,128,universal,vector16store,6,227437.500,11.129,1.010233,0.982745,1.019468,22.442003,21.950329,22.776656,1.000000,1.000000,1.000000
dmd,128,128,universal,cpp-approved-execution,6,10121.875,9.756,22.586998,22.173549,22.859574,1.000000,1.000000,1.000000,22.442003,21.950329,22.776656
dmd,129,1,contiguous,original,6,218.947,8.182,1.000000,1.000000,1.000000,11.494335,11.391534,11.841969,0.700334,0.689346,0.706330
dmd,129,1,contiguous,selected64,6,154.208,7.276,1.420046,1.403327,1.444234,8.118763,8.000000,8.260526,0.994505,0.977063,1.008312
dmd,129,1,contiguous,vector16store,6,153.002,6.883,1.427890,1.415769,1.450651,8.068774,7.984127,8.163212,1.000000,1.000000,1.000000
dmd,129,1,contiguous,cpp-approved-execution,6,18.848,6.005,11.494335,11.391534,11.841969,1.000000,1.000000,1.000000,8.068774,7.984127,8.163212
dmd,129,1,negative-both,original,6,220.399,9.155,1.000000,1.000000,1.000000,8.758944,8.382066,8.860558,0.702874,0.678199,0.730778
dmd,129,1,negative-both,selected64,6,153.839,9.949,1.409248,1.402617,1.446119,6.163436,5.957115,6.282983,0.990518,0.980757,1.025665
dmd,129,1,negative-both,vector16store,6,151.255,13.145,1.422751,1.368405,1.474493,6.082828,5.914230,6.403475,1.000000,1.000000,1.000000
dmd,129,1,negative-both,cpp-approved-execution,6,25.295,6.615,8.758944,8.382066,8.860558,1.000000,1.000000,1.000000,6.082828,5.914230,6.403475
dmd,129,1,negative-source,original,6,216.166,5.509,1.000000,1.000000,1.000000,8.588890,8.548450,8.669307,0.704252,0.701711,0.734125
dmd,129,1,negative-source,selected64,6,153.199,8.095,1.420064,1.365565,1.425546,6.039830,6.027132,6.348515,1.000160,0.992322,1.003309
dmd,129,1,negative-source,vector16store,6,152.854,8.435,1.419946,1.362166,1.425088,6.038754,6.023301,6.364356,1.000000,1.000000,1.000000
dmd,129,1,negative-source,cpp-approved-execution,6,25.098,5.294,8.588890,8.548450,8.669307,1.000000,1.000000,1.000000,6.038754,6.023301,6.364356
dmd,129,1,padded,original,6,214.788,5.155,1.000000,1.000000,1.000000,8.577395,8.496970,8.605578,0.701297,0.696682,0.711806
dmd,129,1,padded,selected64,6,153.150,4.402,1.415424,1.384615,1.423843,6.058107,5.973129,6.215139,0.991223,0.983300,1.000643
dmd,129,1,padded,vector16store,6,151.624,5.518,1.425934,1.404878,1.435374,6.026339,5.925144,6.125498,1.000000,1.000000,1.000000
dmd,129,1,padded,cpp-approved-execution,6,25.025,5.113,8.577395,8.496970,8.605578,1.000000,1.000000,1.000000,6.026339,5.925144,6.125498
dmd,129,1,repeated-source,original,6,215.748,8.873,1.000000,1.000000,1.000000,8.554079,8.394683,8.709302,0.709973,0.698131,0.762244
dmd,129,1,repeated-source,selected64,6,153.568,10.575,1.401297,1.328345,1.439923,6.054900,6.020450,6.432220,1.000807,0.983131,1.012523
dmd,129,1,repeated-source,vector16store,6,154.675,12.759,1.408523,1.311916,1.432395,6.091085,5.959100,6.512770,1.000000,1.000000,1.000000
dmd,129,1,repeated-source,cpp-approved-execution,6,25.221,5.463,8.554079,8.394683,8.709302,1.000000,1.000000,1.000000,6.091085,5.959100,6.512770
dmd,129,1,universal,original,6,1976.526,14.673,1.000000,1.000000,1.000000,23.425568,22.393715,23.597605,1.031481,0.992461,1.101147
dmd,129,1,universal,selected64,6,1928.396,15.590,1.015016,0.999733,1.035925,22.945598,22.017280,23.484917,1.044423,0.992196,1.116359
dmd,129,1,universal,vector16store,6,2063.484,14.946,0.969485,0.908144,1.007596,23.756460,23.044978,25.984431,1.000000,1.000000,1.000000
dmd,129,1,universal,cpp-approved-execution,6,84.326,10.271,23.425568,22.393715,23.597605,1.000000,1.000000,1.000000,23.756460,23.044978,25.984431
dmd,129,17,contiguous,original,6,1947.479,10.874,1.000000,1.000000,1.000000,7.950215,7.662379,8.190000,0.467406,0.466213,0.490842
dmd,129,17,contiguous,selected64,6,904.622,23.223,2.156792,1.876378,2.205566,3.705258,3.670175,4.083601,1.006041,0.889764,1.082585
dmd,129,17,contiguous,vector16store,6,910.084,16.436,2.139476,2.037313,2.144942,3.714751,3.633441,4.020000,1.000000,1.000000,1.000000
dmd,129,17,contiguous,cpp-approved-execution,6,243.277,11.744,7.950215,7.662379,8.190000,1.000000,1.000000,1.000000,3.714751,3.633441,4.020000
dmd,129,17,negative-both,original,6,1808.403,5.716,1.000000,1.000000,1.000000,5.215534,5.167453,5.339853,0.574295,0.561896,0.626429
dmd,129,17,negative-both,selected64,6,1035.714,11.034,1.738337,1.685385,1.776632,3.010112,2.939394,3.066038,1.000421,0.966923,1.087302
dmd,129,17,negative-both,vector16store,6,1038.655,16.828,1.741267,1.596350,1.779690,3.011381,2.934343,3.254157,1.000000,1.000000,1.000000
dmd,129,17,negative-both,cpp-approved-execution,6,342.857,7.353,5.215534,5.167453,5.339853,1.000000,1.000000,1.000000,3.011381,2.934343,3.254157
dmd,129,17,negative-source,original,6,1816.807,9.574,1.000000,1.000000,1.000000,5.230817,5.192683,5.442584,0.574223,0.551648,0.588155
dmd,129,17,negative-source,selected64,6,1044.538,7.723,1.741553,1.716628,1.804124,3.004762,2.982456,3.035545,1.000041,0.981265,1.021849
dmd,129,17,negative-source,vector16store,6,1040.756,8.317,1.741483,1.700232,1.812749,3.004994,2.978673,3.073810,1.000000,1.000000,1.000000
dmd,129,17,negative-source,cpp-approved-execution,6,347.899,6.522,5.230817,5.192683,5.442584,1.000000,1.000000,1.000000,3.004994,2.978673,3.073810
dmd,129,17,padded,original,6,1807.563,15.342,1.000000,1.000000,1.000000,5.220505,4.425331,5.329268,0.573224,0.555654,0.650577
dmd,129,17,padded,selected64,6,1022.269,23.017,1.743783,1.632497,1.804000,2.967073,2.710775,3.005208,1.002432,0.999155,1.062064
dmd,129,17,padded,vector16store,6,1039.496,29.830,1.744521,1.537098,1.799681,2.978949,2.879017,3.068293,1.000000,1.000000,1.000000
dmd,129,17,padded,cpp-approved-execution,6,344.538,35.366,5.220505,4.425331,5.329268,1.000000,1.000000,1.000000,2.978949,2.879017,3.068293
dmd,129,17,repeated-source,original,6,1809.664,284.189,1.000000,1.000000,1.000000,5.354152,5.186869,21.378947,0.570970,0.145618,0.575661
dmd,129,17,repeated-source,selected64,6,1000.000,42.521,1.774823,1.735759,5.005545,2.979457,2.555556,4.271053,1.000019,0.728897,1.024172
dmd,129,17,repeated-source,vector16store,6,989.916,10.102,1.751407,1.737134,6.867287,3.016691,2.514161,3.113158,1.000000,1.000000,1.000000
dmd,129,17,repeated-source,cpp-approved-execution,6,336.555,20.974,5.354152,5.186869,21.378947,1.000000,1.000000,1.000000,3.016691,2.514161,3.113158
dmd,129,17,universal,original,6,31584.874,11.528,1.000000,1.000000,1.000000,22.940928,22.421189,23.832812,0.990592,0.964662,1.010371
dmd,129,17,universal,selected64,6,29975.210,10.841,1.044534,1.026226,1.057133,22.035929,21.590664,22.544771,1.028114,1.019776,1.064182
dmd,129,17,universal,vector16store,6,31037.815,10.185,1.009524,0.989735,1.036633,22.911567,22.234590,23.070552,1.000000,1.000000,1.000000
dmd,129,17,universal,cpp-approved-execution,6,1355.882,8.925,22.940928,22.421189,23.832812,1.000000,1.000000,1.000000,22.911567,22.234590,23.070552
dmd,129,128,contiguous,original,6,13716.667,19.392,1.000000,1.000000,1.000000,6.598613,5.763415,6.979866,0.432774,0.412500,0.442125
dmd,129,128,contiguous,selected64,6,5866.667,27.045,2.290464,2.189991,2.473246,2.849185,2.631707,2.933110,1.002531,0.918443,1.020214
dmd,129,128,contiguous,vector16store,6,5886.667,16.082,2.310678,2.261803,2.424242,2.859330,2.417073,2.918567,1.000000,1.000000,1.000000
dmd,129,128,contiguous,cpp-approved-execution,6,2020.000,36.964,6.598613,5.763415,6.979866,1.000000,1.000000,1.000000,2.859330,2.417073,2.918567
dmd,129,128,negative-both,original,6,11883.333,9.818,1.000000,1.000000,1.000000,4.799355,4.779841,4.899204,0.517434,0.514464,0.586898
dmd,129,128,negative-both,selected64,6,6170.000,5.186,1.939339,1.847514,2.001083,2.471996,2.448276,2.593123,1.004301,0.955801,1.174431
dmd,129,128,negative-both,vector16store,6,6136.667,23.791,1.932614,1.703875,1.943771,2.482918,2.477454,2.875332,1.000000,1.000000,1.000000
dmd,129,128,negative-both,cpp-approved-execution,6,2470.000,7.557,4.799355,4.779841,4.899204,1.000000,1.000000,1.000000,2.482918,2.477454,2.875332
dmd,129,128,negative-source,original,6,11863.333,15.285,1.000000,1.000000,1.000000,4.783617,4.137787,4.885154,0.515418,0.466700,0.517544
dmd,129,128,negative-source,selected64,6,6070.000,11.752,1.960253,1.929670,2.008105,2.467241,2.060543,2.479564,1.003342,0.937183,1.025247
dmd,129,128,negative-source,vector16store,6,6110.000,5.346,1.940194,1.932203,2.142703,2.474458,1.931106,2.481793,1.000000,1.000000,1.000000
dmd,129,128,negative-source,cpp-approved-execution,6,2480.000,32.796,4.783617,4.137787,4.885154,1.000000,1.000000,1.000000,2.474458,1.931106,2.481793
dmd,129,128,padded,original,6,11933.333,20.447,1.000000,1.000000,1.000000,4.859218,4.770053,5.037129,0.505194,0.485995,0.518757
dmd,129,128,padded,selected64,6,6006.667,12.764,1.951789,1.894094,2.108808,2.491618,2.377005,2.584211,0.995443,0.957230,1.024870
dmd,129,128,padded,vector16store,6,5973.333,14.062,1.979439,1.927684,2.057634,2.475913,2.366310,2.500000,1.000000,1.000000,1.000000
dmd,129,128,padded,cpp-approved-execution,6,2466.667,15.676,4.859218,4.770053,5.037129,1.000000,1.000000,1.000000,2.475913,2.366310,2.500000
dmd,129,128,repeated-source,original,6,11770.000,14.613,1.000000,1.000000,1.000000,4.829315,4.807163,5.028205,0.518550,0.504844,0.521259
dmd,129,128,repeated-source,selected64,6,6033.333,10.718,1.949060,1.881898,2.005112,2.499025,2.446281,2.559322,1.003362,0.975717,1.019144
dmd,129,128,repeated-source,vector16store,6,6040.000,11.700,1.928455,1.918432,1.980808,2.497899,2.493113,2.538462,1.000000,1.000000,1.000000
dmd,129,128,repeated-source,cpp-approved-execution,6,2420.000,9.917,4.829315,4.807163,5.028205,1.000000,1.000000,1.000000,2.497899,2.493113,2.538462
dmd,129,128,universal,original,6,233430.000,10.290,1.000000,1.000000,1.000000,22.497473,21.930802,23.062041,0.996589,0.981680,1.028811
dmd,129,128,universal,selected64,6,223816.667,9.812,1.042541,1.027676,1.068853,21.579446,20.518065,22.440961,1.034157,1.028051,1.064645
dmd,129,128,universal,vector16store,6,236463.333,9.572,1.003423,0.971996,1.018661,22.312164,21.844458,23.726484,1.000000,1.000000,1.000000
dmd,129,128,universal,cpp-approved-execution,6,10300.000,11.133,22.497473,21.930802,23.062041,1.000000,1.000000,1.000000,22.312164,21.844458,23.726484
dmd,255,1,contiguous,original,6,317.072,7.578,1.000000,1.000000,1.000000,8.770338,8.679775,8.898667,0.626279,0.617920,0.638084
dmd,255,1,contiguous,selected64,6,212.111,7.475,1.493903,1.466876,1.501621,5.877417,5.817416,5.957333,0.936367,0.923835,0.947321
dmd,255,1,contiguous,vector16store,6,198.346,7.406,1.596742,1.567193,1.618332,5.495927,5.449438,5.576000,1.000000,1.000000,1.000000
dmd,255,1,contiguous,cpp-approved-execution,6,36.089,5.121,8.770338,8.679775,8.898667,1.000000,1.000000,1.000000,5.495927,5.449438,5.576000
dmd,255,1,negative-both,original,6,321.547,10.316,1.000000,1.000000,1.000000,7.156445,6.784990,7.503268,0.627858,0.618051,0.694469
dmd,255,1,negative-both,selected64,6,213.570,9.838,1.487247,1.480088,1.527854,4.819182,4.584178,5.019608,0.937743,0.931247,1.027876
dmd,255,1,negative-both,vector16store,6,200.486,18.341,1.592720,1.439948,1.617988,4.550160,4.423423,4.729847,1.000000,1.000000,1.000000
dmd,255,1,negative-both,cpp-approved-execution,6,44.066,13.245,7.156445,6.784990,7.503268,1.000000,1.000000,1.000000,4.550160,4.423423,4.729847
dmd,255,1,negative-source,original,6,317.267,19.991,1.000000,1.000000,1.000000,7.153200,5.686364,7.321016,0.631642,0.619558,0.756994
dmd,255,1,negative-source,selected64,6,210.457,43.309,1.496113,1.243951,1.529577,4.805567,4.571212,4.872979,0.940007,0.929327,1.007042
dmd,255,1,negative-source,vector16store,6,202.043,43.717,1.583349,1.321014,1.614053,4.532669,4.304545,4.703947,1.000000,1.000000,1.000000
dmd,255,1,negative-source,cpp-approved-execution,6,44.407,49.726,7.153200,5.686364,7.321016,1.000000,1.000000,1.000000,4.532669,4.304545,4.703947
dmd,255,1,padded,original,6,318.385,8.463,1.000000,1.000000,1.000000,7.171208,7.149123,7.365217,0.630542,0.614994,0.632209
dmd,255,1,padded,selected64,6,214.202,7.902,1.497062,1.482183,1.515618,4.802069,4.720085,4.886957,0.937902,0.932096,0.949288
dmd,255,1,padded,vector16store,6,200.389,9.272,1.585938,1.581756,1.626032,4.518877,4.399573,4.639130,1.000000,1.000000,1.000000
dmd,255,1,padded,cpp-approved-execution,6,44.358,7.675,7.171208,7.149123,7.365217,1.000000,1.000000,1.000000,4.518877,4.399573,4.639130
dmd,255,1,repeated-source,original,6,316.829,12.404,1.000000,1.000000,1.000000,7.174561,6.897260,7.413420,0.624810,0.583358,0.631530
dmd,255,1,repeated-source,selected64,6,213.521,10.478,1.498921,1.477788,1.531792,4.792425,4.630137,4.887446,0.935308,0.884854,0.952794
dmd,255,1,repeated-source,vector16store,6,196.693,7.666,1.600519,1.583455,1.714214,4.472769,4.324675,4.568129,1.000000,1.000000,1.000000
dmd,255,1,repeated-source,cpp-approved-execution,6,44.455,6.346,7.174561,6.897260,7.413420,1.000000,1.000000,1.000000,4.472769,4.324675,4.568129
dmd,255,1,universal,original,6,3819.018,14.070,1.000000,1.000000,1.000000,23.934268,23.188803,24.833752,1.003443,0.943505,1.017847
dmd,255,1,universal,selected64,6,3590.759,8.826,1.042913,1.007921,1.102467,22.934399,22.101243,23.498478,1.041005,1.021697,1.060252
dmd,255,1,universal,vector16store,6,3770.671,11.506,0.996623,0.982466,1.059878,23.792171,22.989343,24.696896,1.000000,1.000000,1.000000
dmd,255,1,universal,cpp-approved-execution,6,157.442,10.689,23.934268,23.188803,24.833752,1.000000,1.000000,1.000000,23.792171,22.989343,24.696896
dmd,255,17,contiguous,original,6,3642.500,44.521,1.000000,1.000000,1.000000,7.578014,7.116550,8.127946,0.466052,0.419587,0.470192
dmd,255,17,contiguous,selected64,6,1898.333,21.949,1.922048,1.907143,2.281764,3.961600,3.118881,3.971631,0.895979,0.892857,0.957399
dmd,255,17,contiguous,vector16store,6,1698.333,29.735,2.145696,2.126789,2.383294,3.549144,2.986014,3.556364,1.000000,1.000000,1.000000
dmd,255,17,contiguous,cpp-approved-execution,6,478.333,53.659,7.578014,7.116550,8.127946,1.000000,1.000000,1.000000,3.549144,2.986014,3.556364
dmd,255,17,negative-both,original,6,3255.833,8.805,1.000000,1.000000,1.000000,4.785577,4.741206,4.861979,0.568933,0.561753,0.579756
dmd,255,17,negative-both,selected64,6,2076.667,7.785,1.582946,1.540408,1.618254,3.031250,3.000000,3.077889,0.895635,0.889700,0.913492
dmd,255,17,negative-both,vector16store,6,1854.167,8.090,1.757679,1.724863,1.780142,2.727911,2.698565,2.763021,1.000000,1.000000,1.000000
dmd,255,17,negative-both,cpp-approved-execution,6,683.333,8.780,4.785577,4.741206,4.861979,1.000000,1.000000,1.000000,2.727911,2.698565,2.763021
dmd,255,17,negative-source,original,6,3259.167,5.676,1.000000,1.000000,1.000000,4.775327,4.766265,4.781250,0.567357,0.565173,0.581301
dmd,255,17,negative-source,selected64,6,2065.000,5.165,1.580029,1.549442,1.616013,3.021366,2.949398,3.081081,0.898325,0.894051,0.915850
dmd,255,17,negative-source,vector16store,6,1870.833,7.038,1.762558,1.720280,1.769371,2.711933,2.695332,2.776699,1.000000,1.000000,1.000000
dmd,255,17,negative-source,cpp-approved-execution,6,682.500,5.617,4.775327,4.766265,4.781250,1.000000,1.000000,1.000000,2.711933,2.695332,2.776699
dmd,255,17,padded,original,6,3227.500,21.689,1.000000,1.000000,1.000000,4.795482,4.713604,5.167431,0.564940,0.516644,0.576396
dmd,255,17,padded,selected64,6,2040.000,18.709,1.589921,1.571201,1.642138,3.008851,2.967816,3.181193,0.897601,0.839221,0.920101
dmd,255,17,padded,vector16store,6,1855.000,13.208,1.770099,1.734918,1.935567,2.703316,2.669725,2.769620,1.000000,1.000000,1.000000
dmd,255,17,padded,cpp-approved-execution,6,679.167,13.006,4.795482,4.713604,5.167431,1.000000,1.000000,1.000000,2.703316,2.669725,2.769620
dmd,255,17,repeated-source,original,6,3237.500,20.283,1.000000,1.000000,1.000000,4.760835,4.723457,5.488432,0.565270,0.536453,0.579818
dmd,255,17,repeated-source,selected64,6,2030.833,17.070,1.578465,1.551988,1.747136,3.014078,2.992424,3.221675,0.893732,0.832569,0.939444
dmd,255,17,repeated-source,vector16store,6,1812.500,15.172,1.769067,1.724678,1.864096,2.691154,2.681481,2.951157,1.000000,1.000000,1.000000
dmd,255,17,repeated-source,cpp-approved-execution,6,667.500,12.484,4.760835,4.723457,5.488432,1.000000,1.000000,1.000000,2.691154,2.681481,2.951157
dmd,255,17,universal,original,6,62714.167,14.789,1.000000,1.000000,1.000000,23.362505,22.977351,24.836514,0.973522,0.948301,1.019350
dmd,255,17,universal,selected64,6,59045.833,14.277,1.047711,1.033591,1.089497,22.250109,22.048377,23.821883,1.026350,1.001843,1.056054
dmd,255,17,universal,vector16store,6,60810.833,13.934,1.027214,0.981017,1.054517,22.782649,22.701274,23.865776,1.000000,1.000000,1.000000
dmd,255,17,universal,cpp-approved-execution,6,2619.167,11.136,23.362505,22.977351,24.836514,1.000000,1.000000,1.000000,22.782649,22.701274,23.865776
dmd,255,128,contiguous,original,6,26731.250,12.719,1.000000,1.000000,1.000000,6.134462,5.997333,6.465839,0.455113,0.443753,0.456609
dmd,255,128,contiguous,selected64,6,13587.500,9.752,1.957708,1.913127,2.027953,3.163483,2.957333,3.301242,0.890980,0.873552,0.912265
dmd,255,128,contiguous,vector16store,6,12175.000,11.704,2.197269,2.190055,2.253507,2.791653,2.661333,2.950311,1.000000,1.000000,1.000000
dmd,255,128,contiguous,cpp-approved-execution,6,4362.500,16.905,6.134462,5.997333,6.465839,1.000000,1.000000,1.000000,2.791653,2.661333,2.950311
dmd,255,128,negative-both,original,6,22893.750,75.785,1.000000,1.000000,1.000000,4.446012,4.385514,4.856148,0.536210,0.480220,0.581779
dmd,255,128,negative-both,selected64,6,14387.500,64.639,1.641204,1.562389,1.736486,2.729251,2.662669,2.962877,0.871966,0.833896,0.925424
dmd,255,128,negative-both,vector16store,6,12831.250,55.528,1.864946,1.718864,2.082377,2.418990,2.220390,2.551402,1.000000,1.000000,1.000000
dmd,255,128,negative-both,cpp-approved-execution,6,5187.500,68.434,4.446012,4.385514,4.856148,1.000000,1.000000,1.000000,2.418990,2.220390,2.551402
dmd,255,128,negative-source,original,6,23118.750,67.045,1.000000,1.000000,1.000000,4.460142,4.254360,4.719298,0.527545,0.524780,0.550089
dmd,255,128,negative-source,selected64,6,14168.750,58.844,1.663157,1.570934,1.725825,2.709837,2.465116,2.844612,0.893250,0.824394,0.909198
dmd,255,128,negative-source,vector16store,6,12268.750,62.557,1.895577,1.817888,1.905561,2.371392,2.241279,2.543860,1.000000,1.000000,1.000000
dmd,255,128,negative-source,cpp-approved-execution,6,5050.000,76.238,4.460142,4.254360,4.719298,1.000000,1.000000,1.000000,2.371392,2.241279,2.543860
dmd,255,128,padded,original,6,22743.750,57.543,1.000000,1.000000,1.000000,4.549347,4.004494,4.647651,0.527583,0.485921,0.544893
dmd,255,128,padded,selected64,6,13837.500,58.537,1.633113,1.614130,1.678378,2.748960,2.480899,2.859060,0.872647,0.789906,0.882576
dmd,255,128,padded,vector16store,6,11962.500,43.260,1.896375,1.835221,2.057949,2.369403,2.182022,2.433420,1.000000,1.000000,1.000000
dmd,255,128,padded,cpp-approved-execution,6,5043.750,52.788,4.549347,4.004494,4.647651,1.000000,1.000000,1.000000,2.369403,2.182022,2.433420
dmd,255,128,repeated-source,original,6,22206.250,10.020,1.000000,1.000000,1.000000,4.548974,4.515789,4.642105,0.540364,0.531151,0.546674
dmd,255,128,repeated-source,selected64,6,13512.500,7.956,1.630726,1.611712,1.673451,2.772487,2.702500,2.844737,0.881441,0.880455,0.902868
dmd,255,128,repeated-source,vector16store,6,12056.250,8.087,1.850606,1.829243,1.882704,2.444897,2.440000,2.507895,1.000000,1.000000,1.000000
dmd,255,128,repeated-source,cpp-approved-execution,6,4818.750,8.042,4.548974,4.515789,4.642105,1.000000,1.000000,1.000000,2.444897,2.440000,2.507895
dmd,255,128,universal,original,6,467000.000,14.160,1.000000,1.000000,1.000000,23.483022,23.087450,24.208744,0.972672,0.940506,0.984849
dmd,255,128,universal,selected64,6,440668.750,14.035,1.044085,1.036317,1.098921,22.395645,22.029557,23.123472,1.023334,1.006507,1.033542
dmd,255,128,universal,vector16store,6,449581.250,12.370,1.028113,1.015384,1.063257,22.834638,22.737650,23.342910,1.000000,1.000000,1.000000
dmd,255,128,universal,cpp-approved-execution,6,19737.500,11.843,23.483022,23.087450,24.208744,1.000000,1.000000,1.000000,22.834638,22.737650,23.342910
dmd,256,1,contiguous,original,6,324.609,14.501,1.000000,1.000000,1.000000,10.172172,10.099707,10.544118,0.606469,0.598432,0.623113
dmd,256,1,contiguous,selected64,6,198.389,11.765,1.640928,1.606820,1.695035,6.212260,6.140523,6.350318,0.999397,0.969408,1.054374
dmd,256,1,contiguous,vector16store,6,195.020,17.326,1.648890,1.604846,1.671033,6.156457,6.136943,6.558824,1.000000,1.000000,1.000000
dmd,256,1,contiguous,cpp-approved-execution,6,31.689,10.786,10.172172,10.099707,10.544118,1.000000,1.000000,1.000000,6.156457,6.136943,6.558824
dmd,256,1,negative-both,original,6,323.584,10.171,1.000000,1.000000,1.000000,7.804688,6.789934,7.900943,0.609906,0.594925,0.615167
dmd,256,1,negative-both,selected64,6,197.119,11.246,1.635740,1.606573,1.650675,4.763042,4.140044,4.891253,0.993490,0.978880,1.003593
dmd,256,1,negative-both,vector16store,6,194.531,10.693,1.639602,1.625575,1.680883,4.732036,4.133479,4.803783,1.000000,1.000000,1.000000
dmd,256,1,negative-both,cpp-approved-execution,6,41.357,11.098,7.804688,6.789934,7.900943,1.000000,1.000000,1.000000,4.732036,4.133479,4.803783
dmd,256,1,negative-source,original,6,323.389,18.179,1.000000,1.000000,1.000000,7.764556,6.727669,8.329571,0.607621,0.584984,0.612694
dmd,256,1,negative-source,selected64,6,198.145,25.037,1.627732,1.531120,1.653748,4.757438,4.143791,5.440181,0.991067,0.903734,1.009689
dmd,256,1,negative-source,vector16store,6,193.750,14.415,1.645792,1.632135,1.709449,4.713125,4.122004,4.916479,1.000000,1.000000,1.000000
dmd,256,1,negative-source,cpp-approved-execution,6,41.748,9.357,7.764556,6.727669,8.329571,1.000000,1.000000,1.000000,4.713125,4.122004,4.916479
dmd,256,1,padded,original,6,326.367,9.485,1.000000,1.000000,1.000000,7.738898,6.768053,7.957245,0.607489,0.579765,0.620876
dmd,256,1,padded,selected64,6,196.680,11.172,1.632898,1.602444,1.675000,4.737884,4.164114,4.817102,0.994348,0.929041,1.020710
dmd,256,1,padded,vector16store,6,195.801,9.077,1.646122,1.610628,1.724836,4.700845,4.131291,4.916865,1.000000,1.000000,1.000000
dmd,256,1,padded,cpp-approved-execution,6,41.699,14.520,7.738898,6.768053,7.957245,1.000000,1.000000,1.000000,4.700845,4.131291,4.916865
dmd,256,1,repeated-source,original,6,323.193,92.280,1.000000,1.000000,1.000000,7.581226,6.170909,7.862559,0.609413,0.598811,0.627283
dmd,256,1,repeated-source,selected64,6,197.070,89.247,1.640004,1.543429,1.658543,4.588710,3.998182,4.803318,0.992823,0.968167,1.005973
dmd,256,1,repeated-source,vector16store,6,197.363,88.867,1.640924,1.594176,1.669975,4.555730,3.870909,4.789100,1.000000,1.000000,1.000000
dmd,256,1,repeated-source,cpp-approved-execution,6,42.383,92.166,7.581226,6.170909,7.862559,1.000000,1.000000,1.000000,4.555730,3.870909,4.789100
dmd,256,1,universal,original,6,3728.271,11.192,1.000000,1.000000,1.000000,23.836013,22.790573,24.007614,1.008690,0.986812,1.059664
dmd,256,1,universal,selected64,6,3671.387,12.600,1.025950,0.975709,1.044040,23.111226,22.818616,24.074772,1.033190,1.016110,1.058362
dmd,256,1,universal,vector16store,6,3849.512,11.038,0.991393,0.943695,1.013365,24.089771,23.690990,24.462614,1.000000,1.000000,1.000000
dmd,256,1,universal,cpp-approved-execution,6,158.154,10.250,23.836013,22.790573,24.007614,1.000000,1.000000,1.000000,24.089771,23.690990,24.462614
dmd,256,17,contiguous,original,6,3809.167,94.684,1.000000,1.000000,1.000000,7.795306,7.591216,8.047170,0.438454,0.410707,0.442333
dmd,256,17,contiguous,selected64,6,1649.167,98.130,2.291831,2.262095,2.393826,3.357585,3.320946,3.555766,0.999485,0.983162,1.007692
dmd,256,17,contiguous,vector16store,6,1655.000,96.073,2.280740,2.260739,2.434824,3.356463,3.305031,3.536862,1.000000,1.000000,1.000000
dmd,256,17,contiguous,cpp-approved-execution,6,494.167,86.341,7.795306,7.591216,8.047170,1.000000,1.000000,1.000000,3.356463,3.305031,3.536862
dmd,256,17,negative-both,original,6,3341.667,81.347,1.000000,1.000000,1.000000,5.323659,5.246637,5.391304,0.528414,0.497151,0.544847
dmd,256,17,negative-both,selected64,6,1822.500,79.561,1.850839,1.819444,1.869010,2.891562,2.807175,2.940701,0.974967,0.929180,0.999008
dmd,256,17,negative-both,vector16store,6,1765.833,69.655,1.892533,1.835377,2.011461,2.822763,2.608371,2.905852,1.000000,1.000000,1.000000
dmd,256,17,negative-both,cpp-approved-execution,6,625.000,83.200,5.323659,5.246637,5.391304,1.000000,1.000000,1.000000,2.822763,2.608371,2.905852
dmd,256,17,negative-source,original,6,3347.500,88.325,1.000000,1.000000,1.000000,5.289006,5.180628,5.377309,0.533278,0.522650,0.547144
dmd,256,17,negative-source,selected64,6,1815.833,98.577,1.838807,1.753038,1.895814,2.846216,2.816619,3.033149,0.974775,0.942623,0.997965
dmd,256,17,negative-source,vector16store,6,1764.167,93.718,1.875225,1.827674,1.913327,2.811777,2.751309,2.859116,1.000000,1.000000,1.000000
dmd,256,17,negative-source,cpp-approved-execution,6,634.167,90.933,5.289006,5.180628,5.377309,1.000000,1.000000,1.000000,2.811777,2.751309,2.859116
dmd,256,17,padded,original,6,3328.333,88.032,1.000000,1.000000,1.000000,5.230347,5.133047,5.698210,0.534354,0.494165,0.546950
dmd,256,17,padded,selected64,6,1780.000,93.914,1.869863,1.808468,1.929004,2.816645,2.751366,2.953964,0.995725,0.953247,1.023833
dmd,256,17,padded,vector16store,6,1773.333,90.789,1.871420,1.828322,2.023615,2.812445,2.766839,2.816940,1.000000,1.000000,1.000000
dmd,256,17,padded,cpp-approved-execution,6,635.833,92.005,5.230347,5.133047,5.698210,1.000000,1.000000,1.000000,2.812445,2.766839,2.816940
dmd,256,17,repeated-source,original,6,3332.500,17.204,1.000000,1.000000,1.000000,5.318794,5.248062,5.787798,0.528731,0.500000,0.533235
dmd,256,17,repeated-source,selected64,6,1774.167,13.809,1.882332,1.870166,1.941281,2.806836,2.790761,2.981432,0.997595,0.970641,1.006816
dmd,256,17,repeated-source,vector16store,6,1765.833,10.949,1.891342,1.875346,2.000000,2.805753,2.798408,2.893899,1.000000,1.000000,1.000000
dmd,256,17,repeated-source,cpp-approved-execution,6,622.500,10.442,5.318794,5.248062,5.787798,1.000000,1.000000,1.000000,2.805753,2.798408,2.893899
dmd,256,17,universal,original,6,63358.333,42.265,1.000000,1.000000,1.000000,23.528563,22.923077,29.535632,0.978002,0.948670,0.998415
dmd,256,17,universal,selected64,6,61592.500,45.246,1.027099,1.020129,1.049871,22.746824,22.190793,28.947126,1.004263,0.971830,1.031362
dmd,256,17,universal,vector16store,6,61848.333,43.415,1.022516,1.001588,1.054108,22.951400,22.594771,29.021264,1.000000,1.000000,1.000000
dmd,256,17,universal,cpp-approved-execution,6,2695.000,15.213,23.528563,22.923077,29.535632,1.000000,1.000000,1.000000,22.951400,22.594771,29.021264
dmd,256,128,contiguous,original,6,26506.250,14.431,1.000000,1.000000,1.000000,6.271999,6.119883,6.425656,0.426551,0.423650,0.450549
dmd,256,128,contiguous,selected64,6,11006.250,28.847,2.378428,2.041825,2.444949,2.616650,2.573099,3.103245,1.016026,0.865019,1.071591
dmd,256,128,contiguous,vector16store,6,11418.750,14.669,2.344386,2.219512,2.360440,2.706766,2.643791,2.757310,1.000000,1.000000,1.000000
dmd,256,128,contiguous,cpp-approved-execution,6,4225.000,10.947,6.271999,6.119883,6.425656,1.000000,1.000000,1.000000,2.706766,2.643791,2.757310
dmd,256,128,negative-both,original,6,22187.500,8.451,1.000000,1.000000,1.000000,4.938020,4.602703,5.090659,0.504548,0.483540,0.512038
dmd,256,128,negative-both,selected64,6,11218.750,7.131,1.984851,1.976641,2.045254,2.490944,2.313514,2.504178,0.998357,0.988962,1.018692
dmd,256,128,negative-both,vector16store,6,11200.000,5.134,1.981975,1.952982,2.068080,2.474359,2.356757,2.501393,1.000000,1.000000,1.000000
dmd,256,128,negative-both,cpp-approved-execution,6,4518.750,7.192,4.938020,4.602703,5.090659,1.000000,1.000000,1.000000,2.474359,2.356757,2.501393
dmd,256,128,negative-source,original,6,23093.750,25.602,1.000000,1.000000,1.000000,4.786651,3.614314,5.045699,0.520681,0.478423,0.544554
dmd,256,128,negative-source,selected64,6,11437.500,19.672,2.002399,1.935340,2.122093,2.411019,1.852883,2.476744,1.028766,0.998826,1.113372
dmd,256,128,negative-source,vector16store,6,11800.000,31.568,1.920673,1.836364,2.090200,2.442526,1.968191,2.546599,1.000000,1.000000,1.000000
dmd,256,128,negative-source,cpp-approved-execution,6,4806.250,41.612,4.786651,3.614314,5.045699,1.000000,1.000000,1.000000,2.442526,1.968191,2.546599
dmd,256,128,padded,original,6,22725.000,12.706,1.000000,1.000000,1.000000,4.927525,4.704663,4.956403,0.505776,0.491725,0.521882
dmd,256,128,padded,selected64,6,11456.250,10.693,1.984771,1.969828,2.033659,2.468162,2.362694,2.495935,1.001699,0.997828,1.028017
dmd,256,128,padded,vector16store,6,11493.750,13.377,1.977161,1.916143,2.033659,2.493005,2.367876,2.550802,1.000000,1.000000,1.000000
dmd,256,128,padded,cpp-approved-execution,6,4643.750,14.266,4.927525,4.704663,4.956403,1.000000,1.000000,1.000000,2.493005,2.367876,2.550802
dmd,256,128,repeated-source,original,6,22400.000,17.020,1.000000,1.000000,1.000000,5.000000,3.972000,5.017910,0.505869,0.475831,0.508762
dmd,256,128,repeated-source,selected64,6,11300.000,10.288,1.975096,1.971770,2.101587,2.531525,1.890000,2.543284,0.999415,0.996743,1.011236
dmd,256,128,repeated-source,vector16store,6,11350.000,10.132,1.976797,1.965556,2.101587,2.526171,1.890000,2.552239,1.000000,1.000000,1.000000
dmd,256,128,repeated-source,cpp-approved-execution,6,4537.500,45.455,5.000000,3.972000,5.017910,1.000000,1.000000,1.000000,2.526171,1.890000,2.552239
dmd,256,128,universal,original,6,486868.750,26.080,1.000000,1.000000,1.000000,23.310237,22.460946,25.678926,0.961634,0.846981,1.034261
dmd,256,128,universal,selected64,6,454400.000,15.763,1.065500,0.978921,1.185596,22.306420,20.080858,24.083167,1.010911,0.966544,1.046840
dmd,256,128,universal,vector16store,6,457775.000,15.095,1.040641,0.966874,1.180664,22.645818,21.021452,23.686863,1.000000,1.000000,1.000000
dmd,256,128,universal,cpp-approved-execution,6,20568.750,21.270,23.310237,22.460946,25.678926,1.000000,1.000000,1.000000,22.645818,21.021452,23.686863
dmd,257,1,contiguous,original,6,322.598,13.919,1.000000,1.000000,1.000000,8.566155,8.358333,8.760925,0.610775,0.569368,0.632195
dmd,257,1,contiguous,selected64,6,195.196,12.858,1.614573,1.597561,1.760792,5.302202,4.756039,5.447301,0.992175,0.974593,1.020368
dmd,257,1,contiguous,vector16store,6,196.275,13.586,1.637267,1.581792,1.756332,5.222334,4.768116,5.429306,1.000000,1.000000,1.000000
dmd,257,1,contiguous,cpp-approved-execution,6,37.647,14.062,8.566155,8.358333,8.760925,1.000000,1.000000,1.000000,5.222334,4.768116,5.429306
dmd,257,1,negative-both,original,6,322.696,15.282,1.000000,1.000000,1.000000,7.636891,7.557457,7.813043,0.614219,0.589872,0.631387
dmd,257,1,negative-both,selected64,6,197.451,18.967,1.633567,1.577007,1.645500,4.645242,4.633641,4.954348,1.005645,0.930233,1.032322
dmd,257,1,negative-both,vector16store,6,202.108,10.672,1.628085,1.583815,1.695283,4.670368,4.608696,4.783410,1.000000,1.000000,1.000000
dmd,257,1,negative-both,cpp-approved-execution,6,42.402,11.792,7.636891,7.557457,7.813043,1.000000,1.000000,1.000000,4.670368,4.608696,4.783410
dmd,257,1,negative-source,original,6,321.225,7.966,1.000000,1.000000,1.000000,7.655294,7.533643,7.728538,0.607496,0.600120,0.612565
dmd,257,1,negative-source,selected64,6,196.422,8.286,1.630880,1.617999,1.652282,4.669374,4.635731,4.747727,0.991802,0.985160,0.995495
dmd,257,1,negative-source,vector16store,6,195.196,7.986,1.646109,1.632479,1.666333,4.631090,4.614849,4.677273,1.000000,1.000000,1.000000
dmd,257,1,negative-source,cpp-approved-execution,6,42.255,7.193,7.655294,7.533643,7.728538,1.000000,1.000000,1.000000,4.631090,4.614849,4.677273
dmd,257,1,padded,original,6,324.265,14.633,1.000000,1.000000,1.000000,7.727995,7.556845,8.074492,0.609264,0.570590,0.642294
dmd,257,1,padded,selected64,6,198.627,7.601,1.635995,1.621205,1.745730,4.668155,4.625282,4.737819,0.997052,0.991557,1.053234
dmd,257,1,padded,vector16store,6,199.461,11.698,1.641338,1.556920,1.752572,4.666947,4.594132,4.981176,1.000000,1.000000,1.000000
dmd,257,1,padded,cpp-approved-execution,6,42.255,7.889,7.727995,7.556845,8.074492,1.000000,1.000000,1.000000,4.666947,4.594132,4.981176
dmd,257,1,repeated-source,original,6,312.304,11.364,1.000000,1.000000,1.000000,7.587194,7.505910,7.796296,0.616283,0.592637,0.625512
dmd,257,1,repeated-source,selected64,6,190.588,17.027,1.634662,1.506900,1.642927,4.658797,4.581560,5.044084,0.998114,0.934683,1.024768
dmd,257,1,repeated-source,vector16store,6,194.412,9.733,1.622677,1.598691,1.687375,4.690583,4.609023,4.714617,1.000000,1.000000,1.000000
dmd,257,1,repeated-source,cpp-approved-execution,6,41.422,7.811,7.587194,7.505910,7.796296,1.000000,1.000000,1.000000,4.690583,4.609023,4.714617
dmd,257,1,universal,original,6,3767.892,13.806,1.000000,1.000000,1.000000,23.534352,22.676983,24.857235,1.019566,0.973508,1.296687
dmd,257,1,universal,selected64,6,3750.000,14.259,1.014228,0.982040,1.026046,23.484073,22.311412,24.560772,1.040934,0.982223,1.330460
dmd,257,1,universal,vector16store,6,3883.627,35.274,0.980872,0.771196,1.027213,24.494172,22.937460,30.342315,1.000000,1.000000,1.000000
dmd,257,1,universal,cpp-approved-execution,6,160.147,8.938,23.534352,22.676983,24.857235,1.000000,1.000000,1.000000,24.494172,22.937460,30.342315
dmd,257,17,contiguous,original,6,3634.167,11.236,1.000000,1.000000,1.000000,7.732770,7.622837,7.839465,0.437236,0.431634,0.443032
dmd,257,17,contiguous,selected64,6,1600.000,8.438,2.275210,2.256600,2.332338,3.363993,3.358156,3.443636,1.003654,0.978881,1.011988
dmd,257,17,contiguous,vector16store,6,1605.833,11.417,2.287238,2.257172,2.316777,3.374752,3.368030,3.399329,1.000000,1.000000,1.000000
dmd,257,17,contiguous,cpp-approved-execution,6,475.833,10.508,7.732770,7.622837,7.839465,1.000000,1.000000,1.000000,3.374752,3.368030,3.399329
dmd,257,17,negative-both,original,6,3370.833,25.315,1.000000,1.000000,1.000000,5.158522,5.142157,5.721429,0.539920,0.417811,0.552645
dmd,257,17,negative-both,selected64,6,1748.333,13.155,1.854987,1.845207,2.405405,2.780892,2.378571,2.786765,1.002503,0.999055,1.025739
dmd,257,17,negative-both,vector16store,6,1755.000,13.485,1.852128,1.809480,2.393426,2.780892,2.390476,2.854111,1.000000,1.000000,1.000000
dmd,257,17,negative-both,cpp-approved-execution,6,638.333,13.838,5.158522,5.142157,5.721429,1.000000,1.000000,1.000000,2.780892,2.390476,2.854111
dmd,257,17,negative-source,original,6,3344.167,13.456,1.000000,1.000000,1.000000,5.225739,5.111111,5.369509,0.538061,0.517324,0.553830
dmd,257,17,negative-source,selected64,6,1770.833,11.200,1.888509,1.848804,1.925857,2.776862,2.757033,2.789474,1.011962,0.996293,1.036178
dmd,257,17,negative-source,vector16store,6,1787.500,13.613,1.858525,1.805607,1.933023,2.804233,2.774536,2.857143,1.000000,1.000000,1.000000
dmd,257,17,negative-source,cpp-approved-execution,6,637.500,10.719,5.225739,5.111111,5.369509,1.000000,1.000000,1.000000,2.804233,2.774536,2.857143
dmd,257,17,padded,original,6,3225.000,14.574,1.000000,1.000000,1.000000,5.139444,5.013624,5.403061,0.539884,0.521719,0.550336
dmd,257,17,padded,selected64,6,1740.833,22.212,1.853927,1.733224,1.896750,2.774236,2.700272,3.117347,1.001965,0.904255,1.019120
dmd,257,17,padded,vector16store,6,1743.333,10.707,1.852252,1.817073,1.916742,2.780982,2.705722,2.827586,1.000000,1.000000,1.000000
dmd,257,17,padded,cpp-approved-execution,6,627.500,9.031,5.139444,5.013624,5.403061,1.000000,1.000000,1.000000,2.780982,2.705722,2.827586
dmd,257,17,repeated-source,original,6,3256.667,12.385,1.000000,1.000000,1.000000,5.140795,5.100529,5.238095,0.536636,0.525758,0.539419
dmd,257,17,repeated-source,selected64,6,1754.167,9.216,1.857559,1.855630,1.914127,2.751434,2.707500,2.820106,1.000988,0.976548,1.024007
dmd,257,17,repeated-source,vector16store,6,1734.167,11.725,1.863480,1.853846,1.902017,2.755476,2.751323,2.772500,1.000000,1.000000,1.000000
dmd,257,17,repeated-source,cpp-approved-execution,6,630.000,11.111,5.140795,5.100529,5.238095,1.000000,1.000000,1.000000,2.755476,2.751323,2.772500
dmd,257,17,universal,original,6,63725.000,15.630,1.000000,1.000000,1.000000,23.556802,22.890288,24.273746,0.967019,0.943613,1.000786
dmd,257,17,universal,selected64,6,60385.833,11.239,1.052134,1.011015,1.091700,22.325987,21.815917,22.967783,1.022321,1.009445,1.030494
dmd,257,17,universal,vector16store,6,61725.000,11.565,1.034360,0.999215,1.059757,22.906644,22.035067,23.415035,1.000000,1.000000,1.000000
dmd,257,17,universal,cpp-approved-execution,6,2750.000,11.636,23.556802,22.890288,24.273746,1.000000,1.000000,1.000000,22.906644,22.035067,23.415035
dmd,257,128,contiguous,original,6,27581.250,44.731,1.000000,1.000000,1.000000,6.273655,5.754430,6.938953,0.422755,0.396732,0.452706
dmd,257,128,contiguous,selected64,6,11493.750,60.794,2.378743,2.133239,2.539362,2.697629,2.410127,2.897331,1.008178,0.880227,1.080882
dmd,257,128,contiguous,vector16store,6,11718.750,41.387,2.365442,2.208941,2.520591,2.655811,2.550308,2.803625,1.000000,1.000000,1.000000
dmd,257,128,contiguous,cpp-approved-execution,6,4306.250,49.057,6.273655,5.754430,6.938953,1.000000,1.000000,1.000000,2.655811,2.550308,2.803625
dmd,257,128,negative-both,original,6,24487.500,46.759,1.000000,1.000000,1.000000,4.645569,4.209677,4.849003,0.504671,0.467433,0.631890
dmd,257,128,negative-both,selected64,6,12381.250,45.432,1.974873,1.724958,2.701754,2.408123,1.617696,2.683371,0.989827,0.929878,1.357069
dmd,257,128,negative-both,vector16store,6,13618.750,41.487,1.981532,1.582555,2.139344,2.365681,1.967742,2.924829,1.000000,1.000000,1.000000
dmd,257,128,negative-both,cpp-approved-execution,6,5218.750,64.431,4.645569,4.209677,4.849003,1.000000,1.000000,1.000000,2.365681,1.967742,2.924829
dmd,257,128,negative-source,original,6,23018.750,30.682,1.000000,1.000000,1.000000,4.692187,3.467652,5.237875,0.508280,0.425044,0.559168
dmd,257,128,negative-source,selected64,6,11506.250,11.190,1.989950,1.968786,2.342975,2.308072,1.726433,2.383632,1.001115,0.995868,1.123126
dmd,257,128,negative-source,vector16store,6,11512.500,19.870,1.967421,1.788370,2.352697,2.306001,1.939002,2.386189,1.000000,1.000000,1.000000
dmd,257,128,negative-source,cpp-approved-execution,6,5131.250,43.362,4.692187,3.467652,5.237875,1.000000,1.000000,1.000000,2.306001,1.939002,2.386189
dmd,257,128,padded,original,6,22731.250,6.324,1.000000,1.000000,1.000000,4.838844,3.969231,4.980978,0.511056,0.495908,0.698228
dmd,257,128,padded,selected64,6,11693.750,45.537,1.957802,1.400000,1.988426,2.489449,2.454545,2.835165,0.992418,0.976670,1.003472
dmd,257,128,padded,vector16store,6,11593.750,42.480,1.956739,1.432197,2.016502,2.470504,2.442971,2.771429,1.000000,1.000000,1.000000
dmd,257,128,padded,cpp-approved-execution,6,4718.750,27.285,4.838844,3.969231,4.980978,1.000000,1.000000,1.000000,2.470504,2.442971,2.771429
dmd,257,128,repeated-source,original,6,22818.750,59.710,1.000000,1.000000,1.000000,4.899824,4.653061,5.024129,0.509210,0.473185,0.514803
dmd,257,128,repeated-source,selected64,6,11775.000,37.792,1.966053,1.836858,2.291806,2.494947,2.120567,2.560322,1.001133,0.945619,1.084448
dmd,257,128,repeated-source,vector16store,6,11631.250,49.006,1.963828,1.942492,2.113338,2.495764,2.299645,2.500000,1.000000,1.000000,1.000000
dmd,257,128,repeated-source,cpp-approved-execution,6,4656.250,60.940,4.899824,4.653061,5.024129,1.000000,1.000000,1.000000,2.495764,2.299645,2.500000
dmd,257,128,universal,original,6,460012.500,20.252,1.000000,1.000000,1.000000,23.260769,22.617791,23.715300,0.992293,0.942492,1.059181
dmd,257,128,universal,selected64,6,445168.750,17.081,1.047433,1.027738,1.073200,22.263992,21.896051,22.320092,1.028002,1.001006,1.125676
dmd,257,128,universal,vector16store,6,470981.250,14.441,1.007768,0.944126,1.061017,22.698946,22.342545,25.118786,1.000000,1.000000,1.000000
dmd,257,128,universal,cpp-approved-execution,6,20100.000,16.604,23.260769,22.617791,23.715300,1.000000,1.000000,1.000000,22.698946,22.342545,25.118786
dmd,511,1,contiguous,original,6,540.643,61.403,1.000000,1.000000,1.000000,8.417168,8.145270,8.716102,0.543002,0.514098,0.547915
dmd,511,1,contiguous,selected64,6,303.314,59.447,1.775501,1.749637,1.786366,4.751590,4.655405,4.879237,0.954497,0.918367,0.978445
dmd,511,1,contiguous,vector16store,6,292.788,53.329,1.841639,1.825100,1.945154,4.532114,4.439189,4.652174,1.000000,1.000000,1.000000
dmd,511,1,contiguous,cpp-approved-execution,6,63.353,54.154,8.417168,8.145270,8.716102,1.000000,1.000000,1.000000,4.532114,4.439189,4.652174
dmd,511,1,negative-both,original,6,549.708,12.837,1.000000,1.000000,1.000000,6.839732,6.643045,7.000000,0.531433,0.518839,0.549190
dmd,511,1,negative-both,selected64,6,303.314,11.118,1.783023,1.748765,1.837042,3.815614,3.797900,3.851942,0.953366,0.944549,0.960608
dmd,511,1,negative-both,vector16store,6,288.304,10.548,1.882505,1.820863,1.927382,3.638377,3.625604,3.648294,1.000000,1.000000,1.000000
dmd,511,1,negative-both,cpp-approved-execution,6,79.337,10.565,6.839732,6.643045,7.000000,1.000000,1.000000,1.000000,3.638377,3.625604,3.648294
dmd,511,1,negative-source,original,6,530.409,10.437,1.000000,1.000000,1.000000,6.662906,6.610329,6.733990,0.554198,0.542867,0.574929
dmd,511,1,negative-source,selected64,6,306.628,17.673,1.729833,1.632464,1.753614,3.874384,3.795511,4.049296,0.957860,0.933127,0.977004
dmd,511,1,negative-source,vector16store,6,292.593,15.390,1.804436,1.739345,1.842070,3.695248,3.640097,3.800469,1.000000,1.000000,1.000000
dmd,511,1,negative-source,cpp-approved-execution,6,79.142,11.084,6.662906,6.610329,6.733990,1.000000,1.000000,1.000000,3.695248,3.640097,3.800469
dmd,511,1,padded,original,6,546.004,21.528,1.000000,1.000000,1.000000,6.541907,5.775701,7.040380,0.538303,0.508091,0.556590
dmd,511,1,padded,selected64,6,315.107,17.569,1.753372,1.582793,1.938522,3.730979,3.106542,4.059809,0.948968,0.880966,1.020275
dmd,511,1,padded,vector16store,6,297.173,14.628,1.857760,1.796656,1.968153,3.582878,2.934579,3.705463,1.000000,1.000000,1.000000
dmd,511,1,padded,cpp-approved-execution,6,82.261,37.441,6.541907,5.775701,7.040380,1.000000,1.000000,1.000000,3.582878,2.934579,3.705463
dmd,511,1,repeated-source,original,6,505.945,11.250,1.000000,1.000000,1.000000,6.663785,6.632546,6.973822,0.547486,0.545311,0.556768
dmd,511,1,repeated-source,selected64,6,289.669,10.700,1.745219,1.734408,1.754941,3.822283,3.807692,3.973822,0.958072,0.948383,0.965662
dmd,511,1,repeated-source,vector16store,6,276.998,10.345,1.826544,1.796081,1.833817,3.668711,3.616798,3.806283,1.000000,1.000000,1.000000
dmd,511,1,repeated-source,cpp-approved-execution,6,75.244,11.140,6.663785,6.632546,6.973822,1.000000,1.000000,1.000000,3.668711,3.616798,3.806283
dmd,511,1,universal,original,6,7408.187,16.606,1.000000,1.000000,1.000000,24.214239,23.447201,24.992063,0.994153,0.966261,1.023277
dmd,511,1,universal,selected64,6,7129.922,17.202,1.021761,0.994671,1.042388,23.473788,22.828244,24.639194,1.016640,0.988924,1.048598
dmd,511,1,universal,vector16store,6,7299.903,11.963,1.005895,0.977252,1.034917,24.072381,23.488284,24.419021,1.000000,1.000000,1.000000
dmd,511,1,universal,cpp-approved-execution,6,307.115,11.869,24.214239,23.447201,24.992063,1.000000,1.000000,1.000000,24.072381,23.488284,24.419021
dmd,511,17,contiguous,original,6,7160.000,23.743,1.000000,1.000000,1.000000,6.369083,6.171271,6.564644,0.442842,0.391881,0.570725
dmd,511,17,contiguous,selected64,6,3363.333,33.201,2.122957,1.763220,2.394610,2.998476,2.741425,3.500000,0.940361,0.918715,1.006314
dmd,511,17,contiguous,vector16store,6,3156.667,42.027,2.258143,1.752157,2.551795,2.815235,2.572559,3.522099,1.000000,1.000000,1.000000
dmd,511,17,contiguous,cpp-approved-execution,6,1123.333,19.881,6.369083,6.171271,6.564644,1.000000,1.000000,1.000000,2.815235,2.572559,3.522099
dmd,511,17,negative-both,original,6,6301.667,8.675,1.000000,1.000000,1.000000,4.873483,4.834688,4.919192,0.532503,0.527020,0.551557
dmd,511,17,negative-both,selected64,6,3530.000,11.426,1.785088,1.747085,1.807442,2.736271,2.693767,2.815657,0.952915,0.922870,0.979962
dmd,511,17,negative-both,vector16store,6,3406.667,7.241,1.877931,1.813048,1.897461,2.586967,2.575758,2.702632,1.000000,1.000000,1.000000
dmd,511,17,negative-both,cpp-approved-execution,6,1293.333,6.959,4.873483,4.834688,4.919192,1.000000,1.000000,1.000000,2.586967,2.575758,2.702632
dmd,511,17,negative-source,original,6,6058.333,11.664,1.000000,1.000000,1.000000,4.850029,4.840314,5.030928,0.535173,0.516393,0.584640
dmd,511,17,negative-source,selected64,6,3443.333,15.489,1.753343,1.603643,1.814126,2.769396,2.766017,3.018325,0.938342,0.936803,0.939096
dmd,511,17,negative-source,vector16store,6,3233.333,15.361,1.868555,1.710453,1.936508,2.597882,2.595109,2.829843,1.000000,1.000000,1.000000
dmd,511,17,negative-source,cpp-approved-execution,6,1243.333,7.775,4.850029,4.840314,5.030928,1.000000,1.000000,1.000000,2.597882,2.595109,2.829843
dmd,511,17,padded,original,6,6091.667,11.108,1.000000,1.000000,1.000000,4.855167,4.745721,5.010638,0.535616,0.521762,0.594539
dmd,511,17,padded,selected64,6,3436.667,12.512,1.752114,1.731490,1.802871,2.771033,2.740831,2.779255,0.939589,0.936902,1.029438
dmd,511,17,padded,vector16store,6,3265.000,22.767,1.867011,1.681976,1.916582,2.607460,2.599455,2.821516,1.000000,1.000000,1.000000
dmd,511,17,padded,cpp-approved-execution,6,1240.000,13.710,4.855167,4.745721,5.010638,1.000000,1.000000,1.000000,2.607460,2.599455,2.821516
dmd,511,17,repeated-source,original,6,6090.000,8.265,1.000000,1.000000,1.000000,4.870308,3.780538,4.950262,0.543633,0.533333,0.616076
dmd,511,17,repeated-source,selected64,6,3558.333,14.426,1.712962,1.596154,1.757576,2.773221,2.368530,2.947644,0.938068,0.855769,1.034636
dmd,511,17,repeated-source,vector16store,6,3311.667,23.855,1.839826,1.623176,1.875000,2.601053,2.026915,3.049738,1.000000,1.000000,1.000000
dmd,511,17,repeated-source,cpp-approved-execution,6,1261.667,33.289,4.870308,3.780538,4.950262,1.000000,1.000000,1.000000,2.601053,2.026915,3.049738
dmd,511,17,universal,original,6,124640.000,12.527,1.000000,1.000000,1.000000,23.922535,23.390006,25.070175,0.975698,0.925021,1.061904
dmd,511,17,universal,selected64,6,118526.667,8.521,1.051489,1.031195,1.078237,22.831059,22.253082,23.831709,1.016125,0.997392,1.116235
dmd,511,17,universal,vector16store,6,122593.333,11.015,1.024956,0.941704,1.081057,23.340991,22.832711,24.978558,1.000000,1.000000,1.000000
dmd,511,17,universal,cpp-approved-execution,6,5133.333,10.325,23.922535,23.390006,25.070175,1.000000,1.000000,1.000000,23.340991,22.832711,24.978558
dmd,511,128,contiguous,original,6,53131.250,69.168,1.000000,1.000000,1.000000,5.732790,5.039125,6.832830,0.434521,0.419602,0.472711
dmd,511,128,contiguous,selected64,6,24593.750,61.093,2.159720,1.995898,2.279140,2.655794,2.524741,2.997986,0.941037,0.912867,0.958682
dmd,511,128,contiguous,vector16store,6,22943.750,64.342,2.301404,2.115459,2.383210,2.516635,2.382048,2.867069,1.000000,1.000000,1.000000
dmd,511,128,contiguous,cpp-approved-execution,6,9156.250,44.642,5.732790,5.039125,6.832830,1.000000,1.000000,1.000000,2.516635,2.382048,2.867069
dmd,511,128,negative-both,original,6,44750.000,8.101,1.000000,1.000000,1.000000,4.351736,4.084379,4.505102,0.517193,0.497735,0.535772
dmd,511,128,negative-both,selected64,6,24831.250,15.907,1.805918,1.721327,1.968785,2.392457,2.270239,2.523923,0.934009,0.906580,0.979933
dmd,511,128,negative-both,vector16store,6,22850.000,11.980,1.933513,1.866464,2.009101,2.270928,2.058153,2.307416,1.000000,1.000000,1.000000
dmd,511,128,negative-both,cpp-approved-execution,6,10281.250,11.793,4.351736,4.084379,4.505102,1.000000,1.000000,1.000000,2.270928,2.058153,2.307416
dmd,511,128,negative-source,original,6,45300.000,10.099,1.000000,1.000000,1.000000,4.314426,3.803141,4.479655,0.512037,0.504857,0.525832
dmd,511,128,negative-source,selected64,6,24787.500,12.658,1.810645,1.803067,1.850218,2.385789,2.101571,2.429100,0.934483,0.922770,0.948240
dmd,511,128,negative-source,vector16store,6,23206.250,11.365,1.952983,1.901747,1.980758,2.229470,1.939267,2.294698,1.000000,1.000000,1.000000
dmd,511,128,negative-source,cpp-approved-execution,6,10350.000,26.932,4.314426,3.803141,4.479655,1.000000,1.000000,1.000000,2.229470,1.939267,2.294698
dmd,511,128,padded,original,6,44518.750,85.105,1.000000,1.000000,1.000000,4.446149,4.355217,4.901627,0.519715,0.463812,0.524733
dmd,511,128,padded,selected64,6,24712.500,60.850,1.801468,1.754657,2.053212,2.464122,2.387297,2.515395,0.934669,0.913784,0.952304
dmd,511,128,padded,vector16store,6,23225.000,65.554,1.924139,1.905731,2.156048,2.290951,2.233294,2.378344,1.000000,1.000000,1.000000
dmd,511,128,padded,cpp-approved-execution,6,9937.500,68.428,4.446149,4.355217,4.901627,1.000000,1.000000,1.000000,2.290951,2.233294,2.378344
dmd,511,128,repeated-source,original,6,43231.250,12.520,1.000000,1.000000,1.000000,4.755408,4.638554,4.862483,0.520645,0.507739,0.530159
dmd,511,128,repeated-source,selected64,6,24800.000,12.298,1.792590,1.724739,1.824508,2.668477,2.638643,2.715458,0.929925,0.905290,0.934041
dmd,511,128,repeated-source,vector16store,6,22712.500,12.493,1.920693,1.886228,1.969516,2.461886,2.452603,2.534045,1.000000,1.000000,1.000000
dmd,511,128,repeated-source,cpp-approved-execution,6,9237.500,9.608,4.755408,4.638554,4.862483,1.000000,1.000000,1.000000,2.461886,2.452603,2.534045
dmd,511,128,universal,original,6,958687.500,17.537,1.000000,1.000000,1.000000,23.466510,19.953895,24.640852,0.988722,0.874242,1.040543
dmd,511,128,universal,selected64,6,909831.250,16.547,1.032551,1.002864,1.091256,22.840392,18.285256,23.409936,1.020897,0.954021,1.070440
dmd,511,128,universal,vector16store,6,906387.500,20.500,1.011413,0.961037,1.143848,22.882737,17.444527,24.665376,1.000000,1.000000,1.000000
dmd,511,128,universal,cpp-approved-execution,6,39875.000,36.959,23.466510,19.953895,24.640852,1.000000,1.000000,1.000000,22.882737,17.444527,24.665376
dmd,512,1,contiguous,original,6,525.195,16.921,1.000000,1.000000,1.000000,8.204832,7.980645,8.465318,0.532672,0.516559,0.536538
dmd,512,1,contiguous,selected64,6,279.395,12.583,1.870832,1.820053,1.957888,4.379245,4.277419,4.508982,0.999299,0.976096,1.011364
dmd,512,1,contiguous,vector16store,6,279.199,13.711,1.877328,1.863799,1.935889,4.379812,4.248387,4.424615,1.000000,1.000000,1.000000
dmd,512,1,contiguous,cpp-approved-execution,6,63.477,11.077,8.204832,7.980645,8.465318,1.000000,1.000000,1.000000,4.379812,4.248387,4.424615
dmd,512,1,negative-both,original,6,527.539,9.330,1.000000,1.000000,1.000000,6.985514,6.794189,7.117188,0.533024,0.514255,0.548905
dmd,512,1,negative-both,selected64,6,287.695,12.152,1.857776,1.810719,1.873808,3.764284,3.724599,3.838542,0.991125,0.935798,1.021739
dmd,512,1,negative-both,vector16store,6,279.883,9.979,1.876088,1.821809,1.944560,3.729131,3.493947,3.866324,1.000000,1.000000,1.000000
dmd,512,1,negative-both,cpp-approved-execution,6,75.000,12.760,6.985514,6.794189,7.117188,1.000000,1.000000,1.000000,3.729131,3.493947,3.866324
dmd,512,1,negative-source,original,6,535.352,10.762,1.000000,1.000000,1.000000,6.947996,6.623223,7.211735,0.528839,0.522719,0.545218
dmd,512,1,negative-source,selected64,6,288.184,20.807,1.873358,1.616727,1.914015,3.730429,3.492891,4.207595,0.993007,0.881468,1.021985
dmd,512,1,negative-source,vector16store,6,285.742,12.714,1.891021,1.834130,1.913073,3.706079,3.462085,3.806452,1.000000,1.000000,1.000000
dmd,512,1,negative-source,cpp-approved-execution,6,76.855,14.740,6.947996,6.623223,7.211735,1.000000,1.000000,1.000000,3.706079,3.462085,3.806452
dmd,512,1,padded,original,6,524.805,13.733,1.000000,1.000000,1.000000,6.962832,6.793911,7.114973,0.533917,0.510514,0.549219
dmd,512,1,padded,selected64,6,282.812,9.876,1.866161,1.825707,1.934000,3.731100,3.512881,3.849741,0.995259,0.969044,1.025085
dmd,512,1,padded,vector16store,6,280.566,11.347,1.872958,1.820767,1.958812,3.722237,3.468384,3.831551,1.000000,1.000000,1.000000
dmd,512,1,padded,cpp-approved-execution,6,74.219,16.579,6.962832,6.793911,7.114973,1.000000,1.000000,1.000000,3.722237,3.468384,3.831551
dmd,512,1,repeated-source,original,6,501.465,12.347,1.000000,1.000000,1.000000,6.964286,6.604478,7.340314,0.533429,0.526034,0.583051
dmd,512,1,repeated-source,selected64,6,270.117,20.390,1.853754,1.749220,1.882665,3.738600,3.721127,4.196335,0.992027,0.920150,1.034759
dmd,512,1,repeated-source,vector16store,6,267.969,16.910,1.874666,1.715116,1.901017,3.718289,3.706044,3.861257,1.000000,1.000000,1.000000
dmd,512,1,repeated-source,cpp-approved-execution,6,72.070,12.737,6.964286,6.604478,7.340314,1.000000,1.000000,1.000000,3.718289,3.706044,3.861257
dmd,512,1,universal,original,6,7330.176,16.046,1.000000,1.000000,1.000000,23.852249,23.443850,25.415106,1.017969,0.969250,1.120690
dmd,512,1,universal,selected64,6,7081.836,13.660,1.032537,1.018118,1.060590,23.134696,22.646182,24.633702,1.051098,1.027977,1.148245
dmd,512,1,universal,vector16store,6,7571.875,15.497,0.982351,0.892307,1.031726,24.412893,23.633147,26.868182,1.000000,1.000000,1.000000
dmd,512,1,universal,cpp-approved-execution,6,300.488,9.685,23.852249,23.443850,25.415106,1.000000,1.000000,1.000000,24.412893,23.633147,26.868182
dmd,512,17,contiguous,original,6,7095.000,10.148,1.000000,1.000000,1.000000,6.420049,5.974930,6.697248,0.451445,0.429680,0.468065
dmd,512,17,contiguous,selected64,6,3055.000,15.494,2.290563,2.193485,2.390830,2.803127,2.635097,2.829609,1.026275,0.999013,1.061311
dmd,512,17,contiguous,vector16store,6,3166.667,12.526,2.215182,2.136454,2.327311,2.869654,2.796657,2.941718,1.000000,1.000000,1.000000
dmd,512,17,contiguous,cpp-approved-execution,6,1088.333,14.701,6.420049,5.974930,6.697248,1.000000,1.000000,1.000000,2.869654,2.796657,2.941718
dmd,512,17,negative-both,original,6,6233.333,15.080,1.000000,1.000000,1.000000,5.052960,4.987531,5.303665,0.536225,0.511846,0.538422
dmd,512,17,negative-both,selected64,6,3306.667,10.685,1.870180,1.854772,1.966990,2.712417,2.543641,2.732283,1.002878,0.996888,1.019608
dmd,512,17,negative-both,vector16store,6,3330.000,11.812,1.864900,1.857279,1.953713,2.713262,2.593516,2.758530,1.000000,1.000000,1.000000
dmd,512,17,negative-both,cpp-approved-execution,6,1225.000,15.238,5.052960,4.987531,5.303665,1.000000,1.000000,1.000000,2.713262,2.593516,2.758530
dmd,512,17,negative-source,original,6,6256.667,31.220,1.000000,1.000000,1.000000,5.101397,5.015086,5.407311,0.535043,0.457671,0.535899
dmd,512,17,negative-source,selected64,6,3276.667,13.428,1.911452,1.861602,2.184977,2.699980,2.295259,2.749347,1.011443,0.995838,1.026591
dmd,512,17,negative-source,vector16store,6,3350.000,14.726,1.869009,1.866024,2.184977,2.731032,2.295259,2.822454,1.000000,1.000000,1.000000
dmd,512,17,negative-source,cpp-approved-execution,6,1236.667,33.154,5.101397,5.015086,5.407311,1.000000,1.000000,1.000000,2.731032,2.295259,2.822454
dmd,512,17,padded,original,6,6036.667,8.283,1.000000,1.000000,1.000000,5.121747,5.110811,5.198324,0.534838,0.533051,0.551316
dmd,512,17,padded,selected64,6,3238.333,10.396,1.864487,1.830591,1.872233,2.748263,2.741176,2.791892,0.998474,0.975799,1.032193
dmd,512,17,padded,vector16store,6,3230.000,9.701,1.869727,1.813840,1.875992,2.739303,2.724324,2.865922,1.000000,1.000000,1.000000
dmd,512,17,padded,cpp-approved-execution,6,1178.333,8.487,5.121747,5.110811,5.198324,1.000000,1.000000,1.000000,2.739303,2.724324,2.865922
dmd,512,17,repeated-source,original,6,6031.667,25.421,1.000000,1.000000,1.000000,5.149856,5.120944,6.238636,0.535193,0.439435,0.552761
dmd,512,17,repeated-source,selected64,6,3305.000,21.382,1.863188,1.811168,1.924628,2.820994,2.740413,3.241477,0.994401,0.845749,1.013026
dmd,512,17,repeated-source,vector16store,6,3233.333,8.144,1.868503,1.809100,2.275648,2.780980,2.741477,2.839888,1.000000,1.000000,1.000000
dmd,512,17,repeated-source,cpp-approved-execution,6,1165.000,4.864,5.149856,5.120944,6.238636,1.000000,1.000000,1.000000,2.780980,2.741477,2.839888
dmd,512,17,universal,original,6,123515.000,12.986,1.000000,1.000000,1.000000,23.795503,23.458192,25.719682,0.998070,0.924591,1.054913
dmd,512,17,universal,selected64,6,119968.333,9.191,1.033478,1.022375,1.074759,23.000581,22.816451,24.245195,1.031210,0.993713,1.078517
dmd,512,17,universal,vector16store,6,122176.667,14.787,1.001941,0.947945,1.081559,23.955228,22.678727,24.962963,1.000000,1.000000,1.000000
dmd,512,17,universal,cpp-approved-execution,6,5085.000,8.653,23.795503,23.458192,25.719682,1.000000,1.000000,1.000000,23.955228,22.678727,24.962963
dmd,512,128,contiguous,original,6,51137.500,13.542,1.000000,1.000000,1.000000,5.725677,5.454324,6.077778,0.443382,0.412706,0.468513
dmd,512,128,contiguous,selected64,6,21900.000,8.961,2.337317,2.302817,2.545765,2.474269,2.142509,2.584722,1.026612,0.970446,1.192723
dmd,512,128,contiguous,vector16store,6,22462.500,19.421,2.255453,2.134414,2.423034,2.540117,2.503526,2.572662,1.000000,1.000000,1.000000
dmd,512,128,contiguous,cpp-approved-execution,6,8931.250,18.055,5.725677,5.454324,6.077778,1.000000,1.000000,1.000000,2.540117,2.503526,2.572662
dmd,512,128,negative-both,original,6,43875.000,7.521,1.000000,1.000000,1.000000,4.519875,4.316486,4.635294,0.517708,0.502591,0.547324
dmd,512,128,negative-both,selected64,6,22387.500,12.842,1.924927,1.830102,1.970505,2.360996,2.259452,2.413265,0.996535,0.962755,1.026956
dmd,512,128,negative-both,vector16store,6,22268.750,12.293,1.931621,1.827072,1.989691,2.312975,2.251630,2.478316,1.000000,1.000000,1.000000
dmd,512,128,negative-both,cpp-approved-execution,6,9606.250,12.882,4.519875,4.316486,4.635294,1.000000,1.000000,1.000000,2.312975,2.251630,2.478316
dmd,512,128,negative-source,original,6,44268.750,9.516,1.000000,1.000000,1.000000,4.520139,4.355392,4.677165,0.508490,0.486251,0.533296
dmd,512,128,negative-source,selected64,6,22731.250,15.012,1.922467,1.802349,2.012422,2.352857,2.317744,2.494268,0.973322,0.938438,1.000000
dmd,512,128,negative-source,vector16store,6,22156.250,11.114,1.966634,1.875133,2.056549,2.292751,2.223039,2.397452,1.000000,1.000000,1.000000
dmd,512,128,negative-source,cpp-approved-execution,6,9662.500,11.514,4.520139,4.355392,4.677165,1.000000,1.000000,1.000000,2.292751,2.223039,2.397452
dmd,512,128,padded,original,6,44187.500,20.085,1.000000,1.000000,1.000000,4.701430,4.647887,5.228162,0.526669,0.488529,0.540894
dmd,512,128,padded,selected64,6,23006.250,12.442,1.927338,1.816973,2.151288,2.431321,2.406932,2.601064,1.010370,0.979039,1.058133
dmd,512,128,padded,vector16store,6,23356.250,13.808,1.898817,1.848790,2.046963,2.511985,2.430986,2.554107,1.000000,1.000000,1.000000
dmd,512,128,padded,cpp-approved-execution,6,9381.250,9.194,4.701430,4.647887,5.228162,1.000000,1.000000,1.000000,2.511985,2.430986,2.554107
dmd,512,128,repeated-source,original,6,43643.750,5.155,1.000000,1.000000,1.000000,5.007757,4.853994,5.115274,0.515785,0.510704,0.523364
dmd,512,128,repeated-source,selected64,6,22681.250,10.471,1.920906,1.803480,1.950549,2.629752,2.534483,2.691460,0.997227,0.924770,1.012603
dmd,512,128,repeated-source,vector16store,6,22350.000,4.810,1.938857,1.910714,1.958081,2.590767,2.488981,2.665658,1.000000,1.000000,1.000000
dmd,512,128,repeated-source,cpp-approved-execution,6,8687.500,9.353,5.007757,4.853994,5.115274,1.000000,1.000000,1.000000,2.590767,2.488981,2.665658
dmd,512,128,universal,original,6,880218.750,15.099,1.000000,1.000000,1.000000,23.566321,21.483523,24.464826,0.984806,0.978405,1.172069
dmd,512,128,universal,selected64,6,860087.500,14.548,1.037357,0.993746,1.067901,22.668244,21.618725,23.112557,1.028592,1.010050,1.164739
dmd,512,128,universal,vector16store,6,892031.250,20.041,1.015444,0.853192,1.022071,23.533086,22.462307,25.180166,1.000000,1.000000,1.000000
dmd,512,128,universal,cpp-approved-execution,6,38412.500,14.123,23.566321,21.483523,24.464826,1.000000,1.000000,1.000000,23.533086,22.462307,25.180166
dmd,513,1,contiguous,original,6,511.840,18.696,1.000000,1.000000,1.000000,8.227549,8.021341,9.256798,0.530607,0.483029,0.540479
dmd,513,1,contiguous,selected64,6,277.593,8.178,1.874456,1.830898,2.068872,4.398751,4.362500,4.483077,0.993480,0.977351,0.999325
dmd,513,1,contiguous,vector16store,6,275.342,8.884,1.884764,1.850211,2.070270,4.364207,4.335366,4.471299,1.000000,1.000000,1.000000
dmd,513,1,contiguous,cpp-approved-execution,6,63.112,5.891,8.227549,8.021341,9.256798,1.000000,1.000000,1.000000,4.364207,4.335366,4.471299
dmd,513,1,negative-both,original,6,521.037,9.991,1.000000,1.000000,1.000000,6.935185,6.859079,7.135204,0.532138,0.523775,0.548070
dmd,513,1,negative-both,selected64,6,277.691,9.091,1.872502,1.840483,1.894986,3.724172,3.693767,3.788918,0.996431,0.992547,1.008713
dmd,513,1,negative-both,vector16store,6,276.027,10.067,1.879211,1.824585,1.909215,3.715506,3.690476,3.771930,1.000000,1.000000,1.000000
dmd,513,1,negative-both,cpp-approved-execution,6,74.070,7.926,6.935185,6.859079,7.135204,1.000000,1.000000,1.000000,3.715506,3.690476,3.771930
dmd,513,1,negative-source,original,6,522.016,11.396,1.000000,1.000000,1.000000,7.005006,6.880759,7.215736,0.532930,0.524890,0.534185
dmd,513,1,negative-source,selected64,6,282.779,8.720,1.863711,1.817747,1.909335,3.753409,3.693299,3.865435,0.991287,0.970648,1.010745
dmd,513,1,negative-source,vector16store,6,278.278,10.549,1.876422,1.872011,1.905160,3.709329,3.664948,3.819797,1.000000,1.000000,1.000000
dmd,513,1,negative-source,cpp-approved-execution,6,75.245,6.502,7.005006,6.880759,7.215736,1.000000,1.000000,1.000000,3.709329,3.664948,3.819797
dmd,513,1,padded,original,6,519.472,8.665,1.000000,1.000000,1.000000,6.905099,6.857143,7.144304,0.532922,0.520553,0.549117
dmd,513,1,padded,selected64,6,281.213,10.926,1.842726,1.816327,1.947550,3.756199,3.603175,3.797500,0.997656,0.969717,1.013803
dmd,513,1,padded,vector16store,6,281.703,7.294,1.876452,1.821104,1.921035,3.700744,3.619048,3.775726,1.000000,1.000000,1.000000
dmd,513,1,padded,cpp-approved-execution,6,75.147,5.729,6.905099,6.857143,7.144304,1.000000,1.000000,1.000000,3.700744,3.619048,3.775726
dmd,513,1,repeated-source,original,6,494.912,59.549,1.000000,1.000000,1.000000,6.881636,6.847222,9.398950,0.533660,0.416085,0.535903
dmd,513,1,repeated-source,selected64,6,267.123,9.890,1.871683,1.830669,2.826335,3.677744,2.626168,3.818898,0.998845,0.979651,1.396441
dmd,513,1,repeated-source,vector16store,6,264.579,47.855,1.873852,1.866011,2.403356,3.672121,3.652778,3.910761,1.000000,1.000000,1.000000
dmd,513,1,repeated-source,cpp-approved-execution,6,71.918,47.619,6.881636,6.847222,9.398950,1.000000,1.000000,1.000000,3.672121,3.652778,3.910761
dmd,513,1,universal,original,6,7111.448,16.192,1.000000,1.000000,1.000000,23.956662,23.206566,24.804984,1.023477,1.011901,1.066285
dmd,513,1,universal,selected64,6,6972.309,17.991,1.023782,1.007287,1.054715,23.394968,22.649795,24.625545,1.057171,1.031247,1.081866
dmd,513,1,universal,vector16store,6,7386.986,16.014,0.977062,0.937836,0.988239,24.836765,23.744186,25.447910,1.000000,1.000000,1.000000
dmd,513,1,universal,cpp-approved-execution,6,298.043,9.389,23.956662,23.206566,24.804984,1.000000,1.000000,1.000000,24.836765,23.744186,25.447910
dmd,513,17,contiguous,original,6,6963.333,9.765,1.000000,1.000000,1.000000,6.406358,6.078488,6.492669,0.430129,0.424378,0.430894
dmd,513,17,contiguous,selected64,6,3011.667,10.293,2.328843,2.297802,2.359155,2.749960,2.645349,2.785498,1.001144,0.989154,1.008466
dmd,513,17,contiguous,vector16store,6,2998.333,11.117,2.324884,2.320755,2.356389,2.753107,2.619186,2.794721,1.000000,1.000000,1.000000
dmd,513,17,contiguous,cpp-approved-execution,6,1095.000,10.350,6.406358,6.078488,6.492669,1.000000,1.000000,1.000000,2.753107,2.619186,2.794721
dmd,513,17,negative-both,original,6,6068.333,6.921,1.000000,1.000000,1.000000,5.042925,5.014368,5.112022,0.521644,0.515314,0.536836
dmd,513,17,negative-both,selected64,6,3156.667,7.920,1.917019,1.901423,1.923901,2.623273,2.612069,2.688525,1.000508,0.984600,1.032292
dmd,513,17,negative-both,vector16store,6,3155.000,8.663,1.917019,1.862765,1.940563,2.623596,2.612069,2.707650,1.000000,1.000000,1.000000
dmd,513,17,negative-both,cpp-approved-execution,6,1203.333,5.263,5.042925,5.014368,5.112022,1.000000,1.000000,1.000000,2.623596,2.612069,2.707650
dmd,513,17,negative-source,original,6,6253.333,20.522,1.000000,1.000000,1.000000,5.106603,5.013774,5.558747,0.522573,0.504119,0.546736
dmd,513,17,negative-source,selected64,6,3290.000,16.920,1.918555,1.880392,1.980465,2.675914,2.570248,2.806789,0.993137,0.962635,1.082791
dmd,513,17,negative-source,vector16store,6,3233.333,26.392,1.913633,1.829038,1.983657,2.642900,2.549479,3.039164,1.000000,1.000000,1.000000
dmd,513,17,negative-source,cpp-approved-execution,6,1225.000,10.612,5.106603,5.013774,5.558747,1.000000,1.000000,1.000000,2.642900,2.549479,3.039164
dmd,513,17,padded,original,6,6040.000,10.651,1.000000,1.000000,1.000000,5.108781,5.045070,5.200000,0.521815,0.508126,0.524036
dmd,513,17,padded,selected64,6,3150.000,9.312,1.918239,1.916573,1.941538,2.648278,2.630986,2.709859,1.001101,0.975052,1.017436
dmd,513,17,padded,vector16store,6,3118.333,11.117,1.916391,1.908266,1.968017,2.642555,2.628169,2.713881,1.000000,1.000000,1.000000
dmd,513,17,padded,cpp-approved-execution,6,1180.000,8.757,5.108781,5.045070,5.200000,1.000000,1.000000,1.000000,2.642555,2.628169,2.713881
dmd,513,17,repeated-source,original,6,6033.333,14.862,1.000000,1.000000,1.000000,5.134064,5.072886,5.271277,0.520721,0.518389,0.616044
dmd,513,17,repeated-source,selected64,6,3108.333,39.464,1.925831,1.576770,1.968817,2.647888,2.635569,3.343085,0.999991,0.971360,1.059686
dmd,513,17,repeated-source,vector16store,6,3141.667,35.332,1.920415,1.623260,1.929054,2.679066,2.638484,3.247340,1.000000,1.000000,1.000000
dmd,513,17,repeated-source,cpp-approved-execution,6,1173.333,11.648,5.134064,5.072886,5.271277,1.000000,1.000000,1.000000,2.679066,2.638484,3.247340
dmd,513,17,universal,original,6,121203.333,10.993,1.000000,1.000000,1.000000,23.823377,22.211098,24.226941,0.991477,0.953175,0.998593
dmd,513,17,universal,selected64,6,115820.000,11.800,1.039232,1.033432,1.107713,22.779393,21.492563,23.097948,1.034990,0.985041,1.062215
dmd,513,17,universal,vector16store,6,120218.333,6.796,1.008597,1.001409,1.049126,23.567791,21.171053,23.995355,1.000000,1.000000,1.000000
dmd,513,17,universal,cpp-approved-execution,6,5030.000,18.357,23.823377,22.211098,24.226941,1.000000,1.000000,1.000000,23.567791,21.171053,23.995355
dmd,513,128,contiguous,original,6,51487.500,9.298,1.000000,1.000000,1.000000,5.581575,5.347716,5.743628,0.424898,0.417951,0.447318
dmd,513,128,contiguous,selected64,6,21537.500,8.416,2.382865,2.370668,2.405294,2.342385,2.234772,2.422789,1.012384,0.997525,1.070415
dmd,513,128,contiguous,vector16store,6,21806.250,15.649,2.353725,2.235544,2.392627,2.391171,2.316438,2.463710,1.000000,1.000000,1.000000
dmd,513,128,contiguous,cpp-approved-execution,6,9212.500,16.418,5.581575,5.347716,5.743628,1.000000,1.000000,1.000000,2.391171,2.316438,2.463710
dmd,513,128,negative-both,original,6,45975.000,8.592,1.000000,1.000000,1.000000,4.548625,4.043526,4.813299,0.493887,0.478628,0.518030
dmd,513,128,negative-both,selected64,6,22612.500,8.624,2.019290,1.986104,2.064728,2.264307,2.035909,2.331202,0.997279,0.975583,1.028862
dmd,513,128,negative-both,vector16store,6,22262.500,11.679,2.024777,1.930390,2.089306,2.237584,2.094668,2.384910,1.000000,1.000000,1.000000
dmd,513,128,negative-both,cpp-approved-execution,6,9793.750,19.783,4.548625,4.043526,4.813299,1.000000,1.000000,1.000000,2.237584,2.094668,2.384910
dmd,513,128,negative-source,original,6,43850.000,9.521,1.000000,1.000000,1.000000,4.457450,4.252121,4.580247,0.512927,0.494964,0.520479
dmd,513,128,negative-source,selected64,6,22206.250,9.175,1.997446,1.935982,2.018498,2.225105,2.192408,2.269136,1.013419,0.997612,1.040669
dmd,513,128,negative-source,vector16store,6,22300.000,12.556,1.949630,1.921306,2.020347,2.268732,2.187173,2.339506,1.000000,1.000000,1.000000
dmd,513,128,negative-source,cpp-approved-execution,6,9937.500,8.176,4.457450,4.252121,4.580247,1.000000,1.000000,1.000000,2.268732,2.187173,2.339506
dmd,513,128,padded,original,6,43356.250,6.804,1.000000,1.000000,1.000000,4.695807,4.666201,4.848739,0.507796,0.490757,0.535644
dmd,513,128,padded,selected64,6,21687.500,14.986,1.977079,1.855290,2.022196,2.388534,2.329609,2.523560,1.001199,0.992407,1.011072
dmd,513,128,padded,vector16store,6,21806.250,13.987,1.969364,1.866910,2.037669,2.392733,2.335196,2.507853,1.000000,1.000000,1.000000
dmd,513,128,padded,cpp-approved-execution,6,9137.500,6.840,4.695807,4.666201,4.848739,1.000000,1.000000,1.000000,2.392733,2.335196,2.507853
dmd,513,128,repeated-source,original,6,43887.500,9.428,1.000000,1.000000,1.000000,4.922675,4.821023,4.984765,0.505092,0.496556,0.507312
dmd,513,128,repeated-source,selected64,6,22187.500,7.718,1.979162,1.937215,2.000556,2.490511,2.462366,2.526080,0.992886,0.976598,1.003337
dmd,513,128,repeated-source,vector16store,6,22218.750,7.595,1.979845,1.971175,2.013873,2.490896,2.422043,2.505556,1.000000,1.000000,1.000000
dmd,513,128,repeated-source,cpp-approved-execution,6,8900.000,10.253,4.922675,4.821023,4.984765,1.000000,1.000000,1.000000,2.490896,2.422043,2.505556
dmd,513,128,universal,original,6,941206.250,9.379,1.000000,1.000000,1.000000,24.175967,22.637229,24.720523,0.983218,0.961711,0.990576
dmd,513,128,universal,selected64,6,904850.000,13.665,1.037559,0.979469,1.074408,22.916254,22.183467,25.238687,1.016749,0.964760,1.059720
dmd,513,128,universal,vector16store,6,925937.500,8.417,1.017072,1.009513,1.039813,23.664068,22.213500,24.349267,1.000000,1.000000,1.000000
dmd,513,128,universal,cpp-approved-execution,6,39062.500,11.616,24.175967,22.637229,24.720523,1.000000,1.000000,1.000000,23.664068,22.213500,24.349267
dmd,2048,1,contiguous,original,6,1764.844,9.562,1.000000,1.000000,1.000000,7.582168,7.374194,7.722973,0.455172,0.444882,0.456893
dmd,2048,1,contiguous,selected64,6,804.297,13.210,2.190226,2.119111,2.196850,3.461538,3.432258,3.582803,0.987536,0.961466,1.001011
dmd,2048,1,contiguous,vector16store,6,794.531,9.243,2.196976,2.188698,2.247788,3.444020,3.300000,3.465035,1.000000,1.000000,1.000000
dmd,2048,1,contiguous,cpp-approved-execution,6,231.250,9.459,7.582168,7.374194,7.722973,1.000000,1.000000,1.000000,3.444020,3.300000,3.465035
dmd,2048,1,negative-both,original,6,1764.453,10.582,1.000000,1.000000,1.000000,6.168993,6.010724,6.332461,0.455394,0.450599,0.471133
dmd,2048,1,negative-both,selected64,6,803.906,10.010,2.197782,2.183831,2.207117,2.803779,2.731903,2.869110,0.999541,0.994526,1.028874
dmd,2048,1,negative-both,vector16store,6,808.594,9.275,2.195904,2.122544,2.219266,2.820307,2.726542,2.912807,1.000000,1.000000,1.000000
dmd,2048,1,negative-both,cpp-approved-execution,6,287.891,7.327,6.168993,6.010724,6.332461,1.000000,1.000000,1.000000,2.820307,2.726542,2.912807
dmd,2048,1,negative-source,original,6,1739.453,48.147,1.000000,1.000000,1.000000,6.141793,6.132231,7.784153,0.456298,0.352815,0.461328
dmd,2048,1,negative-source,selected64,6,792.969,38.128,2.206149,2.193103,2.494746,2.795255,2.606805,3.120219,1.001478,0.831762,1.022177
dmd,2048,1,negative-source,vector16store,6,794.141,15.052,2.191549,2.167653,2.834350,2.800826,2.168242,2.856338,1.000000,1.000000,1.000000
dmd,2048,1,negative-source,cpp-approved-execution,6,283.594,47.934,6.141793,6.132231,7.784153,1.000000,1.000000,1.000000,2.800826,2.168242,2.856338
dmd,2048,1,padded,original,6,1766.406,9.111,1.000000,1.000000,1.000000,6.230089,6.126722,6.514745,0.450135,0.430041,0.457753
dmd,2048,1,padded,selected64,6,799.609,4.690,2.228457,2.191133,2.329818,2.797295,2.774194,2.848485,1.000494,0.984526,1.018411
dmd,2048,1,padded,vector16store,6,794.141,6.001,2.221876,2.184586,2.325359,2.801357,2.796143,2.825269,1.000000,1.000000,1.000000
dmd,2048,1,padded,cpp-approved-execution,6,283.594,5.234,6.230089,6.126722,6.514745,1.000000,1.000000,1.000000,2.801357,2.796143,2.825269
dmd,2048,1,repeated-source,original,6,1736.328,11.159,1.000000,1.000000,1.000000,6.190903,6.148810,6.345029,0.451924,0.444691,0.455760
dmd,2048,1,repeated-source,selected64,6,794.922,12.285,2.193728,2.156130,2.213925,2.834364,2.792000,2.904632,0.998964,0.958812,0.999045
dmd,2048,1,repeated-source,vector16store,6,777.734,10.648,2.212765,2.194135,2.248751,2.797115,2.750000,2.891813,1.000000,1.000000,1.000000
dmd,2048,1,repeated-source,cpp-approved-execution,6,280.469,10.864,6.190903,6.148810,6.345029,1.000000,1.000000,1.000000,2.797115,2.750000,2.891813
dmd,2048,1,universal,original,6,29787.109,12.957,1.000000,1.000000,1.000000,24.201360,23.524759,24.488570,1.009627,0.998907,1.031180
dmd,2048,1,universal,selected64,6,28603.906,7.541,1.039091,1.022644,1.084191,23.185396,22.581298,23.563031,1.051158,1.021526,1.115393
dmd,2048,1,universal,vector16store,6,30314.844,15.736,0.990489,0.969763,1.001095,24.383736,23.499035,25.252123,1.000000,1.000000,1.000000
dmd,2048,1,universal,cpp-approved-execution,6,1238.281,11.356,24.201360,23.524759,24.488570,1.000000,1.000000,1.000000,24.383736,23.499035,25.252123
dmd,2048,17,contiguous,original,6,27137.500,26.347,1.000000,1.000000,1.000000,5.948347,5.034351,6.245665,0.425742,0.411676,0.443574
dmd,2048,17,contiguous,selected64,6,11731.250,21.097,2.355355,2.079217,2.467727,2.571041,2.040076,2.955923,1.002766,0.893756,1.015903
dmd,2048,17,contiguous,vector16store,6,11787.500,22.163,2.348861,2.254413,2.429098,2.578075,2.072519,2.641873,1.000000,1.000000,1.000000
dmd,2048,17,contiguous,cpp-approved-execution,6,4531.250,49.103,5.948347,5.034351,6.245665,1.000000,1.000000,1.000000,2.578075,2.072519,2.641873
dmd,2048,17,negative-both,original,6,23531.250,86.268,1.000000,1.000000,1.000000,4.776204,3.912779,4.885333,0.507186,0.465991,0.519959
dmd,2048,17,negative-both,selected64,6,11981.250,75.952,1.968027,1.869186,2.102861,2.417595,2.093306,2.445026,0.996766,0.971899,1.000000
dmd,2048,17,negative-both,vector16store,6,11975.000,72.756,1.971667,1.923230,2.145963,2.416300,2.034483,2.434667,1.000000,1.000000,1.000000
dmd,2048,17,negative-both,cpp-approved-execution,6,4956.250,84.741,4.776204,3.912779,4.885333,1.000000,1.000000,1.000000,2.416300,2.034483,2.434667
dmd,2048,17,negative-source,original,6,24406.250,15.058,1.000000,1.000000,1.000000,4.845383,4.294492,4.994681,0.510382,0.494881,0.511068
dmd,2048,17,negative-source,selected64,6,12418.750,28.586,1.955641,1.737458,1.993197,2.477642,2.334746,2.651885,0.991632,0.887960,0.998906
dmd,2048,17,negative-source,vector16store,6,12312.500,15.330,1.959318,1.956685,2.020690,2.439247,2.190678,2.539894,1.000000,1.000000,1.000000
dmd,2048,17,negative-source,cpp-approved-execution,6,4981.250,26.349,4.845383,4.294492,4.994681,1.000000,1.000000,1.000000,2.439247,2.190678,2.539894
dmd,2048,17,padded,original,6,22850.000,18.873,1.000000,1.000000,1.000000,4.791624,4.565217,4.861496,0.512299,0.506094,0.525238
dmd,2048,17,padded,selected64,6,11656.250,23.164,1.955573,1.863354,2.007447,2.450722,2.344140,2.523546,1.000535,0.978705,1.015957
dmd,2048,17,padded,vector16store,6,11662.500,21.651,1.951993,1.903898,1.975916,2.445621,2.381546,2.505405,1.000000,1.000000,1.000000
dmd,2048,17,padded,cpp-approved-execution,6,4768.750,25.950,4.791624,4.565217,4.861496,1.000000,1.000000,1.000000,2.445621,2.381546,2.505405
dmd,2048,17,repeated-source,original,6,23475.000,23.962,1.000000,1.000000,1.000000,4.934293,4.059813,5.978552,0.508736,0.427803,0.521514
dmd,2048,17,repeated-source,selected64,6,12081.250,10.657,1.960326,1.927073,2.205737,2.529764,1.880374,2.710456,0.997289,0.943620,1.112326
dmd,2048,17,repeated-source,vector16store,6,11768.750,22.623,1.965655,1.917495,2.337526,2.517178,2.091589,2.557641,1.000000,1.000000,1.000000
dmd,2048,17,repeated-source,cpp-approved-execution,6,4643.750,46.837,4.934293,4.059813,5.978552,1.000000,1.000000,1.000000,2.517178,2.091589,2.557641
dmd,2048,17,universal,original,6,498193.750,22.900,1.000000,1.000000,1.000000,23.615362,21.129179,25.719182,0.990005,0.915187,1.020241
dmd,2048,17,universal,selected64,6,476206.250,15.910,1.022303,1.005917,1.160597,22.890511,19.763931,24.537954,1.027751,1.002125,1.062163
dmd,2048,17,universal,vector16store,6,492831.250,17.524,1.010097,0.980160,1.092673,23.619468,20.616515,24.590099,1.000000,1.000000,1.000000
dmd,2048,17,universal,cpp-approved-execution,6,21537.500,26.640,23.615362,21.129179,25.719182,1.000000,1.000000,1.000000,23.619468,20.616515,24.590099
dmd,2048,128,contiguous,original,6,219825.000,22.933,1.000000,1.000000,1.000000,5.487027,5.088739,5.989175,0.429435,0.377076,0.467083
dmd,2048,128,contiguous,selected64,6,89131.250,20.335,2.452840,2.274479,2.644361,2.252956,2.124684,2.283078,1.048344,0.903119,1.166692
dmd,2048,128,contiguous,vector16store,6,91525.000,29.910,2.329361,2.140949,2.651983,2.355535,1.918843,2.642422,1.000000,1.000000,1.000000
dmd,2048,128,contiguous,cpp-approved-execution,6,39893.750,26.947,5.487027,5.088739,5.989175,1.000000,1.000000,1.000000,2.355535,1.918843,2.642422
dmd,2048,128,negative-both,original,6,179775.000,15.213,1.000000,1.000000,1.000000,4.323692,4.070521,4.926963,0.504593,0.470312,0.558349
dmd,2048,128,negative-both,selected64,6,87237.500,10.360,2.066077,1.956769,2.210944,2.192424,1.852217,2.228443,1.007913,0.961341,1.234479
dmd,2048,128,negative-both,vector16store,6,89137.500,29.491,1.981897,1.790994,2.126248,2.186264,2.110932,2.750965,1.000000,1.000000,1.000000
dmd,2048,128,negative-both,cpp-approved-execution,6,39425.000,26.347,4.323692,4.070521,4.926963,1.000000,1.000000,1.000000,2.186264,2.110932,2.750965
dmd,2048,128,negative-source,original,6,185325.000,20.451,1.000000,1.000000,1.000000,4.216788,3.219957,5.291932,0.496655,0.474979,0.598234
dmd,2048,128,negative-source,selected64,6,86637.500,46.328,2.007724,1.639385,2.376899,2.081266,1.964125,2.304653,0.984183,0.979035,1.202064
dmd,2048,128,negative-source,vector16store,6,90243.750,43.604,2.013598,1.671586,2.105354,2.079890,1.926161,2.625352,1.000000,1.000000,1.000000
dmd,2048,128,negative-source,cpp-approved-execution,6,41475.000,63.713,4.216788,3.219957,5.291932,1.000000,1.000000,1.000000,2.079890,1.926161,2.625352
dmd,2048,128,padded,original,6,194187.500,32.527,1.000000,1.000000,1.000000,4.373741,3.802987,5.481191,0.481366,0.431301,0.547378
dmd,2048,128,padded,selected64,6,87962.500,19.241,2.152610,1.938743,2.416847,2.151210,1.691694,2.267910,1.015191,0.933258,1.172156
dmd,2048,128,padded,vector16store,6,91487.500,28.228,2.079288,1.826890,2.318567,2.190480,1.775777,2.546941,1.000000,1.000000,1.000000
dmd,2048,128,padded,cpp-approved-execution,6,40750.000,56.166,4.373741,3.802987,5.481191,1.000000,1.000000,1.000000,2.190480,1.775777,2.546941
dmd,2048,128,repeated-source,original,6,183200.000,32.860,1.000000,1.000000,1.000000,4.909279,4.514506,5.931328,0.513779,0.378597,0.568513
dmd,2048,128,repeated-source,selected64,6,88481.250,30.317,1.975393,1.673378,2.620341,2.485427,2.263571,2.697840,1.008688,0.872326,1.097669
dmd,2048,128,repeated-source,vector16store,6,92993.750,15.458,1.946646,1.758974,2.641328,2.486295,2.245585,2.728276,1.000000,1.000000,1.000000
dmd,2048,128,repeated-source,cpp-approved-execution,6,37237.500,19.738,4.909279,4.514506,5.931328,1.000000,1.000000,1.000000,2.486295,2.245585,2.728276
dmd,2048,128,universal,original,6,3937918.750,17.783,1.000000,1.000000,1.000000,22.666052,16.349662,23.737630,0.987689,0.970384,1.023028
dmd,2048,128,universal,selected64,6,3787556.250,15.113,1.031713,1.012883,1.072808,21.802947,16.141706,22.830599,1.025806,0.996980,1.056491
dmd,2048,128,universal,vector16store,6,3935343.750,15.570,1.012473,0.977491,1.030520,22.437742,16.726157,23.376598,1.000000,1.000000,1.000000
dmd,2048,128,universal,cpp-approved-execution,6,173212.500,52.970,22.666052,16.349662,23.737630,1.000000,1.000000,1.000000,22.437742,16.726157,23.376598
dmd,2048,512,contiguous,original,6,1126025.000,50.249,1.000000,1.000000,1.000000,5.265211,1.583676,6.528412,0.465887,0.304850,0.600070
dmd,2048,512,contiguous,selected64,6,437256.250,100.913,2.288003,1.466201,3.676061,2.273686,0.467470,3.605840,1.035920,0.819023,1.226841
dmd,2048,512,contiguous,vector16store,6,448393.750,93.827,2.170416,1.666472,3.280297,2.258211,0.523869,2.991453,1.000000,1.000000,1.000000
dmd,2048,512,contiguous,cpp-approved-execution,6,196787.500,324.011,5.265211,1.583676,6.528412,1.000000,1.000000,1.000000,2.258211,0.523869,2.991453
dmd,2048,512,negative-both,original,6,808843.750,33.794,1.000000,1.000000,1.000000,3.524842,0.957651,4.435600,0.505767,0.417471,0.652363
dmd,2048,512,negative-both,selected64,6,399337.500,130.594,1.835363,1.102005,2.322158,2.096309,0.412397,2.941756,0.973189,0.460055,1.514890
dmd,2048,512,negative-both,vector16store,6,391412.500,65.925,1.977203,1.532889,2.395376,1.641490,0.624736,2.239043,1.000000,1.000000,1.000000
dmd,2048,512,negative-both,cpp-approved-execution,6,245850.000,324.476,3.524842,0.957651,4.435600,1.000000,1.000000,1.000000,1.641490,0.624736,2.239043
dmd,2048,512,negative-source,original,6,832106.250,67.655,1.000000,1.000000,1.000000,3.752188,1.876885,4.423086,0.526885,0.320240,0.770704
dmd,2048,512,negative-source,selected64,6,405400.000,92.769,2.022543,1.344201,2.991967,2.016030,0.627308,3.290493,1.013268,0.694758,1.418315
dmd,2048,512,negative-source,vector16store,6,425656.250,95.065,1.903283,1.297515,3.122656,1.915146,0.601054,3.408890,1.000000,1.000000,1.000000
dmd,2048,512,negative-source,cpp-approved-execution,6,219025.000,228.770,3.752188,1.876885,4.423086,1.000000,1.000000,1.000000,1.915146,0.601054,3.408890
dmd,2048,512,padded,original,6,827256.250,62.453,1.000000,1.000000,1.000000,4.377064,3.329831,5.737197,0.502284,0.449161,0.560664
dmd,2048,512,padded,selected64,6,491943.750,152.782,1.805228,1.087577,2.005612,2.291777,2.208050,5.275210,0.882914,0.609765,1.007032
dmd,2048,512,padded,vector16store,6,433043.750,76.006,1.990906,1.783599,2.226375,2.196277,1.759948,3.216640,1.000000,1.000000,1.000000
dmd,2048,512,padded,cpp-approved-execution,6,181162.500,77.244,4.377064,3.329831,5.737197,1.000000,1.000000,1.000000,2.196277,1.759948,3.216640
dmd,2048,512,repeated-source,original,6,730450.000,40.838,1.000000,1.000000,1.000000,4.834774,4.404869,6.475770,0.529647,0.489801,0.652192
dmd,2048,512,repeated-source,selected64,6,368606.250,79.862,2.019382,1.533718,2.190097,2.392246,2.313661,3.426514,1.004507,0.948742,1.339551
dmd,2048,512,repeated-source,vector16store,6,379993.750,76.873,1.892062,1.533291,2.041646,2.559942,2.195067,3.960841,1.000000,1.000000,1.000000
dmd,2048,512,repeated-source,cpp-approved-execution,6,150075.000,32.467,4.834774,4.404869,6.475770,1.000000,1.000000,1.000000,2.559942,2.195067,3.960841
dmd,2048,512,universal,original,6,15307668.750,10.944,1.000000,1.000000,1.000000,18.858014,16.130931,21.185157,0.993751,0.960868,1.014243
dmd,2048,512,universal,selected64,6,14980575.000,9.702,1.026160,1.014281,1.045229,18.430566,15.703463,20.488622,1.013291,1.004326,1.031724
dmd,2048,512,universal,vector16store,6,15399918.750,9.414,1.006312,0.985957,1.040726,18.593387,16.201636,20.738120,1.000000,1.000000,1.000000
dmd,2048,512,universal,cpp-approved-execution,6,832256.250,33.576,18.858014,16.130931,21.185157,1.000000,1.000000,1.000000,18.593387,16.201636,20.738120
ldc2,1,1,contiguous,original,6,22.717,2.472,1.000000,1.000000,1.000000,5.377142,5.344828,5.381503,0.997852,0.996778,1.344086
ldc2,1,1,contiguous,selected64,6,22.717,6.448,0.999463,0.961777,1.001075,5.375723,5.350575,5.595376,0.997851,0.959711,1.342642
ldc2,1,1,contiguous,vector16store,6,22.681,37.029,1.002153,0.744000,1.003233,5.369942,5.360947,7.183908,1.000000,1.000000,1.000000
ldc2,1,1,contiguous,cpp-approved-execution,6,4.224,2.890,5.377142,5.344828,5.381503,1.000000,1.000000,1.000000,5.369942,5.360947,7.183908
ldc2,1,1,negative-both,original,6,24.939,43.465,1.000000,1.000000,1.000000,4.011753,2.517520,4.091270,0.998466,0.929608,1.353319
ldc2,1,1,negative-both,selected64,6,25.098,29.183,0.998941,0.987317,1.115789,4.019646,2.520216,4.091270,0.997943,0.994146,1.351872
ldc2,1,1,negative-both,vector16store,6,25.244,31.915,1.001537,0.738924,1.075722,4.001760,3.407008,4.087302,1.000000,1.000000,1.000000
ldc2,1,1,negative-both,cpp-approved-execution,6,6.250,51.953,4.011753,2.517520,4.091270,1.000000,1.000000,1.000000,4.001760,3.407008,4.087302
ldc2,1,1,negative-source,original,6,24.365,16.032,1.000000,1.000000,1.000000,3.983936,3.027027,4.072797,1.000860,0.900749,1.245040
ldc2,1,1,negative-source,selected64,6,23.303,13.829,1.023858,0.950000,1.147154,3.944388,2.787425,4.176707,1.030136,0.998899,1.283231
ldc2,1,1,negative-source,vector16store,6,24.756,34.320,0.999144,0.803187,1.110187,3.995697,2.880240,4.554217,1.000000,1.000000,1.000000
ldc2,1,1,negative-source,cpp-approved-execution,6,6.226,41.961,3.983936,3.027027,4.072797,1.000000,1.000000,1.000000,3.995697,2.880240,4.554217
ldc2,1,1,padded,original,6,22.729,10.526,1.000000,1.000000,1.000000,4.006411,3.945098,4.012931,0.997852,0.997797,1.017893
ldc2,1,1,padded,selected64,6,22.717,11.069,1.000000,0.995054,1.001075,4.006411,3.964706,4.012931,0.998388,0.997797,1.012859
ldc2,1,1,padded,vector16store,6,22.681,12.702,1.002153,0.982422,1.002208,4.002155,3.991189,4.015686,1.000000,1.000000,1.000000
ldc2,1,1,padded,cpp-approved-execution,6,5.664,12.069,4.006411,3.945098,4.012931,1.000000,1.000000,1.000000,4.002155,3.991189,4.015686
ldc2,1,1,repeated-source,original,6,23.889,12.979,1.000000,1.000000,1.000000,3.998069,3.911765,4.093878,0.998453,0.996855,1.022556
ldc2,1,1,repeated-source,selected64,6,23.596,10.554,1.000000,0.974249,1.024515,3.994098,3.915966,4.105727,0.999004,0.973176,1.022472
ldc2,1,1,repeated-source,vector16store,6,23.840,13.006,1.001549,0.977941,1.003155,3.993936,3.979079,4.085714,1.000000,1.000000,1.000000
ldc2,1,1,repeated-source,cpp-approved-execution,6,5.908,13.223,3.998069,3.911765,4.093878,1.000000,1.000000,1.000000,3.993936,3.979079,4.085714
ldc2,1,1,universal,original,6,45.728,10.785,1.000000,1.000000,1.000000,10.568363,10.529070,10.888889,1.006122,0.990816,1.024036
ldc2,1,1,universal,selected64,6,45.825,10.602,0.991730,0.970411,1.026716,10.652941,10.603175,11.016575,1.004680,0.977432,1.020459
ldc2,1,1,universal,vector16store,6,46.082,12.662,0.993917,0.976528,1.009269,10.775154,10.558140,10.820106,1.000000,1.000000,1.000000
ldc2,1,1,universal,cpp-approved-execution,6,4.297,10.795,10.568363,10.529070,10.888889,1.000000,1.000000,1.000000,10.775154,10.558140,10.820106
ldc2,1,17,contiguous,original,6,71.533,9.044,1.000000,1.000000,1.000000,10.368190,9.621795,10.585185,1.006466,0.988803,1.058124
ldc2,1,17,contiguous,selected64,6,71.777,9.694,0.992393,0.976033,1.004216,10.496158,9.618590,10.584559,0.998022,0.991928,1.052562
ldc2,1,17,contiguous,vector16store,6,72.803,13.581,0.993577,0.945069,1.011323,10.474906,9.625000,11.010309,1.000000,1.000000,1.000000
ldc2,1,17,contiguous,cpp-approved-execution,6,6.873,15.986,10.368190,9.621795,10.585185,1.000000,1.000000,1.000000,10.474906,9.625000,11.010309
ldc2,1,17,negative-both,original,6,116.138,11.078,1.000000,1.000000,1.000000,2.638487,2.543987,2.674705,0.966737,0.907400,1.003721
ldc2,1,17,negative-both,selected64,6,116.296,12.743,1.013485,0.961895,1.038518,2.595482,2.538462,2.707303,0.968730,0.919898,1.002931
ldc2,1,17,negative-both,vector16store,6,112.561,10.216,1.034408,0.996293,1.102050,2.552568,2.335126,2.603933,1.000000,1.000000,1.000000
ldc2,1,17,negative-both,cpp-approved-execution,6,44.617,10.178,2.638487,2.543987,2.674705,1.000000,1.000000,1.000000,2.552568,2.335126,2.603933
ldc2,1,17,negative-source,original,6,117.261,10.327,1.000000,1.000000,1.000000,2.623077,2.504044,2.698113,0.971338,0.963002,0.973558
ldc2,1,17,negative-source,selected64,6,109.778,10.964,1.048517,1.032558,1.086532,2.478889,2.402427,2.543042,1.016897,1.003805,1.046332
ldc2,1,17,negative-source,vector16store,6,113.464,10.651,1.029508,1.027160,1.038420,2.543940,2.430233,2.626769,1.000000,1.000000,1.000000
ldc2,1,17,negative-source,cpp-approved-execution,6,44.299,15.707,2.623077,2.504044,2.698113,1.000000,1.000000,1.000000,2.543940,2.430233,2.626769
ldc2,1,17,padded,original,6,121.350,15.089,1.000000,1.000000,1.000000,2.635505,2.582073,2.810227,0.968925,0.861253,1.012584
ldc2,1,17,padded,selected64,6,110.181,8.553,1.025409,1.006215,1.168805,2.548147,2.370215,2.596542,0.993832,0.978246,1.036881
ldc2,1,17,padded,vector16store,6,112.512,9.743,1.032071,0.987572,1.161099,2.542472,2.385947,2.614566,1.000000,1.000000,1.000000
ldc2,1,17,padded,cpp-approved-execution,6,44.727,10.480,2.635505,2.582073,2.810227,1.000000,1.000000,1.000000,2.542472,2.385947,2.614566
ldc2,1,17,repeated-source,original,6,110.254,11.293,1.000000,1.000000,1.000000,2.425513,2.356844,2.576068,0.964291,0.929440,1.021065
ldc2,1,17,repeated-source,selected64,6,103.003,10.500,1.044858,1.004040,1.085996,2.332981,2.210031,2.425360,1.008743,0.995508,1.025190
ldc2,1,17,repeated-source,vector16store,6,104.065,10.628,1.037031,0.979369,1.075916,2.353625,2.200104,2.486455,1.000000,1.000000,1.000000
ldc2,1,17,repeated-source,cpp-approved-execution,6,44.336,12.225,2.425513,2.356844,2.576068,1.000000,1.000000,1.000000,2.353625,2.200104,2.486455
ldc2,1,17,universal,original,6,117.017,10.891,1.000000,1.000000,1.000000,5.256040,5.152263,5.351955,1.022045,1.007517,1.053315
ldc2,1,17,universal,selected64,6,121.741,12.353,0.987441,0.944094,0.998275,5.324079,5.171811,5.526257,1.009868,0.960236,1.049334
ldc2,1,17,universal,vector16store,6,120.874,14.502,0.978454,0.949384,0.992539,5.390916,5.286598,5.613408,1.000000,1.000000,1.000000
ldc2,1,17,universal,cpp-approved-execution,6,22.168,13.326,5.256040,5.152263,5.351955,1.000000,1.000000,1.000000,5.390916,5.286598,5.613408
ldc2,1,128,contiguous,original,6,344.458,10.107,1.000000,1.000000,1.000000,20.063001,19.585106,20.602985,1.003816,0.990942,1.017741
ldc2,1,128,contiguous,selected64,6,347.095,11.057,0.993818,0.973326,1.011559,20.075473,19.622283,20.922388,0.998063,0.989585,1.002396
ldc2,1,128,contiguous,vector16store,6,345.874,10.489,0.996199,0.982568,1.009141,20.113163,19.635870,20.704478,1.000000,1.000000,1.000000
ldc2,1,128,contiguous,cpp-approved-execution,6,16.943,12.104,20.063001,19.585106,20.602985,1.000000,1.000000,1.000000,20.113163,19.635870,20.704478
ldc2,1,128,negative-both,original,6,446.216,8.076,1.000000,1.000000,1.000000,1.414262,1.392347,1.450977,0.930082,0.915124,0.957781
ldc2,1,128,negative-both,selected64,6,407.422,10.403,1.096110,1.077549,1.102646,1.288153,1.269056,1.319728,1.014996,0.997481,1.056093
ldc2,1,128,negative-both,vector16store,6,412.354,5.222,1.075174,1.044080,1.092748,1.324834,1.282783,1.355813,1.000000,1.000000,1.000000
ldc2,1,128,negative-both,cpp-approved-execution,6,316.284,7.580,1.414262,1.392347,1.450977,1.000000,1.000000,1.000000,1.324834,1.282783,1.355813
ldc2,1,128,negative-source,original,6,455.005,9.787,1.000000,1.000000,1.000000,1.435231,1.377513,1.501359,0.908455,0.883035,0.946723
ldc2,1,128,negative-source,selected64,6,416.089,4.976,1.086177,1.006645,1.110901,1.345945,1.247952,1.415207,0.981513,0.918787,1.014558
ldc2,1,128,negative-source,vector16store,6,408.398,8.644,1.100922,1.056275,1.132458,1.313696,1.266121,1.347882,1.000000,1.000000,1.000000
ldc2,1,128,negative-source,cpp-approved-execution,6,311.182,11.439,1.435231,1.377513,1.501359,1.000000,1.000000,1.000000,1.313696,1.266121,1.347882
ldc2,1,128,padded,original,6,451.636,9.795,1.000000,1.000000,1.000000,1.433351,1.416980,1.458072,0.926914,0.868174,0.943175
ldc2,1,128,padded,selected64,6,417.432,10.867,1.074840,1.063389,1.146438,1.329034,1.271828,1.349105,0.996650,0.985909,1.002962
ldc2,1,128,padded,vector16store,6,415.063,10.541,1.078849,1.060248,1.151842,1.320412,1.265861,1.353101,1.000000,1.000000,1.000000
ldc2,1,128,padded,cpp-approved-execution,6,312.549,8.874,1.433351,1.416980,1.458072,1.000000,1.000000,1.000000,1.320412,1.265861,1.353101
ldc2,1,128,repeated-source,original,6,432.031,12.794,1.000000,1.000000,1.000000,1.413868,1.390782,1.425566,0.926419,0.918046,0.942716
ldc2,1,128,repeated-source,selected64,6,400.049,13.658,1.071526,1.017057,1.097352,1.307639,1.283591,1.401658,1.002119,0.933705,1.012930
ldc2,1,128,repeated-source,vector16store,6,400.952,13.335,1.079434,1.060765,1.089270,1.306023,1.285861,1.335067,1.000000,1.000000,1.000000
ldc2,1,128,repeated-source,cpp-approved-execution,6,305.566,13.087,1.413868,1.390782,1.425566,1.000000,1.000000,1.000000,1.306023,1.285861,1.335067
ldc2,1,128,universal,original,6,484.106,11.892,1.000000,1.000000,1.000000,3.179432,3.138908,3.282795,1.004741,0.999186,1.036984
ldc2,1,128,universal,selected64,6,482.812,13.208,1.000413,0.988383,1.035781,3.176094,3.112969,3.285102,1.010747,0.996068,1.042483
ldc2,1,128,universal,vector16store,6,490.723,10.846,0.995284,0.964335,1.000815,3.229417,3.153963,3.292683,1.000000,1.000000,1.000000
ldc2,1,128,universal,cpp-approved-execution,6,150.635,11.767,3.179432,3.138908,3.282795,1.000000,1.000000,1.000000,3.229417,3.153963,3.292683
ldc2,7,1,contiguous,original,6,31.067,11.081,1.000000,1.000000,1.000000,3.874960,2.842105,3.974843,1.025776,1.023558,1.038251
ldc2,7,1,contiguous,selected64,6,32.178,11.229,0.984060,0.944694,0.993543,3.926021,2.890351,4.207547,1.011402,0.968610,1.016949
ldc2,7,1,contiguous,vector16store,6,32.056,11.120,0.974872,0.963158,0.976984,3.985876,2.916667,4.079755,1.000000,1.000000,1.000000
ldc2,7,1,contiguous,cpp-approved-execution,6,7.861,42.857,3.874960,2.842105,3.974843,1.000000,1.000000,1.000000,3.985876,2.916667,4.079755
ldc2,7,1,negative-both,original,6,32.202,10.690,1.000000,1.000000,1.000000,3.549950,3.524355,3.622283,1.027335,1.010503,1.038658
ldc2,7,1,negative-both,selected64,6,32.251,11.961,0.988354,0.977811,1.019893,3.589671,3.541547,3.654054,1.016678,1.009057,1.030604
ldc2,7,1,negative-both,vector16store,6,32.764,11.923,0.973393,0.962781,0.989607,3.642152,3.621777,3.697297,1.000000,1.000000,1.000000
ldc2,7,1,negative-both,cpp-approved-execution,6,8.997,10.583,3.549950,3.524355,3.622283,1.000000,1.000000,1.000000,3.642152,3.621777,3.697297
ldc2,7,1,negative-source,original,6,32.117,69.935,1.000000,1.000000,1.000000,3.530334,3.519022,4.150579,1.027335,0.922791,1.030016
ldc2,7,1,negative-source,selected64,6,32.312,22.894,0.993545,0.971604,1.396104,3.546950,2.972973,3.639665,1.020777,1.000767,1.288312
ldc2,7,1,negative-source,vector16store,6,32.983,53.294,0.973393,0.970859,1.083669,3.632370,3.614396,3.830116,1.000000,1.000000,1.000000
ldc2,7,1,negative-source,cpp-approved-execution,6,8.997,45.862,3.530334,3.519022,4.150579,1.000000,1.000000,1.000000,3.632370,3.614396,3.830116
ldc2,7,1,padded,original,6,31.055,12.028,1.000000,1.000000,1.000000,3.535971,3.480720,3.618911,1.029255,1.018053,1.051624
ldc2,7,1,padded,selected64,6,31.067,12.259,0.993388,0.978013,1.001572,3.555457,3.543478,3.647564,1.022724,1.018068,1.028502
ldc2,7,1,padded,vector16store,6,31.714,11.470,0.971585,0.950911,0.982267,3.636333,3.622905,3.713467,1.000000,1.000000,1.000000
ldc2,7,1,padded,cpp-approved-execution,6,8.740,13.408,3.535971,3.480720,3.618911,1.000000,1.000000,1.000000,3.636333,3.622905,3.713467
ldc2,7,1,repeated-source,original,6,30.981,8.589,1.000000,1.000000,1.000000,3.522907,3.519337,3.539683,1.027961,1.026108,1.031442
ldc2,7,1,repeated-source,selected64,6,31.543,7.198,0.993452,0.947917,0.998507,3.549514,3.534819,3.712707,1.022073,0.974702,1.027612
ldc2,7,1,repeated-source,vector16store,6,31.824,8.746,0.972800,0.969517,0.974557,3.619511,3.612813,3.642857,1.000000,1.000000,1.000000
ldc2,7,1,repeated-source,cpp-approved-execution,6,8.801,8.044,3.522907,3.519337,3.539683,1.000000,1.000000,1.000000,3.619511,3.612813,3.642857
ldc2,7,1,universal,original,6,76.367,12.628,1.000000,1.000000,1.000000,9.760684,8.506925,10.463415,1.007942,0.981935,1.016607
ldc2,7,1,universal,selected64,6,76.782,22.035,1.005898,0.941822,1.041342,9.573469,8.523546,11.109756,1.018016,0.924808,1.051508
ldc2,7,1,universal,vector16store,6,76.562,13.170,0.992124,0.983664,1.018398,9.861086,8.648199,10.274390,1.000000,1.000000,1.000000
ldc2,7,1,universal,cpp-approved-execution,6,7.983,15.291,9.760684,8.506925,10.463415,1.000000,1.000000,1.000000,9.861086,8.648199,10.274390
ldc2,7,17,contiguous,original,6,102.316,9.898,1.000000,1.000000,1.000000,5.376774,5.302439,5.481043,1.041515,1.018591,1.057384
ldc2,7,17,contiguous,selected64,6,105.790,10.947,0.960294,0.936495,0.982583,5.569928,5.540865,5.760095,1.000425,0.973608,1.011714
ldc2,7,17,contiguous,vector16store,6,106.449,11.988,0.960143,0.945730,0.981749,5.594354,5.556098,5.618834,1.000000,1.000000,1.000000
ldc2,7,17,contiguous,cpp-approved-execution,6,19.005,11.231,5.376774,5.302439,5.481043,1.000000,1.000000,1.000000,5.594354,5.556098,5.618834
ldc2,7,17,negative-both,original,6,161.285,17.007,1.000000,1.000000,1.000000,1.756180,1.724223,1.799801,0.997484,0.988407,1.008426
ldc2,7,17,negative-both,selected64,6,161.830,17.286,0.997622,0.976105,1.020438,1.781864,1.689689,1.790090,0.996595,0.977856,1.023066
ldc2,7,17,negative-both,vector16store,6,160.899,15.100,1.002549,0.991644,1.011729,1.754291,1.728663,1.781487,1.000000,1.000000,1.000000
ldc2,7,17,negative-both,cpp-approved-execution,6,91.735,15.545,1.756180,1.724223,1.799801,1.000000,1.000000,1.000000,1.754291,1.728663,1.781487
ldc2,7,17,negative-source,original,6,163.215,12.020,1.000000,1.000000,1.000000,1.792516,1.761165,1.878876,0.993325,0.946622,1.008545
ldc2,7,17,negative-source,selected64,6,160.445,13.699,1.012551,0.987110,1.084755,1.758706,1.732074,1.787506,1.010201,0.982526,1.026853
ldc2,7,17,negative-source,vector16store,6,163.215,12.465,1.006725,0.991528,1.056388,1.773206,1.756272,1.806039,1.000000,1.000000,1.000000
ldc2,7,17,negative-source,cpp-approved-execution,6,91.144,13.403,1.792516,1.761165,1.878876,1.000000,1.000000,1.000000,1.773206,1.756272,1.806039
ldc2,7,17,padded,original,6,164.918,11.923,1.000000,1.000000,1.000000,1.769523,1.740361,1.838213,1.011599,0.998819,1.021328
ldc2,7,17,padded,selected64,6,162.602,13.909,1.001977,0.983522,1.026608,1.783725,1.734017,1.790571,1.005355,0.998970,1.048503
ldc2,7,17,padded,vector16store,6,166.122,13.587,0.988544,0.979117,1.001182,1.786428,1.751098,1.877419,1.000000,1.000000,1.000000
ldc2,7,17,padded,cpp-approved-execution,6,92.075,13.218,1.769523,1.740361,1.838213,1.000000,1.000000,1.000000,1.786428,1.751098,1.877419
ldc2,7,17,repeated-source,original,6,156.040,16.764,1.000000,1.000000,1.000000,1.699165,1.675487,1.772727,1.004955,0.948189,1.025257
ldc2,7,17,repeated-source,selected64,6,155.132,13.290,1.010398,0.993487,1.037851,1.687149,1.658734,1.720244,1.014262,0.977118,1.022070
ldc2,7,17,repeated-source,vector16store,6,156.608,8.670,0.995069,0.975365,1.054642,1.694438,1.672911,1.725079,1.000000,1.000000,1.000000
ldc2,7,17,repeated-source,cpp-approved-execution,6,92.053,11.248,1.699165,1.675487,1.772727,1.000000,1.000000,1.000000,1.694438,1.672911,1.725079
ldc2,7,17,universal,original,6,437.103,11.086,1.000000,1.000000,1.000000,4.967732,4.768036,4.981569,0.994166,0.959622,1.029421
ldc2,7,17,universal,selected64,6,439.964,16.350,0.988944,0.917972,1.012339,5.026612,4.709920,5.416875,0.974603,0.917051,1.042123
ldc2,7,17,universal,vector16store,6,435.354,10.504,1.005877,0.971420,1.042077,4.922826,4.777494,4.967549,1.000000,1.000000,1.000000
ldc2,7,17,universal,cpp-approved-execution,6,89.714,12.706,4.967732,4.768036,4.981569,1.000000,1.000000,1.000000,4.922826,4.777494,4.967549
ldc2,7,128,contiguous,original,6,590.240,18.567,1.000000,1.000000,1.000000,6.090439,6.010949,6.481481,1.057685,1.045714,1.065782
ldc2,7,128,contiguous,selected64,6,615.925,11.843,0.957814,0.921656,1.017980,6.361236,6.346715,6.521898,1.016314,0.975937,1.064516
ldc2,7,128,contiguous,vector16store,6,625.171,17.420,0.945463,0.938278,0.956284,6.462456,6.348315,6.777778,1.000000,1.000000,1.000000
ldc2,7,128,contiguous,cpp-approved-execution,6,95.719,11.807,6.090439,6.010949,6.481481,1.000000,1.000000,1.000000,6.462456,6.348315,6.777778
ldc2,7,128,negative-both,original,6,733.390,12.748,1.000000,1.000000,1.000000,1.060452,1.020883,1.094622,1.000738,0.966333,1.017201
ldc2,7,128,negative-both,selected64,6,728.253,11.098,1.004456,0.979779,1.036304,1.058369,1.011865,1.086370,0.999993,0.991728,1.026266
ldc2,7,128,negative-both,vector16store,6,733.219,10.696,0.999263,0.983090,1.034840,1.058853,1.038390,1.077384,1.000000,1.000000,1.000000
ldc2,7,128,negative-both,cpp-approved-execution,6,686.815,12.964,1.060452,1.020883,1.094622,1.000000,1.000000,1.000000,1.058853,1.038390,1.077384
ldc2,7,128,negative-source,original,6,737.500,11.748,1.000000,1.000000,1.000000,1.064926,1.052955,1.108178,0.998457,0.947688,1.038781
ldc2,7,128,negative-source,selected64,6,738.699,10.617,0.999059,0.974359,1.055200,1.076205,1.044444,1.090240,1.002263,0.990471,1.012146
ldc2,7,128,negative-source,vector16store,6,738.185,12.758,1.001549,0.962667,1.055200,1.067650,1.049173,1.103482,1.000000,1.000000,1.000000
ldc2,7,128,negative-source,cpp-approved-execution,6,682.877,12.989,1.064926,1.052955,1.108178,1.000000,1.000000,1.000000,1.067650,1.049173,1.103482
ldc2,7,128,padded,original,6,730.137,10.600,1.000000,1.000000,1.000000,1.064403,1.034333,1.076509,1.000751,0.993424,1.022908
ldc2,7,128,padded,selected64,6,734.247,15.532,0.994202,0.927178,1.012158,1.072000,1.062906,1.115571,0.989996,0.948418,1.013678
ldc2,7,128,padded,vector16store,6,726.884,10.789,0.999250,0.977605,1.006619,1.060716,1.055916,1.078125,1.000000,1.000000,1.000000
ldc2,7,128,padded,cpp-approved-execution,6,685.959,12.681,1.064403,1.034333,1.076509,1.000000,1.000000,1.000000,1.060716,1.055916,1.078125
ldc2,7,128,repeated-source,original,6,713.014,9.894,1.000000,1.000000,1.000000,1.056099,1.051922,1.080984,1.000000,0.979611,1.013612
ldc2,7,128,repeated-source,selected64,6,708.219,12.718,1.005879,0.987992,1.027664,1.051592,1.025749,1.067145,1.004349,0.998646,1.022029
ldc2,7,128,repeated-source,vector16store,6,710.788,10.455,1.000000,0.986571,1.020813,1.058406,1.048345,1.068683,1.000000,1.000000,1.000000
ldc2,7,128,repeated-source,cpp-approved-execution,6,668.151,9.636,1.056099,1.051922,1.080984,1.000000,1.000000,1.000000,1.058406,1.048345,1.068683
ldc2,7,128,universal,original,6,2812.842,9.911,1.000000,1.000000,1.000000,4.552322,4.469738,4.686106,1.000898,0.976795,1.010615
ldc2,7,128,universal,selected64,6,2744.007,12.830,0.999780,0.965298,1.029042,4.592980,4.393757,4.661036,0.998966,0.967149,1.035116
ldc2,7,128,universal,vector16store,6,2790.240,9.218,0.999104,0.989497,1.023756,4.523919,4.478307,4.735849,1.000000,1.000000,1.000000
ldc2,7,128,universal,cpp-approved-execution,6,603.596,12.199,4.552322,4.469738,4.686106,1.000000,1.000000,1.000000,4.523919,4.478307,4.735849
ldc2,15,1,contiguous,original,6,32.275,10.741,1.000000,1.000000,1.000000,3.261434,3.166276,3.304348,1.033665,1.025781,1.081353
ldc2,15,1,contiguous,selected64,6,32.788,17.722,0.984124,0.934724,1.025641,3.324933,3.089109,3.513002,1.018087,1.004539,1.052083
ldc2,15,1,contiguous,vector16store,6,33.606,13.730,0.967459,0.924767,0.974867,3.363358,3.250000,3.550827,1.000000,1.000000,1.000000
ldc2,15,1,contiguous,cpp-approved-execution,6,10.095,11.608,3.261434,3.166276,3.304348,1.000000,1.000000,1.000000,3.363358,3.250000,3.550827
ldc2,15,1,negative-both,original,6,34.729,5.483,1.000000,1.000000,1.000000,3.333301,3.305556,3.394919,1.022629,0.998598,1.030612
ldc2,15,1,negative-both,selected64,6,34.949,5.658,0.997143,0.987465,1.003605,3.359126,3.294537,3.402844,1.020403,0.998598,1.032016
ldc2,15,1,negative-both,vector16store,6,34.912,6.503,0.977873,0.970297,1.001404,3.392636,3.377672,3.498845,1.000000,1.000000,1.000000
ldc2,15,1,negative-both,cpp-approved-execution,6,10.291,2.847,3.333301,3.305556,3.394919,1.000000,1.000000,1.000000,3.392636,3.377672,3.498845
ldc2,15,1,negative-source,original,6,34.583,7.554,1.000000,1.000000,1.000000,3.323040,3.282238,3.381517,1.020290,1.006181,1.042385
ldc2,15,1,negative-source,selected64,6,34.204,5.282,1.001784,0.985391,1.020744,3.327791,3.305556,3.332564,1.021534,1.009496,1.037196
ldc2,15,1,negative-source,vector16store,6,35.413,5.722,0.980130,0.959338,0.993857,3.388061,3.362530,3.446556,1.000000,1.000000,1.000000
ldc2,15,1,negative-source,cpp-approved-execution,6,10.291,5.219,3.323040,3.282238,3.381517,1.000000,1.000000,1.000000,3.388061,3.362530,3.446556
ldc2,15,1,padded,original,6,33.521,42.826,1.000000,1.000000,1.000000,3.208712,3.140878,4.365079,1.010719,0.876883,1.054930
ldc2,15,1,padded,selected64,6,33.838,11.760,1.020204,0.985507,1.365248,3.162034,3.036496,3.197279,1.042323,1.015217,1.197163
ldc2,15,1,padded,vector16store,6,34.485,26.124,0.989665,0.947931,1.140403,3.243576,3.209246,3.827664,1.000000,1.000000,1.000000
ldc2,15,1,padded,cpp-approved-execution,6,10.632,9.185,3.208712,3.140878,4.365079,1.000000,1.000000,1.000000,3.243576,3.209246,3.827664
ldc2,15,1,repeated-source,original,6,31.885,9.265,1.000000,1.000000,1.000000,3.110833,3.025463,3.204276,1.034935,1.020015,1.046628
ldc2,15,1,repeated-source,selected64,6,32.617,6.737,0.979669,0.977528,1.002878,3.170877,3.094907,3.197150,1.017790,1.008416,1.049640
ldc2,15,1,repeated-source,vector16store,6,33.105,10.398,0.966247,0.955449,0.980378,3.213162,3.157407,3.278652,1.000000,1.000000,1.000000
ldc2,15,1,repeated-source,cpp-approved-execution,6,10.278,8.314,3.110833,3.025463,3.204276,1.000000,1.000000,1.000000,3.213162,3.157407,3.278652
ldc2,15,1,universal,original,6,103.198,8.682,1.000000,1.000000,1.000000,8.139522,7.990689,8.317719,0.998743,0.965965,1.023305
ldc2,15,1,universal,selected64,6,103.076,11.890,1.001181,0.988461,1.038921,8.078747,7.979516,8.348399,1.006349,0.966614,1.024850
ldc2,15,1,universal,vector16store,6,103.540,12.002,1.001347,0.977226,1.035234,8.101700,7.918489,8.325234,1.000000,1.000000,1.000000
ldc2,15,1,universal,cpp-approved-execution,6,12.781,8.787,8.139522,7.990689,8.317719,1.000000,1.000000,1.000000,8.101700,7.918489,8.325234
ldc2,15,17,contiguous,original,6,116.051,9.640,1.000000,1.000000,1.000000,3.429883,3.393939,3.483680,1.001683,0.982964,1.017857
ldc2,15,17,contiguous,selected64,6,115.029,10.909,1.008875,0.984812,1.025705,3.412882,3.359331,3.454006,1.002502,1.000859,1.033167
ldc2,15,17,contiguous,vector16store,6,115.759,11.008,0.998320,0.982456,1.017331,3.439439,3.413374,3.470752,1.000000,1.000000,1.000000
ldc2,15,17,contiguous,cpp-approved-execution,6,33.658,9.827,3.429883,3.393939,3.483680,1.000000,1.000000,1.000000,3.439439,3.413374,3.470752
ldc2,15,17,negative-both,original,6,209.241,13.668,1.000000,1.000000,1.000000,1.806804,1.782979,1.834276,1.002331,0.986338,1.022912
ldc2,15,17,negative-both,selected64,6,214.932,9.731,0.984664,0.957495,1.019081,1.828474,1.791764,1.864013,0.991796,0.971085,1.007806
ldc2,15,17,negative-both,vector16store,6,210.409,11.281,0.997675,0.977601,1.013852,1.811015,1.805750,1.823830,1.000000,1.000000,1.000000
ldc2,15,17,negative-both,cpp-approved-execution,6,115.807,11.844,1.806804,1.782979,1.834276,1.000000,1.000000,1.000000,1.811015,1.805750,1.823830
ldc2,15,17,negative-source,original,6,210.992,26.740,1.000000,1.000000,1.000000,1.820569,1.801660,2.042456,1.013371,0.962138,1.032015
ldc2,15,17,negative-source,selected64,6,211.284,11.418,1.004445,0.991777,1.143949,1.814682,1.785444,1.827407,1.031165,0.993968,1.100637
ldc2,15,17,negative-source,vector16store,6,212.938,20.557,0.986846,0.968978,1.039352,1.876485,1.783514,1.965125,1.000000,1.000000,1.000000
ldc2,15,17,negative-source,cpp-approved-execution,6,117.023,13.799,1.820569,1.801660,2.042456,1.000000,1.000000,1.000000,1.876485,1.783514,1.965125
ldc2,15,17,padded,original,6,169.407,11.714,1.000000,1.000000,1.000000,1.445228,1.417427,1.473409,1.001431,0.967265,1.015315
ldc2,15,17,padded,selected64,6,169.018,12.201,0.996357,0.984916,1.015169,1.447998,1.422407,1.469404,0.995645,0.965735,1.018670
ldc2,15,17,padded,vector16store,6,170.866,9.678,0.998575,0.984916,1.033843,1.445093,1.416598,1.466390,1.000000,1.000000,1.000000
ldc2,15,17,padded,cpp-approved-execution,6,117.218,11.950,1.445228,1.417427,1.473409,1.000000,1.000000,1.000000,1.445093,1.416598,1.466390
ldc2,15,17,repeated-source,original,6,161.722,40.902,1.000000,1.000000,1.000000,1.380486,1.348080,1.981865,1.000230,0.969063,1.022947
ldc2,15,17,repeated-source,selected64,6,164.494,176.464,0.990787,0.498588,1.003005,1.396288,1.351419,3.974957,0.993229,0.483163,1.016677
ldc2,15,17,repeated-source,vector16store,6,163.035,36.695,0.999817,0.977568,1.031924,1.380772,1.369362,1.920553,1.000000,1.000000,1.000000
ldc2,15,17,repeated-source,cpp-approved-execution,6,116.877,6.575,1.380486,1.348080,1.981865,1.000000,1.000000,1.000000,1.380772,1.369362,1.920553
ldc2,15,17,universal,original,6,829.183,7.180,1.000000,1.000000,1.000000,4.931783,4.823371,5.044706,1.000821,0.993154,1.044993
ldc2,15,17,universal,selected64,6,823.492,14.364,1.002177,0.950547,1.029365,4.967473,4.760441,5.074313,0.999767,0.990465,1.032411
ldc2,15,17,universal,vector16store,6,827.772,12.057,0.999185,0.956944,1.006893,4.962524,4.914733,5.040388,1.000000,1.000000,1.000000
ldc2,15,17,universal,cpp-approved-execution,6,166.537,9.579,4.931783,4.823371,5.044706,1.000000,1.000000,1.000000,4.962524,4.914733,5.040388
ldc2,15,128,contiguous,original,6,681.250,4.749,1.000000,1.000000,1.000000,3.279575,3.241379,3.340659,1.154767,1.001096,1.216842
ldc2,15,128,contiguous,selected64,6,691.912,18.278,0.985423,0.870370,1.000000,3.338715,3.286219,3.724138,1.087806,1.001096,1.190525
ldc2,15,128,contiguous,vector16store,6,779.412,22.925,0.866002,0.821799,0.998905,3.803962,3.344322,3.972509,1.000000,1.000000,1.000000
ldc2,15,128,contiguous,cpp-approved-execution,6,207.721,6.372,3.279575,3.241379,3.340659,1.000000,1.000000,1.000000,3.803962,3.344322,3.972509
ldc2,15,128,negative-both,original,6,1066.544,3.654,1.000000,1.000000,1.000000,1.202231,1.176565,1.233645,1.003077,0.974518,1.010578
ldc2,15,128,negative-both,selected64,6,1069.118,5.158,0.997918,0.993146,1.019481,1.206328,1.164526,1.237893,1.000342,0.971174,1.013784
ldc2,15,128,negative-both,vector16store,6,1063.235,5.947,0.996932,0.989532,1.026148,1.206065,1.180578,1.209283,1.000000,1.000000,1.000000
ldc2,15,128,negative-both,cpp-approved-execution,6,879.779,8.023,1.202231,1.176565,1.233645,1.000000,1.000000,1.000000,1.206065,1.180578,1.209283
ldc2,15,128,negative-source,original,6,1044.118,3.310,1.000000,1.000000,1.000000,1.207468,1.202647,1.235192,1.003865,0.986496,1.004814
ldc2,15,128,negative-source,selected64,6,1041.544,8.330,0.999294,0.960054,1.030523,1.217054,1.183517,1.254885,0.994301,0.964116,1.025126
ldc2,15,128,negative-source,vector16store,6,1048.529,5.119,0.996150,0.995209,1.013689,1.210436,1.208437,1.222125,1.000000,1.000000,1.000000
ldc2,15,128,negative-source,cpp-approved-execution,6,865.441,5.183,1.207468,1.202647,1.235192,1.000000,1.000000,1.000000,1.210436,1.208437,1.222125
ldc2,15,128,padded,original,6,776.838,7.761,1.000000,1.000000,1.000000,0.898240,0.878939,0.906357,1.000474,1.000000,1.020309
ldc2,15,128,padded,selected64,6,773.529,7.414,1.001869,0.998014,1.006679,0.896998,0.878939,0.900344,1.001890,0.998014,1.023278
ldc2,15,128,padded,vector16store,6,777.206,7.758,0.999527,0.980095,1.000000,0.898240,0.880597,0.918190,1.000000,1.000000,1.000000
ldc2,15,128,padded,cpp-approved-execution,6,861.029,7.686,0.898240,0.878939,0.906357,1.000000,1.000000,1.000000,0.898240,0.880597,0.918190
ldc2,15,128,repeated-source,original,6,789.706,10.521,1.000000,1.000000,1.000000,0.889073,0.877796,0.915633,0.998081,0.972998,1.001006
ldc2,15,128,repeated-source,selected64,6,777.941,10.586,1.000430,0.980806,1.028736,0.887905,0.864238,0.907666,1.000479,0.977927,1.025023
ldc2,15,128,repeated-source,vector16store,6,779.044,10.477,1.001924,0.998995,1.027751,0.888012,0.865066,0.914806,1.000000,1.000000,1.000000
ldc2,15,128,repeated-source,cpp-approved-execution,6,888.235,10.927,0.889073,0.877796,0.915633,1.000000,1.000000,1.000000,0.888012,0.865066,0.914806
ldc2,15,128,universal,original,6,5709.926,7.778,1.000000,1.000000,1.000000,4.752979,4.606957,4.910050,0.993960,0.968364,1.010732
ldc2,15,128,universal,selected64,6,5690.441,11.397,1.002674,0.969092,1.018399,4.765488,4.595362,5.020195,0.999040,0.945367,1.013588
ldc2,15,128,universal,vector16store,6,5627.941,9.956,1.006086,0.989381,1.032670,4.728154,4.593043,4.814516,1.000000,1.000000,1.000000
ldc2,15,128,universal,cpp-approved-execution,6,1184.926,11.790,4.752979,4.606957,4.910050,1.000000,1.000000,1.000000,4.728154,4.593043,4.814516
ldc2,16,1,contiguous,original,6,29.749,10.751,1.000000,1.000000,1.000000,5.051302,4.991597,5.117647,1.015511,0.991660,1.021329
ldc2,16,1,contiguous,selected64,6,29.663,10.535,1.003641,1.002469,1.006102,5.030845,4.974790,5.105042,1.018748,0.997712,1.024691
ldc2,16,1,contiguous,vector16store,6,30.261,10.246,0.984732,0.979116,1.008410,5.090810,5.069767,5.184874,1.000000,1.000000,1.000000
ldc2,16,1,contiguous,cpp-approved-execution,6,5.884,10.373,5.051302,4.991597,5.117647,1.000000,1.000000,1.000000,5.090810,5.069767,5.184874
ldc2,16,1,negative-both,original,6,34.082,7.163,1.000000,1.000000,1.000000,4.521439,4.514754,4.591195,1.021255,1.011029,1.035559
ldc2,16,1,negative-both,selected64,6,34.167,7.717,0.998608,0.985507,1.019245,4.532741,4.429508,4.630872,1.021255,0.996377,1.043671
ldc2,16,1,negative-both,vector16store,6,35.046,8.081,0.979188,0.965662,0.989091,4.622034,4.613419,4.688679,1.000000,1.000000,1.000000
ldc2,16,1,negative-both,cpp-approved-execution,6,7.544,7.767,4.521439,4.514754,4.591195,1.000000,1.000000,1.000000,4.622034,4.613419,4.688679
ldc2,16,1,negative-source,original,6,34.424,6.525,1.000000,1.000000,1.000000,4.578230,4.526154,4.636066,1.018238,0.997171,1.043416
ldc2,16,1,negative-source,selected64,6,34.875,8.190,0.998194,0.981158,1.050520,4.577216,4.413115,4.683007,1.019168,1.007676,1.047548
ldc2,16,1,negative-source,vector16store,6,35.522,6.186,0.982097,0.958390,1.002837,4.662658,4.578462,4.759740,1.000000,1.000000,1.000000
ldc2,16,1,negative-source,cpp-approved-execution,6,7.495,8.795,4.578230,4.526154,4.636066,1.000000,1.000000,1.000000,4.662658,4.578462,4.759740
ldc2,16,1,padded,original,6,30.151,8.259,1.000000,1.000000,1.000000,4.025473,3.894569,4.114650,1.026916,0.993034,1.052941
ldc2,16,1,padded,selected64,6,30.347,5.310,1.006952,0.977546,1.032774,3.980268,3.958466,4.073826,1.029739,1.018122,1.057384
ldc2,16,1,padded,vector16store,6,31.177,5.873,0.973798,0.949721,1.007015,4.120151,4.067093,4.204698,1.000000,1.000000,1.000000
ldc2,16,1,padded,cpp-approved-execution,6,7.642,5.112,4.025473,3.894569,4.114650,1.000000,1.000000,1.000000,4.120151,4.067093,4.204698
ldc2,16,1,repeated-source,original,6,29.980,9.365,1.000000,1.000000,1.000000,4.006062,3.989933,4.101639,1.019230,1.009969,1.041142
ldc2,16,1,repeated-source,selected64,6,29.907,9.143,1.004219,0.991770,1.012955,4.009288,3.976510,4.049180,1.021914,1.015420,1.046414
ldc2,16,1,repeated-source,vector16store,6,30.713,8.983,0.981133,0.960484,0.990129,4.101075,4.057047,4.180328,1.000000,1.000000,1.000000
ldc2,16,1,repeated-source,cpp-approved-execution,6,7.410,8.237,4.006062,3.989933,4.101639,1.000000,1.000000,1.000000,4.101075,4.057047,4.180328
ldc2,16,1,universal,original,6,103.796,10.020,1.000000,1.000000,1.000000,7.910546,7.864504,8.207581,1.007870,0.989949,1.021993
ldc2,16,1,universal,selected64,6,103.638,9.753,1.004164,0.992056,1.023629,7.897065,7.817680,8.194946,1.008096,0.997644,1.034412
ldc2,16,1,universal,vector16store,6,103.540,11.389,0.992198,0.978481,1.010153,7.972292,7.799263,8.388087,1.000000,1.000000,1.000000
ldc2,16,1,universal,cpp-approved-execution,6,13.184,5.741,7.910546,7.864504,8.207581,1.000000,1.000000,1.000000,7.972292,7.799263,8.388087
ldc2,16,17,contiguous,original,6,76.843,8.108,1.000000,1.000000,1.000000,2.304965,2.098266,2.517799,0.953267,0.937415,1.024161
ldc2,16,17,contiguous,selected64,6,72.897,8.405,1.055432,1.038462,1.071429,2.169299,1.983051,2.404110,1.005820,0.988604,1.086895
ldc2,16,17,contiguous,vector16store,6,73.988,10.386,1.049026,0.976409,1.066763,2.260532,1.997101,2.378549,1.000000,1.000000,1.000000
ldc2,16,17,contiguous,cpp-approved-execution,6,34.372,18.731,2.304965,2.098266,2.517799,1.000000,1.000000,1.000000,2.260532,1.997101,2.378549
ldc2,16,17,negative-both,original,6,215.005,9.225,1.000000,1.000000,1.000000,3.447552,3.374803,3.554054,1.010989,0.987643,1.026598
ldc2,16,17,negative-both,selected64,6,217.186,10.614,0.988575,0.976310,0.998496,3.472228,3.410299,3.597973,0.997987,0.975587,1.005358
ldc2,16,17,negative-both,vector16store,6,215.057,11.106,0.989133,0.974091,1.012512,3.471794,3.428571,3.563123,1.000000,1.000000,1.000000
ldc2,16,17,negative-both,cpp-approved-execution,6,61.994,10.553,3.447552,3.374803,3.554054,1.000000,1.000000,1.000000,3.471794,3.428571,3.563123
ldc2,16,17,negative-source,original,6,209.242,11.712,1.000000,1.000000,1.000000,3.454666,3.419355,3.573311,1.026785,0.980636,1.161879
ldc2,16,17,negative-source,selected64,6,212.773,22.694,0.977764,0.885345,1.020226,3.532343,3.500849,3.882445,1.005701,0.998060,1.028664
ldc2,16,17,negative-source,vector16store,6,213.240,25.225,0.973937,0.860675,1.019746,3.558566,3.494058,3.993730,1.000000,1.000000,1.000000
ldc2,16,17,negative-source,cpp-approved-execution,6,60.280,11.370,3.454666,3.419355,3.573311,1.000000,1.000000,1.000000,3.558566,3.494058,3.993730
ldc2,16,17,padded,original,6,123.624,9.660,1.000000,1.000000,1.000000,2.053577,1.972743,2.076923,1.014169,0.996644,1.030225
ldc2,16,17,padded,selected64,6,125.234,7.877,0.998645,0.963394,1.006324,2.056273,2.041885,2.076125,1.010079,0.990000,1.022152
ldc2,16,17,padded,vector16store,6,125.337,8.699,0.986044,0.970662,1.003367,2.068895,2.032368,2.114566,1.000000,1.000000,1.000000
ldc2,16,17,padded,cpp-approved-execution,6,60.903,7.843,2.053577,1.972743,2.076923,1.000000,1.000000,1.000000,2.068895,2.032368,2.114566
ldc2,16,17,repeated-source,original,6,121.703,5.546,1.000000,1.000000,1.000000,1.923565,1.911414,1.945545,1.008546,1.000858,1.022282
ldc2,16,17,repeated-source,selected64,6,120.042,8.391,1.001289,0.970492,1.017256,1.914200,1.905473,1.983740,1.012602,0.975410,1.027610
ldc2,16,17,repeated-source,vector16store,6,122.326,4.499,0.991529,0.978204,0.999142,1.936913,1.933665,1.965347,1.000000,1.000000,1.000000
ldc2,16,17,repeated-source,cpp-approved-execution,6,62.773,5.294,1.923565,1.911414,1.945545,1.000000,1.000000,1.000000,1.936913,1.933665,1.965347
ldc2,16,17,universal,original,6,890.758,8.335,1.000000,1.000000,1.000000,5.040185,4.916171,5.134002,0.993485,0.969185,1.019145
ldc2,16,17,universal,selected64,6,872.949,10.432,1.006086,0.986366,1.032162,4.981659,4.885850,5.121059,1.004358,0.975261,1.029574
ldc2,16,17,universal,vector16store,6,872.015,9.932,1.006578,0.981215,1.031795,4.974819,4.947681,5.158310,1.000000,1.000000,1.000000
ldc2,16,17,universal,cpp-approved-execution,6,175.286,5.628,5.040185,4.916171,5.134002,1.000000,1.000000,1.000000,4.974819,4.947681,5.158310
ldc2,16,128,contiguous,original,6,409.766,12.011,1.000000,1.000000,1.000000,1.801468,1.788396,2.021583,0.929625,0.823843,0.937143
ldc2,16,128,contiguous,selected64,6,370.703,8.219,1.077972,1.073620,1.216450,1.665406,1.658703,1.709898,1.002162,1.000000,1.006135
ldc2,16,128,contiguous,vector16store,6,371.484,8.833,1.075703,1.067073,1.213823,1.672324,1.661871,1.720137,1.000000,1.000000,1.000000
ldc2,16,128,contiguous,cpp-approved-execution,6,223.047,5.954,1.801468,1.788396,2.021583,1.000000,1.000000,1.000000,1.672324,1.661871,1.720137
ldc2,16,128,negative-both,original,6,1042.188,10.420,1.000000,1.000000,1.000000,2.372514,2.337500,2.405360,1.005473,1.001465,1.018335
ldc2,16,128,negative-both,selected64,6,1053.516,10.234,0.996340,0.974170,1.004471,2.390861,2.372943,2.419643,1.000770,0.984502,1.012668
ldc2,16,128,negative-both,vector16store,6,1051.953,10.397,0.994564,0.981995,0.998537,2.381250,2.376600,2.422460,1.000000,1.000000,1.000000
ldc2,16,128,negative-both,cpp-approved-execution,6,437.891,8.921,2.372514,2.337500,2.405360,1.000000,1.000000,1.000000,2.381250,2.376600,2.422460
ldc2,16,128,negative-source,original,6,1024.219,27.079,1.000000,1.000000,1.000000,2.364232,2.302198,2.682196,1.014949,0.888337,1.034208
ldc2,16,128,negative-source,selected64,6,1021.094,13.925,0.994887,0.943060,1.110958,2.389194,2.324176,2.495560,0.997723,0.972242,1.024429
ldc2,16,128,negative-source,vector16store,6,1028.906,10.023,0.985406,0.966923,1.125698,2.382740,2.378571,2.426288,1.000000,1.000000,1.000000
ldc2,16,128,negative-source,cpp-approved-execution,6,432.031,9.946,2.364232,2.302198,2.682196,1.000000,1.000000,1.000000,2.382740,2.378571,2.426288
ldc2,16,128,padded,original,6,451.172,5.368,1.000000,1.000000,1.000000,1.022891,0.986418,1.048780,1.000000,0.998211,1.037866
ldc2,16,128,padded,selected64,6,448.438,5.401,1.002695,1.001704,1.006932,1.019347,0.979626,1.045028,1.001797,1.001704,1.045061
ldc2,16,128,padded,vector16store,6,453.906,7.917,1.000000,0.963516,1.001792,1.023471,1.017301,1.046904,1.000000,1.000000,1.000000
ldc2,16,128,padded,cpp-approved-execution,6,443.750,9.859,1.022891,0.986418,1.048780,1.000000,1.000000,1.000000,1.023471,1.017301,1.046904
ldc2,16,128,repeated-source,original,6,436.328,8.594,1.000000,1.000000,1.000000,1.007843,0.983929,1.024867,1.000839,0.996460,1.021779
ldc2,16,128,repeated-source,selected64,6,433.984,19.622,1.004491,0.908537,1.024867,1.002701,0.980357,1.108108,1.006389,0.910061,1.025501
ldc2,16,128,repeated-source,vector16store,6,439.844,8.703,0.999162,0.978686,1.003552,1.006902,1.003663,1.024867,1.000000,1.000000,1.000000
ldc2,16,128,repeated-source,cpp-approved-execution,6,437.500,8.214,1.007843,0.983929,1.024867,1.000000,1.000000,1.000000,1.006902,1.003663,1.024867
ldc2,16,128,universal,original,6,6088.672,6.364,1.000000,1.000000,1.000000,4.715278,4.694075,4.938892,0.998668,0.973192,1.030038
ldc2,16,128,universal,selected64,6,6022.266,11.066,0.997982,0.956435,1.023953,4.764101,4.606843,4.914931,1.000484,0.978616,1.018455
ldc2,16,128,universal,vector16store,6,6078.516,10.488,1.001350,0.970838,1.027546,4.756632,4.662665,4.842014,1.000000,1.000000,1.000000
ldc2,16,128,universal,cpp-approved-execution,6,1292.188,9.492,4.715278,4.694075,4.938892,1.000000,1.000000,1.000000,4.756632,4.662665,4.842014
ldc2,17,1,contiguous,original,6,31.055,8.097,1.000000,1.000000,1.000000,4.746269,4.645985,4.830935,1.020833,1.001489,1.047207
ldc2,17,1,contiguous,selected64,6,31.091,5.497,1.004345,0.982239,1.032283,4.718312,4.671533,4.832090,1.030314,1.003089,1.050513
ldc2,17,1,contiguous,vector16store,6,32.092,6.162,0.979592,0.954921,0.998513,4.845149,4.838129,4.966418,1.000000,1.000000,1.000000
ldc2,17,1,contiguous,cpp-approved-execution,6,6.543,6.343,4.746269,4.645985,4.830935,1.000000,1.000000,1.000000,4.845149,4.838129,4.966418
ldc2,17,1,negative-both,original,6,34.863,10.924,1.000000,1.000000,1.000000,4.308360,4.188791,4.362606,1.011626,0.987324,1.020231
ldc2,17,1,negative-both,selected64,6,34.509,11.319,1.007279,1.004566,1.015737,4.270786,4.123894,4.342776,1.019658,0.993477,1.026909
ldc2,17,1,negative-both,vector16store,6,34.998,8.441,0.988510,0.980170,1.012839,4.358435,4.135693,4.395770,1.000000,1.000000,1.000000
ldc2,17,1,negative-both,cpp-approved-execution,6,8.179,9.254,4.308360,4.188791,4.362606,1.000000,1.000000,1.000000,4.358435,4.135693,4.395770
ldc2,17,1,negative-source,original,6,34.973,7.958,1.000000,1.000000,1.000000,4.312121,4.270030,4.400621,1.011807,0.988709,1.020153
ldc2,17,1,negative-source,selected64,6,34.766,8.848,1.008861,1.002089,1.031295,4.269067,4.261128,4.285714,1.019846,1.016997,1.035333
ldc2,17,1,negative-source,vector16store,6,35.449,10.468,0.988331,0.980245,1.011420,4.352749,4.350932,4.437143,1.000000,1.000000,1.000000
ldc2,17,1,negative-source,cpp-approved-execution,6,8.142,8.396,4.312121,4.270030,4.400621,1.000000,1.000000,1.000000,4.352749,4.350932,4.437143
ldc2,17,1,padded,original,6,31.750,6.151,1.000000,1.000000,1.000000,3.862336,3.830303,3.891239,1.019901,1.007764,1.026657
ldc2,17,1,padded,selected64,6,31.421,5.672,1.004530,0.999209,1.016575,3.836602,3.827795,3.855882,1.024192,1.020595,1.031370
ldc2,17,1,padded,vector16store,6,32.178,5.539,0.980488,0.974036,0.992296,3.930303,3.921450,3.976401,1.000000,1.000000,1.000000
ldc2,17,1,padded,cpp-approved-execution,6,8.179,5.672,3.862336,3.830303,3.891239,1.000000,1.000000,1.000000,3.930303,3.921450,3.976401
ldc2,17,1,repeated-source,original,6,31.274,7.026,1.000000,1.000000,1.000000,3.867567,3.824926,3.906061,1.021796,1.007758,1.036261
ldc2,17,1,repeated-source,selected64,6,30.798,6.738,1.008863,1.005686,1.019778,3.828195,3.792285,3.847953,1.030652,1.026807,1.043831
ldc2,17,1,repeated-source,vector16store,6,31.677,7.245,0.978670,0.965008,0.992302,3.943792,3.922849,3.993789,1.000000,1.000000,1.000000
ldc2,17,1,repeated-source,cpp-approved-execution,6,8.032,6.079,3.867567,3.824926,3.906061,1.000000,1.000000,1.000000,3.943792,3.922849,3.993789
ldc2,17,1,universal,original,6,107.617,7.645,1.000000,1.000000,1.000000,7.863971,7.770053,8.243728,1.012505,0.977174,1.024631
ldc2,17,1,universal,selected64,6,106.726,8.395,1.005533,0.975738,1.057471,7.796245,7.664921,8.031250,1.012913,0.999771,1.033333
ldc2,17,1,universal,vector16store,6,109.167,8.319,0.987651,0.975962,1.023359,7.979055,7.852941,8.076522,1.000000,1.000000,1.000000
ldc2,17,1,universal,cpp-approved-execution,6,13.660,5.541,7.863971,7.770053,8.243728,1.000000,1.000000,1.000000,7.979055,7.852941,8.076522
ldc2,17,17,contiguous,original,6,95.810,3.913,1.000000,1.000000,1.000000,2.878250,2.746835,2.916107,0.952801,0.945915,0.964912
ldc2,17,17,contiguous,selected64,6,90.408,4.146,1.058972,1.057075,1.062424,2.717961,2.585443,2.748322,1.009787,1.002436,1.022305
ldc2,17,17,contiguous,vector16store,6,91.235,2.659,1.049550,1.036364,1.057178,2.737280,2.626582,2.787162,1.000000,1.000000,1.000000
ldc2,17,17,contiguous,cpp-approved-execution,6,33.407,6.601,2.878250,2.746835,2.916107,1.000000,1.000000,1.000000,2.737280,2.626582,2.787162
ldc2,17,17,negative-both,original,6,209.757,8.095,1.000000,1.000000,1.000000,2.704906,2.667995,2.713080,1.024961,0.998484,1.174216
ldc2,17,17,negative-both,selected64,6,212.900,39.202,0.989893,0.760985,0.996283,2.736450,2.717172,3.505976,0.999353,0.893561,1.020712
ldc2,17,17,negative-both,vector16store,6,214.884,24.936,0.975647,0.851632,1.001518,2.770563,2.702742,3.132802,1.000000,1.000000,1.000000
ldc2,17,17,negative-both,cpp-approved-execution,6,77.398,8.547,2.704906,2.667995,2.713080,1.000000,1.000000,1.000000,2.770563,2.702742,3.132802
ldc2,17,17,negative-source,original,6,210.198,9.494,1.000000,1.000000,1.000000,2.733766,2.663854,2.865651,0.997334,0.944901,1.055966
ldc2,17,17,negative-source,selected64,6,211.025,8.516,1.004787,0.992731,1.018463,2.714459,2.642757,2.828255,0.999761,0.957395,1.064396
ldc2,17,17,negative-source,vector16store,6,214.002,6.904,1.002737,0.947000,1.058312,2.709012,2.695527,2.812940,1.000000,1.000000,1.000000
ldc2,17,17,negative-source,cpp-approved-execution,6,78.390,6.892,2.733766,2.663854,2.865651,1.000000,1.000000,1.000000,2.709012,2.695527,2.812940
ldc2,17,17,padded,original,6,160.088,22.383,1.000000,1.000000,1.000000,2.038395,2.020891,2.214559,0.903717,0.776817,0.908963
ldc2,17,17,padded,selected64,6,142.834,9.572,1.119641,1.098207,1.242120,1.814650,1.782886,1.851371,1.010316,0.964900,1.016191
ldc2,17,17,padded,vector16store,6,144.598,5.566,1.106541,1.100155,1.287305,1.835549,1.720307,1.858586,1.000000,1.000000,1.000000
ldc2,17,17,padded,cpp-approved-execution,6,78.776,12.596,2.038395,2.020891,2.214559,1.000000,1.000000,1.000000,1.835549,1.720307,1.858586
ldc2,17,17,repeated-source,original,6,149.228,7.832,1.000000,1.000000,1.000000,1.906725,1.535870,1.935065,0.906169,0.891126,1.000708
ldc2,17,17,repeated-source,selected64,6,133.682,8.742,1.116289,1.097050,1.126891,1.706559,1.400000,1.734859,1.011265,1.004202,1.097826
ldc2,17,17,repeated-source,vector16store,6,135.226,17.856,1.103547,0.999293,1.122176,1.725063,1.536957,1.753701,1.000000,1.000000,1.000000
ldc2,17,17,repeated-source,cpp-approved-execution,6,78.501,31.882,1.906725,1.535870,1.935065,1.000000,1.000000,1.000000,1.725063,1.536957,1.753701
ldc2,17,17,universal,original,6,949.559,9.614,1.000000,1.000000,1.000000,5.002288,4.826354,5.175668,0.994049,0.975955,1.021909
ldc2,17,17,universal,selected64,6,952.977,11.107,1.009881,0.990077,1.025781,4.907633,4.853155,5.132462,1.002240,0.992800,1.023403
ldc2,17,17,universal,vector16store,6,955.017,10.229,1.006079,0.978561,1.024638,4.969933,4.843663,5.101222,1.000000,1.000000,1.000000
ldc2,17,17,universal,cpp-approved-execution,6,191.180,8.074,5.002288,4.826354,5.175668,1.000000,1.000000,1.000000,4.969933,4.843663,5.101222
ldc2,17,128,contiguous,original,6,538.333,8.824,1.000000,1.000000,1.000000,2.272278,2.262411,2.281879,0.935795,0.930882,0.938838
ldc2,17,128,contiguous,selected64,6,504.583,8.918,1.069425,1.066884,1.072289,2.124328,2.120438,2.130872,1.000816,0.996850,1.003442
ldc2,17,128,contiguous,vector16store,6,504.583,8.258,1.068611,1.065147,1.074250,2.125949,2.120567,2.131944,1.000000,1.000000,1.000000
ldc2,17,128,contiguous,cpp-approved-execution,6,237.500,8.421,2.272278,2.262411,2.281879,1.000000,1.000000,1.000000,2.125949,2.120567,2.131944
ldc2,17,128,negative-both,original,6,1089.583,15.143,1.000000,1.000000,1.000000,1.914747,1.898975,2.023352,1.017591,0.938900,1.069020
ldc2,17,128,negative-both,selected64,6,1108.333,25.338,0.981527,0.891107,0.984083,1.961634,1.937042,2.270604,1.000000,0.836661,1.035714
ldc2,17,128,negative-both,vector16store,6,1122.500,4.900,0.982713,0.935437,1.065076,1.948023,1.899725,2.046547,1.000000,1.000000,1.000000
ldc2,17,128,negative-both,cpp-approved-execution,6,569.167,9.078,1.914747,1.898975,2.023352,1.000000,1.000000,1.000000,1.948023,1.899725,2.046547
ldc2,17,128,negative-source,original,6,1119.583,8.113,1.000000,1.000000,1.000000,1.967762,1.891654,2.023155,0.999248,0.979971,1.060514
ldc2,17,128,negative-source,selected64,6,1114.583,7.925,0.997150,0.972160,1.026944,1.958359,1.901903,2.028944,1.007129,0.977175,1.044709
ldc2,17,128,negative-source,vector16store,6,1133.333,5.221,1.000754,0.942939,1.020438,1.968707,1.948755,2.095665,1.000000,1.000000,1.000000
ldc2,17,128,negative-source,cpp-approved-execution,6,569.167,6.735,1.967762,1.891654,2.023155,1.000000,1.000000,1.000000,1.968707,1.948755,2.095665
ldc2,17,128,padded,original,6,706.667,41.038,1.000000,1.000000,1.000000,1.225186,1.084809,1.278689,0.833998,0.829865,0.890034
ldc2,17,128,padded,selected64,6,592.500,54.993,1.200253,1.089888,1.206795,1.016299,0.995340,1.067568,1.001458,0.970037,1.004219
ldc2,17,128,padded,vector16store,6,594.583,50.175,1.199059,1.123552,1.205015,1.017781,0.965517,1.072072,1.000000,1.000000,1.000000
ldc2,17,128,padded,cpp-approved-execution,6,564.583,60.074,1.225186,1.084809,1.278689,1.000000,1.000000,1.000000,1.017781,0.965517,1.072072
ldc2,17,128,repeated-source,original,6,689.167,3.748,1.000000,1.000000,1.000000,1.210835,1.210835,1.218750,0.829088,0.828235,0.830713
ldc2,17,128,repeated-source,selected64,6,572.500,3.202,1.207299,1.202035,1.223022,1.003595,0.991441,1.007321,1.001459,0.997093,1.012950
ldc2,17,128,repeated-source,vector16store,6,572.083,3.787,1.206145,1.203785,1.207386,1.004392,1.002928,1.009943,1.000000,1.000000,1.000000
ldc2,17,128,repeated-source,cpp-approved-execution,6,569.167,3.075,1.210835,1.210835,1.218750,1.000000,1.000000,1.000000,1.004392,1.002928,1.009943
ldc2,17,128,universal,original,6,6489.167,8.167,1.000000,1.000000,1.000000,4.751992,4.565090,4.876923,0.993948,0.966279,1.038971
ldc2,17,128,universal,selected64,6,6504.583,7.303,1.007808,0.979459,1.027034,4.719659,4.660829,4.843590,0.996691,0.975827,1.032254
ldc2,17,128,universal,vector16store,6,6526.667,10.393,1.006094,0.962491,1.034898,4.767316,4.548161,4.827626,1.000000,1.000000,1.000000
ldc2,17,128,universal,cpp-approved-execution,6,1389.167,9.778,4.751992,4.565090,4.876923,1.000000,1.000000,1.000000,4.767316,4.548161,4.827626
ldc2,23,1,contiguous,original,6,32.935,5.782,1.000000,1.000000,1.000000,3.324627,3.054825,3.380597,1.027822,1.025392,1.064609
ldc2,23,1,contiguous,selected64,6,32.800,29.326,1.003342,0.808005,1.006011,3.341874,3.308458,3.780702,1.031567,0.860209,1.034795
ldc2,23,1,contiguous,vector16store,6,33.826,8.300,0.972932,0.939312,0.975237,3.415423,3.252193,3.482436,1.000000,1.000000,1.000000
ldc2,23,1,contiguous,cpp-approved-execution,6,9.814,13.433,3.324627,3.054825,3.380597,1.000000,1.000000,1.000000,3.415423,3.252193,3.482436
ldc2,23,1,negative-both,original,6,37.683,7.127,1.000000,1.000000,1.000000,3.505034,3.449074,3.572072,1.037707,1.012845,1.095208
ldc2,23,1,negative-both,selected64,6,37.744,9.961,0.992767,0.966767,1.022566,3.496622,3.474537,3.590022,1.039777,0.989728,1.119923
ldc2,23,1,negative-both,vector16store,6,39.441,12.194,0.963678,0.913069,0.987318,3.643978,3.553145,3.912162,1.000000,1.000000,1.000000
ldc2,23,1,negative-both,cpp-approved-execution,6,10.754,6.583,3.505034,3.449074,3.572072,1.000000,1.000000,1.000000,3.643978,3.553145,3.912162
ldc2,23,1,negative-source,original,6,37.109,8.289,1.000000,1.000000,1.000000,3.448938,3.357143,3.548533,1.030135,1.000000,1.103638
ldc2,23,1,negative-source,selected64,6,37.830,7.099,0.983126,0.951666,0.991798,3.526352,3.446154,3.577878,1.013166,0.991798,1.050294
ldc2,23,1,negative-source,vector16store,6,38.818,6.855,0.970761,0.906095,1.000000,3.554486,3.537037,3.705069,1.000000,1.000000,1.000000
ldc2,23,1,negative-source,cpp-approved-execution,6,10.706,6.157,3.448938,3.357143,3.548533,1.000000,1.000000,1.000000,3.554486,3.537037,3.705069
ldc2,23,1,padded,original,6,33.704,51.358,1.000000,1.000000,1.000000,3.151401,3.090278,3.452703,1.010354,0.998585,1.026966
ldc2,23,1,padded,selected64,6,33.447,14.307,1.007737,1.002249,1.350958,3.087963,2.555743,3.353846,1.028565,1.003556,1.358890
ldc2,23,1,padded,vector16store,6,33.960,49.461,0.989772,0.973742,1.001417,3.175770,3.166667,3.472973,1.000000,1.000000,1.000000
ldc2,23,1,padded,cpp-approved-execution,6,10.693,36.530,3.151401,3.090278,3.452703,1.000000,1.000000,1.000000,3.175770,3.166667,3.472973
ldc2,23,1,repeated-source,original,6,33.203,8.456,1.000000,1.000000,1.000000,3.146863,3.084862,3.182870,1.022280,1.000749,1.043123
ldc2,23,1,repeated-source,selected64,6,33.057,8.789,1.012429,0.997133,1.026923,3.096254,3.028446,3.168981,1.035398,1.013148,1.067919
ldc2,23,1,repeated-source,vector16store,6,34.058,10.538,0.978206,0.958660,0.999251,3.214269,3.173397,3.238443,1.000000,1.000000,1.000000
ldc2,23,1,repeated-source,cpp-approved-execution,6,10.596,10.599,3.146863,3.084862,3.182870,1.000000,1.000000,1.000000,3.214269,3.173397,3.238443
ldc2,23,1,universal,original,6,125.513,8.831,1.000000,1.000000,1.000000,7.278561,5.278481,7.402385,1.002735,0.966931,1.356945
ldc2,23,1,universal,selected64,6,125.122,26.322,1.000408,0.863079,1.040233,7.156988,6.115871,7.350224,1.007921,0.996287,1.171151
ldc2,23,1,universal,vector16store,6,127.112,46.288,0.997311,0.736949,1.034200,7.298410,7.082153,7.434899,1.000000,1.000000,1.000000
ldc2,23,1,universal,cpp-approved-execution,6,17.639,49.273,7.278561,5.278481,7.402385,1.000000,1.000000,1.000000,7.298410,7.082153,7.434899
ldc2,23,17,contiguous,original,6,129.030,7.056,1.000000,1.000000,1.000000,2.768139,2.750809,2.843854,1.002268,0.981176,1.014823
ldc2,23,17,contiguous,selected64,6,129.701,8.285,1.005423,0.986175,1.026570,2.753069,2.679612,2.883721,1.004240,0.998848,1.016073
ldc2,23,17,contiguous,vector16store,6,129.627,8.981,0.997769,0.985393,1.019185,2.776851,2.699029,2.880399,1.000000,1.000000,1.000000
ldc2,23,17,contiguous,cpp-approved-execution,6,46.716,7.348,2.768139,2.750809,2.843854,1.000000,1.000000,1.000000,2.776851,2.699029,2.880399
ldc2,23,17,negative-both,original,6,259.254,10.881,1.000000,1.000000,1.000000,2.120379,2.101083,2.253056,1.003710,0.941400,1.012610
ldc2,23,17,negative-both,selected64,6,258.806,7.728,1.008470,0.984772,1.051941,2.107248,2.071013,2.141809,1.002690,0.990297,1.038224
ldc2,23,17,negative-both,vector16store,6,259.701,11.322,0.996341,0.987547,1.062248,2.123690,2.101840,2.150175,1.000000,1.000000,1.000000
ldc2,23,17,negative-both,cpp-approved-execution,6,121.866,9.675,2.120379,2.101083,2.253056,1.000000,1.000000,1.000000,2.123690,2.101840,2.150175
ldc2,23,17,negative-source,original,6,280.597,14.840,1.000000,1.000000,1.000000,2.193881,2.145309,2.619898,0.967631,0.930037,1.055988
ldc2,23,17,negative-source,selected64,6,270.149,164.586,1.024429,0.437394,1.078276,2.141885,2.055024,5.989796,0.987345,0.461882,1.019208
ldc2,23,17,negative-source,vector16store,6,267.015,25.266,1.033452,0.946980,1.075226,2.117114,2.094498,2.766582,1.000000,1.000000,1.000000
ldc2,23,17,negative-source,cpp-approved-execution,6,124.851,10.759,2.193881,2.145309,2.619898,1.000000,1.000000,1.000000,2.117114,2.094498,2.766582
ldc2,23,17,padded,original,6,182.388,40.998,1.000000,1.000000,1.000000,1.516749,1.460772,1.563025,0.998734,0.817802,1.038827
ldc2,23,17,padded,selected64,6,187.090,42.042,0.986153,0.964058,1.001656,1.531602,1.476961,1.599440,0.990881,0.799183,1.028235
ldc2,23,17,padded,vector16store,6,183.881,16.071,1.001268,0.962624,1.222790,1.526077,1.278245,1.568182,1.000000,1.000000,1.000000
ldc2,23,17,padded,cpp-approved-execution,6,120.672,34.261,1.516749,1.460772,1.563025,1.000000,1.000000,1.000000,1.526077,1.278245,1.568182
ldc2,23,17,repeated-source,original,6,177.985,5.535,1.000000,1.000000,1.000000,1.443812,1.423628,1.463659,1.001258,0.983793,1.040235
ldc2,23,17,repeated-source,selected64,6,179.254,4.663,0.991953,0.986766,1.001623,1.449493,1.442721,1.473684,0.997437,0.985390,1.026468
ldc2,23,17,repeated-source,vector16store,6,179.627,6.066,0.998745,0.961322,1.016474,1.456064,1.424207,1.480907,1.000000,1.000000,1.000000
ldc2,23,17,repeated-source,cpp-approved-execution,6,123.955,6.382,1.443812,1.423628,1.463659,1.000000,1.000000,1.000000,1.456064,1.424207,1.480907
ldc2,23,17,universal,original,6,1248.731,9.490,1.000000,1.000000,1.000000,5.031051,4.735952,5.340038,0.994926,0.984065,1.005452
ldc2,23,17,universal,selected64,6,1250.299,8.953,1.000268,0.976714,1.029627,4.988055,4.708129,5.341923,1.003374,0.961150,1.017752
ldc2,23,17,universal,vector16store,6,1242.239,8.927,1.005117,0.994578,1.016193,5.001441,4.731588,5.351351,1.000000,1.000000,1.000000
ldc2,23,17,universal,cpp-approved-execution,6,244.179,14.792,5.031051,4.735952,5.340038,1.000000,1.000000,1.000000,5.001441,4.731588,5.351351
ldc2,23,128,contiguous,original,6,901.685,15.826,1.000000,1.000000,1.000000,2.861702,2.407407,2.921986,0.948586,0.931336,1.104735
ldc2,23,128,contiguous,selected64,6,858.989,12.950,1.068658,0.906210,1.160870,2.672142,2.509091,2.716312,1.004577,0.998733,1.081159
ldc2,23,128,contiguous,vector16store,6,861.798,5.476,1.054211,0.905195,1.073727,2.712747,2.653199,2.723404,1.000000,1.000000,1.000000
ldc2,23,128,contiguous,cpp-approved-execution,6,316.854,7.801,2.861702,2.407407,2.921986,1.000000,1.000000,1.000000,2.712747,2.653199,2.723404
ldc2,23,128,negative-both,original,6,1430.899,19.003,1.000000,1.000000,1.000000,1.555381,1.528485,1.758703,0.987091,0.877816,1.002453
ldc2,23,128,negative-both,selected64,6,1429.213,40.566,0.995233,0.841954,1.010621,1.543695,1.531915,2.088836,0.988606,0.739080,1.000817
ldc2,23,128,negative-both,vector16store,6,1412.921,4.851,1.013088,0.997553,1.139191,1.532833,1.524909,1.582716,1.000000,1.000000,1.000000
ldc2,23,128,negative-both,cpp-approved-execution,6,917.416,4.164,1.555381,1.528485,1.758703,1.000000,1.000000,1.000000,1.532833,1.524909,1.582716
ldc2,23,128,negative-source,original,6,1390.449,9.616,1.000000,1.000000,1.000000,1.525641,1.429844,1.529206,1.017215,0.960280,1.043611
ldc2,23,128,negative-source,selected64,6,1437.640,11.958,0.974009,0.958925,0.996650,1.548077,1.491091,1.573598,1.003297,0.920836,1.025941
ldc2,23,128,negative-source,vector16store,6,1381.461,13.664,0.983218,0.958211,1.041363,1.552564,1.373051,1.584204,1.000000,1.000000,1.000000
ldc2,23,128,negative-source,cpp-approved-execution,6,919.101,14.425,1.525641,1.429844,1.529206,1.000000,1.000000,1.000000,1.552564,1.373051,1.584204
ldc2,23,128,padded,original,6,891.011,42.371,1.000000,1.000000,1.000000,0.979712,0.974421,1.101406,1.003817,0.983471,1.028909
ldc2,23,128,padded,selected64,6,914.045,45.237,0.987582,0.892272,1.044390,0.987969,0.972422,1.137550,0.997126,0.892272,1.027127
ldc2,23,128,padded,vector16store,6,893.820,43.997,0.996212,0.971903,1.016807,0.994400,0.973203,1.116466,1.000000,1.000000,1.000000
ldc2,23,128,padded,cpp-approved-execution,6,910.674,26.774,0.979712,0.974421,1.101406,1.000000,1.000000,1.000000,0.994400,0.973203,1.116466
ldc2,23,128,repeated-source,original,6,894.944,5.775,1.000000,1.000000,1.000000,0.992500,0.968750,1.026250,0.998053,0.942753,1.091613
ldc2,23,128,repeated-source,selected64,6,903.933,9.695,0.987042,0.949519,1.088859,1.005625,0.942500,1.023370,1.017174,0.955501,1.036765
ldc2,23,128,repeated-source,vector16store,6,883.708,9.282,1.002130,0.916076,1.060724,0.975140,0.961443,1.057500,1.000000,1.000000,1.000000
ldc2,23,128,repeated-source,cpp-approved-execution,6,898.876,1.625,0.992500,0.968750,1.026250,1.000000,1.000000,1.000000,0.975140,0.961443,1.057500
ldc2,23,128,universal,original,6,8887.640,4.994,1.000000,1.000000,1.000000,4.886563,4.470351,5.220350,0.997982,0.943762,1.044044
ldc2,23,128,universal,selected64,6,8720.225,7.164,1.008060,0.986032,1.033163,4.790275,4.439839,5.104342,1.009442,0.965211,1.051219
ldc2,23,128,universal,vector16store,6,8927.528,6.356,1.002068,0.957814,1.059590,4.849372,4.667242,4.926766,1.000000,1.000000,1.000000
ldc2,23,128,universal,cpp-approved-execution,6,1842.135,11.833,4.886563,4.470351,5.220350,1.000000,1.000000,1.000000,4.849372,4.667242,4.926766
ldc2,31,1,contiguous,original,6,33.606,7.483,1.000000,1.000000,1.000000,2.896183,2.833676,2.964211,1.012709,0.993608,1.044833
ldc2,31,1,contiguous,selected64,6,33.728,9.700,1.001135,0.979138,1.026030,2.876769,2.828221,3.027368,1.016114,0.972879,1.054448
ldc2,31,1,contiguous,vector16store,6,34.143,3.504,0.987454,0.957091,1.006433,2.932632,2.874743,3.042035,1.000000,1.000000,1.000000
ldc2,31,1,contiguous,cpp-approved-execution,6,11.597,7.789,2.896183,2.833676,2.964211,1.000000,1.000000,1.000000,2.932632,2.874743,3.042035
ldc2,31,1,negative-both,original,6,40.039,6.341,1.000000,1.000000,1.000000,3.135817,3.120155,3.235521,1.025183,0.996420,1.065271
ldc2,31,1,negative-both,selected64,6,40.186,7.898,0.989149,0.976548,1.028852,3.156967,3.139887,3.231638,1.022357,0.988928,1.045154
ldc2,31,1,negative-both,vector16store,6,41.101,7.069,0.975447,0.938728,1.003593,3.219325,3.187984,3.346228,1.000000,1.000000,1.000000
ldc2,31,1,negative-both,cpp-approved-execution,6,12.634,5.411,3.135817,3.120155,3.235521,1.000000,1.000000,1.000000,3.219325,3.187984,3.346228
ldc2,31,1,negative-source,original,6,40.662,11.768,1.000000,1.000000,1.000000,3.169954,3.102616,3.205426,1.024972,0.981588,1.042966
ldc2,31,1,negative-source,selected64,6,40.466,10.618,0.993222,0.968245,1.019729,3.166816,3.139165,3.274102,1.022805,0.972634,1.046663
ldc2,31,1,negative-source,vector16store,6,41.162,9.786,0.975680,0.958804,1.018757,3.229026,3.124542,3.305970,1.000000,1.000000,1.000000
ldc2,31,1,negative-source,cpp-approved-execution,6,12.756,9.378,3.169954,3.102616,3.205426,1.000000,1.000000,1.000000,3.229026,3.124542,3.305970
ldc2,31,1,padded,original,6,33.533,8.082,1.000000,1.000000,1.000000,2.662178,2.128483,2.759109,1.020887,0.981658,1.091636
ldc2,31,1,padded,selected64,6,33.606,11.478,1.000115,0.989209,1.044444,2.641587,2.151703,2.694656,1.025435,1.015581,1.079856
ldc2,31,1,padded,vector16store,6,34.583,11.507,0.979541,0.916056,1.018685,2.709871,2.323529,2.746324,1.000000,1.000000,1.000000
ldc2,31,1,padded,cpp-approved-execution,6,12.695,29.231,2.662178,2.128483,2.759109,1.000000,1.000000,1.000000,2.709871,2.323529,2.746324
ldc2,31,1,repeated-source,original,6,34.497,25.619,1.000000,1.000000,1.000000,2.704947,2.416435,2.783730,1.005773,0.983837,1.215562
ldc2,31,1,repeated-source,selected64,6,33.826,24.179,1.016558,0.998547,1.023005,2.675997,2.364903,2.738095,1.017714,1.006470,1.242049
ldc2,31,1,repeated-source,vector16store,6,34.705,50.791,0.994280,0.822665,1.016429,2.770408,2.687984,2.937326,1.000000,1.000000,1.000000
ldc2,31,1,repeated-source,cpp-approved-execution,6,12.622,41.393,2.704947,2.416435,2.783730,1.000000,1.000000,1.000000,2.770408,2.687984,2.937326
ldc2,31,1,universal,original,6,148.840,5.167,1.000000,1.000000,1.000000,6.769146,6.741899,7.059565,1.005833,0.958137,1.029773
ldc2,31,1,universal,selected64,6,149.487,7.219,0.998223,0.976415,1.003118,6.847550,6.739665,7.046964,1.000338,0.959850,1.032983
ldc2,31,1,universal,vector16store,6,149.255,6.379,0.994203,0.971088,1.043692,6.790666,6.739665,7.033520,1.000000,1.000000,1.000000
ldc2,31,1,universal,cpp-approved-execution,6,21.851,5.251,6.769146,6.741899,7.059565,1.000000,1.000000,1.000000,6.790666,6.739665,7.033520
ldc2,31,17,contiguous,original,6,154.427,7.818,1.000000,1.000000,1.000000,2.424776,2.240625,2.584459,1.054361,1.028758,1.087551
ldc2,31,17,contiguous,selected64,6,157.344,8.440,0.969062,0.935980,1.000000,2.515469,2.346875,2.586093,1.027029,1.002448,1.034483
ldc2,31,17,contiguous,vector16store,6,161.469,6.106,0.948447,0.919497,0.972046,2.563995,2.406250,2.658784,1.000000,1.000000,1.000000
ldc2,31,17,contiguous,cpp-approved-execution,6,63.682,8.215,2.424776,2.240625,2.584459,1.000000,1.000000,1.000000,2.563995,2.406250,2.658784
ldc2,31,17,negative-both,original,6,314.789,32.343,1.000000,1.000000,1.000000,1.972691,1.944730,2.271091,0.983766,0.856860,0.998713
ldc2,31,17,negative-both,selected64,6,307.545,24.468,1.033135,1.018170,1.085484,1.904207,1.895631,2.092238,1.007210,0.930108,1.038822
ldc2,31,17,negative-both,vector16store,6,312.173,15.533,1.016502,1.001289,1.167052,1.933635,1.913882,1.969543,1.000000,1.000000,1.000000
ldc2,31,17,negative-both,cpp-approved-execution,6,160.463,13.918,1.972691,1.944730,2.271091,1.000000,1.000000,1.000000,1.933635,1.913882,1.969543
ldc2,31,17,negative-source,original,6,305.433,1.976,1.000000,1.000000,1.000000,1.963931,1.938303,1.989460,0.988801,0.966225,1.003281
ldc2,31,17,negative-source,selected64,6,301.408,6.876,1.012064,0.979434,1.039229,1.930438,1.914361,2.000000,1.001999,0.977214,1.011409
ldc2,31,17,negative-source,vector16store,6,302.616,4.654,1.011326,0.996730,1.034955,1.933162,1.921594,1.965296,1.000000,1.000000,1.000000
ldc2,31,17,negative-source,cpp-approved-execution,6,156.539,2.442,1.963931,1.938303,1.989460,1.000000,1.000000,1.000000,1.933162,1.921594,1.965296
ldc2,31,17,padded,original,6,203.119,6.736,1.000000,1.000000,1.000000,1.299957,1.293059,1.330789,1.003476,0.998106,1.025743
ldc2,31,17,padded,selected64,6,203.924,4.539,1.001495,0.973399,1.014549,1.300129,1.291774,1.337286,1.004412,0.979310,1.024728
ldc2,31,17,padded,vector16store,6,205.936,5.862,0.996538,0.974903,1.001898,1.306230,1.299486,1.332061,1.000000,1.000000,1.000000
ldc2,31,17,padded,cpp-approved-execution,6,156.539,6.427,1.299957,1.293059,1.330789,1.000000,1.000000,1.000000,1.306230,1.299486,1.332061
ldc2,31,17,repeated-source,original,6,195.372,5.561,1.000000,1.000000,1.000000,1.248392,1.197287,1.251870,1.011030,0.994024,1.369722
ldc2,31,17,repeated-source,selected64,6,198.290,44.039,0.985118,0.703623,1.024313,1.268883,1.219072,1.701603,0.999971,0.963768,1.026834
ldc2,31,17,repeated-source,vector16store,6,198.290,36.834,0.989168,0.730075,1.006012,1.263661,1.244389,1.639951,1.000000,1.000000,1.000000
ldc2,31,17,repeated-source,cpp-approved-execution,6,158.652,6.595,1.248392,1.197287,1.251870,1.000000,1.000000,1.000000,1.263661,1.244389,1.639951
ldc2,31,17,universal,original,6,1626.861,7.693,1.000000,1.000000,1.000000,5.045773,4.869353,5.246479,0.992744,0.968072,1.013541
ldc2,31,17,universal,selected64,6,1645.070,10.396,1.007432,0.935382,1.032174,4.989548,4.918001,5.221511,0.997096,0.948047,1.016837
ldc2,31,17,universal,vector16store,6,1633.602,8.166,1.007314,0.986640,1.032981,4.959462,4.885159,5.220230,1.000000,1.000000,1.000000
ldc2,31,17,universal,cpp-approved-execution,6,324.648,8.491,5.045773,4.869353,5.246479,1.000000,1.000000,1.000000,4.959462,4.885159,5.220230
ldc2,31,128,contiguous,original,6,1004.545,7.541,1.000000,1.000000,1.000000,2.300605,1.832418,2.429603,0.975284,0.940565,1.042056
ldc2,31,128,contiguous,selected64,6,971.212,8.736,1.019916,0.951111,1.064873,2.277158,1.810440,2.288732,1.000022,0.990895,1.021002
ldc2,31,128,contiguous,vector16store,6,971.212,5.772,1.025358,0.959641,1.063191,2.283394,1.793956,2.285211,1.000000,1.000000,1.000000
ldc2,31,128,contiguous,cpp-approved-execution,6,425.000,31.016,2.300605,1.832418,2.429603,1.000000,1.000000,1.000000,2.283394,1.793956,2.285211
ldc2,31,128,negative-both,original,6,1709.091,5.585,1.000000,1.000000,1.000000,1.486519,1.316909,1.489305,0.987427,0.985650,1.090136
ldc2,31,128,negative-both,selected64,6,1709.091,5.142,1.012852,0.984982,1.041630,1.468654,1.264278,1.506684,1.000011,0.970848,1.135518
ldc2,31,128,negative-both,vector16store,6,1685.606,16.449,1.012733,0.917317,1.014559,1.467851,1.432855,1.470588,1.000000,1.000000,1.000000
ldc2,31,128,negative-both,cpp-approved-execution,6,1162.121,18.905,1.486519,1.316909,1.489305,1.000000,1.000000,1.000000,1.467851,1.432855,1.470588
ldc2,31,128,negative-source,original,6,1709.848,7.887,1.000000,1.000000,1.000000,1.497446,1.489041,1.528075,0.989495,0.986535,1.012931
ldc2,31,128,negative-source,selected64,6,1664.394,10.742,1.010622,0.987406,1.040036,1.484294,1.469251,1.515267,1.000455,0.996641,1.026388
ldc2,31,128,negative-source,vector16store,6,1687.121,10.238,1.010622,0.987234,1.013649,1.507097,1.469863,1.518088,1.000000,1.000000,1.000000
ldc2,31,128,negative-source,cpp-approved-execution,6,1132.576,7.625,1.497446,1.489041,1.528075,1.000000,1.000000,1.000000,1.507097,1.469863,1.518088
ldc2,31,128,padded,original,6,1022.727,10.222,1.000000,1.000000,1.000000,0.855054,0.826355,0.930574,0.989752,0.901004,1.001484
ldc2,31,128,padded,selected64,6,1045.455,12.464,0.990653,0.941094,1.056075,0.865733,0.837027,0.921228,0.976847,0.910145,1.003115
ldc2,31,128,padded,vector16store,6,994.697,8.835,1.010409,0.998519,1.109873,0.839043,0.823892,0.852273,1.000000,1.000000,1.000000
ldc2,31,128,padded,cpp-approved-execution,6,1181.061,11.161,0.855054,0.826355,0.930574,1.000000,1.000000,1.000000,0.839043,0.823892,0.852273
ldc2,31,128,repeated-source,original,6,1025.758,9.897,1.000000,1.000000,1.000000,0.868108,0.815756,0.972565,0.981548,0.860367,1.009091
ldc2,31,128,repeated-source,selected64,6,1016.667,16.990,1.006012,0.908847,1.121835,0.856888,0.814485,0.968831,0.981459,0.884718,1.001560
ldc2,31,128,repeated-source,vector16store,6,998.485,8.953,1.018868,0.990991,1.162295,0.841799,0.815756,0.857888,1.000000,1.000000,1.000000
ldc2,31,128,repeated-source,cpp-approved-execution,6,1179.545,10.148,0.868108,0.815756,0.972565,1.000000,1.000000,1.000000,0.841799,0.815756,0.857888
ldc2,31,128,universal,original,6,11939.394,10.140,1.000000,1.000000,1.000000,4.849130,4.591908,5.119843,1.005490,0.957534,1.022161
ldc2,31,128,universal,selected64,6,11746.970,6.875,1.017635,0.957715,1.042678,4.742349,4.596532,5.073267,1.006407,0.977752,1.038839
ldc2,31,128,universal,vector16store,6,11711.364,10.078,0.994594,0.978320,1.044349,4.903780,4.583237,4.960396,1.000000,1.000000,1.000000
ldc2,31,128,universal,cpp-approved-execution,6,2438.636,13.358,4.849130,4.591908,5.119843,1.000000,1.000000,1.000000,4.903780,4.583237,4.960396
ldc2,32,1,contiguous,original,6,32.190,64.922,1.000000,1.000000,1.000000,4.353741,4.279720,4.531590,1.032345,1.024187,1.047050
ldc2,32,1,contiguous,selected64,6,32.129,59.347,1.001171,0.993050,1.037924,4.364236,4.271845,4.417508,1.029962,1.026515,1.080339
ldc2,32,1,contiguous,vector16store,6,33.044,66.938,0.968679,0.955064,0.976384,4.533915,4.385113,4.716776,1.000000,1.000000,1.000000
ldc2,32,1,contiguous,cpp-approved-execution,6,7.397,57.096,4.353741,4.279720,4.531590,1.000000,1.000000,1.000000,4.533915,4.385113,4.716776
ldc2,32,1,negative-both,original,6,39.636,31.229,1.000000,1.000000,1.000000,4.314906,4.004866,4.915254,1.013384,0.881281,1.029547
ldc2,32,1,negative-both,selected64,6,39.514,18.227,0.994716,0.933406,1.164659,4.352256,3.948905,4.614610,1.017936,0.924127,1.026391
ldc2,32,1,negative-both,vector16store,6,40.247,13.406,0.986816,0.971301,1.134712,4.372059,4.038929,4.466851,1.000000,1.000000,1.000000
ldc2,32,1,negative-both,cpp-approved-execution,6,9.375,15.625,4.314906,4.004866,4.915254,1.000000,1.000000,1.000000,4.372059,4.038929,4.466851
ldc2,32,1,negative-source,original,6,40.234,10.983,1.000000,1.000000,1.000000,4.335772,4.229917,4.450135,1.017245,0.975410,1.034198
ldc2,32,1,negative-source,selected64,6,40.015,9.579,1.001162,0.988957,1.024194,4.326843,4.225000,4.393531,1.017263,0.985799,1.038484
ldc2,32,1,negative-source,vector16store,6,40.466,11.161,0.983072,0.966933,1.025210,4.435120,4.165000,4.474490,1.000000,1.000000,1.000000
ldc2,32,1,negative-source,cpp-approved-execution,6,9.119,10.442,4.335772,4.229917,4.450135,1.000000,1.000000,1.000000,4.435120,4.165000,4.474490
ldc2,32,1,padded,original,6,32.605,13.179,1.000000,1.000000,1.000000,3.447546,3.325000,3.598465,1.021899,0.970860,1.070843
ldc2,32,1,padded,selected64,6,32.532,15.685,1.001704,0.927476,1.029261,3.474965,3.382872,3.585000,1.027871,0.947001,1.069248
ldc2,32,1,padded,vector16store,6,33.264,12.991,0.978571,0.933844,1.030015,3.559950,3.395000,3.617128,1.000000,1.000000,1.000000
ldc2,32,1,padded,cpp-approved-execution,6,9.497,12.339,3.447546,3.325000,3.598465,1.000000,1.000000,1.000000,3.559950,3.395000,3.617128
ldc2,32,1,repeated-source,original,6,31.580,13.297,1.000000,1.000000,1.000000,3.479108,3.328205,3.651832,1.023868,0.977778,1.041916
ldc2,32,1,repeated-source,selected64,6,31.079,8.955,1.006669,0.999252,1.055219,3.450914,3.302564,3.500000,1.030637,1.023052,1.041137
ldc2,32,1,repeated-source,vector16store,6,32.129,10.410,0.976693,0.959770,1.022727,3.568011,3.400000,3.643979,1.000000,1.000000,1.000000
ldc2,32,1,repeated-source,cpp-approved-execution,6,9.180,10.106,3.479108,3.328205,3.651832,1.000000,1.000000,1.000000,3.568011,3.400000,3.643979
ldc2,32,1,universal,original,6,151.855,12.267,1.000000,1.000000,1.000000,5.561116,5.174121,5.730035,0.997620,0.958037,1.002488
ldc2,32,1,universal,selected64,6,150.903,9.934,1.006099,1.004833,1.028514,5.531561,5.080671,5.591418,1.004845,0.985354,1.007674
ldc2,32,1,universal,vector16store,6,150.989,8.554,1.002399,0.997519,1.043801,5.523719,5.092652,5.634328,1.000000,1.000000,1.000000
ldc2,32,1,universal,cpp-approved-execution,6,27.246,17.742,5.561116,5.174121,5.730035,1.000000,1.000000,1.000000,5.523719,5.092652,5.634328
ldc2,32,17,contiguous,original,6,102.911,12.323,1.000000,1.000000,1.000000,1.675121,1.620000,1.680511,0.971560,0.960076,0.979127
ldc2,32,17,contiguous,selected64,6,99.792,13.125,1.034475,1.021008,1.043651,1.609069,1.586667,1.619863,1.005220,0.995798,1.011765
ldc2,32,17,contiguous,vector16store,6,99.896,13.528,1.029288,1.021318,1.041584,1.618142,1.580000,1.633562,1.000000,1.000000,1.000000
ldc2,32,17,contiguous,cpp-approved-execution,6,62.266,13.689,1.675121,1.620000,1.680511,1.000000,1.000000,1.000000,1.618142,1.580000,1.633562
ldc2,32,17,negative-both,original,6,318.295,8.948,1.000000,1.000000,1.000000,3.258461,3.246544,3.330435,0.986679,0.977807,1.043984
ldc2,32,17,negative-both,selected64,6,311.435,15.754,1.015267,0.950215,1.026122,3.225361,3.193258,3.432489,0.997618,0.992010,1.004926
ldc2,32,17,negative-both,vector16store,6,311.435,15.020,1.013502,0.957869,1.022697,3.232755,3.187234,3.405063,1.000000,1.000000,1.000000
ldc2,32,17,negative-both,cpp-approved-execution,6,96.570,8.611,3.258461,3.246544,3.330435,1.000000,1.000000,1.000000,3.232755,3.187234,3.405063
ldc2,32,17,negative-source,original,6,314.969,14.917,1.000000,1.000000,1.000000,3.277049,3.208955,3.457330,1.000345,0.960705,1.188875
ldc2,32,17,negative-source,selected64,6,307.380,20.291,1.010459,0.953125,1.078498,3.204863,3.181237,3.476386,1.010363,0.951250,1.148848
ldc2,32,17,negative-source,vector16store,6,315.073,35.566,0.999660,0.841131,1.040903,3.231534,3.179372,3.993840,1.000000,1.000000,1.000000
ldc2,32,17,negative-source,cpp-approved-execution,6,96.258,11.015,3.277049,3.208955,3.457330,1.000000,1.000000,1.000000,3.231534,3.179372,3.993840
ldc2,32,17,padded,original,6,153.222,9.905,1.000000,1.000000,1.000000,1.613242,1.579869,1.690789,0.998098,0.944228,1.024931
ldc2,32,17,padded,selected64,6,152.599,9.537,1.007002,0.984993,1.048980,1.606127,1.587852,1.611842,1.004648,0.990476,1.024390
ldc2,32,17,padded,vector16store,6,152.495,7.771,1.001917,0.975676,1.059066,1.617068,1.581345,1.641379,1.000000,1.000000,1.000000
ldc2,32,17,padded,cpp-approved-execution,6,95.010,8.972,1.613242,1.579869,1.690789,1.000000,1.000000,1.000000,1.617068,1.581345,1.641379
ldc2,32,17,repeated-source,original,6,145.426,66.476,1.000000,1.000000,1.000000,1.529745,1.522876,1.765794,0.995824,0.923211,1.001468
ldc2,32,17,repeated-source,selected64,6,143.971,56.606,1.008137,1.005442,1.074039,1.517401,1.505447,1.644068,1.002918,0.991565,1.010370
ldc2,32,17,repeated-source,vector16store,6,144.906,54.376,1.004193,0.998534,1.083176,1.527495,1.516340,1.630200,1.000000,1.000000,1.000000
ldc2,32,17,repeated-source,cpp-approved-execution,6,95.426,44.444,1.529745,1.522876,1.765794,1.000000,1.000000,1.000000,1.527495,1.516340,1.630200
ldc2,32,17,universal,original,6,1647.297,10.450,1.000000,1.000000,1.000000,4.992334,4.926065,5.096364,0.997445,0.981686,1.000376
ldc2,32,17,universal,selected64,6,1650.000,8.732,1.007937,0.991679,1.037380,4.927695,4.900376,5.038798,1.004140,0.992052,1.021534
ldc2,32,17,universal,vector16store,6,1644.906,11.097,1.002562,0.999624,1.018655,4.988777,4.909774,5.034788,1.000000,1.000000,1.000000
ldc2,32,17,universal,cpp-approved-execution,6,332.017,8.766,4.992334,4.926065,5.096364,1.000000,1.000000,1.000000,4.988777,4.909774,5.034788
ldc2,32,128,contiguous,original,6,612.500,11.224,1.000000,1.000000,1.000000,1.380258,1.307143,1.399317,0.964229,0.951220,1.015038
ldc2,32,128,contiguous,selected64,6,589.844,9.272,1.035711,0.997500,1.056701,1.326402,1.303571,1.393728,1.005287,0.997312,1.012500
ldc2,32,128,contiguous,vector16store,6,589.062,9.549,1.037102,0.985185,1.051282,1.327431,1.317857,1.411150,1.000000,1.000000,1.000000
ldc2,32,128,contiguous,cpp-approved-execution,6,442.969,4.586,1.380258,1.307143,1.399317,1.000000,1.000000,1.000000,1.327431,1.317857,1.411150
ldc2,32,128,negative-both,original,6,1760.156,9.410,1.000000,1.000000,1.000000,2.560189,2.503464,2.605201,0.985662,0.960980,1.038950
ldc2,32,128,negative-both,selected64,6,1716.406,7.738,1.024657,1.000000,1.040604,2.503966,2.490196,2.507109,1.000473,1.000000,1.073491
ldc2,32,128,negative-both,vector16store,6,1716.406,15.294,1.014547,0.962510,1.040604,2.507764,2.503464,2.673203,1.000000,1.000000,1.000000
ldc2,32,128,negative-both,cpp-approved-execution,6,685.156,8.438,2.560189,2.503464,2.605201,1.000000,1.000000,1.000000,2.507764,2.503464,2.673203
ldc2,32,128,negative-source,original,6,1730.469,7.946,1.000000,1.000000,1.000000,2.562711,2.437238,2.638202,0.982951,0.977901,1.003433
ldc2,32,128,negative-source,selected64,6,1697.656,12.701,1.016575,0.972454,1.047170,2.511120,2.505774,2.573460,1.001842,0.975793,1.024528
ldc2,32,128,negative-source,vector16store,6,1700.000,9.835,1.017351,0.996578,1.022599,2.515800,2.445607,2.586517,1.000000,1.000000,1.000000
ldc2,32,128,negative-source,cpp-approved-execution,6,676.562,12.933,2.562711,2.437238,2.638202,1.000000,1.000000,1.000000,2.515800,2.445607,2.586517
ldc2,32,128,padded,original,6,675.781,13.410,1.000000,1.000000,1.000000,0.982998,0.974057,0.993671,1.010781,1.002336,1.049645
ldc2,32,128,padded,selected64,6,681.250,11.697,0.994477,0.956019,1.009434,0.991026,0.972350,1.018868,1.007054,0.995485,1.052133
ldc2,32,128,padded,vector16store,6,687.500,11.364,0.989371,0.952703,0.997669,1.000780,0.984305,1.023041,1.000000,1.000000,1.000000
ldc2,32,128,padded,cpp-approved-execution,6,686.719,11.377,0.982998,0.974057,0.993671,1.000000,1.000000,1.000000,1.000780,0.984305,1.023041
ldc2,32,128,repeated-source,original,6,643.750,11.165,1.000000,1.000000,1.000000,0.939954,0.936575,0.957207,1.025382,0.972912,1.108108
ldc2,32,128,repeated-source,selected64,6,637.500,13.725,1.017724,0.934978,1.039906,0.923979,0.900634,1.004505,1.045433,0.928251,1.127500
ldc2,32,128,repeated-source,vector16store,6,671.094,8.615,0.975286,0.902439,1.027842,0.972601,0.911205,1.041570,1.000000,1.000000,1.000000
ldc2,32,128,repeated-source,cpp-approved-execution,6,685.156,11.631,0.939954,0.936575,0.957207,1.000000,1.000000,1.000000,0.972601,0.911205,1.041570
ldc2,32,128,universal,original,6,12058.594,9.990,1.000000,1.000000,1.000000,4.923227,4.760311,5.082711,0.996166,0.990623,1.014189
ldc2,32,128,universal,selected64,6,11908.594,9.342,1.012583,0.981030,1.038501,4.873320,4.809969,4.933115,1.009597,0.975409,1.039517
ldc2,32,128,universal,vector16store,6,12018.750,10.959,1.003872,0.986010,1.009465,4.878250,4.811803,5.087687,1.000000,1.000000,1.000000
ldc2,32,128,universal,cpp-approved-execution,6,2447.656,9.448,4.923227,4.760311,5.082711,1.000000,1.000000,1.000000,4.878250,4.811803,5.087687
ldc2,33,1,contiguous,original,6,32.776,6.704,1.000000,1.000000,1.000000,4.162211,4.133127,4.210843,1.022561,1.001431,1.040520
ldc2,33,1,contiguous,selected64,6,32.800,4.838,0.995917,0.988431,1.022677,4.176703,4.114551,4.216463,1.023317,1.002948,1.032625
ldc2,33,1,contiguous,vector16store,6,33.228,3.233,0.977951,0.961058,0.998571,4.241663,4.210526,4.320635,1.000000,1.000000,1.000000
ldc2,33,1,contiguous,cpp-approved-execution,6,7.886,5.263,4.162211,4.133127,4.210843,1.000000,1.000000,1.000000,4.241663,4.210526,4.320635
ldc2,33,1,negative-both,original,6,39.905,10.584,1.000000,1.000000,1.000000,3.964353,3.920863,4.000000,1.026317,1.001835,1.045724
ldc2,33,1,negative-both,selected64,6,40.039,9.939,1.000180,0.996248,1.011897,3.973367,3.876214,3.981900,1.022514,0.998780,1.053860
ldc2,33,1,negative-both,vector16store,6,40.796,8.917,0.974361,0.956275,0.998168,4.046841,3.928058,4.182898,1.000000,1.000000,1.000000
ldc2,33,1,negative-both,cpp-approved-execution,6,10.120,9.650,3.964353,3.920863,4.000000,1.000000,1.000000,1.000000,4.046841,3.928058,4.182898
ldc2,33,1,negative-source,original,6,39.893,11.322,1.000000,1.000000,1.000000,4.015348,3.960199,4.066362,1.026662,0.998312,1.034272
ldc2,33,1,negative-source,selected64,6,40.222,12.200,0.990917,0.975505,1.013923,4.035949,3.977612,4.118993,1.019704,0.985556,1.039346
ldc2,33,1,negative-source,vector16store,6,41.052,8.088,0.974033,0.966864,1.001691,4.074627,4.059497,4.203980,1.000000,1.000000,1.000000
ldc2,33,1,negative-source,cpp-approved-execution,6,9.937,8.600,4.015348,3.960199,4.066362,1.000000,1.000000,1.000000,4.074627,4.059497,4.203980
ldc2,33,1,padded,original,6,32.739,7.233,1.000000,1.000000,1.000000,3.254975,2.724206,3.284706,1.019043,1.013751,1.049892
ldc2,33,1,padded,selected64,6,32.629,7.557,1.003720,0.989979,1.018978,3.225124,2.710317,3.294811,1.026224,1.015302,1.039370
ldc2,33,1,padded,vector16store,6,33.350,9.151,0.981314,0.952479,0.986436,3.309701,2.773810,3.424528,1.000000,1.000000,1.000000
ldc2,33,1,padded,cpp-approved-execution,6,10.083,24.697,3.254975,2.724206,3.284706,1.000000,1.000000,1.000000,3.309701,2.773810,3.424528
ldc2,33,1,repeated-source,original,6,32.751,8.200,1.000000,1.000000,1.000000,3.231462,3.179612,3.303529,1.032469,1.013740,1.091880
ldc2,33,1,repeated-source,selected64,6,32.739,7.830,1.000369,0.996340,1.011583,3.235471,3.143204,3.300995,1.029786,1.024868,1.095000
ldc2,33,1,repeated-source,vector16store,6,33.704,14.850,0.968560,0.915851,0.986446,3.358209,3.223301,3.607059,1.000000,1.000000,1.000000
ldc2,33,1,repeated-source,cpp-approved-execution,6,10.132,5.542,3.231462,3.179612,3.303529,1.000000,1.000000,1.000000,3.358209,3.223301,3.607059
ldc2,33,1,universal,original,6,153.113,9.440,1.000000,1.000000,1.000000,5.582567,5.341484,6.967452,1.000929,0.961018,1.030585
ldc2,33,1,universal,selected64,6,154.297,9.889,0.989975,0.941308,1.020502,5.688595,5.487825,6.851852,0.982466,0.930758,1.051714
ldc2,33,1,universal,vector16store,6,151.245,14.657,0.999120,0.970323,1.040563,5.729506,5.281619,6.695847,1.000000,1.000000,1.000000
ldc2,33,1,universal,cpp-approved-execution,6,27.283,26.846,5.582567,5.341484,6.967452,1.000000,1.000000,1.000000,5.729506,5.281619,6.695847
ldc2,33,17,contiguous,original,6,130.835,10.802,1.000000,1.000000,1.000000,1.950649,1.900000,2.027864,0.911167,0.882645,0.945038
ldc2,33,17,contiguous,selected64,6,117.559,14.572,1.102246,1.059871,1.124535,1.764293,1.735484,1.913313,1.000809,0.992565,1.014493
ldc2,33,17,contiguous,vector16store,6,118.522,15.357,1.097511,1.058158,1.132959,1.764334,1.722581,1.916409,1.000000,1.000000,1.000000
ldc2,33,17,contiguous,cpp-approved-execution,6,66.381,4.194,1.950649,1.900000,2.027864,1.000000,1.000000,1.000000,1.764334,1.722581,1.916409
ldc2,33,17,negative-both,original,6,331.263,8.791,1.000000,1.000000,1.000000,2.888937,2.820663,2.915285,0.996219,0.970197,1.001263
ldc2,33,17,negative-both,selected64,6,321.199,14.667,1.025286,0.953911,1.037500,2.814763,2.785575,3.025688,1.006788,0.953911,1.036625
ldc2,33,17,negative-both,vector16store,6,323.233,9.672,1.003798,0.998738,1.030719,2.853876,2.805068,2.918969,1.000000,1.000000,1.000000
ldc2,33,17,negative-both,cpp-approved-execution,6,114.454,6.174,2.888937,2.820663,2.915285,1.000000,1.000000,1.000000,2.853876,2.805068,2.918969
ldc2,33,17,negative-source,original,6,325.482,5.329,1.000000,1.000000,1.000000,2.881179,2.877193,2.888476,0.985033,0.976362,1.007079
ldc2,33,17,negative-source,selected64,6,317.559,5.057,1.019953,1.015131,1.029054,2.823770,2.803030,2.842007,1.004389,1.002063,1.023545
ldc2,33,17,negative-source,vector16store,6,319.272,7.243,1.015194,0.992971,1.024210,2.837823,2.816288,2.908922,1.000000,1.000000,1.000000
ldc2,33,17,negative-source,cpp-approved-execution,6,112.848,5.313,2.881179,2.877193,2.888476,1.000000,1.000000,1.000000,2.837823,2.816288,2.908922
ldc2,33,17,padded,original,6,181.585,17.217,1.000000,1.000000,1.000000,1.638116,1.610266,1.744227,0.922388,0.912178,0.966942
ldc2,33,17,padded,selected64,6,169.272,15.813,1.078943,1.039264,1.097686,1.540936,1.479087,1.603908,1.000002,0.987374,1.004908
ldc2,33,17,padded,vector16store,6,167.666,16.220,1.084142,1.034188,1.096277,1.526316,1.480989,1.609236,1.000000,1.000000,1.000000
ldc2,33,17,padded,cpp-approved-execution,6,111.456,9.606,1.638116,1.610266,1.744227,1.000000,1.000000,1.000000,1.526316,1.480989,1.609236
ldc2,33,17,repeated-source,original,6,177.730,38.193,1.000000,1.000000,1.000000,1.551310,1.375465,1.564103,0.931486,0.916772,0.998198
ldc2,33,17,repeated-source,selected64,6,165.096,37.224,1.076474,0.959091,1.096838,1.440338,1.254027,1.629630,1.004660,0.886364,1.094862
ldc2,33,17,repeated-source,vector16store,6,165.203,49.384,1.073620,1.001805,1.090784,1.440741,1.372986,1.464217,1.000000,1.000000,1.000000
ldc2,33,17,repeated-source,cpp-approved-execution,6,114.561,56.075,1.551310,1.375465,1.564103,1.000000,1.000000,1.000000,1.440741,1.372986,1.464217
ldc2,33,17,universal,original,6,1694.433,8.025,1.000000,1.000000,1.000000,4.971515,4.846013,5.071245,0.996643,0.988243,1.073851
ldc2,33,17,universal,selected64,6,1683.512,10.532,1.006359,0.985874,1.009521,4.931752,4.826537,5.102102,1.003109,0.997652,1.078184
ldc2,33,17,universal,vector16store,6,1688.544,13.874,1.003387,0.931228,1.011897,4.999396,4.911028,5.251051,1.000000,1.000000,1.000000
ldc2,33,17,universal,cpp-approved-execution,6,341.756,6.892,4.971515,4.846013,5.071245,1.000000,1.000000,1.000000,4.999396,4.911028,5.251051
ldc2,33,128,contiguous,original,6,801.613,6.237,1.000000,1.000000,1.000000,1.750112,1.714286,1.805861,0.887267,0.878914,0.900000
ldc2,33,128,contiguous,selected64,6,707.258,7.070,1.130449,1.108545,1.168246,1.546108,1.535593,1.554007,0.998845,0.995585,1.040284
ldc2,33,128,contiguous,vector16store,6,712.097,6.795,1.127069,1.111111,1.137767,1.544948,1.528814,1.608059,1.000000,1.000000,1.000000
ldc2,33,128,contiguous,cpp-approved-execution,6,457.258,7.760,1.750112,1.714286,1.805861,1.000000,1.000000,1.000000,1.544948,1.528814,1.608059
ldc2,33,128,negative-both,original,6,1808.065,15.611,1.000000,1.000000,1.000000,2.215610,1.745833,2.268000,0.997517,0.963845,1.264916
ldc2,33,128,negative-both,selected64,6,1782.258,53.665,1.013383,0.757229,1.015933,2.211385,2.177645,2.305556,1.000445,0.957831,1.022493
ldc2,33,128,negative-both,vector16store,6,1762.903,45.654,1.002570,0.790566,1.037511,2.198525,2.181637,2.237705,1.000000,1.000000,1.000000
ldc2,33,128,negative-both,cpp-approved-execution,6,807.258,46.354,2.215610,1.745833,2.268000,1.000000,1.000000,1.000000,2.198525,2.181637,2.237705
ldc2,33,128,negative-source,original,6,1828.226,11.292,1.000000,1.000000,1.000000,2.212577,2.155945,2.259481,0.989432,0.965548,1.038843
ldc2,33,128,negative-source,selected64,6,1810.484,11.047,1.011299,0.944978,1.035682,2.183851,2.128655,2.341513,1.000458,0.944978,1.033717
ldc2,33,128,negative-source,vector16store,6,1786.290,15.801,1.010682,0.962609,1.035682,2.185800,2.130604,2.327778,1.000000,1.000000,1.000000
ldc2,33,128,negative-source,cpp-approved-execution,6,827.419,9.942,2.212577,2.155945,2.259481,1.000000,1.000000,1.000000,2.185800,2.130604,2.327778
ldc2,33,128,padded,original,6,865.323,47.530,1.000000,1.000000,1.000000,1.059942,0.923529,1.084746,0.899322,0.885122,1.048408
ldc2,33,128,padded,selected64,6,787.097,53.279,1.111976,1.075342,1.147410,0.942693,0.858824,0.980159,1.001037,0.997890,1.127397
ldc2,33,128,padded,vector16store,6,787.097,72.336,1.112014,0.953827,1.129787,0.956048,0.940000,0.978175,1.000000,1.000000,1.000000
ldc2,33,128,padded,cpp-approved-execution,6,820.161,68.830,1.059942,0.923529,1.084746,1.000000,1.000000,1.000000,0.956048,0.940000,0.978175
ldc2,33,128,repeated-source,original,6,862.903,61.308,1.000000,1.000000,1.000000,1.052639,1.007177,1.062000,0.889783,0.877589,0.909894
ldc2,33,128,repeated-source,selected64,6,775.000,68.470,1.134139,1.076726,1.141935,0.929139,0.927374,0.966862,1.002153,0.955243,1.034137
ldc2,33,128,repeated-source,vector16store,6,763.710,60.190,1.123879,1.099029,1.139485,0.934811,0.893541,0.959032,1.000000,1.000000,1.000000
ldc2,33,128,repeated-source,cpp-approved-execution,6,816.935,68.707,1.052639,1.007177,1.062000,1.000000,1.000000,1.000000,0.934811,0.893541,0.959032
ldc2,33,128,universal,original,6,12345.161,9.524,1.000000,1.000000,1.000000,4.829927,4.616511,5.014455,1.004327,0.975498,1.021687
ldc2,33,128,universal,selected64,6,12407.258,10.283,1.000337,0.974945,1.027740,4.842299,4.568501,5.034823,1.002031,0.981730,1.032423
ldc2,33,128,universal,vector16store,6,12267.742,10.623,0.995699,0.978774,1.025118,4.840373,4.716628,4.942838,1.000000,1.000000,1.000000
ldc2,33,128,universal,cpp-approved-execution,6,2515.323,11.927,4.829927,4.616511,5.014455,1.000000,1.000000,1.000000,4.840373,4.716628,4.942838
ldc2,47,1,contiguous,original,6,36.035,54.675,1.000000,1.000000,1.000000,2.764378,2.633929,3.042005,1.021959,0.828953,1.044655
ldc2,47,1,contiguous,selected64,6,35.474,35.582,1.017069,0.985333,1.165628,2.706065,2.571429,2.788104,1.030818,0.966251,1.047917
ldc2,47,1,contiguous,vector16store,6,36.841,25.911,0.978513,0.957254,1.206341,2.807696,2.521680,2.869888,1.000000,1.000000,1.000000
ldc2,47,1,contiguous,cpp-approved-execution,6,13.049,41.347,2.764378,2.633929,3.042005,1.000000,1.000000,1.000000,2.807696,2.521680,2.869888
ldc2,47,1,negative-both,original,6,45.544,44.331,1.000000,1.000000,1.000000,3.075000,2.719481,3.622069,1.010964,0.996180,1.020043
ldc2,47,1,negative-both,selected64,6,45.422,36.979,1.003204,0.982523,1.042477,3.091667,2.679221,3.474483,1.013395,0.997269,1.040889
ldc2,47,1,negative-both,vector16store,6,46.313,41.961,0.989163,0.980351,1.003835,3.124533,2.709091,3.616552,1.000000,1.000000,1.000000
ldc2,47,1,negative-both,cpp-approved-execution,6,14.734,30.323,3.075000,2.719481,3.622069,1.000000,1.000000,1.000000,3.124533,2.709091,3.616552
ldc2,47,1,negative-source,original,6,46.948,44.306,1.000000,1.000000,1.000000,3.119632,3.076667,3.274074,1.019751,0.987661,1.076215
ldc2,47,1,negative-source,selected64,6,46.667,47.764,0.989647,0.966120,1.040107,3.140812,3.040650,3.388889,1.016296,0.984725,1.077317
ldc2,47,1,negative-source,vector16store,6,47.058,49.494,0.980632,0.929183,1.012493,3.139036,3.123577,3.444444,1.000000,1.000000,1.000000
ldc2,47,1,negative-source,cpp-approved-execution,6,15.027,36.556,3.119632,3.076667,3.274074,1.000000,1.000000,1.000000,3.139036,3.123577,3.444444
ldc2,47,1,padded,original,6,35.583,4.528,1.000000,1.000000,1.000000,2.422190,2.331754,2.507513,1.019831,0.972037,1.078527
ldc2,47,1,padded,selected64,6,35.510,5.500,1.007720,0.958056,1.056259,2.400000,2.355450,2.495017,1.027697,1.024341,1.053655
ldc2,47,1,padded,vector16store,6,36.450,7.435,0.980564,0.927191,1.028767,2.478661,2.437396,2.578073,1.000000,1.000000,1.000000
ldc2,47,1,padded,cpp-approved-execution,6,14.673,7.987,2.422190,2.331754,2.507513,1.000000,1.000000,1.000000,2.478661,2.437396,2.578073
ldc2,47,1,repeated-source,original,6,35.645,14.932,1.000000,1.000000,1.000000,2.411154,2.031017,2.458120,1.018906,1.010121,1.125840
ldc2,47,1,repeated-source,selected64,6,35.474,15.760,1.003140,0.997562,1.008850,2.395171,2.035980,2.456410,1.020766,1.015581,1.123096
ldc2,47,1,repeated-source,vector16store,6,36.230,27.561,0.981449,0.888226,0.989980,2.451474,2.153957,2.499145,1.000000,1.000000,1.000000
ldc2,47,1,repeated-source,cpp-approved-execution,6,14.941,36.111,2.411154,2.031017,2.458120,1.000000,1.000000,1.000000,2.451474,2.153957,2.499145
ldc2,47,1,universal,original,6,196.863,11.360,1.000000,1.000000,1.000000,6.254702,5.981591,6.454962,1.004688,0.965823,1.016250
ldc2,47,1,universal,selected64,6,194.397,4.571,1.016984,0.956246,1.025094,6.237536,5.886598,6.505776,0.999625,0.954724,1.032649
ldc2,47,1,universal,vector16store,6,198.706,8.932,0.995372,0.984010,1.035386,6.222786,6.078792,6.366562,1.000000,1.000000,1.000000
ldc2,47,1,universal,cpp-approved-execution,6,31.616,11.274,6.254702,5.981591,6.454962,1.000000,1.000000,1.000000,6.222786,6.078792,6.366562
ldc2,47,17,contiguous,original,6,184.451,8.099,1.000000,1.000000,1.000000,1.983740,1.933110,2.039867,1.023942,1.015817,1.027682
ldc2,47,17,contiguous,selected64,6,186.433,11.120,0.975181,0.962617,1.009868,2.014744,1.976589,2.057692,1.000912,0.978193,1.032895
ldc2,47,17,contiguous,vector16store,6,189.177,8.058,0.976619,0.973064,0.984429,2.016900,1.986622,2.086379,1.000000,1.000000,1.000000
ldc2,47,17,contiguous,cpp-approved-execution,6,91.768,9.302,1.983740,1.933110,2.039867,1.000000,1.000000,1.000000,2.016900,1.986622,2.086379
ldc2,47,17,negative-both,original,6,405.335,15.344,1.000000,1.000000,1.000000,2.115218,2.055728,2.193265,0.990066,0.967957,1.012048
ldc2,47,17,negative-both,selected64,6,412.348,8.651,1.007129,0.965893,1.091042,2.087887,2.010249,2.190779,1.001937,0.976052,1.056082
ldc2,47,17,negative-both,vector16store,6,409.909,12.644,1.010035,0.988095,1.033103,2.094343,2.080495,2.138315,1.000000,1.000000,1.000000
ldc2,47,17,negative-both,cpp-approved-execution,6,194.360,11.137,2.115218,2.055728,2.193265,1.000000,1.000000,1.000000,2.094343,2.080495,2.138315
ldc2,47,17,negative-source,original,6,404.573,11.379,1.000000,1.000000,1.000000,2.117884,2.010654,2.174837,0.986494,0.976709,1.094625
ldc2,47,17,negative-source,selected64,6,407.165,13.927,0.990099,0.977071,1.039032,2.117781,2.057839,2.176558,0.987786,0.958419,1.069527
ldc2,47,17,negative-source,vector16store,6,400.762,12.476,1.013738,0.913555,1.023846,2.091855,2.086053,2.200913,1.000000,1.000000,1.000000
ldc2,47,17,negative-source,cpp-approved-execution,6,191.768,9.857,2.117884,2.010654,2.174837,1.000000,1.000000,1.000000,2.091855,2.086053,2.200913
ldc2,47,17,padded,original,6,242.530,2.891,1.000000,1.000000,1.000000,1.265924,1.261146,1.293160,0.994337,0.981203,1.034048
ldc2,47,17,padded,selected64,6,247.866,5.658,0.980470,0.970588,1.016582,1.287319,1.248408,1.332248,0.980827,0.955990,1.031888
ldc2,47,17,padded,vector16store,6,243.293,4.762,1.005786,0.967073,1.019157,1.269770,1.239938,1.305732,1.000000,1.000000,1.000000
ldc2,47,17,padded,cpp-approved-execution,6,191.463,5.096,1.265924,1.261146,1.293160,1.000000,1.000000,1.000000,1.269770,1.239938,1.305732
ldc2,47,17,repeated-source,original,6,236.738,13.136,1.000000,1.000000,1.000000,1.235338,1.219436,1.312977,0.988942,0.963953,1.069677
ldc2,47,17,repeated-source,selected64,6,237.195,8.355,1.025488,0.967662,1.069652,1.217499,1.184953,1.280255,1.014150,0.983831,1.036250
ldc2,47,17,repeated-source,vector16store,6,235.976,9.561,1.011234,0.934861,1.037394,1.246607,1.183386,1.317965,1.000000,1.000000,1.000000
ldc2,47,17,repeated-source,cpp-approved-execution,6,191.616,6.842,1.235338,1.219436,1.312977,1.000000,1.000000,1.000000,1.246607,1.183386,1.317965
ldc2,47,17,universal,original,6,2387.652,9.130,1.000000,1.000000,1.000000,4.989991,4.859912,5.202411,1.001568,0.980233,1.032024
ldc2,47,17,universal,selected64,6,2367.378,8.152,1.006959,0.978718,1.014787,5.012068,4.825516,5.131345,1.007256,0.989493,1.029938
ldc2,47,17,universal,vector16store,6,2405.183,11.053,0.998551,0.968969,1.020165,5.039133,4.914547,5.169742,1.000000,1.000000,1.000000
ldc2,47,17,universal,cpp-approved-execution,6,480.030,5.907,4.989991,4.859912,5.202411,1.000000,1.000000,1.000000,5.039133,4.914547,5.169742
ldc2,47,128,contiguous,original,6,1152.326,9.284,1.000000,1.000000,1.000000,1.752163,1.742857,1.829630,1.025192,0.989879,1.034205
ldc2,47,128,contiguous,selected64,6,1170.930,10.129,0.972289,0.963178,1.016461,1.799621,1.787986,1.820069,1.000988,0.984791,1.006173
ldc2,47,128,contiguous,vector16store,6,1173.256,8.523,0.975438,0.966926,1.010225,1.796050,1.791519,1.811111,1.000000,1.000000,1.000000
ldc2,47,128,contiguous,cpp-approved-execution,6,654.651,8.881,1.752163,1.742857,1.829630,1.000000,1.000000,1.000000,1.796050,1.791519,1.811111
ldc2,47,128,negative-both,original,6,2401.163,9.201,1.000000,1.000000,1.000000,1.723342,1.684039,1.767947,1.002946,0.975449,1.039055
ldc2,47,128,negative-both,selected64,6,2420.930,5.956,0.997545,0.972921,1.028011,1.727582,1.683962,1.770548,0.993328,0.975822,1.068161
ldc2,47,128,negative-both,vector16store,6,2403.488,13.062,0.997063,0.962413,1.025169,1.728418,1.687296,1.798742,1.000000,1.000000,1.000000
ldc2,47,128,negative-both,cpp-approved-execution,6,1391.860,8.688,1.723342,1.684039,1.767947,1.000000,1.000000,1.000000,1.728418,1.687296,1.798742
ldc2,47,128,negative-source,original,6,2403.488,10.256,1.000000,1.000000,1.000000,1.716615,1.282258,1.762393,0.996691,0.927224,1.026062
ldc2,47,128,negative-source,selected64,6,2410.465,3.280,1.002862,0.993289,1.068138,1.711909,1.200461,1.730769,1.000495,0.990403,1.019175
ldc2,47,128,negative-source,vector16store,6,2405.814,5.220,1.003348,0.974600,1.078488,1.728098,1.188940,1.735786,1.000000,1.000000,1.000000
ldc2,47,128,negative-source,cpp-approved-execution,6,1406.977,46.942,1.716615,1.282258,1.762393,1.000000,1.000000,1.000000,1.728098,1.188940,1.735786
ldc2,47,128,padded,original,6,1305.814,47.729,1.000000,1.000000,1.000000,0.895781,0.838235,0.932584,0.970261,0.946644,1.065823
ldc2,47,128,padded,selected64,6,1284.884,43.258,1.033127,0.969369,1.058981,0.868329,0.806486,0.926544,0.998188,0.963964,1.128686
ldc2,47,128,padded,vector16store,6,1262.791,61.694,1.030651,0.938242,1.056364,0.876477,0.808824,0.910270,1.000000,1.000000,1.000000
ldc2,47,128,padded,cpp-approved-execution,6,1440.698,55.044,0.895781,0.838235,0.932584,1.000000,1.000000,1.000000,0.876477,0.808824,0.910270
ldc2,47,128,repeated-source,original,6,1280.233,13.806,1.000000,1.000000,1.000000,0.902805,0.894309,0.979365,0.986486,0.883306,1.038603
ldc2,47,128,repeated-source,selected64,6,1295.349,6.822,0.997505,0.964974,1.097865,0.910198,0.866667,0.929967,0.994475,0.969751,1.014363
ldc2,47,128,repeated-source,vector16store,6,1262.791,7.182,1.013889,0.962832,1.132110,0.890610,0.865041,0.941667,1.000000,1.000000,1.000000
ldc2,47,128,repeated-source,cpp-approved-execution,6,1429.070,5.045,0.902805,0.894309,0.979365,1.000000,1.000000,1.000000,0.890610,0.865041,0.941667
ldc2,47,128,universal,original,6,17806.977,8.071,1.000000,1.000000,1.000000,4.840924,4.679464,4.934598,0.992616,0.968616,0.998353
ldc2,47,128,universal,selected64,6,17472.093,8.252,1.009153,0.995239,1.022362,4.799225,4.605728,4.877044,1.001884,0.984123,1.015801
ldc2,47,128,universal,vector16store,6,17520.930,8.614,1.007440,1.001650,1.032401,4.806184,4.532602,4.893394,1.000000,1.000000,1.000000
ldc2,47,128,universal,cpp-approved-execution,6,3691.860,10.016,4.840924,4.679464,4.934598,1.000000,1.000000,1.000000,4.806184,4.532602,4.893394
ldc2,63,1,contiguous,original,6,37.354,40.196,1.000000,1.000000,1.000000,2.626056,2.565217,2.856946,1.018464,0.893115,1.063611
ldc2,63,1,contiguous,selected64,6,37.561,12.870,1.000047,0.987237,1.253470,2.600258,2.279230,2.687822,1.021897,0.995533,1.119493
ldc2,63,1,contiguous,vector16store,6,38.025,20.546,0.981870,0.940193,1.119677,2.670669,2.551582,2.737676,1.000000,1.000000,1.000000
ldc2,63,1,contiguous,cpp-approved-execution,6,14.233,27.273,2.626056,2.565217,2.856946,1.000000,1.000000,1.000000,2.670669,2.551582,2.737676
ldc2,63,1,negative-both,original,6,50.757,16.787,1.000000,1.000000,1.000000,3.033600,3.005780,3.622901,1.011798,0.965445,1.038931
ldc2,63,1,negative-both,selected64,6,51.355,8.842,0.988142,0.959496,1.093045,3.075216,3.043796,3.314504,1.004622,0.996230,1.055274
ldc2,63,1,negative-both,vector16store,6,51.245,10.910,0.988360,0.962528,1.035792,3.100385,3.042336,3.497710,1.000000,1.000000,1.000000
ldc2,63,1,negative-both,cpp-approved-execution,6,16.516,7.095,3.033600,3.005780,3.622901,1.000000,1.000000,1.000000,3.100385,3.042336,3.497710
ldc2,63,1,negative-source,original,6,51.819,18.375,1.000000,1.000000,1.000000,3.086349,3.038981,3.618263,1.002532,0.956971,1.057421
ldc2,63,1,negative-source,selected64,6,51.318,50.095,0.998712,0.782454,1.015805,3.075575,3.048175,4.624251,1.009844,0.748786,1.039216
ldc2,63,1,negative-source,vector16store,6,52.417,11.691,0.997481,0.945697,1.044963,3.093902,3.087591,3.462575,1.000000,1.000000,1.000000
ldc2,63,1,negative-source,cpp-approved-execution,6,16.516,5.913,3.086349,3.038981,3.618263,1.000000,1.000000,1.000000,3.093902,3.087591,3.462575
ldc2,63,1,padded,original,6,38.135,15.941,1.000000,1.000000,1.000000,2.262937,2.197080,2.462411,1.026125,0.967317,1.052701
ldc2,63,1,padded,selected64,6,38.318,26.250,0.980225,0.906445,1.097345,2.273678,2.207299,2.642857,1.013496,0.876819,1.137800
ldc2,63,1,padded,vector16store,6,39.331,17.505,0.974646,0.949937,1.033788,2.313704,2.275862,2.553191,1.000000,1.000000,1.000000
ldc2,63,1,padded,cpp-approved-execution,6,16.943,8.790,2.262937,2.197080,2.462411,1.000000,1.000000,1.000000,2.313704,2.275862,2.553191
ldc2,63,1,repeated-source,original,6,37.463,15.966,1.000000,1.000000,1.000000,2.232990,2.209064,2.391061,1.019989,0.941589,1.036714
ldc2,63,1,repeated-source,selected64,6,37.329,18.509,1.003597,0.966140,1.014775,2.232117,2.176901,2.474860,1.022231,0.909707,1.049118
ldc2,63,1,repeated-source,vector16store,6,38.159,9.469,0.980410,0.964586,1.062035,2.280111,2.247076,2.306991,1.000000,1.000000,1.000000
ldc2,63,1,repeated-source,cpp-approved-execution,6,16.724,10.073,2.232990,2.209064,2.391061,1.000000,1.000000,1.000000,2.280111,2.247076,2.306991
ldc2,63,1,universal,original,6,250.159,8.256,1.000000,1.000000,1.000000,5.596875,5.355183,6.214020,1.009863,0.993015,1.161512
ldc2,63,1,universal,selected64,6,248.340,9.133,0.996104,0.962337,1.031819,5.713193,5.190041,6.233846,1.014724,0.996742,1.117766
ldc2,63,1,universal,vector16store,6,253.723,20.794,0.990348,0.860947,1.007034,5.940005,5.347561,6.556034,1.000000,1.000000,1.000000
ldc2,63,1,universal,cpp-approved-execution,6,44.739,19.427,5.596875,5.355183,6.214020,1.000000,1.000000,1.000000,5.940005,5.347561,6.556034
ldc2,63,17,contiguous,original,6,210.451,9.932,1.000000,1.000000,1.000000,1.726219,1.722034,1.731183,0.973064,0.966874,1.020243
ldc2,63,17,contiguous,selected64,6,202.869,11.111,1.036187,1.026923,1.038710,1.667249,1.661017,1.682848,1.005212,1.001923,1.056604
ldc2,63,17,contiguous,vector16store,6,206.148,10.736,1.027689,0.980159,1.034261,1.679960,1.667774,1.762238,1.000000,1.000000,1.000000
ldc2,63,17,contiguous,cpp-approved-execution,6,122.131,10.067,1.726219,1.722034,1.731183,1.000000,1.000000,1.000000,1.679960,1.667774,1.762238
ldc2,63,17,negative-both,original,6,506.352,42.817,1.000000,1.000000,1.000000,2.213333,2.132919,2.243094,0.991382,0.967967,1.061364
ldc2,63,17,negative-both,selected64,6,503.689,42.555,1.007858,0.988764,1.010000,2.206166,2.111801,2.243697,0.999172,0.977647,1.049438
ldc2,63,17,negative-both,vector16store,6,500.205,39.410,1.008694,0.942184,1.033093,2.194732,2.064596,2.354622,1.000000,1.000000,1.000000
ldc2,63,17,negative-both,cpp-approved-execution,6,228.484,47.892,2.213333,2.132919,2.243094,1.000000,1.000000,1.000000,2.194732,2.064596,2.354622
ldc2,63,17,negative-source,original,6,497.951,3.951,1.000000,1.000000,1.000000,2.189357,2.174460,2.208333,1.001654,0.989336,1.023007
ldc2,63,17,negative-source,selected64,6,495.082,3.228,1.006632,1.000825,1.011263,2.176260,2.172662,2.184783,1.004885,1.000000,1.030629
ldc2,63,17,negative-source,vector16store,6,500.820,3.601,0.998351,0.977510,1.010779,2.186962,2.177738,2.243243,1.000000,1.000000,1.000000
ldc2,63,17,negative-source,cpp-approved-execution,6,227.664,3.420,2.189357,2.174460,2.208333,1.000000,1.000000,1.000000,2.186962,2.177738,2.243243
ldc2,63,17,padded,original,6,263.730,11.966,1.000000,1.000000,1.000000,1.164988,1.161972,1.173765,1.012702,1.006061,1.029549
ldc2,63,17,padded,selected64,6,269.262,12.938,0.984146,0.969834,0.996979,1.183344,1.165493,1.202726,0.996413,0.991948,1.007825
ldc2,63,17,padded,vector16store,6,268.443,13.130,0.987494,0.971299,0.993976,1.184359,1.169014,1.199275,1.000000,1.000000,1.000000
ldc2,63,17,padded,cpp-approved-execution,6,226.230,11.051,1.164988,1.161972,1.173765,1.000000,1.000000,1.000000,1.184359,1.169014,1.199275
ldc2,63,17,repeated-source,original,6,261.680,14.409,1.000000,1.000000,1.000000,1.168861,1.128521,1.197952,0.992151,0.950142,1.006270
ldc2,63,17,repeated-source,selected64,6,264.139,16.912,0.991525,0.977716,1.032310,1.162078,1.128521,1.225256,0.988953,0.928969,1.004680
ldc2,63,17,repeated-source,vector16store,6,260.041,8.983,1.007974,0.993769,1.052474,1.137886,1.133803,1.165428,1.000000,1.000000,1.000000
ldc2,63,17,repeated-source,cpp-approved-execution,6,223.566,8.799,1.168861,1.128521,1.197952,1.000000,1.000000,1.000000,1.137886,1.133803,1.165428
ldc2,63,17,universal,original,6,3370.697,13.788,1.000000,1.000000,1.000000,5.144119,4.772042,5.324984,0.986258,0.961748,0.999636
ldc2,63,17,universal,selected64,6,3321.311,11.340,1.016377,0.978822,1.046373,5.097328,4.875290,5.171691,0.998304,0.973230,1.007329
ldc2,63,17,universal,vector16store,6,3324.385,10.380,1.014001,1.000364,1.039773,5.097187,4.744780,5.154375,1.000000,1.000000,1.000000
ldc2,63,17,universal,cpp-approved-execution,6,649.795,13.750,5.144119,4.772042,5.324984,1.000000,1.000000,1.000000,5.097187,4.744780,5.154375
ldc2,63,128,contiguous,original,6,1575.000,51.587,1.000000,1.000000,1.000000,1.379407,1.338658,1.620690,1.014641,0.967290,1.115248
ldc2,63,128,contiguous,selected64,6,1398.438,58.324,1.027369,0.920659,1.218143,1.321765,1.300319,1.511312,1.017859,0.992515,1.358531
ldc2,63,128,contiguous,vector16store,6,1670.312,55.379,0.986106,0.896661,1.033816,1.418693,1.306709,1.807471,1.000000,1.000000,1.000000
ldc2,63,128,contiguous,cpp-approved-execution,6,1057.812,42.836,1.379407,1.338658,1.620690,1.000000,1.000000,1.000000,1.418693,1.306709,1.807471
ldc2,63,128,negative-both,original,6,3106.250,63.682,1.000000,1.000000,1.000000,1.880795,1.877907,2.030418,1.003476,1.000000,1.026841
ldc2,63,128,negative-both,selected64,6,3107.812,89.794,0.999485,0.859903,1.003925,1.880795,1.879845,2.361217,1.001007,0.882984,1.008832
ldc2,63,128,negative-both,vector16store,6,3109.375,67.739,0.996538,0.973860,1.000000,1.889627,1.880907,2.084918,1.000000,1.000000,1.000000
ldc2,63,128,negative-both,cpp-approved-execution,6,1651.562,51.656,1.880795,1.877907,2.030418,1.000000,1.000000,1.000000,1.889627,1.880907,2.084918
ldc2,63,128,negative-source,original,6,3071.875,56.663,1.000000,1.000000,1.000000,1.881345,1.849650,1.889851,1.001520,1.000000,1.036673
ldc2,63,128,negative-source,selected64,6,3076.562,68.766,0.998983,0.926578,1.025194,1.884117,1.804196,2.039604,1.000000,0.960558,1.062016
ldc2,63,128,negative-source,vector16store,6,3076.562,62.164,0.998482,0.964624,1.000000,1.885062,1.881783,1.959158,1.000000,1.000000,1.000000
ldc2,63,128,negative-source,cpp-approved-execution,6,1632.812,56.077,1.881345,1.849650,1.889851,1.000000,1.000000,1.000000,1.885062,1.881783,1.959158
ldc2,63,128,padded,original,6,1507.812,45.389,1.000000,1.000000,1.000000,0.848023,0.774648,0.851449,1.032770,1.002283,1.084848
ldc2,63,128,padded,selected64,6,1518.750,48.765,0.981246,0.967599,1.016427,0.864213,0.762128,0.878623,1.006361,0.993213,1.102669
ldc2,63,128,padded,vector16store,6,1570.312,52.935,0.968323,0.921788,0.997722,0.864494,0.840376,0.907336,1.000000,1.000000,1.000000
ldc2,63,128,padded,cpp-approved-execution,6,1803.125,45.407,0.848023,0.774648,0.851449,1.000000,1.000000,1.000000,0.864494,0.840376,0.907336
ldc2,63,128,repeated-source,original,6,1481.250,18.143,1.000000,1.000000,1.000000,0.851753,0.848429,0.932406,1.017677,0.910448,1.087146
ldc2,63,128,repeated-source,selected64,6,1490.625,25.367,0.983402,0.980216,1.078161,0.865207,0.835398,0.867395,1.013765,0.981328,1.066239
ldc2,63,128,repeated-source,vector16store,6,1534.375,28.921,0.982641,0.919840,1.098361,0.875178,0.848907,0.922366,1.000000,1.000000,1.000000
ldc2,63,128,repeated-source,cpp-approved-execution,6,1739.062,24.798,0.851753,0.848429,0.932406,1.000000,1.000000,1.000000,0.875178,0.848907,0.922366
ldc2,63,128,universal,original,6,25021.875,59.248,1.000000,1.000000,1.000000,5.009311,4.468192,5.352941,0.996591,0.986153,1.018484
ldc2,63,128,universal,selected64,6,25360.938,55.006,1.002492,0.968901,1.022812,5.119786,4.442522,5.233551,1.003331,0.974394,1.024369
ldc2,63,128,universal,vector16store,6,25400.000,56.398,1.003474,0.981852,1.014041,5.003851,4.550781,5.295861,1.000000,1.000000,1.000000
ldc2,63,128,universal,cpp-approved-execution,6,5207.812,51.125,5.009311,4.468192,5.352941,1.000000,1.000000,1.000000,5.003851,4.550781,5.295861
ldc2,64,1,contiguous,original,6,36.304,27.505,1.000000,1.000000,1.000000,3.405992,3.353604,3.974596,1.012496,0.865195,1.028207
ldc2,64,1,contiguous,selected64,6,35.376,15.873,1.015528,0.963754,1.183631,3.364484,3.334873,3.479730,1.024203,0.990939,1.035319
ldc2,64,1,contiguous,vector16store,6,36.426,12.332,0.987690,0.972567,1.155809,3.446605,3.438799,3.494172,1.000000,1.000000,1.000000
ldc2,64,1,contiguous,cpp-approved-execution,6,10.522,12.297,3.405992,3.353604,3.974596,1.000000,1.000000,1.000000,3.446605,3.438799,3.494172
ldc2,64,1,negative-both,original,6,53.625,22.308,1.000000,1.000000,1.000000,3.757524,3.709677,3.844961,1.028901,0.963710,1.077481
ldc2,64,1,negative-both,selected64,6,54.236,17.601,0.997542,0.937155,1.039396,3.740161,3.699225,3.971332,1.016774,1.001676,1.034699
ldc2,64,1,negative-both,vector16store,6,55.505,15.791,0.971974,0.928091,1.037657,3.836265,3.705426,4.034783,1.000000,1.000000,1.000000
ldc2,64,1,negative-both,cpp-approved-execution,6,14.209,19.588,3.757524,3.709677,3.844961,1.000000,1.000000,1.000000,3.836265,3.705426,4.034783
ldc2,64,1,negative-source,original,6,52.686,15.570,1.000000,1.000000,1.000000,3.736049,3.077644,3.826165,1.021087,1.012596,1.193127
ldc2,64,1,negative-source,selected64,6,52.209,48.024,0.997080,0.767100,1.021043,3.743728,3.711375,4.012048,1.015949,0.915249,1.061693
ldc2,64,1,negative-source,vector16store,6,54.175,33.303,0.979349,0.838133,0.987561,3.799204,3.672021,3.978495,1.000000,1.000000,1.000000
ldc2,64,1,negative-source,cpp-approved-execution,6,14.001,39.930,3.736049,3.077644,3.826165,1.000000,1.000000,1.000000,3.799204,3.672021,3.978495
ldc2,64,1,padded,original,6,36.621,105.800,1.000000,1.000000,1.000000,2.564340,2.308282,2.858844,1.014006,0.974420,1.043478
ldc2,64,1,padded,selected64,6,38.501,98.288,1.004793,0.915450,1.024725,2.548966,2.521472,2.809524,1.011787,0.930049,1.037088
ldc2,64,1,padded,vector16store,6,37.708,98.349,0.986191,0.958333,1.026252,2.635077,2.345092,2.785714,1.000000,1.000000,1.000000
ldc2,64,1,padded,cpp-approved-execution,6,14.380,94.737,2.564340,2.308282,2.858844,1.000000,1.000000,1.000000,2.635077,2.345092,2.785714
ldc2,64,1,repeated-source,original,6,35.437,12.470,1.000000,1.000000,1.000000,2.548394,2.470588,2.633043,1.033040,0.986790,1.112787
ldc2,64,1,repeated-source,selected64,6,34.570,14.972,1.000005,0.971957,1.046303,2.528481,2.494485,2.691252,1.036628,1.023155,1.081581
ldc2,64,1,repeated-source,vector16store,6,36.218,19.953,0.968097,0.898645,1.013387,2.601472,2.575368,2.910806,1.000000,1.000000,1.000000
ldc2,64,1,repeated-source,cpp-approved-execution,6,13.660,9.651,2.548394,2.470588,2.633043,1.000000,1.000000,1.000000,2.601472,2.575368,2.910806
ldc2,64,1,universal,original,6,253.809,9.706,1.000000,1.000000,1.000000,5.500414,5.244929,6.275126,1.011417,0.966889,1.029585
ldc2,64,1,universal,selected64,6,262.109,14.596,0.996145,0.916689,1.028424,5.726477,5.466632,6.103015,0.993943,0.943809,1.022097
ldc2,64,1,universal,vector16store,6,256.787,14.385,0.988904,0.971265,1.034245,5.617606,5.400101,6.138819,1.000000,1.000000,1.000000
ldc2,64,1,universal,cpp-approved-execution,6,46.814,20.235,5.500414,5.244929,6.275126,1.000000,1.000000,1.000000,5.617606,5.400101,6.138819
ldc2,64,17,contiguous,original,6,179.375,7.898,1.000000,1.000000,1.000000,1.488787,1.482394,1.501754,1.001168,0.988453,1.029817
ldc2,64,17,contiguous,selected64,6,178.333,11.682,1.000000,0.964602,1.011682,1.486416,1.465753,1.553265,1.000000,0.993363,1.007463
ldc2,64,17,contiguous,vector16store,6,178.542,10.268,0.998834,0.971047,1.011682,1.491951,1.465753,1.542955,1.000000,1.000000,1.000000
ldc2,64,17,contiguous,cpp-approved-execution,6,120.000,8.681,1.488787,1.482394,1.501754,1.000000,1.000000,1.000000,1.491951,1.465753,1.542955
ldc2,64,17,negative-both,original,6,517.708,37.505,1.000000,1.000000,1.000000,3.082646,2.841163,3.158854,0.987489,0.964551,1.031128
ldc2,64,17,negative-both,selected64,6,508.333,12.623,1.015229,0.961393,1.330918,3.039836,2.160000,3.127098,1.002955,0.933384,1.347021
ldc2,64,17,negative-both,vector16store,6,507.292,41.314,1.012673,0.969811,1.036752,3.046875,2.758389,3.177458,1.000000,1.000000,1.000000
ldc2,64,17,negative-both,cpp-approved-execution,6,168.958,47.102,3.082646,2.841163,3.158854,1.000000,1.000000,1.000000,3.046875,2.758389,3.177458
ldc2,64,17,negative-source,original,6,509.792,5.721,1.000000,1.000000,1.000000,3.091258,3.083951,3.190355,0.986616,0.956245,0.988206
ldc2,64,17,negative-source,selected64,6,503.750,4.963,1.015224,0.991843,1.034512,3.046280,3.037037,3.111675,0.999550,0.978793,1.002564
ldc2,64,17,negative-source,vector16store,6,500.417,4.913,1.013566,1.011935,1.045757,3.048223,3.030691,3.054688,1.000000,1.000000,1.000000
ldc2,64,17,negative-source,cpp-approved-execution,6,164.167,5.330,3.091258,3.083951,3.190355,1.000000,1.000000,1.000000,3.048223,3.030691,3.054688
ldc2,64,17,padded,original,6,223.958,10.605,1.000000,1.000000,1.000000,1.369374,1.351759,1.403382,1.001860,0.974182,1.094796
ldc2,64,17,padded,selected64,6,223.125,6.723,1.001885,0.994307,1.035651,1.364255,1.355072,1.395833,1.005636,1.001905,1.090741
ldc2,64,17,padded,vector16store,6,224.375,11.699,0.998143,0.913413,1.026502,1.374553,1.367150,1.479899,1.000000,1.000000,1.000000
ldc2,64,17,padded,cpp-approved-execution,6,161.875,7.722,1.369374,1.351759,1.403382,1.000000,1.000000,1.000000,1.374553,1.367150,1.479899
ldc2,64,17,repeated-source,original,6,216.875,10.183,1.000000,1.000000,1.000000,1.320320,1.284314,1.327273,1.001925,0.992908,1.161228
ldc2,64,17,repeated-source,selected64,6,216.458,8.662,1.000965,0.984586,1.007737,1.315440,1.289216,1.348052,1.002892,0.980732,1.170213
ldc2,64,17,repeated-source,vector16store,6,221.667,18.045,0.998079,0.861157,1.007143,1.322206,1.311475,1.535533,1.000000,1.000000,1.000000
ldc2,64,17,repeated-source,cpp-approved-execution,6,164.167,10.660,1.320320,1.284314,1.327273,1.000000,1.000000,1.000000,1.322206,1.311475,1.535533
ldc2,64,17,universal,original,6,3419.792,10.868,1.000000,1.000000,1.000000,5.242621,4.688552,5.264228,0.992174,0.981875,1.014961
ldc2,64,17,universal,selected64,6,3381.042,7.148,1.008152,0.988802,1.033907,5.199512,4.534792,5.313500,0.996612,0.982266,1.049375
ldc2,64,17,universal,vector16store,6,3397.292,9.885,1.007889,0.985259,1.018460,5.179403,4.758698,5.261676,1.000000,1.000000,1.000000
ldc2,64,17,universal,cpp-approved-execution,6,651.250,19.578,5.242621,4.688552,5.264228,1.000000,1.000000,1.000000,5.179403,4.758698,5.261676
ldc2,64,128,contiguous,original,6,1123.438,8.623,1.000000,1.000000,1.000000,1.102748,1.091195,1.125000,1.000000,0.978202,1.000000
ldc2,64,128,contiguous,selected64,6,1120.312,18.689,1.000000,0.913043,1.019444,1.097820,1.090909,1.232143,1.000000,0.905797,1.000000
ldc2,64,128,contiguous,vector16store,6,1118.750,7.821,1.000000,1.000000,1.022284,1.097820,1.087879,1.116071,1.000000,1.000000,1.000000
ldc2,64,128,contiguous,cpp-approved-execution,6,1018.750,5.521,1.102748,1.091195,1.125000,1.000000,1.000000,1.000000,1.097820,1.087879,1.116071
ldc2,64,128,negative-both,original,6,3143.750,10.437,1.000000,1.000000,1.000000,2.640544,2.607792,2.715711,0.993094,0.983471,1.000996
ldc2,64,128,negative-both,selected64,6,3137.500,8.167,1.006491,0.999005,1.022535,2.624838,2.607427,2.655860,1.000000,0.998010,1.005634
ldc2,64,128,negative-both,vector16store,6,3134.375,8.774,1.006979,0.999005,1.016807,2.622227,2.607427,2.670823,1.000000,1.000000,1.000000
ldc2,64,128,negative-both,cpp-approved-execution,6,1195.312,7.320,2.640544,2.607792,2.715711,1.000000,1.000000,1.000000,2.622227,2.607427,2.670823
ldc2,64,128,negative-source,original,6,3214.062,29.266,1.000000,1.000000,1.000000,2.635877,2.620948,2.684211,1.000985,0.848674,1.003976
ldc2,64,128,negative-source,selected64,6,3206.250,9.162,1.012200,0.979497,1.194781,2.613863,2.216942,2.675810,1.008522,0.980429,1.035339
ldc2,64,128,negative-source,vector16store,6,3221.875,10.281,0.999016,0.996040,1.178309,2.624555,2.247934,2.679045,1.000000,1.000000,1.000000
ldc2,64,128,negative-source,cpp-approved-execution,6,1225.000,28.061,2.635877,2.620948,2.684211,1.000000,1.000000,1.000000,2.624555,2.247934,2.679045
ldc2,64,128,padded,original,6,1176.562,49.934,1.000000,1.000000,1.000000,0.977925,0.910138,0.986842,0.998670,0.962633,1.035443
ldc2,64,128,padded,selected64,6,1178.125,50.133,0.999112,0.994962,1.002674,0.979221,0.914747,0.984211,0.998670,0.960924,1.030227
ldc2,64,128,padded,vector16store,6,1173.438,44.474,1.001333,0.965770,1.038817,0.974033,0.918506,0.989474,1.000000,1.000000,1.000000
ldc2,64,128,padded,cpp-approved-execution,6,1203.125,54.286,0.977925,0.910138,0.986842,1.000000,1.000000,1.000000,0.974033,0.918506,0.989474
ldc2,64,128,repeated-source,original,6,1156.250,12.432,1.000000,1.000000,1.000000,0.948622,0.934010,0.976378,1.000000,0.974747,1.024457
ldc2,64,128,repeated-source,selected64,6,1173.438,7.989,0.998684,0.973545,1.042105,0.949875,0.924574,0.979003,0.998684,0.983914,1.022222
ldc2,64,128,repeated-source,vector16store,6,1164.062,9.664,1.000000,0.976127,1.025907,0.953364,0.939173,0.968421,1.000000,1.000000,1.000000
ldc2,64,128,repeated-source,cpp-approved-execution,6,1210.938,10.323,0.948622,0.934010,0.976378,1.000000,1.000000,1.000000,0.953364,0.939173,0.968421
ldc2,64,128,universal,original,6,25539.062,12.848,1.000000,1.000000,1.000000,5.217641,4.953737,5.337427,0.979791,0.942880,1.044139
ldc2,64,128,universal,selected64,6,24929.688,6.957,1.028500,1.012248,1.072165,5.055207,4.807236,5.266322,1.005067,0.976679,1.075796
ldc2,64,128,universal,vector16store,6,25303.125,10.782,1.020672,0.957726,1.060580,5.049221,4.953097,5.469560,1.000000,1.000000,1.000000
ldc2,64,128,universal,cpp-approved-execution,6,4829.688,11.841,5.217641,4.953737,5.337427,1.000000,1.000000,1.000000,5.049221,4.953097,5.469560
ldc2,65,1,contiguous,original,6,35.851,5.119,1.000000,1.000000,1.000000,3.286869,3.255814,3.324074,1.022666,1.009622,1.029392
ldc2,65,1,contiguous,selected64,6,35.665,5.355,0.997920,0.986685,1.014644,3.289833,3.251701,3.337963,1.022035,1.002803,1.028592
ldc2,65,1,contiguous,vector16store,6,36.409,5.313,0.977837,0.971448,0.990470,3.342504,3.327907,3.399549,1.000000,1.000000,1.000000
ldc2,65,1,contiguous,cpp-approved-execution,6,10.826,5.040,3.286869,3.255814,3.324074,1.000000,1.000000,1.000000,3.342504,3.327907,3.399549
ldc2,65,1,negative-both,original,6,51.736,7.958,1.000000,1.000000,1.000000,3.491997,3.469522,3.531250,1.018435,1.007866,1.068851
ldc2,65,1,negative-both,selected64,6,52.145,17.455,0.994725,0.881910,1.001477,3.519199,3.507614,3.934102,1.009368,0.942630,1.017849
ldc2,65,1,negative-both,vector16store,6,52.852,10.089,0.981906,0.935584,0.992195,3.564624,3.545305,3.708402,1.000000,1.000000,1.000000
ldc2,65,1,negative-both,cpp-approved-execution,6,14.856,8.013,3.491997,3.469522,3.531250,1.000000,1.000000,1.000000,3.564624,3.545305,3.708402
ldc2,65,1,negative-source,original,6,52.294,7.636,1.000000,1.000000,1.000000,3.500622,3.489002,3.723661,1.012699,1.001857,1.027322
ldc2,65,1,negative-source,selected64,6,52.096,12.188,0.994988,0.953927,1.013158,3.584624,3.497462,3.675806,1.017632,0.960070,1.022244
ldc2,65,1,negative-source,vector16store,6,52.939,5.622,0.987497,0.973404,0.998146,3.581095,3.529032,3.747841,1.000000,1.000000,1.000000
ldc2,65,1,negative-source,cpp-approved-execution,6,14.658,7.445,3.500622,3.489002,3.723661,1.000000,1.000000,1.000000,3.581095,3.529032,3.747841
ldc2,65,1,padded,original,6,36.508,22.418,1.000000,1.000000,1.000000,2.429327,2.040094,2.648387,1.013413,0.904046,1.052203
ldc2,65,1,padded,selected64,6,36.372,41.255,1.001752,0.863704,1.073203,2.420153,2.353035,2.468750,1.026804,0.780829,1.053632
ldc2,65,1,padded,vector16store,6,37.574,9.703,0.986815,0.950387,1.106138,2.480936,1.844340,2.546875,1.000000,1.000000,1.000000
ldc2,65,1,padded,cpp-approved-execution,6,15.191,44.408,2.429327,2.040094,2.648387,1.000000,1.000000,1.000000,2.480936,1.844340,2.546875
ldc2,65,1,repeated-source,original,6,36.930,10.275,1.000000,1.000000,1.000000,2.459645,2.396440,2.504839,1.023486,1.003220,1.086428
ldc2,65,1,repeated-source,selected64,6,36.892,11.899,1.001422,0.940915,1.025342,2.456989,2.424000,2.546926,1.022268,1.013004,1.051370
ldc2,65,1,repeated-source,vector16store,6,38.356,12.350,0.977056,0.920447,0.996791,2.527682,2.461806,2.603560,1.000000,1.000000,1.000000
ldc2,65,1,repeated-source,cpp-approved-execution,6,15.104,8.046,2.459645,2.396440,2.504839,1.000000,1.000000,1.000000,2.527682,2.461806,2.603560
ldc2,65,1,universal,original,6,264.410,11.659,1.000000,1.000000,1.000000,5.570677,5.491441,7.049779,0.992815,0.971703,1.012692
ldc2,65,1,universal,selected64,6,264.335,12.854,0.998385,0.989198,1.030068,5.586102,5.475980,7.112161,1.000770,0.961206,1.020078
ldc2,65,1,universal,vector16store,6,262.512,13.047,1.007244,0.987467,1.029121,5.522229,5.357592,7.139256,1.000000,1.000000,1.000000
ldc2,65,1,universal,cpp-approved-execution,6,46.143,20.962,5.570677,5.491441,7.049779,1.000000,1.000000,1.000000,5.522229,5.357592,7.139256
ldc2,65,17,contiguous,original,6,193.038,12.678,1.000000,1.000000,1.000000,1.520606,1.506757,1.559028,0.964536,0.946170,0.969957
ldc2,65,17,contiguous,selected64,6,186.709,12.655,1.036852,1.024176,1.044186,1.472109,1.452703,1.493056,0.997817,0.980687,1.006977
ldc2,65,17,contiguous,vector16store,6,186.709,10.621,1.036768,1.030973,1.056893,1.463202,1.446203,1.503472,1.000000,1.000000,1.000000
ldc2,65,17,contiguous,cpp-approved-execution,6,127.215,12.272,1.520606,1.506757,1.559028,1.000000,1.000000,1.000000,1.463202,1.446203,1.503472
ldc2,65,17,negative-both,original,6,529.114,6.140,1.000000,1.000000,1.000000,2.773261,2.717573,2.822171,0.990094,0.964812,1.005499
ldc2,65,17,negative-both,selected64,6,516.456,8.578,1.020163,1.011570,1.037351,2.704722,2.684100,2.751111,1.003239,1.000849,1.031426
ldc2,65,17,negative-both,vector16store,6,518.987,8.699,1.010005,0.994531,1.036472,2.727423,2.690377,2.771111,1.000000,1.000000,1.000000
ldc2,65,17,negative-both,cpp-approved-execution,6,189.873,10.000,2.773261,2.717573,2.822171,1.000000,1.000000,1.000000,2.727423,2.690377,2.771111
ldc2,65,17,negative-source,original,6,514.346,5.660,1.000000,1.000000,1.000000,2.747113,2.680525,2.789474,0.990332,0.987695,1.023847
ldc2,65,17,negative-source,selected64,6,511.392,4.950,1.004259,0.990299,1.016977,2.732120,2.706783,2.756757,1.001667,0.978981,1.041229
ldc2,65,17,negative-source,vector16store,6,509.494,9.193,1.009763,0.976708,1.012458,2.739006,2.649891,2.824561,1.000000,1.000000,1.000000
ldc2,65,17,negative-source,cpp-approved-execution,6,185.865,5.448,2.747113,2.680525,2.789474,1.000000,1.000000,1.000000,2.739006,2.649891,2.824561
ldc2,65,17,padded,original,6,244.937,5.685,1.000000,1.000000,1.000000,1.304850,1.245203,1.373522,0.945879,0.915663,0.948161
ldc2,65,17,padded,selected64,6,231.013,6.210,1.060128,1.054674,1.061818,1.230947,1.172708,1.295508,1.001818,0.970803,1.003752
ldc2,65,17,padded,vector16store,6,228.692,6.458,1.057219,1.054674,1.092105,1.233256,1.176972,1.257683,1.000000,1.000000,1.000000
ldc2,65,17,padded,cpp-approved-execution,6,185.021,11.859,1.304850,1.245203,1.373522,1.000000,1.000000,1.000000,1.233256,1.176972,1.257683
ldc2,65,17,repeated-source,original,6,231.646,13.297,1.000000,1.000000,1.000000,1.263279,1.253275,1.281837,0.942624,0.921603,0.952381
ldc2,65,17,repeated-source,selected64,6,217.932,11.229,1.065885,1.056093,1.082892,1.185392,1.172489,1.193995,1.006792,0.985102,1.010582
ldc2,65,17,repeated-source,vector16store,6,218.987,11.561,1.060869,1.050000,1.085066,1.195119,1.155022,1.200924,1.000000,1.000000,1.000000
ldc2,65,17,repeated-source,cpp-approved-execution,6,182.700,11.085,1.263279,1.253275,1.281837,1.000000,1.000000,1.000000,1.195119,1.155022,1.200924
ldc2,65,17,universal,original,6,3505.696,9.087,1.000000,1.000000,1.000000,5.234556,5.085801,5.391083,0.996253,0.975189,1.041925
ldc2,65,17,universal,selected64,6,3459.916,9.134,1.005977,0.964646,1.038273,5.231313,5.070764,5.344805,0.995012,0.962945,1.050441
ldc2,65,17,universal,vector16store,6,3476.793,6.201,1.003766,0.959762,1.025442,5.164593,5.060832,5.558108,1.000000,1.000000,1.000000
ldc2,65,17,universal,cpp-approved-execution,6,671.097,11.003,5.234556,5.085801,5.391083,1.000000,1.000000,1.000000,5.164593,5.060832,5.558108
ldc2,65,128,contiguous,original,6,1166.129,9.129,1.000000,1.000000,1.000000,1.151597,1.111821,1.179567,0.959597,0.955679,0.997126
ldc2,65,128,contiguous,selected64,6,1120.968,8.633,1.040687,1.000000,1.046377,1.107065,1.101307,1.136223,1.000000,0.997126,1.002809
ldc2,65,128,contiguous,vector16store,6,1119.355,8.357,1.042106,1.002882,1.046377,1.106861,1.101307,1.133127,1.000000,1.000000,1.000000
ldc2,65,128,contiguous,cpp-approved-execution,6,1011.290,5.423,1.151597,1.111821,1.179567,1.000000,1.000000,1.000000,1.106861,1.101307,1.133127
ldc2,65,128,negative-both,original,6,3124.194,11.255,1.000000,1.000000,1.000000,2.416701,2.357942,2.426829,1.001033,1.000000,1.048387
ldc2,65,128,negative-both,selected64,6,3132.258,13.800,0.998969,0.976830,1.001058,2.417916,2.410714,2.430000,1.000529,0.997942,1.046278
ldc2,65,128,negative-both,vector16store,6,3127.419,16.503,0.998969,0.953846,1.000000,2.422219,2.410714,2.536585,1.000000,1.000000,1.000000
ldc2,65,128,negative-both,cpp-approved-execution,6,1291.935,13.983,2.416701,2.357942,2.426829,1.000000,1.000000,1.000000,2.422219,2.410714,2.536585
ldc2,65,128,negative-source,original,6,3358.065,35.351,1.000000,1.000000,1.000000,2.421353,2.333925,2.570423,0.995453,0.837139,1.020091
ldc2,65,128,negative-source,selected64,6,3383.871,17.159,1.000529,0.977355,1.168000,2.418440,1.998224,2.600939,0.998954,0.965580,1.008123
ldc2,65,128,negative-source,vector16store,6,3325.806,16.780,1.004573,0.980304,1.194545,2.415911,1.953819,2.622066,1.000000,1.000000,1.000000
ldc2,65,128,negative-source,cpp-approved-execution,6,1354.839,40.952,2.421353,2.333925,2.570423,1.000000,1.000000,1.000000,2.415911,1.953819,2.622066
ldc2,65,128,padded,original,6,1254.839,57.841,1.000000,1.000000,1.000000,0.962868,0.881210,0.992268,0.949351,0.919481,0.993443
ldc2,65,128,padded,selected64,6,1187.097,64.946,1.053354,0.953271,1.087571,0.913686,0.906863,0.924406,1.000000,0.939252,1.021922
ldc2,65,128,padded,vector16store,6,1188.710,68.385,1.053354,1.006601,1.087571,0.913686,0.868251,0.928025,1.000000,1.000000,1.000000
ldc2,65,128,padded,cpp-approved-execution,6,1303.226,65.594,0.962868,0.881210,0.992268,1.000000,1.000000,1.000000,0.913686,0.868251,0.928025
ldc2,65,128,repeated-source,original,6,1285.484,6.524,1.000000,1.000000,1.000000,0.956304,0.951163,0.969773,0.919790,0.899497,0.933985
ldc2,65,128,repeated-source,selected64,6,1172.581,6.052,1.083946,1.075419,1.111732,0.882420,0.856459,0.901763,0.998677,0.980447,1.005263
ldc2,65,128,repeated-source,vector16store,6,1172.581,8.528,1.087212,1.070681,1.111732,0.882279,0.856459,0.888372,1.000000,1.000000,1.000000
ldc2,65,128,repeated-source,cpp-approved-execution,6,1346.774,7.904,0.956304,0.951163,0.969773,1.000000,1.000000,1.000000,0.882279,0.856459,0.888372
ldc2,65,128,universal,original,6,25553.226,13.154,1.000000,1.000000,1.000000,5.124760,4.859700,5.392904,0.992384,0.926779,1.016613
ldc2,65,128,universal,selected64,6,24604.839,12.612,1.012298,0.974559,1.079006,5.071152,4.780023,5.272786,1.000478,0.982348,1.013158
ldc2,65,128,universal,vector16store,6,24564.516,13.434,1.007675,0.983659,1.079006,5.036783,4.819284,5.224005,1.000000,1.000000,1.000000
ldc2,65,128,universal,cpp-approved-execution,6,4887.097,19.076,5.124760,4.859700,5.392904,1.000000,1.000000,1.000000,5.036783,4.819284,5.224005
ldc2,95,1,contiguous,original,6,40.939,11.687,1.000000,1.000000,1.000000,2.338053,2.206413,2.386905,1.029129,0.992228,1.053588
ldc2,95,1,contiguous,selected64,6,40.830,9.854,0.982997,0.960538,1.025686,2.333324,2.252505,2.432540,1.022759,0.986949,1.034904
ldc2,95,1,contiguous,vector16store,6,41.845,7.362,0.971891,0.949138,1.007833,2.399142,2.324649,2.415479,1.000000,1.000000,1.000000
ldc2,95,1,contiguous,cpp-approved-execution,6,17.724,7.771,2.338053,2.206413,2.386905,1.000000,1.000000,1.000000,2.399142,2.324649,2.415479
ldc2,95,1,negative-both,original,6,63.610,5.983,1.000000,1.000000,1.000000,3.046886,2.980836,3.107266,1.005310,0.983853,1.028588
ldc2,95,1,negative-both,selected64,6,63.991,14.047,1.006651,0.936612,1.028048,3.020552,2.992857,3.222781,1.009799,0.941788,1.036996
ldc2,95,1,negative-both,vector16store,6,63.972,8.102,0.994765,0.972206,1.016412,3.052654,3.017422,3.130288,1.000000,1.000000,1.000000
ldc2,95,1,negative-both,cpp-approved-execution,6,20.895,6.418,3.046886,2.980836,3.107266,1.000000,1.000000,1.000000,3.052654,3.017422,3.130288
ldc2,95,1,negative-source,original,6,63.229,19.776,1.000000,1.000000,1.000000,3.037834,2.507205,3.264423,1.006517,0.992567,1.081034
ldc2,95,1,negative-source,selected64,6,66.256,12.035,0.986106,0.922468,1.074367,3.051374,2.559078,3.308901,1.017900,0.915612,1.080169
ldc2,95,1,negative-source,vector16store,6,64.679,18.605,0.993527,0.925040,1.007488,3.046977,2.710375,3.282051,1.000000,1.000000,1.000000
ldc2,95,1,negative-source,cpp-approved-execution,6,21.385,22.712,3.037834,2.507205,3.264423,1.000000,1.000000,1.000000,3.046977,2.710375,3.282051
ldc2,95,1,padded,original,6,40.685,14.432,1.000000,1.000000,1.000000,1.952527,1.912892,2.025723,1.026094,0.972222,1.051913
ldc2,95,1,padded,selected64,6,41.283,23.881,0.981681,0.913009,1.012879,1.957013,1.941071,2.184887,1.022024,0.901398,1.029439
ldc2,95,1,padded,vector16store,6,42.334,9.075,0.974658,0.950649,1.028571,1.999955,1.969453,2.012195,1.000000,1.000000,1.000000
ldc2,95,1,padded,cpp-approved-execution,6,21.095,10.653,1.952527,1.912892,2.025723,1.000000,1.000000,1.000000,1.999955,1.969453,2.012195
ldc2,95,1,repeated-source,original,6,41.084,5.734,1.000000,1.000000,1.000000,1.958989,1.918782,1.977547,1.026613,1.015721,1.037919
ldc2,95,1,repeated-source,selected64,6,41.156,7.662,0.995631,0.957770,1.014172,1.958881,1.949565,2.003384,1.025349,0.994088,1.037467
ldc2,95,1,repeated-source,vector16store,6,42.153,5.073,0.974077,0.963466,0.984523,2.012792,1.989708,2.022609,1.000000,1.000000,1.000000
ldc2,95,1,repeated-source,cpp-approved-execution,6,21.058,5.336,1.958989,1.918782,1.977547,1.000000,1.000000,1.000000,2.012792,1.989708,2.022609
ldc2,95,1,universal,original,6,347.898,40.152,1.000000,1.000000,1.000000,5.567271,5.341321,7.299438,0.998425,0.721850,1.017071
ldc2,95,1,universal,selected64,6,346.974,11.334,1.002705,0.988077,1.284528,5.537324,5.395091,5.682584,0.998244,0.927237,1.018447
ldc2,95,1,universal,vector16store,6,342.062,11.984,1.001585,0.983216,1.385329,5.472371,5.269101,5.658843,1.000000,1.000000,1.000000
ldc2,95,1,universal,cpp-approved-execution,6,62.668,6.998,5.567271,5.341321,7.299438,1.000000,1.000000,1.000000,5.472371,5.269101,5.658843
ldc2,95,17,contiguous,original,6,279.321,2.652,1.000000,1.000000,1.000000,1.534842,1.490132,1.568966,0.965649,0.938462,1.032967
ldc2,95,17,contiguous,selected64,6,268.210,8.976,1.041527,1.008869,1.075243,1.469060,1.444079,1.508361,1.005841,0.984055,1.058252
ldc2,95,17,contiguous,vector16store,6,268.210,9.896,1.035639,0.968085,1.065574,1.478812,1.421053,1.571906,1.000000,1.000000,1.000000
ldc2,95,17,contiguous,cpp-approved-execution,6,181.790,7.131,1.534842,1.490132,1.568966,1.000000,1.000000,1.000000,1.478812,1.421053,1.571906
ldc2,95,17,negative-both,original,6,717.284,44.923,1.000000,1.000000,1.000000,2.365117,2.328358,2.486903,1.000809,0.974005,1.010499
ldc2,95,17,negative-both,selected64,6,715.432,43.141,1.006547,0.993913,1.016373,2.342079,2.319829,2.446841,1.001714,0.988458,1.022670
ldc2,95,17,negative-both,vector16store,6,723.457,45.819,0.999221,0.989610,1.026689,2.353979,2.301344,2.502311,1.000000,1.000000,1.000000
ldc2,95,17,negative-both,cpp-approved-execution,6,304.938,36.437,2.365117,2.328358,2.486903,1.000000,1.000000,1.000000,2.353979,2.301344,2.502311
ldc2,95,17,negative-source,original,6,693.210,25.200,1.000000,1.000000,1.000000,2.335449,2.218876,2.618868,1.013523,0.886167,1.055160
ldc2,95,17,negative-source,selected64,6,698.765,12.279,1.005403,0.971856,1.115756,2.322065,2.283133,2.347170,1.003966,0.988746,1.052351
ldc2,95,17,negative-source,vector16store,6,707.099,9.865,0.986968,0.947723,1.128455,2.319091,2.299197,2.460581,1.000000,1.000000,1.000000
ldc2,95,17,negative-source,cpp-approved-execution,6,301.235,11.270,2.335449,2.218876,2.618868,1.000000,1.000000,1.000000,2.319091,2.299197,2.460581
ldc2,95,17,padded,original,6,320.370,11.946,1.000000,1.000000,1.000000,1.081250,1.074689,1.094340,0.989403,0.937931,0.994220
ldc2,95,17,padded,selected64,6,316.667,11.501,1.011696,1.009747,1.020913,1.067844,1.064315,1.079245,1.000975,0.951049,1.005848
ldc2,95,17,padded,vector16store,6,317.901,6.019,1.010712,1.005814,1.066176,1.067570,1.026415,1.070833,1.000000,1.000000,1.000000
ldc2,95,17,padded,cpp-approved-execution,6,297.531,10.373,1.081250,1.074689,1.094340,1.000000,1.000000,1.000000,1.067570,1.026415,1.070833
ldc2,95,17,repeated-source,original,6,314.198,11.198,1.000000,1.000000,1.000000,1.060123,1.049485,1.073786,0.994029,0.987342,1.160221
ldc2,95,17,repeated-source,selected64,6,314.506,8.636,1.011940,0.986434,1.031716,1.049599,1.040777,1.063918,1.004974,1.002033,1.179775
ldc2,95,17,repeated-source,vector16store,6,316.049,26.758,1.006007,0.861905,1.012821,1.057180,1.050000,1.245059,1.000000,1.000000,1.000000
ldc2,95,17,repeated-source,cpp-approved-execution,6,297.840,9.741,1.060123,1.049485,1.073786,1.000000,1.000000,1.000000,1.057180,1.050000,1.245059
ldc2,95,17,universal,original,6,5019.136,6.162,1.000000,1.000000,1.000000,4.673465,4.648724,5.010347,0.991025,0.964650,1.034371
ldc2,95,17,universal,selected64,6,4907.716,9.534,1.007027,0.978965,1.055520,4.672560,4.622161,4.748613,1.012033,0.962136,1.043598
ldc2,95,17,universal,vector16store,6,4991.975,11.772,1.009125,0.966771,1.036645,4.765720,4.515488,4.851636,1.000000,1.000000,1.000000
ldc2,95,17,universal,cpp-approved-execution,6,1056.481,9.465,4.673465,4.648724,5.010347,1.000000,1.000000,1.000000,4.765720,4.515488,4.851636
ldc2,95,128,contiguous,original,6,2328.571,52.761,1.000000,1.000000,1.000000,1.256854,1.172515,1.413203,1.001255,0.993661,1.042394
ldc2,95,128,contiguous,selected64,6,2333.333,52.653,0.997872,0.982843,1.008741,1.252767,1.182099,1.427873,0.999180,0.992089,1.024510
ldc2,95,128,contiguous,vector16store,6,2361.905,51.411,0.998762,0.959330,1.006380,1.264870,1.196141,1.420538,1.000000,1.000000,1.000000
ldc2,95,128,contiguous,cpp-approved-execution,6,1788.095,36.218,1.256854,1.172515,1.413203,1.000000,1.000000,1.000000,1.264870,1.196141,1.420538
ldc2,95,128,negative-both,original,6,4419.048,16.595,1.000000,1.000000,1.000000,2.060161,2.022945,2.087838,1.001606,0.998924,1.034026
ldc2,95,128,negative-both,selected64,6,4454.762,12.507,0.999474,0.975189,1.013410,2.084278,1.996176,2.087912,1.000000,0.985154,1.047893
ldc2,95,128,negative-both,vector16store,6,4421.429,17.986,0.998397,0.967093,1.001078,2.087838,2.041758,2.091778,1.000000,1.000000,1.000000
ldc2,95,128,negative-both,cpp-approved-execution,6,2145.238,17.536,2.060161,2.022945,2.087838,1.000000,1.000000,1.000000,2.087838,2.041758,2.091778
ldc2,95,128,negative-source,original,6,4509.524,10.771,1.000000,1.000000,1.000000,2.085132,2.031120,2.091304,1.000552,0.991828,1.021847
ldc2,95,128,negative-source,selected64,6,4502.381,17.663,0.999490,0.938490,1.003229,2.087698,2.033195,2.185336,1.000000,0.958993,1.005382
ldc2,95,128,negative-source,vector16store,6,4514.286,12.975,0.999448,0.978620,1.008239,2.089788,2.014523,2.095723,1.000000,1.000000,1.000000
ldc2,95,128,negative-source,cpp-approved-execution,6,2159.524,12.569,2.085132,2.031120,2.091304,1.000000,1.000000,1.000000,2.089788,2.014523,2.095723
ldc2,95,128,padded,original,6,1959.524,14.095,1.000000,1.000000,1.000000,0.865360,0.815287,0.902041,0.983065,0.963801,1.299043
ldc2,95,128,padded,selected64,6,1959.524,43.256,1.003769,0.729494,1.039120,0.872604,0.835443,1.221748,0.982186,0.947644,1.024450
ldc2,95,128,padded,vector16store,6,1961.905,39.320,1.017235,0.769797,1.037559,0.861895,0.835526,1.157783,1.000000,1.000000,1.000000
ldc2,95,128,padded,cpp-approved-execution,6,2250.000,7.196,0.865360,0.815287,0.902041,1.000000,1.000000,1.000000,0.861895,0.835526,1.157783
ldc2,95,128,repeated-source,original,6,1819.048,17.539,1.000000,1.000000,1.000000,0.841410,0.819742,0.894212,0.989529,0.977330,1.013393
ldc2,95,128,repeated-source,selected64,6,1823.810,28.982,1.009263,0.918033,1.015345,0.832637,0.830396,0.974052,0.996164,0.930328,1.002653
ldc2,95,128,repeated-source,vector16store,6,1802.381,20.343,1.010582,0.986784,1.023196,0.833700,0.811159,0.906188,1.000000,1.000000,1.000000
ldc2,95,128,repeated-source,cpp-approved-execution,6,2173.810,10.296,0.841410,0.819742,0.894212,1.000000,1.000000,1.000000,0.833700,0.811159,0.906188
ldc2,95,128,universal,original,6,36692.857,12.926,1.000000,1.000000,1.000000,4.677698,4.356012,4.839824,0.991656,0.944326,1.024101
ldc2,95,128,universal,selected64,6,36235.714,8.437,1.022882,0.979908,1.048028,4.572752,4.399413,4.663444,1.005733,0.973568,1.044760
ldc2,95,128,universal,vector16store,6,36464.286,9.376,1.008493,0.976466,1.058957,4.546604,4.445790,4.853015,1.000000,1.000000,1.000000
ldc2,95,128,universal,cpp-approved-execution,6,8000.000,12.440,4.677698,4.356012,4.839824,1.000000,1.000000,1.000000,4.546604,4.445790,4.853015
ldc2,127,1,contiguous,original,6,44.622,15.418,1.000000,1.000000,1.000000,2.165121,2.124122,2.383562,1.008766,0.918582,1.023153
ldc2,127,1,contiguous,selected64,6,44.331,24.262,0.999973,0.873339,1.131094,2.145375,2.107306,2.486784,1.016392,0.864482,1.039003
ldc2,127,1,contiguous,vector16store,6,45.107,7.197,0.991311,0.977371,1.088634,2.184097,2.149780,2.189498,1.000000,1.000000,1.000000
ldc2,127,1,contiguous,cpp-approved-execution,6,20.664,8.910,2.165121,2.124122,2.383562,1.000000,1.000000,1.000000,2.184097,2.149780,2.189498
ldc2,127,1,negative-both,original,6,75.000,14.276,1.000000,1.000000,1.000000,2.977670,2.921569,3.066308,1.011466,0.985973,1.065772
ldc2,127,1,negative-both,selected64,6,74.709,14.721,0.993548,0.970052,1.016361,2.989377,2.942966,3.132616,1.007503,0.965103,1.038613
ldc2,127,1,negative-both,vector16store,6,76.187,9.730,0.988667,0.938287,1.014226,3.005824,2.961977,3.113725,1.000000,1.000000,1.000000
ldc2,127,1,negative-both,cpp-approved-execution,6,24.952,9.320,2.977670,2.921569,3.066308,1.000000,1.000000,1.000000,3.005824,2.961977,3.113725
ldc2,127,1,negative-source,original,6,76.187,11.129,1.000000,1.000000,1.000000,2.956346,2.896296,3.074681,0.999687,0.979540,1.015202
ldc2,127,1,negative-source,selected64,6,76.114,9.866,1.001536,0.989089,1.016550,2.947520,2.911111,3.047359,1.001987,0.974555,1.015913
ldc2,127,1,negative-source,vector16store,6,75.872,8.748,1.000313,0.985026,1.020888,2.974377,2.837037,3.040073,1.000000,1.000000,1.000000
ldc2,127,1,negative-source,cpp-approved-execution,6,25.848,6.373,2.956346,2.896296,3.074681,1.000000,1.000000,1.000000,2.974377,2.837037,3.040073
ldc2,127,1,padded,original,6,45.252,54.390,1.000000,1.000000,1.000000,1.789593,1.780075,2.021552,1.010257,1.006522,1.148583
ldc2,127,1,padded,selected64,6,45.494,51.757,0.987677,0.818400,1.005308,1.834037,1.770677,2.358491,0.995183,0.940000,1.031117
ldc2,127,1,padded,vector16store,6,45.712,58.400,0.989849,0.870638,0.993521,1.805328,1.798058,2.216981,1.000000,1.000000,1.000000
ldc2,127,1,padded,cpp-approved-execution,6,25.315,37.129,1.789593,1.780075,2.021552,1.000000,1.000000,1.000000,1.805328,1.798058,2.216981
ldc2,127,1,repeated-source,original,6,45.736,52.013,1.000000,1.000000,1.000000,1.794862,1.778626,2.004243,1.010069,0.979979,1.054721
ldc2,127,1,repeated-source,selected64,6,46.051,74.592,0.986859,0.873075,1.019334,1.807475,1.774757,2.295615,0.998417,0.886630,1.040212
ldc2,127,1,repeated-source,vector16store,6,46.197,53.382,0.990038,0.948118,1.020430,1.806796,1.803403,2.035361,1.000000,1.000000,1.000000
ldc2,127,1,repeated-source,cpp-approved-execution,6,25.484,36.502,1.794862,1.778626,2.004243,1.000000,1.000000,1.000000,1.806796,1.803403,2.035361
ldc2,127,1,universal,original,6,441.885,30.218,1.000000,1.000000,1.000000,5.393560,5.210315,6.763961,0.990074,0.958890,1.035636
ldc2,127,1,universal,selected64,6,442.975,32.167,0.998013,0.987127,1.036433,5.374382,5.229799,6.729898,0.992273,0.975515,1.031777
ldc2,127,1,universal,vector16store,6,447.941,30.902,1.010028,0.965590,1.042872,5.347169,5.285541,6.565119,1.000000,1.000000,1.000000
ldc2,127,1,universal,cpp-approved-execution,6,83.648,6.545,5.393560,5.210315,6.763961,1.000000,1.000000,1.000000,5.347169,5.285541,6.565119
ldc2,127,17,contiguous,original,6,339.669,9.976,1.000000,1.000000,1.000000,1.414651,1.367133,1.454545,0.993902,0.990148,1.002315
ldc2,127,17,contiguous,selected64,6,333.471,7.683,1.011210,0.975062,1.027160,1.402098,1.393548,1.416084,1.002491,0.972569,1.022222
ldc2,127,17,contiguous,vector16store,6,337.603,10.526,1.006138,0.997691,1.009950,1.402450,1.363636,1.447552,1.000000,1.000000,1.000000
ldc2,127,17,contiguous,cpp-approved-execution,6,237.190,8.362,1.414651,1.367133,1.454545,1.000000,1.000000,1.000000,1.402450,1.363636,1.447552
ldc2,127,17,negative-both,original,6,918.595,10.166,1.000000,1.000000,1.000000,2.340058,2.310621,2.365702,1.003945,0.995442,1.148309
ldc2,127,17,negative-both,selected64,6,912.397,8.062,1.004177,0.990325,1.034081,2.337378,2.234469,2.358921,1.003809,0.992084,1.187444
ldc2,127,17,negative-both,vector16store,6,917.355,24.234,0.996075,0.870846,1.004579,2.348884,2.333333,2.653307,1.000000,1.000000,1.000000
ldc2,127,17,negative-both,cpp-approved-execution,6,392.562,10.737,2.340058,2.310621,2.365702,1.000000,1.000000,1.000000,2.348884,2.333333,2.653307
ldc2,127,17,negative-source,original,6,920.248,39.515,1.000000,1.000000,1.000000,2.338156,2.158050,2.477974,0.998577,0.970962,1.132444
ldc2,127,17,negative-source,selected64,6,904.959,49.132,1.002385,0.938343,1.029907,2.337973,2.299852,2.466960,1.000958,0.994695,1.137500
ldc2,127,17,negative-source,vector16store,6,907.025,52.027,1.001425,0.883046,1.029907,2.345715,2.323462,2.806167,1.000000,1.000000,1.000000
ldc2,127,17,negative-source,cpp-approved-execution,6,376.446,52.250,2.338156,2.158050,2.477974,1.000000,1.000000,1.000000,2.345715,2.323462,2.806167
ldc2,127,17,padded,original,6,386.777,8.547,1.000000,1.000000,1.000000,1.013667,0.987179,1.038202,1.002137,0.993802,1.023810
ldc2,127,17,padded,selected64,6,389.669,8.484,1.003119,0.980892,1.004525,1.010515,1.004255,1.040449,1.004211,0.997925,1.006787
ldc2,127,17,padded,vector16store,6,391.736,7.595,0.997867,0.976744,1.006237,1.012726,1.008386,1.040449,1.000000,1.000000,1.000000
ldc2,127,17,padded,cpp-approved-execution,6,387.603,9.168,1.013667,0.987179,1.038202,1.000000,1.000000,1.000000,1.012726,1.008386,1.040449
ldc2,127,17,repeated-source,original,6,386.777,54.915,1.000000,1.000000,1.000000,0.998904,0.977716,1.012295,1.000000,0.997908,1.002247
ldc2,127,17,repeated-source,selected64,6,385.124,52.361,1.004294,1.000000,1.020349,0.996693,0.958217,1.004098,1.005542,1.000000,1.018895
ldc2,127,17,repeated-source,vector16store,6,386.777,54.487,1.000000,0.997758,1.002096,0.999995,0.976323,1.012295,1.000000,1.000000,1.000000
ldc2,127,17,repeated-source,cpp-approved-execution,6,387.603,58.209,0.998904,0.977716,1.012295,1.000000,1.000000,1.000000,0.999995,0.976323,1.012295
ldc2,127,17,universal,original,6,6723.967,12.893,1.000000,1.000000,1.000000,4.837650,4.746907,5.025761,0.987634,0.968009,1.022121
ldc2,127,17,universal,selected64,6,6716.529,12.255,1.010144,0.925699,1.046421,4.783895,4.633043,5.214637,0.991315,0.916382,1.069570
ldc2,127,17,universal,vector16store,6,6596.281,12.454,1.012526,0.978358,1.033048,4.826073,4.595051,4.955362,1.000000,1.000000,1.000000
ldc2,127,17,universal,cpp-approved-execution,6,1390.909,13.547,4.837650,4.746907,5.025761,1.000000,1.000000,1.000000,4.826073,4.595051,4.955362
ldc2,127,128,contiguous,original,6,2340.625,8.011,1.000000,1.000000,1.000000,1.103224,0.869668,1.143770,1.012367,1.000000,1.256131
ldc2,127,128,contiguous,selected64,6,2328.125,19.597,0.994832,0.888372,1.025140,1.127960,0.848341,1.272189,0.994832,0.893023,1.287709
ldc2,127,128,contiguous,vector16store,6,2396.875,26.858,0.987833,0.796095,1.000000,1.118872,1.088068,1.143770,1.000000,1.000000,1.000000
ldc2,127,128,contiguous,cpp-approved-execution,6,2156.250,31.594,1.103224,0.869668,1.143770,1.000000,1.000000,1.000000,1.118872,1.088068,1.143770
ldc2,127,128,negative-both,original,6,6121.875,16.233,1.000000,1.000000,1.000000,2.189793,1.690476,2.274882,1.001090,0.989990,1.313615
ldc2,127,128,negative-both,selected64,6,6096.875,47.155,0.988083,0.779649,1.030043,2.201118,1.804659,2.362222,1.007607,0.982125,1.024158
ldc2,127,128,negative-both,vector16store,6,6065.625,50.696,0.998911,0.761258,1.010111,2.208380,1.772401,2.395556,1.000000,1.000000,1.000000
ldc2,127,128,negative-both,cpp-approved-execution,6,2734.375,49.600,2.189793,1.690476,2.274882,1.000000,1.000000,1.000000,2.208380,1.772401,2.395556
ldc2,127,128,negative-source,original,6,6021.875,23.145,1.000000,1.000000,1.000000,2.205080,2.087420,2.501104,0.995737,0.905560,1.164454
ldc2,127,128,negative-source,selected64,6,5940.625,21.462,1.003301,0.882777,1.130739,2.205486,2.191142,2.364606,1.004317,0.980229,1.027953
ldc2,127,128,negative-source,vector16store,6,5896.875,24.589,1.004286,0.858772,1.104288,2.203837,2.185615,2.430704,1.000000,1.000000,1.000000
ldc2,127,128,negative-source,cpp-approved-execution,6,2687.500,13.256,2.205080,2.087420,2.501104,1.000000,1.000000,1.000000,2.203837,2.185615,2.430704
ldc2,127,128,padded,original,6,2440.625,20.487,1.000000,1.000000,1.000000,0.856542,0.755396,0.920668,0.992188,0.913832,1.304762
ldc2,127,128,padded,selected64,6,2353.125,13.280,1.037217,1.000000,1.075610,0.853729,0.721223,0.859189,1.005391,0.982927,1.366584
ldc2,127,128,padded,vector16store,6,2378.125,49.409,1.007899,0.766423,1.094293,0.857669,0.832972,0.985612,1.000000,1.000000,1.000000
ldc2,127,128,padded,cpp-approved-execution,6,2809.375,30.478,0.856542,0.755396,0.920668,1.000000,1.000000,1.000000,0.857669,0.832972,0.985612
ldc2,127,128,repeated-source,original,6,2331.250,13.941,1.000000,1.000000,1.000000,0.850440,0.809735,0.869464,0.994842,0.981233,1.010724
ldc2,127,128,repeated-source,selected64,6,2312.500,14.865,1.000000,0.992683,1.023018,0.845767,0.811947,0.869464,1.000000,0.980488,1.015345
ldc2,127,128,repeated-source,vector16store,6,2325.000,12.903,1.005191,0.989390,1.019126,0.841253,0.811947,0.878788,1.000000,1.000000,1.000000
ldc2,127,128,repeated-source,cpp-approved-execution,6,2781.250,14.607,0.850440,0.809735,0.869464,1.000000,1.000000,1.000000,0.841253,0.811947,0.878788
ldc2,127,128,universal,original,6,50250.000,13.097,1.000000,1.000000,1.000000,4.796900,4.627753,5.068412,0.974424,0.911620,1.003927
ldc2,127,128,universal,selected64,6,49803.125,19.063,1.013736,0.946396,1.049132,4.739149,4.658861,4.889868,0.970469,0.950113,1.010325
ldc2,127,128,universal,vector16store,6,48121.875,14.092,1.026282,0.996089,1.096949,4.633195,4.584552,4.706962,1.000000,1.000000,1.000000
ldc2,127,128,universal,cpp-approved-execution,6,10437.500,14.311,4.796900,4.627753,5.068412,1.000000,1.000000,1.000000,4.633195,4.584552,4.706962
ldc2,128,1,contiguous,original,6,41.211,2.370,1.000000,1.000000,1.000000,2.457551,2.303523,2.492492,1.003600,0.989399,1.056471
ldc2,128,1,contiguous,selected64,6,41.284,2.602,1.000000,0.995255,1.004831,2.450228,2.303523,2.492492,1.003522,0.990566,1.056471
ldc2,128,1,contiguous,vector16store,6,41.113,8.551,0.996483,0.946548,1.010714,2.459094,2.362881,2.480480,1.000000,1.000000,1.000000
ldc2,128,1,contiguous,cpp-approved-execution,6,16.699,10.526,2.457551,2.303523,2.492492,1.000000,1.000000,1.000000,2.459094,2.362881,2.480480
ldc2,128,1,negative-both,original,6,77.661,13.015,1.000000,1.000000,1.000000,3.325000,3.281879,3.433884,1.006290,0.966907,1.028674
ldc2,128,1,negative-both,selected64,6,76.782,12.273,0.998435,0.979191,1.047559,3.317408,3.228283,3.364000,1.000823,0.985731,1.077597
ldc2,128,1,negative-both,vector16store,6,76.685,15.154,0.993749,0.972125,1.034225,3.322080,3.316000,3.478788,1.000000,1.000000,1.000000
ldc2,128,1,negative-both,cpp-approved-execution,6,23.047,11.229,3.325000,3.281879,3.433884,1.000000,1.000000,1.000000,3.322080,3.316000,3.478788
ldc2,128,1,negative-source,original,6,74.829,10.636,1.000000,1.000000,1.000000,3.337450,3.268456,3.411765,1.031459,0.995419,1.054803
ldc2,128,1,negative-source,selected64,6,75.415,13.597,0.991036,0.937685,1.011208,3.373249,3.299776,3.547368,1.003524,0.972107,1.066625
ldc2,128,1,negative-source,vector16store,6,75.684,13.548,0.969516,0.948044,1.004602,3.417588,3.317881,3.598739,1.000000,1.000000,1.000000
ldc2,128,1,negative-source,cpp-approved-execution,6,22.266,6.360,3.337450,3.268456,3.411765,1.000000,1.000000,1.000000,3.417588,3.317881,3.598739
ldc2,128,1,padded,original,6,42.065,34.010,1.000000,1.000000,1.000000,1.876551,1.734789,1.885593,1.018276,0.943345,1.032067
ldc2,128,1,padded,selected64,6,42.212,5.437,0.999406,0.972684,1.273769,1.884003,1.361934,1.928571,1.016974,0.994062,1.201604
ldc2,128,1,padded,vector16store,6,42.700,24.242,0.982054,0.968930,1.060057,1.899055,1.636505,1.939732,1.000000,1.000000,1.000000
ldc2,128,1,padded,cpp-approved-execution,6,22.412,42.702,1.876551,1.734789,1.885593,1.000000,1.000000,1.000000,1.899055,1.636505,1.939732
ldc2,128,1,repeated-source,original,6,43.384,110.636,1.000000,1.000000,1.000000,1.903379,1.866564,1.924107,1.011910,0.739523,1.028634
ldc2,128,1,repeated-source,selected64,6,42.773,114.384,0.999425,0.989606,1.379819,1.894960,1.352761,1.932347,1.016342,1.000000,1.025247
ldc2,128,1,repeated-source,vector16store,6,43.506,111.223,0.988232,0.972163,1.352222,1.923954,1.380368,1.970464,1.000000,1.000000,1.000000
ldc2,128,1,repeated-source,cpp-approved-execution,6,22.778,109.325,1.903379,1.866564,1.924107,1.000000,1.000000,1.000000,1.923954,1.380368,1.970464
ldc2,128,1,universal,original,6,451.440,9.248,1.000000,1.000000,1.000000,5.229524,4.979288,5.613092,1.018101,1.010330,1.355269
ldc2,128,1,universal,selected64,6,451.343,7.876,0.992290,0.984564,1.023582,5.252487,5.057355,5.585038,1.019994,1.003793,1.334348
ldc2,128,1,universal,vector16store,6,461.353,40.694,0.982231,0.737861,0.989776,5.399196,5.234495,6.748274,1.000000,1.000000,1.000000
ldc2,128,1,universal,cpp-approved-execution,6,83.398,11.124,5.229524,4.979288,5.613092,1.000000,1.000000,1.000000,5.399196,5.234495,6.748274
ldc2,128,17,contiguous,original,6,325.417,86.300,1.000000,1.000000,1.000000,1.344652,1.253597,1.390511,1.002571,0.969871,1.025000
ldc2,128,17,contiguous,selected64,6,325.833,74.425,0.995956,0.981959,1.067381,1.350114,1.174460,1.416058,1.002538,0.981959,1.035222
ldc2,128,17,contiguous,vector16store,6,326.250,78.416,0.997442,0.975610,1.031065,1.352333,1.215827,1.390511,1.000000,1.000000,1.000000
ldc2,128,17,contiguous,cpp-approved-execution,6,241.250,99.482,1.344652,1.253597,1.390511,1.000000,1.000000,1.000000,1.352333,1.215827,1.390511
ldc2,128,17,negative-both,original,6,917.083,8.542,1.000000,1.000000,1.000000,2.864658,2.839050,2.926952,0.999291,0.987556,1.034422
ldc2,128,17,negative-both,selected64,6,915.833,7.916,1.009424,0.988971,1.013514,2.839572,2.830380,2.894207,1.003988,1.000000,1.048301
ldc2,128,17,negative-both,vector16store,6,916.250,9.823,1.000729,0.966724,1.012601,2.868511,2.841432,2.967089,1.000000,1.000000,1.000000
ldc2,128,17,negative-both,cpp-approved-execution,6,320.833,5.974,2.864658,2.839050,2.926952,1.000000,1.000000,1.000000,2.868511,2.841432,2.967089
ldc2,128,17,negative-source,original,6,895.833,6.047,1.000000,1.000000,1.000000,2.857493,2.839572,2.912329,1.001412,0.974600,1.013889
ldc2,128,17,negative-source,selected64,6,885.417,13.835,1.001860,0.946264,1.024904,2.837906,2.798928,3.007576,1.003275,0.946264,1.030103
ldc2,128,17,negative-source,vector16store,6,903.333,8.395,0.998592,0.986301,1.026062,2.846974,2.838356,2.920000,1.000000,1.000000,1.000000
ldc2,128,17,negative-source,cpp-approved-execution,6,312.083,8.278,2.857493,2.839572,2.912329,1.000000,1.000000,1.000000,2.846974,2.838356,2.920000
ldc2,128,17,padded,original,6,369.167,61.174,1.000000,1.000000,1.000000,1.170869,1.118590,1.176781,1.001171,0.949857,1.006667
ldc2,128,17,padded,selected64,6,368.333,90.271,0.997723,0.844015,1.002278,1.174311,1.169399,1.325321,0.998834,0.801693,1.004435
ldc2,128,17,padded,vector16store,6,365.833,53.531,0.998832,0.993377,1.052790,1.171001,1.062500,1.179688,1.000000,1.000000,1.000000
ldc2,128,17,padded,cpp-approved-execution,6,313.750,68.792,1.170869,1.118590,1.176781,1.000000,1.000000,1.000000,1.171001,1.062500,1.179688
ldc2,128,17,repeated-source,original,6,358.333,3.721,1.000000,1.000000,1.000000,1.149733,1.147059,1.160000,1.000000,0.997669,1.006897
ldc2,128,17,repeated-source,selected64,6,357.083,3.967,1.002328,0.997706,1.004673,1.147502,1.144385,1.162667,1.003459,1.000000,1.004673
ldc2,128,17,repeated-source,vector16store,6,358.333,4.419,1.000000,0.993151,1.002336,1.149733,1.144385,1.168000,1.000000,1.000000,1.000000
ldc2,128,17,repeated-source,cpp-approved-execution,6,311.667,2.674,1.149733,1.147059,1.160000,1.000000,1.000000,1.000000,1.149733,1.144385,1.168000
ldc2,128,17,universal,original,6,6784.583,10.416,1.000000,1.000000,1.000000,4.791845,4.699147,4.984866,0.980064,0.941850,1.018364
ldc2,128,17,universal,selected64,6,6683.333,7.793,1.007562,0.987662,1.079269,4.721122,4.618743,4.828970,0.999707,0.971558,1.027097
ldc2,128,17,universal,vector16store,6,6715.833,9.517,1.020399,0.981968,1.061741,4.746566,4.556029,4.845728,1.000000,1.000000,1.000000
ldc2,128,17,universal,cpp-approved-execution,6,1420.000,5.399,4.791845,4.699147,4.984866,1.000000,1.000000,1.000000,4.746566,4.556029,4.845728
ldc2,128,128,contiguous,original,6,2209.375,17.822,1.000000,1.000000,1.000000,1.078204,1.048048,1.234568,0.993132,0.949721,1.026706
ldc2,128,128,contiguous,selected64,6,2181.250,5.444,1.009804,0.997041,1.129944,1.068334,1.051051,1.092593,1.004230,1.000000,1.084746
ldc2,128,128,contiguous,vector16store,6,2184.375,12.589,1.006964,0.973988,1.052941,1.070412,1.054054,1.185185,1.000000,1.000000,1.000000
ldc2,128,128,contiguous,cpp-approved-execution,6,2031.250,6.154,1.078204,1.048048,1.234568,1.000000,1.000000,1.000000,1.070412,1.054054,1.185185
ldc2,128,128,negative-both,original,6,5893.750,16.543,1.000000,1.000000,1.000000,2.663357,2.560322,3.040000,1.001625,0.998983,1.021617
ldc2,128,128,negative-both,selected64,6,5881.250,9.033,0.998913,0.991927,1.070423,2.669521,2.544236,2.840000,1.000000,0.990918,1.093561
ldc2,128,128,negative-both,vector16store,6,5937.500,18.737,0.998378,0.978841,1.001018,2.663468,2.592493,3.105714,1.000000,1.000000,1.000000
ldc2,128,128,negative-both,cpp-approved-execution,6,2203.125,9.078,2.663357,2.560322,3.040000,1.000000,1.000000,1.000000,2.663468,2.592493,3.105714
ldc2,128,128,negative-source,original,6,5990.625,14.502,1.000000,1.000000,1.000000,2.661511,2.618919,2.755906,0.998406,0.977143,1.000000
ldc2,128,128,negative-source,selected64,6,5909.375,10.894,1.002113,1.001046,1.037473,2.656266,2.524324,2.723647,1.001591,0.998954,1.016060
ldc2,128,128,negative-source,vector16store,6,5950.000,12.185,1.001597,1.000000,1.023392,2.658664,2.564865,2.720798,1.000000,1.000000,1.000000
ldc2,128,128,negative-source,cpp-approved-execution,6,2234.375,10.909,2.661511,2.618919,2.755906,1.000000,1.000000,1.000000,2.658664,2.564865,2.720798
ldc2,128,128,padded,original,6,2221.875,7.876,1.000000,1.000000,1.000000,0.984379,0.971053,1.008264,0.998542,0.972145,1.029810
ldc2,128,128,padded,selected64,6,2190.625,8.559,1.001425,0.994609,1.025714,0.978735,0.971510,1.011019,1.001362,0.997143,1.024259
ldc2,128,128,padded,vector16store,6,2184.375,11.159,1.001462,0.971053,1.028653,0.981753,0.974359,1.013774,1.000000,1.000000,1.000000
ldc2,128,128,padded,cpp-approved-execution,6,2225.000,8.708,0.984379,0.971053,1.008264,1.000000,1.000000,1.000000,0.981753,0.974359,1.013774
ldc2,128,128,repeated-source,original,6,2325.000,50.000,1.000000,1.000000,1.000000,0.962134,0.783019,1.069333,1.000000,0.902743,1.062651
ldc2,128,128,repeated-source,selected64,6,2212.500,46.045,0.997093,0.976471,1.101648,0.964939,0.801887,0.970667,0.997093,0.994505,1.037647
ldc2,128,128,repeated-source,vector16store,6,2203.125,51.348,1.000000,0.941043,1.107735,0.962134,0.832075,0.965517,1.000000,1.000000,1.000000
ldc2,128,128,repeated-source,cpp-approved-execution,6,2287.500,57.104,0.962134,0.783019,1.069333,1.000000,1.000000,1.000000,0.962134,0.832075,0.965517
ldc2,128,128,universal,original,6,48356.250,7.367,1.000000,1.000000,1.000000,4.733051,4.436207,5.152356,0.991211,0.962411,1.010882
ldc2,128,128,universal,selected64,6,48015.625,9.567,1.004361,0.989246,1.068979,4.733236,4.413218,4.819884,0.995941,0.987270,1.028797
ldc2,128,128,universal,vector16store,6,47996.875,9.831,1.008869,0.989235,1.039057,4.693068,4.484483,4.958683,1.000000,1.000000,1.000000
ldc2,128,128,universal,cpp-approved-execution,6,10209.375,11.693,4.733051,4.436207,5.152356,1.000000,1.000000,1.000000,4.693068,4.484483,4.958683
ldc2,129,1,contiguous,original,6,42.003,73.697,1.000000,1.000000,1.000000,2.435492,2.384615,2.445194,1.025354,1.003448,1.065476
ldc2,129,1,contiguous,selected64,6,43.282,77.771,0.976980,0.956720,1.004896,2.472730,2.420290,2.544928,1.018663,0.969354,1.042840
ldc2,129,1,contiguous,vector16store,6,43.676,68.169,0.975372,0.938547,0.996564,2.474327,2.453626,2.594203,1.000000,1.000000,1.000000
ldc2,129,1,contiguous,cpp-approved-execution,6,17.224,73.143,2.435492,2.384615,2.445194,1.000000,1.000000,1.000000,2.474327,2.453626,2.594203
ldc2,129,1,negative-both,original,6,76.969,58.951,1.000000,1.000000,1.000000,3.259999,3.226415,3.782427,0.991065,0.872235,1.011328
ldc2,129,1,negative-both,selected64,6,78.002,53.628,0.995741,0.836263,1.028037,3.241235,3.202721,4.523013,0.996707,0.729417,1.009973
ldc2,129,1,negative-both,vector16store,6,76.993,57.143,1.009019,0.988799,1.146481,3.259964,3.193966,3.299163,1.000000,1.000000,1.000000
ldc2,129,1,negative-both,cpp-approved-execution,6,23.499,56.754,3.259999,3.226415,3.782427,1.000000,1.000000,1.000000,3.259964,3.193966,3.299163
ldc2,129,1,negative-source,original,6,77.682,57.840,1.000000,1.000000,1.000000,3.229741,3.218623,3.284741,1.011504,1.001232,1.118239
ldc2,129,1,negative-source,selected64,6,77.928,58.983,0.995579,0.987305,1.013741,3.240939,3.189243,3.326975,1.012680,0.991810,1.111250
ldc2,129,1,negative-source,vector16store,6,79.208,56.477,0.988629,0.894263,0.998769,3.284036,3.237052,3.599190,1.000000,1.000000,1.000000
ldc2,129,1,negative-source,cpp-approved-execution,6,23.942,55.293,3.229741,3.218623,3.284741,1.000000,1.000000,1.000000,3.284036,3.237052,3.599190
ldc2,129,1,padded,original,6,45.719,66.308,1.000000,1.000000,1.000000,1.952098,1.934066,1.991667,1.008696,0.978471,1.155858
ldc2,129,1,padded,selected64,6,45.103,70.049,1.000569,0.924565,1.037989,1.935149,1.892178,2.154167,1.015216,0.973702,1.068665
ldc2,129,1,padded,vector16store,6,45.719,63.402,0.991380,0.865158,1.022002,1.957848,1.921776,2.302083,1.000000,1.000000,1.000000
ldc2,129,1,padded,cpp-approved-execution,6,23.401,64.774,1.952098,1.934066,1.991667,1.000000,1.000000,1.000000,1.957848,1.921776,2.302083
ldc2,129,1,repeated-source,original,6,42.815,4.253,1.000000,1.000000,1.000000,1.853763,1.847280,1.888172,1.016034,0.997722,1.063953
ldc2,129,1,repeated-source,selected64,6,42.790,5.060,1.005765,0.955556,1.025701,1.843380,1.836820,1.935484,1.021891,1.016667,1.040650
ldc2,129,1,repeated-source,vector16store,6,44.144,4.459,0.984220,0.939891,1.002283,1.882796,1.878661,1.967742,1.000000,1.000000,1.000000
ldc2,129,1,repeated-source,cpp-approved-execution,6,22.884,3.226,1.853763,1.847280,1.888172,1.000000,1.000000,1.000000,1.882796,1.878661,1.967742
ldc2,129,1,universal,original,6,468.209,8.030,1.000000,1.000000,1.000000,5.388748,4.923438,5.517262,0.981937,0.963029,1.143129
ldc2,129,1,universal,selected64,6,457.456,7.412,1.023936,0.986172,1.065393,5.305901,4.822396,5.427829,1.020601,0.952558,1.167081
ldc2,129,1,universal,vector16store,6,465.723,19.781,1.018397,0.874792,1.038391,5.372116,5.170323,5.628125,1.000000,1.000000,1.000000
ldc2,129,1,universal,cpp-approved-execution,6,87.082,15.202,5.388748,4.923438,5.517262,1.000000,1.000000,1.000000,5.372116,5.170323,5.628125
ldc2,129,17,contiguous,original,6,320.588,11.533,1.000000,1.000000,1.000000,1.354354,1.313167,1.378007,1.000000,0.992519,1.024194
ldc2,129,17,contiguous,selected64,6,322.269,9.909,1.001359,0.992208,1.017241,1.356079,1.309609,1.371134,1.000106,0.992208,1.024194
ldc2,129,17,contiguous,vector16store,6,320.588,11.271,1.000000,0.976378,1.007538,1.355241,1.313167,1.385455,1.000000,1.000000,1.000000
ldc2,129,17,contiguous,cpp-approved-execution,6,236.555,10.657,1.354354,1.313167,1.378007,1.000000,1.000000,1.000000,1.355241,1.313167,1.385455
ldc2,129,17,negative-both,original,6,927.311,7.793,1.000000,1.000000,1.000000,2.731455,2.203810,2.776156,1.003432,0.983666,1.063959
ldc2,129,17,negative-both,selected64,6,921.008,7.573,1.009370,0.975410,1.036689,2.707937,2.182857,2.751880,1.012163,0.987250,1.074171
ldc2,129,17,negative-both,vector16store,6,921.849,13.400,0.996642,0.939886,1.016605,2.710248,2.344762,2.807786,1.000000,1.000000,1.000000
ldc2,129,17,negative-both,cpp-approved-execution,6,339.496,31.188,2.731455,2.203810,2.776156,1.000000,1.000000,1.000000,2.710248,2.344762,2.807786
ldc2,129,17,negative-source,original,6,915.546,3.947,1.000000,1.000000,1.000000,2.730476,2.657831,2.782723,0.999994,0.977422,1.060743
ldc2,129,17,negative-source,selected64,6,921.849,7.019,1.006494,0.963229,1.024085,2.724310,2.655422,2.766749,1.000950,0.982063,1.061706
ldc2,129,17,negative-source,vector16store,6,921.429,11.947,1.000027,0.942735,1.023099,2.725619,2.696970,2.819277,1.000000,1.000000,1.000000
ldc2,129,17,negative-source,cpp-approved-execution,6,336.975,8.229,2.730476,2.657831,2.782723,1.000000,1.000000,1.000000,2.725619,2.696970,2.819277
ldc2,129,17,padded,original,6,374.790,46.188,1.000000,1.000000,1.000000,1.123414,1.111111,1.505910,1.001078,0.722135,1.002320
ldc2,129,17,padded,selected64,6,370.588,11.791,1.001139,0.995708,1.318841,1.118702,1.099502,1.141844,1.002275,0.952381,1.015837
ldc2,129,17,padded,vector16store,6,373.950,7.416,0.998925,0.997685,1.384783,1.116012,1.087470,1.130890,1.000000,1.000000,1.000000
ldc2,129,17,padded,cpp-approved-execution,6,335.294,10.276,1.123414,1.111111,1.505910,1.000000,1.000000,1.000000,1.116012,1.087470,1.130890
ldc2,129,17,repeated-source,original,6,368.487,9.806,1.000000,1.000000,1.000000,1.109191,1.093596,1.121762,1.001126,0.989293,1.008696
ldc2,129,17,repeated-source,selected64,6,368.487,8.438,1.003365,1.000000,1.015217,1.104103,1.093596,1.116580,1.002337,1.000000,1.013100
ldc2,129,17,repeated-source,vector16store,6,369.328,9.101,0.998876,0.991379,1.010823,1.108545,1.096059,1.118072,1.000000,1.000000,1.000000
ldc2,129,17,repeated-source,cpp-approved-execution,6,335.294,9.273,1.109191,1.093596,1.121762,1.000000,1.000000,1.000000,1.108545,1.096059,1.118072
ldc2,129,17,universal,original,6,6663.025,6.798,1.000000,1.000000,1.000000,4.791365,4.630359,4.888364,0.987815,0.978371,1.024007
ldc2,129,17,universal,selected64,6,6602.101,7.472,1.004837,0.984600,1.047728,4.755305,4.665682,4.839369,1.006297,0.972896,1.025066
ldc2,129,17,universal,vector16store,6,6589.916,8.301,1.012336,0.976556,1.022107,4.781028,4.575319,4.908294,1.000000,1.000000,1.000000
ldc2,129,17,universal,cpp-approved-execution,6,1400.000,6.182,4.791365,4.630359,4.888364,1.000000,1.000000,1.000000,4.781028,4.575319,4.908294
ldc2,129,128,contiguous,original,6,2366.667,44.789,1.000000,1.000000,1.000000,1.090690,1.080268,1.128806,0.988700,0.966805,1.003096
ldc2,129,128,contiguous,selected64,6,2366.667,46.197,1.000000,0.972752,1.024931,1.083731,1.077612,1.140515,0.992980,0.956879,1.003096
ldc2,129,128,contiguous,vector16store,6,2340.000,40.456,1.011462,0.996914,1.034335,1.081320,1.068657,1.091335,1.000000,1.000000,1.000000
ldc2,129,128,contiguous,cpp-approved-execution,6,2170.000,39.324,1.090690,1.080268,1.128806,1.000000,1.000000,1.000000,1.081320,1.068657,1.091335
ldc2,129,128,negative-both,original,6,5946.667,15.919,1.000000,1.000000,1.000000,2.514652,2.384615,2.760989,1.002811,0.934328,1.020022
ldc2,129,128,negative-both,selected64,6,6003.333,7.329,0.995557,0.971892,1.059009,2.539001,2.453581,2.607143,0.992864,0.978507,1.005663
ldc2,129,128,negative-both,vector16store,6,5996.667,8.227,0.997197,0.980371,1.070288,2.517402,2.432361,2.579670,1.000000,1.000000,1.000000
ldc2,129,128,negative-both,cpp-approved-execution,6,2376.667,8.415,2.514652,2.384615,2.760989,1.000000,1.000000,1.000000,2.517402,2.432361,2.579670
ldc2,129,128,negative-source,original,6,5903.333,3.388,1.000000,1.000000,1.000000,2.525982,2.353562,2.543103,1.005609,0.998871,1.055367
ldc2,129,128,negative-source,selected64,6,5926.667,8.549,0.998280,0.940489,1.002262,2.530334,2.353562,2.704023,1.000004,0.992561,1.024277
ldc2,129,128,negative-source,vector16store,6,5926.667,5.512,0.994433,0.947537,1.001130,2.535051,2.350923,2.683908,1.000000,1.000000,1.000000
ldc2,129,128,negative-source,cpp-approved-execution,6,2330.000,10.587,2.525982,2.353562,2.543103,1.000000,1.000000,1.000000,2.535051,2.350923,2.683908
ldc2,129,128,padded,original,6,2183.333,25.344,1.000000,1.000000,1.000000,0.939130,0.906417,1.115385,1.001511,0.879310,1.020649
ldc2,129,128,padded,selected64,6,2193.333,7.903,0.998462,0.976945,1.163324,0.939130,0.927807,0.959654,0.998559,0.996923,1.022923
ldc2,129,128,padded,vector16store,6,2186.667,10.366,0.998494,0.979769,1.137255,0.939130,0.925134,0.980769,1.000000,1.000000,1.000000
ldc2,129,128,padded,cpp-approved-execution,6,2306.667,8.382,0.939130,0.906417,1.115385,1.000000,1.000000,1.000000,0.939130,0.925134,0.980769
ldc2,129,128,repeated-source,original,6,2230.000,13.752,1.000000,1.000000,1.000000,0.932408,0.906077,0.941504,0.998437,0.972678,1.017751
ldc2,129,128,repeated-source,selected64,6,2183.333,11.603,1.007627,1.000000,1.043210,0.917443,0.902507,0.933518,1.000000,0.994413,1.061728
ldc2,129,128,repeated-source,vector16store,6,2216.667,11.128,1.001567,0.982558,1.028090,0.924291,0.905852,0.958217,1.000000,1.000000,1.000000
ldc2,129,128,repeated-source,cpp-approved-execution,6,2400.000,13.333,0.932408,0.906077,0.941504,1.000000,1.000000,1.000000,0.924291,0.905852,0.958217
ldc2,129,128,universal,original,6,49113.333,10.140,1.000000,1.000000,1.000000,4.787507,4.616770,4.908745,0.987466,0.948826,1.022463
ldc2,129,128,universal,selected64,6,49220.000,10.592,1.004182,0.982702,1.030196,4.761718,4.611180,4.873891,0.992912,0.941623,1.029775
ldc2,129,128,universal,vector16store,6,47996.667,13.529,1.012694,0.978030,1.053934,4.686158,4.521118,5.019011,1.000000,1.000000,1.000000
ldc2,129,128,universal,cpp-approved-execution,6,10356.667,8.948,4.787507,4.616770,4.908745,1.000000,1.000000,1.000000,4.686158,4.521118,5.019011
ldc2,255,1,contiguous,original,6,59.193,7.560,1.000000,1.000000,1.000000,1.796353,1.763689,1.805797,1.015228,1.004959,1.025682
ldc2,255,1,contiguous,selected64,6,59.047,7.249,0.998371,0.988294,1.008333,1.800933,1.769452,1.817629,1.011726,1.005017,1.027331
ldc2,255,1,contiguous,vector16store,6,59.679,8.150,0.985003,0.974961,0.995066,1.823708,1.783862,1.852174,1.000000,1.000000,1.000000
ldc2,255,1,contiguous,cpp-approved-execution,6,33.171,7.331,1.796353,1.763689,1.805797,1.000000,1.000000,1.000000,1.823708,1.783862,1.852174
ldc2,255,1,negative-both,original,6,121.304,44.587,1.000000,1.000000,1.000000,2.883453,2.786499,2.957746,0.998364,0.973810,1.028712
ldc2,255,1,negative-both,selected64,6,121.595,36.240,0.997615,0.995915,1.058438,2.875587,2.632653,2.967136,1.005205,0.970728,1.035182
ldc2,255,1,negative-both,vector16store,6,121.936,40.606,1.001717,0.972089,1.026895,2.884136,2.725275,2.943662,1.000000,1.000000,1.000000
ldc2,255,1,negative-both,cpp-approved-execution,6,41.537,49.415,2.883453,2.786499,2.957746,1.000000,1.000000,1.000000,2.884136,2.725275,2.943662
ldc2,255,1,negative-source,original,6,118.774,6.061,1.000000,1.000000,1.000000,2.875861,2.858447,2.944578,1.002090,0.981178,1.021565
ldc2,255,1,negative-source,selected64,6,118.969,8.095,0.999150,0.987382,1.016253,2.873911,2.869565,2.942169,1.004093,0.981982,1.008675
ldc2,255,1,negative-source,vector16store,6,118.045,8.488,0.997934,0.978890,1.019183,2.885893,2.881007,2.920091,1.000000,1.000000,1.000000
ldc2,255,1,negative-source,cpp-approved-execution,6,40.905,7.372,2.875861,2.858447,2.944578,1.000000,1.000000,1.000000,2.885893,2.881007,2.920091
ldc2,255,1,padded,original,6,59.241,7.389,1.000000,1.000000,1.000000,1.462651,1.453089,1.483173,1.011259,1.004862,1.019835
ldc2,255,1,padded,selected64,6,59.728,7.166,0.994208,0.985342,1.004886,1.476535,1.457666,1.479518,1.006372,1.000000,1.009772
ldc2,255,1,padded,vector16store,6,59.971,7.137,0.988866,0.980551,0.995161,1.481928,1.469108,1.490385,1.000000,1.000000,1.000000
ldc2,255,1,padded,cpp-approved-execution,6,40.370,7.711,1.462651,1.453089,1.483173,1.000000,1.000000,1.000000,1.481928,1.469108,1.490385
ldc2,255,1,repeated-source,original,6,61.625,21.626,1.000000,1.000000,1.000000,1.480129,1.464692,1.714943,1.009552,0.869973,1.016026
ldc2,255,1,repeated-source,selected64,6,63.716,21.985,0.977151,0.940909,1.015083,1.517427,1.476526,1.777011,0.976762,0.839586,1.007949
ldc2,255,1,repeated-source,vector16store,6,62.305,6.870,0.990550,0.984227,1.149461,1.488710,1.473804,1.512019,1.000000,1.000000,1.000000
ldc2,255,1,repeated-source,cpp-approved-execution,6,41.877,7.666,1.480129,1.464692,1.714943,1.000000,1.000000,1.000000,1.488710,1.473804,1.512019
ldc2,255,1,universal,original,6,827.724,6.687,1.000000,1.000000,1.000000,5.176987,5.140403,5.242012,0.995197,0.977676,1.010603
ldc2,255,1,universal,selected64,6,823.395,5.836,1.015121,0.987394,1.036019,5.103234,5.047393,5.229478,1.009026,0.989227,1.029225
ldc2,255,1,universal,vector16store,6,823.152,5.897,1.004832,0.989508,1.022834,5.169735,5.086361,5.213930,1.000000,1.000000,1.000000
ldc2,255,1,universal,cpp-approved-execution,6,159.874,5.111,5.176987,5.140403,5.242012,1.000000,1.000000,1.000000,5.169735,5.086361,5.213930
ldc2,255,17,contiguous,original,6,618.333,53.908,1.000000,1.000000,1.000000,1.312390,1.309609,1.394015,1.000000,0.890877,1.002725
ldc2,255,17,contiguous,selected64,6,617.500,31.039,1.001397,0.997283,1.181818,1.311928,1.179551,1.314286,1.000000,0.997290,1.052854
ldc2,255,17,contiguous,vector16store,6,616.667,37.568,1.000000,0.997283,1.122490,1.311054,1.241895,1.315018,1.000000,1.000000,1.000000
ldc2,255,17,contiguous,cpp-approved-execution,6,471.667,45.230,1.312390,1.309609,1.394015,1.000000,1.000000,1.000000,1.311054,1.241895,1.315018
ldc2,255,17,negative-both,original,6,1700.833,20.088,1.000000,1.000000,1.000000,2.586171,2.523573,2.842105,0.993902,0.969667,1.008138
ldc2,255,17,negative-both,selected64,6,1690.833,7.196,1.010310,0.996146,1.172754,2.522333,2.423445,2.595000,1.000000,0.976378,1.169793
ldc2,255,17,negative-both,vector16store,6,1674.167,19.313,1.006149,0.991927,1.031282,2.541787,2.461538,2.834928,1.000000,1.000000,1.000000
ldc2,255,17,negative-both,cpp-approved-execution,6,669.167,9.714,2.586171,2.523573,2.842105,1.000000,1.000000,1.000000,2.541787,2.461538,2.834928
ldc2,255,17,negative-source,original,6,1671.667,8.275,1.000000,1.000000,1.000000,2.536963,2.508728,2.645320,1.012447,0.961825,1.050454
ldc2,255,17,negative-source,selected64,6,1710.833,6.137,1.005051,0.954764,1.031700,2.572543,2.519802,2.630380,1.004396,0.952839,1.064417
ldc2,255,17,negative-source,vector16store,6,1714.167,4.959,0.987747,0.951969,1.039690,2.566432,2.506329,2.682990,1.000000,1.000000,1.000000
ldc2,255,17,negative-source,cpp-approved-execution,6,663.333,5.779,2.536963,2.508728,2.645320,1.000000,1.000000,1.000000,2.566432,2.506329,2.682990
ldc2,255,17,padded,original,6,676.667,43.596,1.000000,1.000000,1.000000,1.003900,0.763908,1.009975,1.002430,0.980247,1.044405
ldc2,255,17,padded,selected64,6,685.000,44.039,1.000000,0.959716,1.002597,1.002597,0.767978,1.052369,1.003638,0.940758,1.038869
ldc2,255,17,padded,vector16store,6,670.833,49.938,0.997575,0.957483,1.020151,0.998909,0.797829,1.009901,1.000000,1.000000,1.000000
ldc2,255,17,padded,cpp-approved-execution,6,670.833,87.702,1.003900,0.763908,1.009975,1.000000,1.000000,1.000000,0.998909,0.797829,1.009901
ldc2,255,17,repeated-source,original,6,650.000,14.615,1.000000,1.000000,1.000000,0.997396,0.925581,1.038647,1.003529,0.965116,1.026178
ldc2,255,17,repeated-source,selected64,6,651.667,14.834,0.998747,0.986079,1.069652,0.993510,0.927907,1.031100,1.007519,0.993039,1.032338
ldc2,255,17,repeated-source,vector16store,6,664.167,13.802,0.996495,0.974490,1.036145,1.001208,0.941860,1.023923,1.000000,1.000000,1.000000
ldc2,255,17,repeated-source,cpp-approved-execution,6,666.667,14.250,0.997396,0.925581,1.038647,1.000000,1.000000,1.000000,1.001208,0.941860,1.023923
ldc2,255,17,universal,original,6,13210.833,7.178,1.000000,1.000000,1.000000,4.939270,4.788177,5.102122,0.974006,0.958799,1.016711
ldc2,255,17,universal,selected64,6,13014.167,15.342,1.028773,0.968573,1.058904,4.887370,4.610837,5.044100,0.998963,0.984759,1.015277
ldc2,255,17,universal,vector16store,6,12990.000,12.292,1.026688,0.983563,1.042971,4.894178,4.666256,4.967223,1.000000,1.000000,1.000000
ldc2,255,17,universal,cpp-approved-execution,6,2713.333,10.442,4.939270,4.788177,5.102122,1.000000,1.000000,1.000000,4.894178,4.666256,4.967223
ldc2,255,128,contiguous,original,6,4375.000,6.000,1.000000,1.000000,1.000000,1.078854,0.994536,1.095847,1.001429,0.994286,1.017493
ldc2,255,128,contiguous,selected64,6,4418.750,14.710,0.980385,0.905473,1.000000,1.096055,1.079268,1.127796,0.991501,0.905473,0.994536
ldc2,255,128,contiguous,vector16store,6,4375.000,6.286,0.998575,0.982808,1.005747,1.082330,0.994536,1.099698,1.000000,1.000000,1.000000
ldc2,255,128,contiguous,cpp-approved-execution,6,4075.000,16.258,1.078854,0.994536,1.095847,1.000000,1.000000,1.000000,1.082330,0.994536,1.099698
ldc2,255,128,negative-both,original,6,11706.250,5.553,1.000000,1.000000,1.000000,2.376467,2.205950,2.463542,1.000543,0.988372,1.023454
ldc2,255,128,negative-both,selected64,6,11625.000,40.108,1.000007,0.750779,1.022703,2.400079,2.329923,2.938215,0.999451,0.754673,1.026738
ldc2,255,128,negative-both,vector16store,6,11687.500,6.310,0.999458,0.977083,1.011765,2.377746,2.217391,2.455243,1.000000,1.000000,1.000000
ldc2,255,128,negative-both,cpp-approved-execution,6,4887.500,13.555,2.376467,2.205950,2.463542,1.000000,1.000000,1.000000,2.377746,2.217391,2.455243
ldc2,255,128,negative-source,original,6,11518.750,3.798,1.000000,1.000000,1.000000,2.355242,2.210402,2.398438,1.001625,0.997828,1.322995
ldc2,255,128,negative-source,selected64,6,11518.750,8.030,1.000000,0.959959,1.001087,2.353963,2.285360,2.395833,1.002169,0.998913,1.270021
ldc2,255,128,negative-source,vector16store,6,11543.750,36.492,0.998380,0.755861,1.002176,2.370999,2.305211,2.924350,1.000000,1.000000,1.000000
ldc2,255,128,negative-source,cpp-approved-execution,6,4868.750,10.270,2.355242,2.210402,2.398438,1.000000,1.000000,1.000000,2.370999,2.305211,2.924350
ldc2,255,128,padded,original,6,4425.000,38.983,1.000000,1.000000,1.000000,0.923537,0.880074,0.978892,1.002837,0.735849,1.032345
ldc2,255,128,padded,selected64,6,4381.250,5.706,1.001479,0.983240,1.362857,0.924281,0.645756,0.927083,1.002833,0.994413,1.091168
ldc2,255,128,padded,vector16store,6,4418.750,12.730,0.997171,0.968668,1.358974,0.923490,0.647601,1.010554,1.000000,1.000000,1.000000
ldc2,255,128,padded,cpp-approved-execution,6,4768.750,46.134,0.923537,0.880074,0.978892,1.000000,1.000000,1.000000,0.923490,0.647601,1.010554
ldc2,255,128,repeated-source,original,6,4387.500,70.085,1.000000,1.000000,1.000000,0.918365,0.903876,0.960298,1.009831,1.000000,1.043928
ldc2,255,128,repeated-source,selected64,6,4462.500,66.106,1.000000,0.962466,1.017452,0.918919,0.888372,0.970223,1.004407,0.978552,1.054101
ldc2,255,128,repeated-source,vector16store,6,4425.000,75.424,0.990310,0.957921,1.000000,0.931462,0.910811,1.002481,1.000000,1.000000,1.000000
ldc2,255,128,repeated-source,cpp-approved-execution,6,4750.000,72.368,0.918365,0.903876,0.960298,1.000000,1.000000,1.000000,0.931462,0.910811,1.002481
ldc2,255,128,universal,original,6,96137.500,9.232,1.000000,1.000000,1.000000,4.678981,4.248401,5.073171,1.002056,0.984387,1.068632
ldc2,255,128,universal,selected64,6,94956.250,20.496,1.005313,0.912735,1.019769,4.680943,4.532171,5.046803,1.004084,0.975378,1.014480
ldc2,255,128,universal,vector16store,6,95293.750,17.197,0.997964,0.935776,1.015860,4.665422,4.539979,5.063283,1.000000,1.000000,1.000000
ldc2,255,128,universal,cpp-approved-execution,6,20125.000,22.298,4.678981,4.248401,5.073171,1.000000,1.000000,1.000000,4.665422,4.539979,5.063283
ldc2,256,1,contiguous,original,6,55.273,55.300,1.000000,1.000000,1.000000,1.936547,1.861171,1.947917,1.016321,0.995338,1.027027
ldc2,256,1,contiguous,selected64,6,55.371,54.145,0.996368,0.985025,1.003578,1.945062,1.854664,1.957655,1.011298,0.998830,1.014311
ldc2,256,1,contiguous,vector16store,6,56.055,52.265,0.983941,0.973684,1.004684,1.969121,1.852495,1.980456,1.000000,1.000000,1.000000
ldc2,256,1,contiguous,cpp-approved-execution,6,28.467,61.750,1.936547,1.861171,1.947917,1.000000,1.000000,1.000000,1.969121,1.852495,1.980456
ldc2,256,1,negative-both,original,6,132.275,44.592,1.000000,1.000000,1.000000,3.216777,3.074879,3.871495,1.006741,0.904647,1.028736
ldc2,256,1,negative-both,selected64,6,145.312,31.720,0.985374,0.839060,1.034169,3.326832,3.053913,3.953271,0.951346,0.863171,1.038724
ldc2,256,1,negative-both,vector16store,6,132.910,44.159,0.993310,0.972067,1.105404,3.190358,3.115942,3.502336,1.000000,1.000000,1.000000
ldc2,256,1,negative-both,cpp-approved-execution,6,40.967,43.623,3.216777,3.074879,3.871495,1.000000,1.000000,1.000000,3.190358,3.115942,3.502336
ldc2,256,1,negative-source,original,6,120.068,56.852,1.000000,1.000000,1.000000,3.129806,3.096939,3.263027,0.997560,0.934232,1.011532
ldc2,256,1,negative-source,selected64,6,121.436,50.181,0.994897,0.959684,1.038634,3.116314,3.042589,3.292804,0.987012,0.952524,1.005882
ldc2,256,1,negative-source,vector16store,6,119.824,46.047,1.002612,0.988599,1.070398,3.132010,2.952300,3.136476,1.000000,1.000000,1.000000
ldc2,256,1,negative-source,cpp-approved-execution,6,38.281,54.592,3.129806,3.096939,3.263027,1.000000,1.000000,1.000000,3.132010,2.952300,3.136476
ldc2,256,1,padded,original,6,55.811,54.418,1.000000,1.000000,1.000000,1.495979,1.470389,1.504926,1.017498,1.014730,1.039125
ldc2,256,1,padded,selected64,6,56.104,53.438,0.994652,0.993056,1.001152,1.504021,1.468697,1.514778,1.011586,1.008130,1.040323
ldc2,256,1,padded,vector16store,6,56.787,57.782,0.982803,0.962348,0.985484,1.523174,1.520107,1.527919,1.000000,1.000000,1.000000
ldc2,256,1,padded,cpp-approved-execution,6,37.305,57.068,1.495979,1.470389,1.504926,1.000000,1.000000,1.000000,1.523174,1.520107,1.527919
ldc2,256,1,repeated-source,original,6,58.936,10.605,1.000000,1.000000,1.000000,1.504446,1.497382,1.535714,1.012683,0.991736,1.017483
ldc2,256,1,repeated-source,selected64,6,57.764,9.298,1.003957,0.986301,1.020339,1.504367,1.475124,1.524804,1.013333,0.996575,1.035593
ldc2,256,1,repeated-source,vector16store,6,59.131,9.909,0.987480,0.982818,1.008333,1.524492,1.492537,1.558673,1.000000,1.000000,1.000000
ldc2,256,1,repeated-source,cpp-approved-execution,6,38.770,9.572,1.504446,1.497382,1.535714,1.000000,1.000000,1.000000,1.524492,1.492537,1.558673
ldc2,256,1,universal,original,6,829.541,12.220,1.000000,1.000000,1.000000,5.139657,4.862780,5.356383,0.982438,0.958824,1.006930
ldc2,256,1,universal,selected64,6,813.574,8.174,1.013727,0.993477,1.044260,5.094904,4.830189,5.197991,0.997566,0.954241,1.033285
ldc2,256,1,universal,vector16store,6,822.754,12.439,1.017928,0.993118,1.042945,5.051288,4.829800,5.199029,1.000000,1.000000,1.000000
ldc2,256,1,universal,cpp-approved-execution,6,163.086,14.970,5.139657,4.862780,5.356383,1.000000,1.000000,1.000000,5.051288,4.829800,5.199029
ldc2,256,17,contiguous,original,6,640.833,37.711,1.000000,1.000000,1.000000,1.281250,1.107865,1.290429,0.998721,0.963489,1.002874
ldc2,256,17,contiguous,selected64,6,637.500,25.882,1.005168,0.994286,1.100446,1.280158,1.006742,1.286765,1.005309,0.997143,1.060268
ldc2,256,17,contiguous,vector16store,6,640.000,32.812,1.001282,0.997135,1.037895,1.284401,1.067416,1.287129,1.000000,1.000000,1.000000
ldc2,256,17,contiguous,cpp-approved-execution,6,497.500,57.956,1.281250,1.107865,1.290429,1.000000,1.000000,1.000000,1.284401,1.067416,1.287129
ldc2,256,17,negative-both,original,6,1679.167,5.558,1.000000,1.000000,1.000000,2.799157,2.760108,2.805634,0.998985,0.996198,1.023438
ldc2,256,17,negative-both,selected64,6,1686.667,5.435,1.002508,0.978032,1.005736,2.794161,2.786517,2.828652,1.001460,1.000955,1.003972
ldc2,256,17,negative-both,vector16store,6,1691.667,5.419,1.001020,0.977099,1.003817,2.798317,2.789326,2.839888,1.000000,1.000000,1.000000
ldc2,256,17,negative-both,cpp-approved-execution,6,600.000,5.556,2.799157,2.760108,2.805634,1.000000,1.000000,1.000000,2.798317,2.789326,2.839888
ldc2,256,17,negative-source,original,6,1702.500,7.930,1.000000,1.000000,1.000000,2.802211,2.721448,2.835655,1.020948,0.995088,1.067713
ldc2,256,17,negative-source,selected64,6,1776.667,12.477,0.987080,0.925522,1.009298,2.832445,2.696379,3.058333,1.001471,0.932781,1.035339
ldc2,256,17,negative-source,vector16store,6,1755.833,9.018,0.979501,0.936581,1.004936,2.837179,2.766017,3.022222,1.000000,1.000000,1.000000
ldc2,256,17,negative-source,cpp-approved-execution,6,604.167,5.793,2.802211,2.721448,2.835655,1.000000,1.000000,1.000000,2.837179,2.766017,3.022222
ldc2,256,17,padded,original,6,658.333,33.924,1.000000,1.000000,1.000000,1.086216,0.911032,1.095506,1.001323,0.995000,1.050781
ldc2,256,17,padded,selected64,6,659.167,34.387,0.998054,0.992366,1.005025,1.085263,0.914591,1.103933,1.001323,0.989822,1.046693
ldc2,256,17,padded,vector16store,6,655.833,40.661,0.998681,0.951673,1.005025,1.086696,0.957295,1.092697,1.000000,1.000000,1.000000
ldc2,256,17,padded,cpp-approved-execution,6,601.667,59.557,1.086216,0.911032,1.095506,1.000000,1.000000,1.000000,1.086696,0.957295,1.092697
ldc2,256,17,repeated-source,original,6,672.500,10.905,1.000000,1.000000,1.000000,1.075709,1.048991,1.096774,1.000000,0.950372,1.024725
ldc2,256,17,repeated-source,selected64,6,671.667,9.677,1.000000,0.975871,1.002681,1.076234,1.068768,1.107527,1.001241,0.950372,1.004914
ldc2,256,17,repeated-source,vector16store,6,655.833,9.149,1.000000,0.975871,1.052219,1.077042,1.024064,1.094086,1.000000,1.000000,1.000000
ldc2,256,17,repeated-source,cpp-approved-execution,6,621.667,8.579,1.075709,1.048991,1.096774,1.000000,1.000000,1.000000,1.077042,1.024064,1.094086
ldc2,256,17,universal,original,6,13165.000,12.141,1.000000,1.000000,1.000000,4.837472,4.550651,5.082684,1.004181,0.971590,1.029719
ldc2,256,17,universal,selected64,6,13099.167,11.082,1.008328,0.995326,1.015442,4.832042,4.491794,5.005392,1.001875,0.986593,1.041227
ldc2,256,17,universal,vector16store,6,13024.167,10.660,0.995836,0.971139,1.029240,4.857694,4.434635,5.060350,1.000000,1.000000,1.000000
ldc2,256,17,universal,cpp-approved-execution,6,2725.833,13.146,4.837472,4.550651,5.082684,1.000000,1.000000,1.000000,4.857694,4.434635,5.060350
ldc2,256,128,contiguous,original,6,4368.750,7.725,1.000000,1.000000,1.000000,1.052098,1.029940,1.101227,0.995763,0.956772,1.017045
ldc2,256,128,contiguous,selected64,6,4256.250,6.755,1.011561,0.985673,1.071642,1.039185,1.011696,1.069486,1.007160,0.997135,1.032836
ldc2,256,128,contiguous,vector16store,6,4337.500,7.493,1.004274,0.983240,1.045181,1.041334,1.026316,1.081571,1.000000,1.000000,1.000000
ldc2,256,128,contiguous,cpp-approved-execution,6,4106.250,7.002,1.052098,1.029940,1.101227,1.000000,1.000000,1.000000,1.041334,1.026316,1.081571
ldc2,256,128,negative-both,original,6,11500.000,11.522,1.000000,1.000000,1.000000,2.597385,2.551020,2.629412,1.001644,1.001062,1.076000
ldc2,256,128,negative-both,selected64,6,11525.000,12.798,0.998359,0.987167,1.000000,2.601667,2.584184,2.632353,1.000000,1.000000,1.062192
ldc2,256,128,negative-both,vector16store,6,11525.000,19.631,0.998359,0.929368,0.998940,2.612838,2.588235,2.744898,1.000000,1.000000,1.000000
ldc2,256,128,negative-both,cpp-approved-execution,6,4437.500,14.648,2.597385,2.551020,2.629412,1.000000,1.000000,1.000000,2.612838,2.588235,2.744898
ldc2,256,128,negative-source,original,6,12043.750,17.644,1.000000,1.000000,1.000000,2.656761,2.450575,2.787958,0.969586,0.908920,1.001064
ldc2,256,128,negative-source,selected64,6,11912.500,11.962,1.018112,0.973267,1.104663,2.645662,2.218391,2.673295,1.000000,0.923762,1.063212
ldc2,256,128,negative-source,vector16store,6,11712.500,13.874,1.031424,0.998937,1.100207,2.588550,2.358621,2.680233,1.000000,1.000000,1.000000
ldc2,256,128,negative-source,cpp-approved-execution,6,4581.250,26.194,2.656761,2.450575,2.787958,1.000000,1.000000,1.000000,2.588550,2.358621,2.680233
ldc2,256,128,padded,original,6,4218.750,20.444,1.000000,1.000000,1.000000,0.982625,0.966184,0.993994,0.998489,0.955000,1.002941
ldc2,256,128,padded,selected64,6,4212.500,21.365,1.000000,1.000000,1.009146,0.982406,0.966184,0.985423,1.000000,0.955000,1.002976
ldc2,256,128,padded,vector16store,6,4218.750,16.000,1.001515,0.997067,1.047120,0.983847,0.922705,0.988270,1.000000,1.000000,1.000000
ldc2,256,128,padded,cpp-approved-execution,6,4275.000,23.684,0.982625,0.966184,0.993994,1.000000,1.000000,1.000000,0.983847,0.922705,0.988270
ldc2,256,128,repeated-source,original,6,4493.750,36.161,1.000000,1.000000,1.000000,0.992426,0.914343,1.239669,0.981877,0.791111,1.038576
ldc2,256,128,repeated-source,selected64,6,4362.500,36.390,1.016258,1.000000,1.246537,0.975851,0.908367,0.994490,1.001441,0.962719,1.044776
ldc2,256,128,repeated-source,vector16store,6,4412.500,31.161,1.018477,0.962857,1.264045,0.983963,0.874502,1.011561,1.000000,1.000000,1.000000
ldc2,256,128,repeated-source,cpp-approved-execution,6,4468.750,46.713,0.992426,0.914343,1.239669,1.000000,1.000000,1.000000,0.983963,0.874502,1.011561
ldc2,256,128,universal,original,6,93043.750,10.210,1.000000,1.000000,1.000000,4.838246,4.630137,5.064394,1.001795,0.972825,1.035029
ldc2,256,128,universal,selected64,6,93331.250,11.090,0.996786,0.986495,1.022204,4.812334,4.595268,5.071970,1.003671,0.971372,1.021051
ldc2,256,128,universal,vector16store,6,94531.250,8.066,0.998293,0.966157,1.027934,4.832473,4.681196,4.926768,1.000000,1.000000,1.000000
ldc2,256,128,universal,cpp-approved-execution,6,19800.000,6.629,4.838246,4.630137,5.064394,1.000000,1.000000,1.000000,4.832473,4.681196,4.926768
ldc2,257,1,contiguous,original,6,58.627,18.562,1.000000,1.000000,1.000000,1.595395,1.418719,1.912181,1.012861,0.874074,1.017361
ldc2,257,1,contiguous,selected64,6,58.333,14.286,1.003507,0.998355,1.044892,1.587950,1.418719,1.830028,1.016181,0.913313,1.018644
ldc2,257,1,contiguous,vector16store,6,58.382,7.557,0.987302,0.982935,1.144068,1.600325,1.443350,1.704478,1.000000,1.000000,1.000000
ldc2,257,1,contiguous,cpp-approved-execution,6,37.010,22.517,1.595395,1.418719,1.912181,1.000000,1.000000,1.000000,1.600325,1.443350,1.704478
ldc2,257,1,negative-both,original,6,122.696,36.676,1.000000,1.000000,1.000000,3.030329,2.712605,3.079800,1.006930,0.989474,1.061958
ldc2,257,1,negative-both,selected64,6,128.676,47.086,0.945183,0.879085,0.997537,3.186493,3.037406,3.231678,0.946770,0.933551,1.003284
ldc2,257,1,negative-both,vector16store,6,123.186,43.932,0.993118,0.941657,1.010638,3.048625,2.880672,3.054374,1.000000,1.000000,1.000000
ldc2,257,1,negative-both,cpp-approved-execution,6,40.392,51.942,3.030329,2.712605,3.079800,1.000000,1.000000,1.000000,3.048625,2.880672,3.054374
ldc2,257,1,negative-source,original,6,117.696,11.329,1.000000,1.000000,1.000000,3.031623,3.027431,3.205955,1.007301,0.957430,1.031250
ldc2,257,1,negative-source,selected64,6,124.265,9.310,0.939770,0.926620,1.014129,3.225393,3.032419,3.276215,0.956882,0.935207,1.004934
ldc2,257,1,negative-source,vector16store,6,119.755,7.859,0.992752,0.969697,1.044462,3.058668,3.047382,3.122762,1.000000,1.000000,1.000000
ldc2,257,1,negative-source,cpp-approved-execution,6,38.824,7.828,3.031623,3.027431,3.205955,1.000000,1.000000,1.000000,3.058668,3.047382,3.122762
ldc2,257,1,padded,original,6,57.696,7.137,1.000000,1.000000,1.000000,1.499426,1.485788,1.539267,1.011615,1.008503,1.265239
ldc2,257,1,padded,selected64,6,57.402,8.027,1.003330,0.994810,1.035211,1.493129,1.486911,1.521197,1.017182,1.013699,1.259016
ldc2,257,1,padded,vector16store,6,58.284,30.109,0.988519,0.790365,0.991568,1.518263,1.512690,1.915212,1.000000,1.000000,1.000000
ldc2,257,1,padded,cpp-approved-execution,6,38.480,7.643,1.499426,1.485788,1.539267,1.000000,1.000000,1.000000,1.518263,1.512690,1.915212
ldc2,257,1,repeated-source,original,6,58.971,26.933,1.000000,1.000000,1.000000,1.494360,1.486486,1.660754,1.013488,0.983409,1.023140
ldc2,257,1,repeated-source,selected64,6,58.922,30.283,1.000838,0.979085,1.037559,1.488011,1.482599,1.696231,1.017809,0.988235,1.023140
ldc2,257,1,repeated-source,vector16store,6,60.098,26.427,0.986694,0.977383,1.016871,1.514511,1.512761,1.676275,1.000000,1.000000,1.000000
ldc2,257,1,repeated-source,cpp-approved-execution,6,39.608,14.604,1.494360,1.486486,1.660754,1.000000,1.000000,1.000000,1.514511,1.512761,1.676275
ldc2,257,1,universal,original,6,842.010,6.124,1.000000,1.000000,1.000000,5.156566,4.990297,5.250456,0.992962,0.961561,1.012222
ldc2,257,1,universal,selected64,6,837.059,7.309,0.996799,0.983078,1.026138,5.121228,5.049727,5.271238,0.988901,0.981266,1.003170
ldc2,257,1,universal,vector16store,6,825.784,8.607,1.007087,0.987926,1.039976,5.086919,4.955124,5.228319,1.000000,1.000000,1.000000
ldc2,257,1,universal,cpp-approved-execution,6,161.618,5.641,5.156566,4.990297,5.250456,1.000000,1.000000,1.000000,5.086919,4.955124,5.228319
ldc2,257,17,contiguous,original,6,609.167,10.397,1.000000,1.000000,1.000000,1.289286,1.285223,1.295455,1.000000,0.982456,1.005348
ldc2,257,17,contiguous,selected64,6,604.167,8.828,1.000000,0.991758,1.024931,1.289286,1.257840,1.300000,1.000000,0.991758,1.024931
ldc2,257,17,contiguous,vector16store,6,609.167,8.482,1.000000,0.994681,1.017857,1.289286,1.272727,1.292096,1.000000,1.000000,1.000000
ldc2,257,17,contiguous,cpp-approved-execution,6,472.500,9.877,1.289286,1.285223,1.295455,1.000000,1.000000,1.000000,1.289286,1.272727,1.292096
ldc2,257,17,negative-both,original,6,1710.833,12.762,1.000000,1.000000,1.000000,2.773329,2.728291,2.931034,0.998023,0.968254,1.047059
ldc2,257,17,negative-both,selected64,6,1698.333,29.637,1.002859,0.865309,1.026585,2.744380,2.724234,3.387268,0.995265,0.906030,1.052987
ldc2,257,17,negative-both,vector16store,6,1704.167,17.800,1.001990,0.955056,1.032787,2.762151,2.731070,3.068966,1.000000,1.000000,1.000000
ldc2,257,17,negative-both,cpp-approved-execution,6,613.333,7.337,2.773329,2.728291,2.931034,1.000000,1.000000,1.000000,2.762151,2.731070,3.068966
ldc2,257,17,negative-source,original,6,1652.500,42.562,1.000000,1.000000,1.000000,2.752696,2.717877,2.801724,0.999515,0.975385,1.044444
ldc2,257,17,negative-source,selected64,6,1668.333,40.559,1.002879,0.979063,1.028761,2.729697,2.685149,2.801676,1.000000,0.991027,1.074484
ldc2,257,17,negative-source,vector16store,6,1660.833,50.778,1.000488,0.957447,1.025237,2.745286,2.720670,2.885149,1.000000,1.000000,1.000000
ldc2,257,17,negative-source,cpp-approved-execution,6,603.333,43.370,2.752696,2.717877,2.801724,1.000000,1.000000,1.000000,2.745286,2.720670,2.885149
ldc2,257,17,padded,original,6,642.500,7.782,1.000000,1.000000,1.000000,1.069779,1.066092,1.070845,1.001282,1.000000,1.007634
ldc2,257,17,padded,selected64,6,641.667,7.532,1.000000,0.997312,1.002571,1.069149,1.065753,1.070225,1.000000,1.000000,1.010204
ldc2,257,17,padded,vector16store,6,643.333,7.513,0.998721,0.992424,1.000000,1.070225,1.068966,1.079019,1.000000,1.000000,1.000000
ldc2,257,17,padded,cpp-approved-execution,6,600.833,7.490,1.069779,1.066092,1.070845,1.000000,1.000000,1.000000,1.070225,1.068966,1.079019
ldc2,257,17,repeated-source,original,6,654.167,32.357,1.000000,1.000000,1.000000,1.057944,0.933333,1.063712,0.998698,0.977387,1.000000
ldc2,257,17,repeated-source,selected64,6,645.000,39.535,1.001259,0.950943,1.025773,1.055248,0.981481,1.069252,1.001259,0.935849,1.002591
ldc2,257,17,repeated-source,vector16store,6,646.667,30.670,1.001305,1.000000,1.023136,1.056700,0.918519,1.060942,1.000000,1.000000,1.000000
ldc2,257,17,repeated-source,cpp-approved-execution,6,617.500,49.393,1.057944,0.933333,1.063712,1.000000,1.000000,1.000000,1.056700,0.918519,1.060942
ldc2,257,17,universal,original,6,13089.167,8.824,1.000000,1.000000,1.000000,4.882391,4.837806,4.967489,1.002903,0.988486,1.019352
ldc2,257,17,universal,selected64,6,13069.167,7.537,1.004816,0.986829,1.016438,4.882317,4.780233,5.010152,1.007639,0.989235,1.030144
ldc2,257,17,universal,vector16store,6,13075.000,7.584,0.997106,0.981016,1.011648,4.919605,4.836710,4.956218,1.000000,1.000000,1.000000
ldc2,257,17,universal,cpp-approved-execution,6,2670.833,7.239,4.882391,4.837806,4.967489,1.000000,1.000000,1.000000,4.919605,4.836710,4.956218
ldc2,257,128,contiguous,original,6,4225.000,33.136,1.000000,1.000000,1.000000,1.039311,0.949868,1.280347,1.012023,0.884876,1.105556
ldc2,257,128,contiguous,selected64,6,4243.750,28.277,1.000000,0.918367,1.037471,1.053329,1.003030,1.234104,1.007653,0.918033,1.042296
ldc2,257,128,contiguous,vector16store,6,4318.750,19.392,0.988200,0.904523,1.130102,1.051546,1.045455,1.132948,1.000000,1.000000,1.000000
ldc2,257,128,contiguous,cpp-approved-execution,6,4068.750,19.355,1.039311,0.949868,1.280347,1.000000,1.000000,1.000000,1.051546,1.045455,1.132948
ldc2,257,128,negative-both,original,6,11631.250,44.600,1.000000,1.000000,1.000000,2.545759,2.459016,3.544474,1.001101,0.787833,1.003178
ldc2,257,128,negative-both,selected64,6,11493.750,9.570,0.999455,0.998890,1.329626,2.534554,2.461749,2.665768,1.000545,1.000000,1.047523
ldc2,257,128,negative-both,vector16store,6,11493.750,14.682,0.998900,0.996832,1.269305,2.535931,2.461749,2.792453,1.000000,1.000000,1.000000
ldc2,257,128,negative-both,cpp-approved-execution,6,4600.000,2.717,2.545759,2.459016,3.544474,1.000000,1.000000,1.000000,2.535931,2.461749,2.792453
ldc2,257,128,negative-source,original,6,11787.500,6.999,1.000000,1.000000,1.000000,2.486829,2.458549,2.560000,0.996240,0.967437,1.013699
ldc2,257,128,negative-source,selected64,6,11525.000,9.328,1.006342,0.967380,1.031419,2.476182,2.430079,2.557143,0.998917,0.980632,1.010858
ldc2,257,128,negative-source,vector16store,6,11575.000,7.235,1.003781,0.986486,1.033659,2.474346,2.391304,2.557143,1.000000,1.000000,1.000000
ldc2,257,128,negative-source,cpp-approved-execution,6,4725.000,10.847,2.486829,2.458549,2.560000,1.000000,1.000000,1.000000,2.474346,2.391304,2.557143
ldc2,257,128,padded,original,6,4318.750,10.709,1.000000,1.000000,1.000000,0.971469,0.964865,1.013736,1.002972,0.986450,1.034286
ldc2,257,128,padded,selected64,6,4306.250,8.418,1.000000,0.986188,1.039437,0.974237,0.971429,0.978378,1.002847,1.000000,1.040230
ldc2,257,128,padded,vector16store,6,4400.000,8.807,0.997037,0.966851,1.013736,0.977720,0.971429,1.014006,1.000000,1.000000,1.000000
ldc2,257,128,padded,cpp-approved-execution,6,4425.000,7.910,0.971469,0.964865,1.013736,1.000000,1.000000,1.000000,0.977720,0.971429,1.014006
ldc2,257,128,repeated-source,original,6,4218.750,10.963,1.000000,1.000000,1.000000,0.963253,0.960340,1.010959,1.002903,0.918699,1.008929
ldc2,257,128,repeated-source,selected64,6,4206.250,10.698,0.998575,0.996997,1.009009,0.964195,0.959654,1.008219,1.000000,0.921196,1.018018
ldc2,257,128,repeated-source,vector16store,6,4237.500,5.605,0.997105,0.991150,1.088496,0.965057,0.928767,0.976945,1.000000,1.000000,1.000000
ldc2,257,128,repeated-source,cpp-approved-execution,6,4375.000,5.714,0.963253,0.960340,1.010959,1.000000,1.000000,1.000000,0.965057,0.928767,0.976945
ldc2,257,128,universal,original,6,92800.000,7.152,1.000000,1.000000,1.000000,4.825149,4.717602,4.994032,0.993330,0.968530,1.022824
ldc2,257,128,universal,selected64,6,90931.250,5.691,1.010524,1.004393,1.036757,4.793630,4.696429,4.818297,1.001996,0.997250,1.027316
ldc2,257,128,universal,vector16store,6,92362.500,7.619,1.006715,0.977686,1.032492,4.799383,4.792303,4.836870,1.000000,1.000000,1.000000
ldc2,257,128,universal,cpp-approved-execution,6,19118.750,7.650,4.825149,4.717602,4.994032,1.000000,1.000000,1.000000,4.799383,4.792303,4.836870
ldc2,511,1,contiguous,original,6,90.546,4.952,1.000000,1.000000,1.000000,1.446697,1.426829,1.456522,1.006452,0.997863,1.024609
ldc2,511,1,contiguous,selected64,6,90.838,4.936,0.995650,0.993534,1.000000,1.454642,1.426829,1.462733,1.001062,0.997863,1.020045
ldc2,511,1,contiguous,vector16store,6,90.741,4.726,0.993589,0.975983,1.002141,1.464265,1.423780,1.472669,1.000000,1.000000,1.000000
ldc2,511,1,contiguous,cpp-approved-execution,6,62.573,6.542,1.446697,1.426829,1.456522,1.000000,1.000000,1.000000,1.464265,1.423780,1.472669
ldc2,511,1,negative-both,original,6,216.374,10.360,1.000000,1.000000,1.000000,2.913386,2.871859,2.992327,1.006576,0.982906,1.011374
ldc2,511,1,negative-both,selected64,6,216.862,8.629,0.997753,0.992188,1.023622,2.918995,2.894472,2.923274,1.004798,1.000921,1.007576
ldc2,511,1,negative-both,vector16store,6,217.739,8.236,0.993471,0.988754,1.017391,2.931556,2.904523,2.941176,1.000000,1.000000,1.000000
ldc2,511,1,negative-both,cpp-approved-execution,6,74.269,9.449,2.913386,2.871859,2.992327,1.000000,1.000000,1.000000,2.931556,2.904523,2.941176
ldc2,511,1,negative-source,original,6,216.667,9.357,1.000000,1.000000,1.000000,2.919134,2.909091,2.938931,1.004063,0.995690,1.020779
ldc2,511,1,negative-source,selected64,6,215.595,8.499,1.000000,0.997167,1.022124,2.917757,2.875318,2.925620,1.003641,1.000000,1.043363
ldc2,511,1,negative-source,vector16store,6,217.544,10.484,0.995953,0.979644,1.004329,2.928382,2.924051,3.000000,1.000000,1.000000,1.000000
ldc2,511,1,negative-source,cpp-approved-execution,6,74.269,8.399,2.919134,2.909091,2.938931,1.000000,1.000000,1.000000,2.928382,2.924051,3.000000
ldc2,511,1,padded,original,6,94.347,40.909,1.000000,1.000000,1.000000,1.245306,1.146341,1.251889,1.006271,1.002119,1.056231
ldc2,511,1,padded,selected64,6,93.665,45.369,0.996916,0.967647,1.016393,1.236921,1.184669,1.256927,1.003242,1.000000,1.022541
ldc2,511,1,padded,vector16store,6,94.737,47.737,0.993768,0.946763,0.997886,1.250661,1.210801,1.256927,1.000000,1.000000,1.000000
ldc2,511,1,padded,cpp-approved-execution,6,75.731,51.995,1.245306,1.146341,1.251889,1.000000,1.000000,1.000000,1.250661,1.210801,1.256927
ldc2,511,1,repeated-source,original,6,93.665,38.710,1.000000,1.000000,1.000000,1.261159,1.203810,1.273171,1.009166,1.004040,1.064873
ldc2,511,1,repeated-source,selected64,6,95.517,51.837,0.994911,0.900285,0.997984,1.274222,1.265306,1.337143,1.001008,0.958689,1.004357
ldc2,511,1,repeated-source,vector16store,6,94.347,46.488,0.990918,0.939079,0.995976,1.270669,1.265537,1.285366,1.000000,1.000000,1.000000
ldc2,511,1,repeated-source,cpp-approved-execution,6,74.464,44.764,1.261159,1.203810,1.273171,1.000000,1.000000,1.000000,1.270669,1.265537,1.285366
ldc2,511,1,universal,original,6,1575.634,9.823,1.000000,1.000000,1.000000,5.053031,4.883981,5.497758,0.996440,0.965742,1.004341
ldc2,511,1,universal,selected64,6,1589.084,6.685,1.002433,0.976433,1.027784,5.073029,4.885159,5.349135,0.995202,0.978860,1.012376
ldc2,511,1,universal,vector16store,6,1577.388,8.700,1.003586,0.995678,1.035473,5.039003,4.905183,5.309417,1.000000,1.000000,1.000000
ldc2,511,1,universal,cpp-approved-execution,6,304.288,11.275,5.053031,4.883981,5.497758,1.000000,1.000000,1.000000,5.039003,4.905183,5.309417
ldc2,511,17,contiguous,original,6,1188.333,8.415,1.000000,1.000000,1.000000,1.088059,1.070769,1.094156,0.998630,0.991826,1.000000
ldc2,511,17,contiguous,selected64,6,1185.000,7.876,1.001370,1.000000,1.011019,1.081859,1.070769,1.094156,1.000000,0.997260,1.002755
ldc2,511,17,contiguous,vector16store,6,1186.667,7.584,1.001374,1.000000,1.008242,1.083343,1.070769,1.094156,1.000000,1.000000,1.000000
ldc2,511,17,contiguous,cpp-approved-execution,6,1100.000,9.394,1.088059,1.070769,1.094156,1.000000,1.000000,1.000000,1.083343,1.070769,1.094156
ldc2,511,17,negative-both,original,6,3315.000,27.954,1.000000,1.000000,1.000000,2.694462,2.687500,2.928230,0.998466,0.918301,1.070825
ldc2,511,17,negative-both,selected64,6,3280.000,24.492,1.001033,0.976264,1.044103,2.719393,2.686486,2.837321,1.000000,0.947723,1.045408
ldc2,511,17,negative-both,vector16store,6,3310.000,18.026,1.001536,0.933860,1.088968,2.691682,2.683784,2.877841,1.000000,1.000000,1.000000
ldc2,511,17,negative-both,cpp-approved-execution,6,1206.667,18.508,2.694462,2.687500,2.928230,1.000000,1.000000,1.000000,2.691682,2.683784,2.877841
ldc2,511,17,negative-source,original,6,3258.333,97.801,1.000000,1.000000,1.000000,2.712456,2.572890,3.124795,0.996837,0.914835,1.000000
ldc2,511,17,negative-source,selected64,6,3243.333,82.323,1.003175,0.996842,1.096386,2.703868,2.572890,2.866995,1.000529,0.994737,1.008018
ldc2,511,17,negative-source,vector16store,6,3241.667,83.805,1.003175,1.000000,1.093093,2.701429,2.572890,2.889984,1.000000,1.000000,1.000000
ldc2,511,17,negative-source,cpp-approved-execution,6,1200.000,72.222,2.712456,2.572890,3.124795,1.000000,1.000000,1.000000,2.701429,2.572890,2.889984
ldc2,511,17,padded,original,6,1203.333,9.695,1.000000,1.000000,1.000000,1.009817,1.008174,1.047091,1.012032,0.997159,1.075802
ldc2,511,17,padded,selected64,6,1201.667,8.877,1.000000,0.997333,1.013405,1.008722,1.008174,1.033241,1.010667,1.000000,1.075802
ldc2,511,17,padded,vector16store,6,1231.667,10.825,0.988251,0.929539,1.002849,1.021878,1.008174,1.085294,1.000000,1.000000,1.000000
ldc2,511,17,padded,cpp-approved-execution,6,1181.667,8.463,1.009817,1.008174,1.047091,1.000000,1.000000,1.000000,1.021878,1.008174,1.085294
ldc2,511,17,repeated-source,original,6,1203.333,76.731,1.000000,1.000000,1.000000,1.002849,0.880282,1.010638,1.001404,0.990400,1.071839
ldc2,511,17,repeated-source,selected64,6,1203.333,74.515,1.000000,0.997375,1.026273,1.002817,0.857746,1.013298,1.009615,0.997375,1.097059
ldc2,511,17,repeated-source,vector16store,6,1255.000,69.854,0.998599,0.932976,1.009693,1.008136,0.871831,1.076923,1.000000,1.000000,1.000000
ldc2,511,17,repeated-source,cpp-approved-execution,6,1198.333,100.974,1.002849,0.880282,1.010638,1.000000,1.000000,1.000000,1.008136,0.871831,1.076923
ldc2,511,17,universal,original,6,25790.000,97.144,1.000000,1.000000,1.000000,5.000974,4.905010,5.084000,0.980969,0.947943,1.000663
ldc2,511,17,universal,selected64,6,25350.000,94.780,1.013608,0.998146,1.041139,4.913923,4.858503,4.986667,0.994420,0.986940,0.999860
ldc2,511,17,universal,vector16store,6,25168.333,94.404,1.019447,0.999337,1.054916,4.894296,4.795051,4.953333,1.000000,1.000000,1.000000
ldc2,511,17,universal,cpp-approved-execution,6,5188.333,93.607,5.000974,4.905010,5.084000,1.000000,1.000000,1.000000,4.894296,4.795051,4.953333
ldc2,511,128,contiguous,original,6,8962.500,67.085,1.000000,1.000000,1.000000,1.023207,1.010116,1.091080,1.002146,0.879310,1.024490
ldc2,511,128,contiguous,selected64,6,9012.500,61.997,1.000000,0.926941,1.030142,1.025611,1.019461,1.104666,0.995567,0.815068,1.028689
ldc2,511,128,contiguous,vector16store,6,8850.000,61.441,0.997863,0.976096,1.137255,1.031437,0.900378,1.054622,1.000000,1.000000,1.000000
ldc2,511,128,contiguous,cpp-approved-execution,6,8787.500,56.472,1.023207,1.010116,1.091080,1.000000,1.000000,1.000000,1.031437,0.900378,1.054622
ldc2,511,128,negative-both,original,6,23487.500,91.964,1.000000,1.000000,1.000000,2.476492,2.397190,2.602920,0.998926,0.998408,1.006450
ldc2,511,128,negative-both,selected64,6,23500.000,97.872,1.001077,0.882464,1.001630,2.489876,2.459893,2.716475,1.000000,0.881993,1.000543
ldc2,511,128,negative-both,vector16store,6,23468.750,93.369,1.001075,0.993592,1.001595,2.473175,2.395913,2.619708,1.000000,1.000000,1.000000
ldc2,511,128,negative-both,cpp-approved-execution,6,9468.750,83.168,2.476492,2.397190,2.602920,1.000000,1.000000,1.000000,2.473175,2.395913,2.619708
ldc2,511,128,negative-source,original,6,23550.000,77.442,1.000000,1.000000,1.000000,2.487797,2.475101,2.519481,1.003542,0.998369,1.040327
ldc2,511,128,negative-source,selected64,6,23518.750,84.773,1.001074,0.961236,1.001634,2.487792,2.471063,2.621085,1.000000,0.999469,1.009772
ldc2,511,128,negative-source,vector16store,6,23512.500,84.795,0.996496,0.961236,1.001634,2.495695,2.471063,2.621085,1.000000,1.000000,1.000000
ldc2,511,128,negative-source,cpp-approved-execution,6,9443.750,74.917,2.487797,2.475101,2.519481,1.000000,1.000000,1.000000,2.495695,2.471063,2.621085
ldc2,511,128,padded,original,6,8862.500,66.714,1.000000,1.000000,1.000000,0.962007,0.906905,0.966988,1.008545,0.995792,1.058156
ldc2,511,128,padded,selected64,6,8875.000,71.972,0.999292,0.969320,1.002813,0.961059,0.935609,0.975241,0.999300,0.977612,1.056657
ldc2,511,128,padded,vector16store,6,9025.000,65.097,0.991528,0.945040,1.004225,0.966703,0.914663,1.017735,1.000000,1.000000,1.000000
ldc2,511,128,padded,cpp-approved-execution,6,9212.500,76.934,0.962007,0.906905,0.966988,1.000000,1.000000,1.000000,0.966703,0.914663,1.017735
ldc2,511,128,repeated-source,original,6,8531.250,12.161,1.000000,1.000000,1.000000,0.958593,0.935302,0.984173,0.999245,0.975839,1.102256
ldc2,511,128,repeated-source,selected64,6,8518.750,9.685,1.009576,0.975073,1.028531,0.959184,0.935980,0.962373,1.008246,0.993985,1.078459
ldc2,511,128,repeated-source,vector16store,6,8800.000,13.494,1.000756,0.907231,1.024759,0.967347,0.930858,1.030942,1.000000,1.000000,1.000000
ldc2,511,128,repeated-source,cpp-approved-execution,6,8881.250,12.667,0.958593,0.935302,0.984173,1.000000,1.000000,1.000000,0.967347,0.930858,1.030942
ldc2,511,128,universal,original,6,187531.250,7.532,1.000000,1.000000,1.000000,4.849713,4.766634,4.879045,0.993352,0.970896,1.003172
ldc2,511,128,universal,selected64,6,185825.000,7.265,1.003372,0.989827,1.022202,4.827959,4.697704,4.872013,0.995190,0.971088,1.023056
ldc2,511,128,universal,vector16store,6,185062.500,7.383,1.006693,0.996838,1.029976,4.817787,4.700351,4.842915,1.000000,1.000000,1.000000
ldc2,511,128,universal,cpp-approved-execution,6,38937.500,5.233,4.849713,4.766634,4.879045,1.000000,1.000000,1.000000,4.817787,4.700351,4.842915
ldc2,512,1,contiguous,original,6,86.523,13.093,1.000000,1.000000,1.000000,1.550807,1.532872,1.643333,1.006738,0.969574,1.009029
ldc2,512,1,contiguous,selected64,6,86.621,15.784,0.994318,0.962025,1.004619,1.554353,1.536332,1.676667,1.002239,0.950298,1.009238
ldc2,512,1,contiguous,vector16store,6,87.305,9.172,0.993307,0.991051,1.031381,1.559717,1.546713,1.593750,1.000000,1.000000,1.000000
ldc2,512,1,contiguous,cpp-approved-execution,6,56.152,6.957,1.550807,1.532872,1.643333,1.000000,1.000000,1.000000,1.559717,1.546713,1.593750
ldc2,512,1,negative-both,original,6,220.312,7.713,1.000000,1.000000,1.000000,3.036894,3.021220,3.161290,1.014626,0.959184,1.073887
ldc2,512,1,negative-both,selected64,6,224.707,5.910,0.991496,0.976007,1.012755,3.077849,3.038760,3.166667,0.999209,0.957555,1.087585
ldc2,512,1,negative-both,vector16store,6,221.680,14.626,0.985615,0.931196,1.042553,3.071334,3.032258,3.304910,1.000000,1.000000,1.000000
ldc2,512,1,negative-both,cpp-approved-execution,6,72.266,6.216,3.036894,3.021220,3.161290,1.000000,1.000000,1.000000,3.071334,3.032258,3.304910
ldc2,512,1,negative-source,original,6,219.043,8.560,1.000000,1.000000,1.000000,3.034176,3.028090,3.109589,1.005802,0.983260,1.017625
ldc2,512,1,negative-source,selected64,6,216.504,7.848,1.002073,0.996488,1.024368,3.024606,2.962567,3.120548,1.010428,1.001756,1.017995
ldc2,512,1,negative-source,vector16store,6,217.871,8.158,0.994232,0.982680,1.017025,3.062281,2.983957,3.126027,1.000000,1.000000,1.000000
ldc2,512,1,negative-source,cpp-approved-execution,6,71.289,8.493,3.034176,3.028090,3.109589,1.000000,1.000000,1.000000,3.062281,2.983957,3.126027
ldc2,512,1,padded,original,6,88.477,14.128,1.000000,1.000000,1.000000,1.272099,1.266667,1.373297,1.003361,0.930556,1.013636
ldc2,512,1,padded,selected64,6,88.281,5.310,1.000000,0.995475,1.081545,1.273507,1.255556,1.278090,1.006537,1.002198,1.009050
ldc2,512,1,padded,vector16store,6,88.965,5.488,0.996651,0.986547,1.074627,1.280219,1.263889,1.285303,1.000000,1.000000,1.000000
ldc2,512,1,padded,cpp-approved-execution,6,69.434,5.626,1.272099,1.266667,1.373297,1.000000,1.000000,1.000000,1.280219,1.263889,1.285303
ldc2,512,1,repeated-source,original,6,93.652,18.352,1.000000,1.000000,1.000000,1.269827,1.242188,1.470588,1.008460,0.872727,1.010823
ldc2,512,1,repeated-source,selected64,6,93.164,5.451,1.000000,0.993814,1.153040,1.272335,1.242188,1.276316,1.007455,1.002062,1.010482
ldc2,512,1,repeated-source,vector16store,6,93.945,5.198,0.991611,0.989293,1.145833,1.280351,1.255208,1.283422,1.000000,1.000000,1.000000
ldc2,512,1,repeated-source,cpp-approved-execution,6,73.633,5.040,1.269827,1.242188,1.470588,1.000000,1.000000,1.000000,1.280351,1.255208,1.283422
ldc2,512,1,universal,original,6,1613.965,10.153,1.000000,1.000000,1.000000,5.077775,5.024969,5.420137,0.983396,0.929251,1.007993
ldc2,512,1,universal,selected64,6,1598.535,8.101,1.009692,1.003616,1.026967,5.029011,4.996171,5.277812,0.992921,0.954310,1.014817
ldc2,512,1,universal,vector16store,6,1574.316,3.610,1.016890,0.992070,1.076135,5.020519,4.982456,5.070198,1.000000,1.000000,1.000000
ldc2,512,1,universal,cpp-approved-execution,6,313.574,5.357,5.077775,5.024969,5.420137,1.000000,1.000000,1.000000,5.020519,4.982456,5.070198
ldc2,512,17,contiguous,original,6,1186.667,5.056,1.000000,1.000000,1.000000,1.076347,1.055718,1.079755,1.000000,0.969444,1.066667
ldc2,512,17,contiguous,selected64,6,1183.333,5.915,0.998611,0.986034,1.025641,1.078354,1.050898,1.081571,0.998611,0.994302,1.057851
ldc2,512,17,contiguous,vector16store,6,1185.000,12.096,1.000000,0.937500,1.031519,1.077732,1.044910,1.126100,1.000000,1.000000,1.000000
ldc2,512,17,contiguous,cpp-approved-execution,6,1108.333,7.218,1.076347,1.055718,1.079755,1.000000,1.000000,1.000000,1.077732,1.044910,1.126100
ldc2,512,17,negative-both,original,6,3398.333,3.237,1.000000,1.000000,1.000000,2.828938,2.779944,2.970845,0.998036,0.949951,1.050100
ldc2,512,17,negative-both,selected64,6,3398.333,4.120,1.000979,0.979392,1.032421,2.829772,2.796196,2.877551,0.999020,0.980750,1.028459
ldc2,512,17,negative-both,vector16store,6,3398.333,7.847,1.001968,0.952290,1.052686,2.825609,2.782609,2.919220,1.000000,1.000000,1.000000
ldc2,512,17,negative-both,cpp-approved-execution,6,1198.333,6.954,2.828938,2.779944,2.970845,1.000000,1.000000,1.000000,2.825609,2.782609,2.919220
ldc2,512,17,negative-source,original,6,3475.000,50.072,1.000000,1.000000,1.000000,2.848426,2.623902,2.988406,0.980931,0.940388,1.022657
ldc2,512,17,negative-source,selected64,6,3415.000,52.123,1.001508,0.977845,1.054192,2.837876,2.576364,2.920588,0.998503,0.928571,1.024121
ldc2,512,17,negative-source,vector16store,6,3453.333,41.313,1.019788,0.977845,1.063390,2.833630,2.467487,2.920588,1.000000,1.000000,1.000000
ldc2,512,17,negative-source,cpp-approved-execution,6,1200.000,63.611,2.848426,2.623902,2.988406,1.000000,1.000000,1.000000,2.833630,2.467487,2.920588
ldc2,512,17,padded,original,6,1196.667,15.320,1.000000,1.000000,1.000000,1.048266,0.941452,1.067847,1.004213,0.955224,1.052486
ldc2,512,17,padded,selected64,6,1201.667,5.548,0.995846,0.985836,1.101370,1.052900,0.854801,1.082596,1.023287,0.985836,1.052055
ldc2,512,17,padded,vector16store,6,1218.333,9.850,0.995822,0.950131,1.046875,1.052296,0.899297,1.123894,1.000000,1.000000,1.000000
ldc2,512,17,padded,cpp-approved-execution,6,1131.667,28.277,1.048266,0.941452,1.067847,1.000000,1.000000,1.000000,1.052296,0.899297,1.123894
ldc2,512,17,repeated-source,original,6,1216.667,34.521,1.000000,1.000000,1.000000,1.053476,1.019663,1.319783,0.998638,0.778234,1.024862
ldc2,512,17,repeated-source,selected64,6,1225.000,4.898,1.001366,0.981030,1.284960,1.035226,1.022472,1.082111,1.000000,0.997253,1.010695
ldc2,512,17,repeated-source,vector16store,6,1228.333,4.885,1.001366,0.975741,1.284960,1.039485,1.019663,1.087977,1.000000,1.000000,1.000000
ldc2,512,17,repeated-source,cpp-approved-execution,6,1171.667,7.966,1.053476,1.019663,1.319783,1.000000,1.000000,1.000000,1.039485,1.019663,1.087977
ldc2,512,17,universal,original,6,26136.667,7.843,1.000000,1.000000,1.000000,5.061367,4.796935,5.098382,0.997127,0.967254,1.097822
ldc2,512,17,universal,selected64,6,26633.333,27.347,0.992886,0.780873,1.020040,5.055636,4.946773,6.143040,0.985702,0.790852,1.022596
ldc2,512,17,universal,vector16store,6,25760.000,17.068,1.002911,0.910894,1.033855,4.983445,4.816352,5.590226,1.000000,1.000000,1.000000
ldc2,512,17,universal,cpp-approved-execution,6,5256.667,5.897,5.061367,4.796935,5.098382,1.000000,1.000000,1.000000,4.983445,4.816352,5.590226
ldc2,512,128,contiguous,original,6,8631.250,17.668,1.000000,1.000000,1.000000,1.008721,0.952607,1.016393,0.997080,0.994245,1.115440
ldc2,512,128,contiguous,selected64,6,8625.000,12.174,1.001457,1.000000,1.050980,1.007299,0.906398,1.014903,0.998536,0.994245,1.158170
ldc2,512,128,contiguous,vector16store,6,8606.250,29.920,1.002928,0.896507,1.005789,1.008909,1.002903,1.125182,1.000000,1.000000,1.000000
ldc2,512,128,contiguous,cpp-approved-execution,6,8562.500,25.255,1.008721,0.952607,1.016393,1.000000,1.000000,1.000000,1.008909,1.002903,1.125182
ldc2,512,128,negative-both,original,6,23837.500,9.386,1.000000,1.000000,1.000000,2.545923,2.129266,2.557823,0.994021,0.952890,1.014894
ldc2,512,128,negative-both,selected64,6,23643.750,2.696,1.001061,0.997412,1.084826,2.543224,1.962771,2.562334,1.000265,0.986542,1.033720
ldc2,512,128,negative-both,vector16store,6,23837.500,4.090,1.006040,0.985325,1.049439,2.531399,2.028956,2.595918,1.000000,1.000000,1.000000
ldc2,512,128,negative-both,cpp-approved-execution,6,9362.500,30.975,2.545923,2.129266,2.557823,1.000000,1.000000,1.000000,2.531399,2.028956,2.595918
ldc2,512,128,negative-source,original,6,23718.750,6.640,1.000000,1.000000,1.000000,2.580781,2.494087,2.605978,0.997363,0.972650,1.013706
ldc2,512,128,negative-source,selected64,6,23606.250,0.741,1.003704,1.000000,1.065148,2.560774,2.432990,2.584699,1.000265,0.993154,1.036017
ldc2,512,128,negative-source,vector16store,6,23606.250,3.760,1.002646,0.986479,1.028119,2.558350,2.483574,2.627049,1.000000,1.000000,1.000000
ldc2,512,128,negative-source,cpp-approved-execution,6,9212.500,5.970,2.580781,2.494087,2.605978,1.000000,1.000000,1.000000,2.558350,2.483574,2.627049
ldc2,512,128,padded,original,6,9006.250,9.577,1.000000,1.000000,1.000000,0.989460,0.881785,1.001337,0.993138,0.962617,1.042254
ldc2,512,128,padded,selected64,6,8943.750,24.039,0.996684,0.875000,1.013870,0.995798,0.869723,1.138422,0.997181,0.856818,1.043724
ldc2,512,128,padded,vector16store,6,9018.750,6.514,1.006940,0.959459,1.038835,0.982808,0.870929,1.008174,1.000000,1.000000,1.000000
ldc2,512,128,padded,cpp-approved-execution,6,9262.500,16.059,0.989460,0.881785,1.001337,1.000000,1.000000,1.000000,0.982808,0.870929,1.008174
ldc2,512,128,repeated-source,original,6,8362.500,5.232,1.000000,1.000000,1.000000,1.001511,0.959889,1.037594,0.997010,0.969565,0.998483
ldc2,512,128,repeated-source,selected64,6,8312.500,2.556,1.012141,0.986627,1.028316,0.998485,0.933610,1.016616,0.999241,0.983655,1.019727
ldc2,512,128,repeated-source,vector16store,6,8318.750,3.156,1.002999,1.001520,1.031390,0.999241,0.939142,1.018182,1.000000,1.000000,1.000000
ldc2,512,128,repeated-source,cpp-approved-execution,6,8262.500,9.682,1.001511,0.959889,1.037594,1.000000,1.000000,1.000000,0.999241,0.939142,1.018182
ldc2,512,128,universal,original,6,188993.750,8.810,1.000000,1.000000,1.000000,4.873866,4.112094,4.937785,0.994424,0.965650,1.025002
ldc2,512,128,universal,selected64,6,187587.500,22.596,1.010218,0.866279,1.019332,4.823055,4.746849,4.873941,0.995008,0.863228,1.038428
ldc2,512,128,universal,vector16store,6,188662.500,8.680,1.005612,0.975608,1.035572,4.800349,4.097613,5.061238,1.000000,1.000000,1.000000
ldc2,512,128,universal,cpp-approved-execution,6,38981.250,24.948,4.873866,4.112094,4.937785,1.000000,1.000000,1.000000,4.800349,4.097613,5.061238
ldc2,513,1,contiguous,original,6,87.867,47.661,1.000000,1.000000,1.000000,1.529278,1.379630,1.534014,1.009021,0.990798,1.015660
ldc2,513,1,contiguous,selected64,6,87.965,49.166,1.000000,0.990881,1.002288,1.525829,1.388889,1.534014,1.010012,0.981763,1.011442
ldc2,513,1,contiguous,vector16store,6,88.845,44.934,0.991060,0.984581,1.009288,1.543072,1.401235,1.549488,1.000000,1.000000,1.000000
ldc2,513,1,contiguous,cpp-approved-execution,6,57.436,50.767,1.529278,1.379630,1.534014,1.000000,1.000000,1.000000,1.543072,1.401235,1.549488
ldc2,513,1,negative-both,original,6,216.928,13.081,1.000000,1.000000,1.000000,3.039886,3.000000,3.155673,1.001852,0.956522,1.007506
ldc2,513,1,negative-both,selected64,6,218.004,13.824,0.999549,0.990066,1.045336,3.007123,2.948586,3.187335,1.001400,0.947020,1.053182
ldc2,513,1,negative-both,vector16store,6,217.710,13.663,0.998151,0.992550,1.045455,3.017343,3.005420,3.105398,1.000000,1.000000,1.000000
ldc2,513,1,negative-both,cpp-approved-execution,6,72.309,10.284,3.039886,3.000000,3.155673,1.000000,1.000000,1.000000,3.017343,3.005420,3.105398
ldc2,513,1,negative-source,original,6,215.362,7.633,1.000000,1.000000,1.000000,3.001319,2.989333,3.037534,1.005216,1.000879,1.085613
ldc2,513,1,negative-source,selected64,6,220.450,19.707,0.982203,0.887931,1.000000,3.058153,2.997159,3.420912,1.004224,0.963950,1.026428
ldc2,513,1,negative-source,vector16store,6,217.515,15.385,0.994812,0.921138,0.999122,3.015649,3.005277,3.297587,1.000000,1.000000,1.000000
ldc2,513,1,negative-source,cpp-approved-execution,6,71.722,7.640,3.001319,2.989333,3.037534,1.000000,1.000000,1.000000,3.015649,3.005277,3.297587
ldc2,513,1,padded,original,6,88.160,25.527,1.000000,1.000000,1.000000,1.265160,1.124748,1.273504,1.008709,1.003578,1.013514
ldc2,513,1,padded,selected64,6,88.845,35.022,0.991323,0.927032,1.002242,1.267806,1.213280,1.310627,1.001220,0.930348,1.013514
ldc2,513,1,padded,vector16store,6,88.943,24.422,0.991370,0.986667,0.996435,1.280690,1.128773,1.286104,1.000000,1.000000,1.000000
ldc2,513,1,padded,cpp-approved-execution,6,70.254,40.669,1.265160,1.124748,1.273504,1.000000,1.000000,1.000000,1.280690,1.128773,1.286104
ldc2,513,1,repeated-source,original,6,95.695,8.589,1.000000,1.000000,1.000000,1.271748,1.241645,1.348285,1.006229,0.947162,1.049689
ldc2,513,1,repeated-source,selected64,6,94.814,6.605,1.003097,0.983707,1.069038,1.265112,1.261214,1.293506,1.011347,0.997992,1.032587
ldc2,513,1,repeated-source,vector16store,6,95.988,7.136,0.993810,0.952663,1.055785,1.282379,1.277045,1.303342,1.000000,1.000000,1.000000
ldc2,513,1,repeated-source,cpp-approved-execution,6,74.755,5.236,1.271748,1.241645,1.348285,1.000000,1.000000,1.000000,1.282379,1.277045,1.303342
ldc2,513,1,universal,original,6,1550.587,5.705,1.000000,1.000000,1.000000,5.054803,4.915000,5.183432,1.000477,0.990721,1.011063
ldc2,513,1,universal,selected64,6,1552.250,7.905,1.005179,0.993848,1.021962,5.028792,4.809375,5.175373,1.006611,0.996968,1.015335
ldc2,513,1,universal,vector16store,6,1563.405,7.448,0.999572,0.989058,1.009366,5.050752,4.883125,5.228856,1.000000,1.000000,1.000000
ldc2,513,1,universal,cpp-approved-execution,6,313.307,7.995,5.054803,4.915000,5.183432,1.000000,1.000000,1.000000,5.050752,4.883125,5.228856
ldc2,513,17,contiguous,original,6,1176.667,6.232,1.000000,1.000000,1.000000,1.078104,1.060870,1.082569,0.994334,0.994186,1.010929
ldc2,513,17,contiguous,selected64,6,1176.667,8.215,1.000000,0.983871,1.002915,1.079008,1.061920,1.082569,0.994487,0.994318,0.997222
ldc2,513,17,contiguous,vector16store,6,1170.000,7.977,1.005698,0.989189,1.005848,1.073042,1.058824,1.078078,1.000000,1.000000,1.000000
ldc2,513,17,contiguous,cpp-approved-execution,6,1090.000,6.728,1.078104,1.060870,1.082569,1.000000,1.000000,1.000000,1.073042,1.058824,1.078078
ldc2,513,17,negative-both,original,6,3261.667,56.515,1.000000,1.000000,1.000000,2.832114,2.815029,3.095238,0.993373,0.886325,0.998947
ldc2,513,17,negative-both,selected64,6,3265.000,56.151,1.001180,0.996957,1.117479,2.821124,2.769841,2.886538,0.994173,0.950033,0.998972
ldc2,513,17,negative-both,vector16store,6,3241.667,49.049,1.006684,1.001054,1.128255,2.809249,2.742308,2.817391,1.000000,1.000000,1.000000
ldc2,513,17,negative-both,cpp-approved-execution,6,1153.333,52.890,2.832114,2.815029,3.095238,1.000000,1.000000,1.000000,2.809249,2.742308,2.817391
ldc2,513,17,negative-source,original,6,3338.333,12.082,1.000000,1.000000,1.000000,2.838494,2.779793,2.912791,0.996887,0.971058,0.998054
ldc2,513,17,negative-source,selected64,6,3298.333,12.329,1.002475,0.995030,1.029805,2.828488,2.774611,2.924419,0.998133,0.992048,1.000000
ldc2,513,17,negative-source,vector16store,6,3285.000,11.974,1.003122,1.001949,1.029805,2.828488,2.764249,2.901163,1.000000,1.000000,1.000000
ldc2,513,17,negative-source,cpp-approved-execution,6,1146.667,14.535,2.838494,2.779793,2.912791,1.000000,1.000000,1.000000,2.828488,2.764249,2.901163
ldc2,513,17,padded,original,6,1188.333,42.917,1.000000,1.000000,1.000000,1.036163,0.929499,1.064140,1.000000,0.975342,1.024324
ldc2,513,17,padded,selected64,6,1173.333,45.170,1.000000,0.941476,1.025281,1.036861,0.938776,1.097765,1.000000,0.964377,1.022989
ldc2,513,17,padded,vector16store,6,1186.667,42.697,1.000000,0.976253,1.025281,1.038353,0.927644,1.062687,1.000000,1.000000,1.000000
ldc2,513,17,padded,cpp-approved-execution,6,1158.333,58.705,1.036163,0.929499,1.064140,1.000000,1.000000,1.000000,1.038353,0.927644,1.062687
ldc2,513,17,repeated-source,original,6,1235.000,46.154,1.000000,1.000000,1.000000,1.024586,0.921053,1.032070,0.990862,0.940952,1.013514
ldc2,513,17,repeated-source,selected64,6,1225.000,42.177,1.006662,0.989305,1.050992,1.016318,0.891228,1.032070,0.996042,0.972441,1.050992
ldc2,513,17,repeated-source,vector16store,6,1243.333,37.802,1.009309,0.986667,1.062753,1.016548,0.866667,1.032070,1.000000,1.000000,1.000000
ldc2,513,17,repeated-source,cpp-approved-execution,6,1208.333,62.621,1.024586,0.921053,1.032070,1.000000,1.000000,1.000000,1.016548,0.866667,1.032070
ldc2,513,17,universal,original,6,25740.000,13.183,1.000000,1.000000,1.000000,4.885049,4.614493,5.460143,0.995895,0.925697,1.027479
ldc2,513,17,universal,selected64,6,25350.000,5.838,1.006381,0.979075,1.100013,4.853043,4.586667,5.098741,1.012129,0.978823,1.047279
ldc2,513,17,universal,vector16store,6,25898.333,9.138,1.004136,0.973256,1.080267,4.857020,4.671884,5.129225,1.000000,1.000000,1.000000
ldc2,513,17,universal,cpp-approved-execution,6,5155.000,13.967,4.885049,4.614493,5.460143,1.000000,1.000000,1.000000,4.857020,4.671884,5.129225
ldc2,513,128,contiguous,original,6,8693.750,8.339,1.000000,1.000000,1.000000,1.000730,0.942634,1.029745,0.997017,0.971114,1.005533
ldc2,513,128,contiguous,selected64,6,8606.250,5.519,1.010879,1.000000,1.029745,0.997839,0.919166,1.001460,0.999271,0.997006,1.031206
ldc2,513,128,contiguous,vector16store,6,8600.000,8.866,1.002994,0.994498,1.029745,0.997098,0.947849,1.000000,1.000000,1.000000,1.000000
ldc2,513,128,contiguous,cpp-approved-execution,6,8618.750,13.343,1.000730,0.942634,1.029745,1.000000,1.000000,1.000000,0.997098,0.947849,1.000000
ldc2,513,128,negative-both,original,6,23812.500,5.984,1.000000,1.000000,1.000000,2.546085,2.295943,2.628188,0.997888,0.966292,1.021209
ldc2,513,128,negative-both,selected64,6,23593.750,3.232,1.006332,1.000543,1.034884,2.538926,2.270883,2.545580,1.000000,0.998414,1.022293
ldc2,513,128,negative-both,vector16store,6,23625.000,4.444,1.002117,0.979232,1.034884,2.536913,2.289976,2.599190,1.000000,1.000000,1.000000
ldc2,513,128,negative-both,cpp-approved-execution,6,9287.500,15.343,2.546085,2.295943,2.628188,1.000000,1.000000,1.000000,2.536913,2.289976,2.599190
ldc2,513,128,negative-source,original,6,23781.250,5.361,1.000000,1.000000,1.000000,2.545147,2.429836,2.634146,0.996842,0.983025,1.020745
ldc2,513,128,negative-source,selected64,6,23687.500,5.963,1.001337,0.962622,1.011640,2.547939,2.402023,2.636856,1.000794,0.982014,1.006349
ldc2,513,128,negative-source,vector16store,6,23825.000,4.145,1.003172,0.979677,1.017268,2.549955,2.414665,2.589431,1.000000,1.000000,1.000000
ldc2,513,128,negative-source,cpp-approved-execution,6,9312.500,9.530,2.545147,2.429836,2.634146,1.000000,1.000000,1.000000,2.549955,2.414665,2.589431
ldc2,513,128,padded,original,6,8912.500,5.470,1.000000,1.000000,1.000000,0.991550,0.663949,1.007013,1.000000,0.987603,1.001441
ldc2,513,128,padded,selected64,6,8800.000,16.903,1.000000,0.892989,1.048641,0.992927,0.633152,1.100135,1.001420,0.881919,1.035765
ldc2,513,128,padded,vector16store,6,8906.250,4.070,1.000000,0.998561,1.012552,0.992256,0.655797,1.007013,1.000000,1.000000,1.000000
ldc2,513,128,padded,cpp-approved-execution,6,8912.500,56.942,0.991550,0.663949,1.007013,1.000000,1.000000,1.000000,0.992256,0.655797,1.007013
ldc2,513,128,repeated-source,original,6,8231.250,5.011,1.000000,1.000000,1.000000,0.984858,0.961538,0.986547,1.000758,0.998483,1.026439
ldc2,513,128,repeated-source,selected64,6,8225.000,5.015,1.000000,0.998447,1.001520,0.985030,0.961538,0.988042,1.000000,1.000000,1.024845
ldc2,513,128,repeated-source,vector16store,6,8243.750,5.004,0.999244,0.974242,1.001520,0.985778,0.961538,1.010720,1.000000,1.000000,1.000000
ldc2,513,128,repeated-source,cpp-approved-execution,6,8350.000,7.335,0.984858,0.961538,0.986547,1.000000,1.000000,1.000000,0.985778,0.961538,1.010720
ldc2,513,128,universal,original,6,187200.000,14.490,1.000000,1.000000,1.000000,4.877679,4.797418,5.244452,0.988609,0.956210,1.022191
ldc2,513,128,universal,selected64,6,185062.500,11.462,1.011010,0.992117,1.087072,4.829959,4.754952,4.920481,0.997966,0.982262,1.039469
ldc2,513,128,universal,vector16store,6,186662.500,10.420,1.011532,0.978291,1.045796,4.857259,4.670607,5.015177,1.000000,1.000000,1.000000
ldc2,513,128,universal,cpp-approved-execution,6,38375.000,11.010,4.877679,4.797418,5.244452,1.000000,1.000000,1.000000,4.857259,4.670607,5.015177
ldc2,2048,1,contiguous,original,6,278.125,4.494,1.000000,1.000000,1.000000,1.328358,1.324818,1.352941,1.002841,1.000000,1.040761
ldc2,2048,1,contiguous,selected64,6,278.516,3.086,1.000000,0.997230,1.016575,1.329592,1.324818,1.333333,1.002841,1.000000,1.058011
ldc2,2048,1,contiguous,vector16store,6,279.297,8.392,0.997167,0.960836,1.000000,1.333934,1.324818,1.408088,1.000000,1.000000,1.000000
ldc2,2048,1,contiguous,cpp-approved-execution,6,209.375,3.731,1.328358,1.324818,1.352941,1.000000,1.000000,1.000000,1.333934,1.324818,1.408088
ldc2,2048,1,negative-both,original,6,752.734,31.759,1.000000,1.000000,1.000000,2.769233,2.754054,3.082707,1.001597,0.998980,1.037291
ldc2,2048,1,negative-both,selected64,6,760.156,37.307,0.992683,0.954969,1.000000,2.781911,2.769461,3.228070,1.000527,0.954969,1.023233
ldc2,2048,1,negative-both,vector16store,6,753.125,31.639,0.998406,0.964049,1.001021,2.782311,2.769461,3.082707,1.000000,1.000000,1.000000
ldc2,2048,1,negative-both,cpp-approved-execution,6,270.703,18.759,2.769233,2.754054,3.082707,1.000000,1.000000,1.000000,2.782311,2.769461,3.082707
ldc2,2048,1,negative-source,original,6,740.234,5.277,1.000000,1.000000,1.000000,2.770468,2.665706,2.844118,1.002138,1.000000,1.022703
ldc2,2048,1,negative-source,selected64,6,740.625,5.274,1.000000,0.990364,1.014690,2.771930,2.691643,2.802941,1.002622,0.998946,1.015740
ldc2,2048,1,negative-source,vector16store,6,741.016,5.377,0.997866,0.977801,1.000000,2.773654,2.726225,2.847059,1.000000,1.000000,1.000000
ldc2,2048,1,negative-source,cpp-approved-execution,6,267.188,4.971,2.770468,2.665706,2.844118,1.000000,1.000000,1.000000,2.773654,2.726225,2.847059
ldc2,2048,1,padded,original,6,278.125,8.427,1.000000,1.000000,1.000000,1.079755,1.076696,1.088319,1.002841,1.000000,1.030137
ldc2,2048,1,padded,selected64,6,278.516,8.415,1.000000,0.973333,1.000000,1.080296,1.079755,1.106195,1.002805,1.000000,1.002841
ldc2,2048,1,padded,vector16store,6,279.297,8.112,0.997167,0.970745,1.000000,1.083327,1.082822,1.109145,1.000000,1.000000,1.000000
ldc2,2048,1,padded,cpp-approved-execution,6,257.812,7.576,1.079755,1.076696,1.088319,1.000000,1.000000,1.000000,1.083327,1.082822,1.109145
ldc2,2048,1,repeated-source,original,6,292.578,8.011,1.000000,1.000000,1.000000,1.078947,1.051282,1.082621,1.005420,1.002571,1.026316
ldc2,2048,1,repeated-source,selected64,6,296.484,7.905,0.997297,0.976864,1.000000,1.081476,1.054131,1.108262,1.002637,1.002500,1.002703
ldc2,2048,1,repeated-source,vector16store,6,297.266,7.884,0.994609,0.974359,0.997436,1.084290,1.056980,1.111111,1.000000,1.000000,1.000000
ldc2,2048,1,repeated-source,cpp-approved-execution,6,274.219,7.977,1.078947,1.051282,1.082621,1.000000,1.000000,1.000000,1.084290,1.056980,1.111111
ldc2,2048,1,universal,original,6,6136.719,9.510,1.000000,1.000000,1.000000,5.009550,4.705743,5.194899,0.993394,0.976095,1.026778
ldc2,2048,1,universal,selected64,6,5995.312,9.461,1.016072,1.004210,1.026431,4.934078,4.653049,5.129360,1.012810,0.987148,1.033983
ldc2,2048,1,universal,vector16store,6,6018.750,13.214,1.006650,0.973920,1.024491,4.989269,4.593250,5.300571,1.000000,1.000000,1.000000
ldc2,2048,1,universal,cpp-approved-execution,6,1197.656,13.046,5.009550,4.705743,5.194899,1.000000,1.000000,1.000000,4.989269,4.593250,5.300571
ldc2,2048,17,contiguous,original,6,4531.250,5.241,1.000000,1.000000,1.000000,1.053553,1.033994,1.080597,1.001377,0.983562,1.023121
ldc2,2048,17,contiguous,selected64,6,4512.500,6.371,0.995860,0.983827,1.019718,1.055610,1.045045,1.061047,0.998630,0.967655,1.025352
ldc2,2048,17,contiguous,vector16store,6,4518.750,3.043,0.998626,0.977401,1.016713,1.057260,1.016997,1.086567,1.000000,1.000000,1.000000
ldc2,2048,17,contiguous,cpp-approved-execution,6,4256.250,5.874,1.053553,1.033994,1.080597,1.000000,1.000000,1.000000,1.057260,1.016997,1.086567
ldc2,2048,17,negative-both,original,6,12050.000,6.328,1.000000,1.000000,1.000000,2.675021,2.595174,2.684358,1.000535,0.977912,1.034126
ldc2,2048,17,negative-both,selected64,6,12056.250,7.154,0.999466,0.990779,1.000000,2.683153,2.595174,2.696133,1.000000,0.969154,1.024590
ldc2,2048,17,negative-both,vector16store,6,12075.000,6.625,0.999466,0.967000,1.022587,2.653823,2.595174,2.762431,1.000000,1.000000,1.000000
ldc2,2048,17,negative-both,cpp-approved-execution,6,4500.000,6.667,2.675021,2.595174,2.684358,1.000000,1.000000,1.000000,2.653823,2.595174,2.762431
ldc2,2048,17,negative-source,original,6,11925.000,4.927,1.000000,1.000000,1.000000,2.631230,2.397468,2.681948,1.005595,0.998959,1.059134
ldc2,2048,17,negative-source,selected64,6,11987.500,5.005,1.000000,0.988518,1.005198,2.631227,2.425316,2.681948,1.005081,1.000000,1.047817
ldc2,2048,17,negative-source,vector16store,6,12212.500,7.369,0.994467,0.944167,1.001042,2.660606,2.539241,2.688000,1.000000,1.000000,1.000000
ldc2,2048,17,negative-source,cpp-approved-execution,6,4600.000,12.500,2.631230,2.397468,2.681948,1.000000,1.000000,1.000000,2.660606,2.539241,2.688000
ldc2,2048,17,padded,original,6,4525.000,9.669,1.000000,1.000000,1.000000,1.005556,0.751579,1.042493,1.005450,0.974160,1.122905
ldc2,2048,17,padded,selected64,6,4587.500,16.621,1.000000,0.864407,1.021108,1.004183,0.869474,1.045326,1.001355,0.958838,1.122905
ldc2,2048,17,padded,vector16store,6,4668.750,13.387,0.994580,0.890547,1.026525,1.008352,0.833684,1.129213,1.000000,1.000000,1.000000
ldc2,2048,17,padded,cpp-approved-execution,6,4500.000,34.722,1.005556,0.751579,1.042493,1.000000,1.000000,1.000000,1.008352,0.833684,1.129213
ldc2,2048,17,repeated-source,original,6,4431.250,5.360,1.000000,1.000000,1.000000,1.005682,0.980609,1.008310,1.001381,1.000000,1.023188
ldc2,2048,17,repeated-source,selected64,6,4437.500,5.352,0.998623,0.997175,1.000000,1.007071,0.983380,1.008547,1.000000,0.997183,1.023188
ldc2,2048,17,repeated-source,vector16store,6,4431.250,3.103,0.998623,0.977337,1.000000,1.008322,0.980609,1.029155,1.000000,1.000000,1.000000
ldc2,2048,17,repeated-source,cpp-approved-execution,6,4456.250,5.049,1.005682,0.980609,1.008310,1.000000,1.000000,1.000000,1.008322,0.980609,1.029155
ldc2,2048,17,universal,original,6,97556.250,14.658,1.000000,1.000000,1.000000,4.973542,4.819651,5.371643,0.985245,0.938023,1.007435
ldc2,2048,17,universal,selected64,6,97493.750,7.398,1.005760,0.986765,1.057420,4.936584,4.751188,5.079950,0.995414,0.979884,1.007499
ldc2,2048,17,universal,vector16store,6,96793.750,8.562,1.015039,0.992619,1.066072,4.892975,4.786037,5.038726,1.000000,1.000000,1.000000
ldc2,2048,17,universal,cpp-approved-execution,6,19581.250,8.873,4.973542,4.819651,5.371643,1.000000,1.000000,1.000000,4.892975,4.786037,5.038726
ldc2,2048,128,contiguous,original,6,35806.250,25.938,1.000000,1.000000,1.000000,0.996348,0.936560,1.180083,0.989740,0.834166,1.233939
ldc2,2048,128,contiguous,selected64,6,35962.500,40.355,1.000165,0.893120,1.010939,0.994987,0.940157,1.321305,0.991314,0.745011,1.229217
ldc2,2048,128,contiguous,vector16store,6,35568.750,31.980,1.010372,0.810413,1.198802,0.988678,0.982404,1.155657,1.000000,1.000000,1.000000
ldc2,2048,128,contiguous,cpp-approved-execution,6,35962.500,13.452,0.996348,0.936560,1.180083,1.000000,1.000000,1.000000,0.988678,0.982404,1.155657
ldc2,2048,128,negative-both,original,6,95181.250,8.694,1.000000,1.000000,1.000000,2.259547,1.764572,2.425864,1.038604,1.000000,1.275450
ldc2,2048,128,negative-both,selected64,6,94275.000,11.986,0.999170,0.940513,1.043040,2.312857,1.840553,2.429050,1.020506,0.998760,1.222797
ldc2,2048,128,negative-both,vector16store,6,100156.250,33.373,0.964005,0.784037,1.000000,2.359902,2.250624,2.426037,1.000000,1.000000,1.000000
ldc2,2048,128,negative-both,cpp-approved-execution,6,43000.000,41.308,2.259547,1.764572,2.425864,1.000000,1.000000,1.000000,2.359902,2.250624,2.426037
ldc2,2048,128,negative-source,original,6,90962.500,8.479,1.000000,1.000000,1.000000,2.451208,2.366526,2.554225,1.006791,0.996162,1.041130
ldc2,2048,128,negative-source,selected64,6,90968.750,11.996,1.000913,0.969244,1.045622,2.440538,2.365877,2.539369,1.000631,0.991589,1.059104
ldc2,2048,128,negative-source,vector16store,6,92412.500,10.808,0.993291,0.960495,1.003853,2.490022,2.357444,2.587159,1.000000,1.000000,1.000000
ldc2,2048,128,negative-source,cpp-approved-execution,6,37356.250,7.629,2.451208,2.366526,2.554225,1.000000,1.000000,1.000000,2.490022,2.357444,2.587159
ldc2,2048,128,padded,original,6,36393.750,7.522,1.000000,1.000000,1.000000,0.988889,0.883501,0.996342,0.998658,0.991459,1.133197
ldc2,2048,128,padded,selected64,6,36381.250,36.935,1.001189,0.777954,1.006188,0.986113,0.888076,1.269037,0.998797,0.881575,1.042582
ldc2,2048,128,padded,vector16store,6,36281.250,21.499,1.001356,0.882459,1.008615,0.984001,0.925892,1.118752,1.000000,1.000000,1.000000
ldc2,2048,128,padded,cpp-approved-execution,6,36900.000,18.462,0.988889,0.883501,0.996342,1.000000,1.000000,1.000000,0.984001,0.925892,1.118752
ldc2,2048,128,repeated-source,original,6,35443.750,11.779,1.000000,1.000000,1.000000,1.058958,1.003018,1.099155,0.958027,0.928834,0.987705
ldc2,2048,128,repeated-source,selected64,6,33775.000,8.882,1.043694,0.985678,1.083635,1.004719,0.984911,1.071805,0.997284,0.962119,1.015861
ldc2,2048,128,repeated-source,vector16store,6,33612.500,7.066,1.043900,1.012448,1.076619,1.004508,0.976990,1.031203,1.000000,1.000000,1.000000
ldc2,2048,128,repeated-source,cpp-approved-execution,6,33256.250,2.706,1.058958,1.003018,1.099155,1.000000,1.000000,1.000000,1.004508,0.976990,1.031203
ldc2,2048,128,universal,original,6,805075.000,20.052,1.000000,1.000000,1.000000,4.785797,3.553508,5.474053,0.994010,0.950681,1.047825
ldc2,2048,128,universal,selected64,6,776018.750,18.431,1.016231,0.959388,1.112187,4.709263,3.195063,5.210887,1.018165,0.942034,1.075958
ldc2,2048,128,universal,vector16store,6,808675.000,15.501,1.006055,0.954358,1.051878,4.757941,3.378252,5.470423,1.000000,1.000000,1.000000
ldc2,2048,128,universal,cpp-approved-execution,6,158943.750,65.416,4.785797,3.553508,5.474053,1.000000,1.000000,1.000000,4.757941,3.378252,5.470423
ldc2,2048,512,contiguous,original,6,172343.750,55.898,1.000000,1.000000,1.000000,1.038290,0.970544,1.557530,0.912904,0.630841,1.001480
ldc2,2048,512,contiguous,selected64,6,159081.250,249.817,1.008794,0.444421,1.165083,0.978359,0.930120,3.504625,0.984733,0.280359,1.009388
ldc2,2048,512,contiguous,vector16store,6,145568.750,17.105,1.103879,0.998522,1.585185,0.969262,0.855941,0.994382,1.000000,1.000000,1.000000
ldc2,2048,512,contiguous,cpp-approved-execution,6,151500.000,27.805,1.038290,0.970544,1.557530,1.000000,1.000000,1.000000,0.969262,0.855941,0.994382
ldc2,2048,512,negative-both,original,6,395268.750,53.694,1.000000,1.000000,1.000000,2.238451,1.814373,3.281516,1.113002,0.872819,1.726790
ldc2,2048,512,negative-both,selected64,6,451150.000,57.437,0.924085,0.689272,1.162141,2.443150,2.033544,3.077857,1.052209,0.778748,1.305232
ldc2,2048,512,negative-both,vector16store,6,407350.000,92.163,0.898546,0.579109,1.145713,2.523724,1.583619,3.685560,1.000000,1.000000,1.000000
ldc2,2048,512,negative-both,cpp-approved-execution,6,173531.250,63.620,2.238451,1.814373,3.281516,1.000000,1.000000,1.000000,2.523724,1.583619,3.685560
ldc2,2048,512,negative-source,original,6,387356.250,62.165,1.000000,1.000000,1.000000,2.408857,1.998406,2.997933,1.082921,0.980903,1.536472
ldc2,2048,512,negative-source,selected64,6,495631.250,54.688,0.928969,0.689407,1.006603,2.676144,2.320097,2.978269,1.025841,0.924894,1.212755
ldc2,2048,512,negative-source,vector16store,6,498543.750,73.025,0.927282,0.650842,1.019468,2.648952,2.318311,3.611911,1.000000,1.000000,1.000000
ldc2,2048,512,negative-source,cpp-approved-execution,6,178025.000,46.222,2.408857,1.998406,2.997933,1.000000,1.000000,1.000000,2.648952,2.318311,3.611911
ldc2,2048,512,padded,original,6,271912.500,267.719,1.000000,1.000000,1.000000,0.990605,0.797303,3.031845,0.990888,0.700828,1.016998
ldc2,2048,512,padded,selected64,6,147762.500,424.913,1.064192,0.995266,2.680607,0.959790,0.705617,1.131029,1.004927,0.864344,2.606719
ldc2,2048,512,padded,vector16store,6,257743.750,203.341,1.009245,0.983286,1.426883,0.989788,0.609895,2.124803,1.000000,1.000000,1.000000
ldc2,2048,512,padded,cpp-approved-execution,6,163443.750,578.502,0.990605,0.797303,3.031845,1.000000,1.000000,1.000000,0.989788,0.609895,2.124803
ldc2,2048,512,repeated-source,original,6,150043.750,202.166,1.000000,1.000000,1.000000,1.068693,0.942989,1.288129,0.956013,0.484725,1.032261
ldc2,2048,512,repeated-source,selected64,6,152087.500,33.205,1.046443,0.940039,2.386129,0.974457,0.459887,1.192884,0.988451,0.915294,1.156616
ldc2,2048,512,repeated-source,vector16store,6,147500.000,56.449,1.046013,0.968747,2.063026,0.983049,0.531912,1.091845,1.000000,1.000000,1.000000
ldc2,2048,512,repeated-source,cpp-approved-execution,6,137537.500,191.966,1.068693,0.942989,1.288129,1.000000,1.000000,1.000000,0.983049,0.531912,1.091845
ldc2,2048,512,universal,original,6,3271843.750,24.221,1.000000,1.000000,1.000000,4.177266,2.504584,4.907226,1.000081,0.978314,1.046325
ldc2,2048,512,universal,selected64,6,3172931.250,25.544,1.005246,0.995302,1.045392,4.134195,2.516405,4.795944,1.014970,0.994312,1.041409
ldc2,2048,512,universal,vector16store,6,3255181.250,28.963,0.999966,0.955726,1.022167,4.190934,2.620608,4.830566,1.000000,1.000000,1.000000
ldc2,2048,512,universal,cpp-approved-execution,6,826706.250,104.950,4.177266,2.504584,4.907226,1.000000,1.000000,1.000000,4.190934,2.620608,4.830566
