compiler,width,height,layout,form,processes,ns_per_call,process_spread_pct,original_over_form_median,original_over_form_min,original_over_form_max,form_over_cpp_median,form_over_cpp_min,form_over_cpp_max
dmd,1,1,contiguous,original,6,79.968,18.379,1.000000,1.000000,1.000000,13.109377,13.004219,14.279070
dmd,1,1,contiguous,vector16safe,6,81.519,11.261,0.964890,0.954672,1.029625,13.664966,13.554622,13.868217
dmd,1,1,contiguous,vector16store,6,82.117,15.371,0.972873,0.968711,0.997023,13.480011,13.384030,14.321705
dmd,1,1,contiguous,cpp-approved-execution,6,5.957,10.656,13.109377,13.004219,14.279070,1.000000,1.000000,1.000000
dmd,1,1,negative-both,original,6,82.776,13.125,1.000000,1.000000,1.000000,10.540300,10.488136,10.564179
dmd,1,1,negative-both,vector16safe,6,85.583,12.751,0.967196,0.948120,0.975469,10.886648,10.829851,11.140673
dmd,1,1,negative-both,vector16store,6,85.413,13.920,0.972490,0.942171,0.975816,10.844295,10.776271,11.211009
dmd,1,1,negative-both,cpp-approved-execution,6,7.861,12.422,10.540300,10.488136,10.564179,1.000000,1.000000,1.000000
dmd,1,1,negative-source,original,6,85.046,19.664,1.000000,1.000000,1.000000,10.677911,10.497024,12.942373
dmd,1,1,negative-source,vector16safe,6,83.337,12.538,0.990389,0.970556,1.169372,10.853253,10.634969,11.067797
dmd,1,1,negative-source,vector16store,6,83.752,14.721,0.979025,0.965244,1.154172,10.845475,10.758065,11.227964
dmd,1,1,negative-source,cpp-approved-execution,6,7.764,12.893,10.677911,10.497024,12.942373,1.000000,1.000000,1.000000
dmd,1,1,padded,original,6,81.299,13.784,1.000000,1.000000,1.000000,10.609747,10.528814,11.150470
dmd,1,1,padded,vector16safe,6,83.899,13.007,0.976981,0.960668,0.980398,10.871565,10.770968,11.423197
dmd,1,1,padded,vector16store,6,83.887,18.568,0.974222,0.927026,0.983151,10.859287,10.738710,12.028213
dmd,1,1,padded,cpp-approved-execution,6,7.678,13.037,10.609747,10.528814,11.150470,1.000000,1.000000,1.000000
dmd,1,1,repeated-source,original,6,82.825,12.940,1.000000,1.000000,1.000000,10.587057,10.493243,10.801223
dmd,1,1,repeated-source,vector16safe,6,85.010,13.527,0.973126,0.968579,0.986592,10.911839,10.773649,11.054839
dmd,1,1,repeated-source,vector16store,6,85.181,12.869,0.972082,0.968583,0.981656,10.918538,10.824324,11.009677
dmd,1,1,repeated-source,cpp-approved-execution,6,7.764,12.579,10.587057,10.493243,10.801223,1.000000,1.000000,1.000000
dmd,1,1,universal,original,6,166.321,12.609,1.000000,1.000000,1.000000,31.911537,31.776786,33.358209
dmd,1,1,universal,vector16safe,6,167.419,12.162,1.007136,0.910135,1.035681,31.976978,31.441964,35.086735
dmd,1,1,universal,vector16store,6,167.078,14.320,0.990201,0.974524,1.014833,32.438364,32.031250,33.490826
dmd,1,1,universal,cpp-approved-execution,6,5.103,13.397,31.911537,31.776786,33.358209,1.000000,1.000000,1.000000
dmd,1,17,contiguous,original,6,143.152,10.949,1.000000,1.000000,1.000000,16.009159,15.894737,16.186992
dmd,1,17,contiguous,vector16safe,6,151.624,10.853,0.942206,0.938050,0.948848,16.993756,16.852243,17.068602
dmd,1,17,contiguous,vector16store,6,170.349,10.075,0.835052,0.830812,0.844718,19.126901,19.087071,19.236152
dmd,1,17,contiguous,cpp-approved-execution,6,8.899,10.151,16.009159,15.894737,16.186992,1.000000,1.000000,1.000000
dmd,1,17,negative-both,original,6,224.915,12.754,1.000000,1.000000,1.000000,5.049898,4.998465,5.135039
dmd,1,17,negative-both,vector16safe,6,249.414,13.459,0.907220,0.897186,0.916440,5.581865,5.454220,5.695089
dmd,1,17,negative-both,vector16store,6,282.703,15.640,0.794247,0.785062,0.808164,6.360860,6.323975,6.419860
dmd,1,17,negative-both,cpp-approved-execution,6,44.360,15.080,5.049898,4.998465,5.135039,1.000000,1.000000,1.000000
dmd,1,17,negative-source,original,6,223.621,12.435,1.000000,1.000000,1.000000,5.046534,5.002556,5.143367
dmd,1,17,negative-source,vector16safe,6,243.713,10.899,0.911345,0.897726,0.929607,5.531560,5.480061,5.729328
dmd,1,17,negative-source,vector16store,6,282.922,13.237,0.789155,0.773552,0.798322,6.416919,6.336912,6.514140
dmd,1,17,negative-source,cpp-approved-execution,6,44.116,15.219,5.046534,5.002556,5.143367,1.000000,1.000000,1.000000
dmd,1,17,padded,original,6,218.298,13.163,1.000000,1.000000,1.000000,4.942443,4.904244,5.006239
dmd,1,17,padded,vector16safe,6,245.837,13.496,0.898309,0.878728,0.917845,5.469193,5.433469,5.648013
dmd,1,17,padded,vector16store,6,279.944,10.779,0.792563,0.775932,0.807376,6.272235,6.096065,6.332401
dmd,1,17,padded,cpp-approved-execution,6,44.250,13.021,4.942443,4.904244,5.006239,1.000000,1.000000,1.000000
dmd,1,17,repeated-source,original,6,221.838,15.385,1.000000,1.000000,1.000000,4.815434,4.781678,5.125566
dmd,1,17,repeated-source,vector16safe,6,244.336,14.728,0.907500,0.891300,0.921872,5.347040,5.227110,5.559955
dmd,1,17,repeated-source,vector16store,6,282.397,19.486,0.790007,0.732101,0.807809,6.213052,5.959591,6.708895
dmd,1,17,repeated-source,cpp-approved-execution,6,44.702,15.292,4.815434,4.781678,5.125566,1.000000,1.000000,1.000000
dmd,1,17,universal,original,6,447.168,54.324,1.000000,1.000000,1.000000,19.209130,16.849644,20.795711
dmd,1,17,universal,vector16safe,6,439.062,35.404,1.001136,0.983672,1.160359,19.204341,14.521063,20.051919
dmd,1,17,universal,vector16store,6,436.938,25.848,1.006978,0.998871,1.260191,19.076013,13.370706,19.933409
dmd,1,17,universal,cpp-approved-execution,6,22.424,76.429,19.209130,16.849644,20.795711,1.000000,1.000000,1.000000
dmd,1,128,contiguous,original,6,417.798,12.774,1.000000,1.000000,1.000000,23.265241,22.911688,24.059659
dmd,1,128,contiguous,vector16safe,6,458.765,11.899,0.910967,0.899522,0.922171,25.566718,25.069519,26.747159
dmd,1,128,contiguous,vector16store,6,629.004,12.343,0.669982,0.662987,0.675935,34.872371,34.140260,36.289773
dmd,1,128,contiguous,cpp-approved-execution,6,17.773,15.110,23.265241,22.911688,24.059659,1.000000,1.000000,1.000000
dmd,1,128,negative-both,original,6,383.740,91.220,1.000000,1.000000,1.000000,1.237425,1.207112,1.278153
dmd,1,128,negative-both,vector16safe,6,551.245,99.694,0.694721,0.664841,0.709946,1.757124,1.740509,1.922495
dmd,1,128,negative-both,vector16store,6,834.497,100.723,0.463477,0.440020,0.478027,2.659218,2.607344,2.904762
dmd,1,128,negative-both,cpp-approved-execution,6,312.646,83.633,1.237425,1.207112,1.278153,1.000000,1.000000,1.000000
dmd,1,128,negative-source,original,6,391.724,69.679,1.000000,1.000000,1.000000,1.223532,1.216551,1.363873
dmd,1,128,negative-source,vector16safe,6,556.152,61.624,0.701201,0.685953,0.736233,1.756194,1.720496,1.852502
dmd,1,128,negative-source,vector16store,6,836.475,62.069,0.466567,0.446361,0.490898,2.623702,2.610252,2.778319
dmd,1,128,negative-source,cpp-approved-execution,6,319.385,53.188,1.223532,1.216551,1.363873,1.000000,1.000000,1.000000
dmd,1,128,padded,original,6,385.205,86.652,1.000000,1.000000,1.000000,1.218772,1.203967,1.274907
dmd,1,128,padded,vector16safe,6,554.614,80.424,0.696318,0.662682,0.718070,1.752461,1.743781,1.822879
dmd,1,128,padded,vector16store,6,833.569,46.276,0.464399,0.457585,0.602661,2.600803,2.115463,2.659695
dmd,1,128,padded,cpp-approved-execution,6,316.479,78.053,1.218772,1.203967,1.274907,1.000000,1.000000,1.000000
dmd,1,128,repeated-source,original,6,374.243,122.474,1.000000,1.000000,1.000000,1.185131,1.163360,1.244526
dmd,1,128,repeated-source,vector16safe,6,562.231,125.928,0.665229,0.663418,0.686864,1.769310,1.723245,1.875931
dmd,1,128,repeated-source,vector16store,6,819.019,126.408,0.456336,0.449750,0.459810,2.588733,2.546472,2.767151
dmd,1,128,repeated-source,cpp-approved-execution,6,318.042,111.476,1.185131,1.163360,1.244526,1.000000,1.000000,1.000000
dmd,1,128,universal,original,6,2026.660,66.525,1.000000,1.000000,1.000000,13.013132,10.802285,13.777702
dmd,1,128,universal,vector16safe,6,1997.534,70.064,1.009793,0.989932,1.052798,12.853746,10.912145,13.086750
dmd,1,128,universal,vector16store,6,1994.995,63.871,1.016295,1.001201,1.054299,12.866056,10.540232,13.068113
dmd,1,128,universal,cpp-approved-execution,6,155.737,98.511,13.013132,10.802285,13.777702,1.000000,1.000000,1.000000
dmd,7,1,contiguous,original,6,114.832,106.049,1.000000,1.000000,1.000000,11.234378,10.716312,11.635910
dmd,7,1,contiguous,vector16safe,6,115.173,111.330,0.979942,0.962420,1.001717,11.467487,11.134752,11.615960
dmd,7,1,contiguous,vector16store,6,114.502,113.475,0.984110,0.954718,1.010613,11.506169,11.224586,11.560680
dmd,7,1,contiguous,cpp-approved-execution,6,9.924,118.819,11.234378,10.716312,11.635910,1.000000,1.000000,1.000000
dmd,7,1,negative-both,original,6,109.912,13.861,1.000000,1.000000,1.000000,10.567033,10.423611,10.665877
dmd,7,1,negative-both,vector16safe,6,112.366,13.015,0.978358,0.965687,0.990973,10.778220,10.753117,10.849515
dmd,7,1,negative-both,vector16store,6,112.708,13.452,0.985204,0.961974,1.007117,10.746247,10.498901,10.835648
dmd,7,1,negative-both,cpp-approved-execution,6,10.425,12.646,10.567033,10.423611,10.665877,1.000000,1.000000,1.000000
dmd,7,1,negative-source,original,6,111.621,34.230,1.000000,1.000000,1.000000,10.450328,6.117834,10.709184
dmd,7,1,negative-source,vector16safe,6,113.538,13.289,0.980274,0.971636,1.225388,10.702703,4.992569,10.914607
dmd,7,1,negative-source,vector16store,6,113.647,12.825,0.992634,0.975754,1.203383,10.662473,5.083864,10.716854
dmd,7,1,negative-source,cpp-approved-execution,6,10.681,125.714,10.450328,6.117834,10.709184,1.000000,1.000000,1.000000
dmd,7,1,padded,original,6,112.390,107.896,1.000000,1.000000,1.000000,10.448368,8.506554,10.523148
dmd,7,1,padded,vector16safe,6,117.358,107.988,0.964707,0.948664,0.985861,10.758889,8.835206,11.092593
dmd,7,1,padded,vector16store,6,114.490,116.473,0.976742,0.945173,0.992289,10.658027,9.000000,10.740291
dmd,7,1,padded,cpp-approved-execution,6,10.742,153.636,10.448368,8.506554,10.523148,1.000000,1.000000,1.000000
dmd,7,1,repeated-source,original,6,108.508,12.982,1.000000,1.000000,1.000000,10.437140,10.401425,10.460674
dmd,7,1,repeated-source,vector16safe,6,110.107,13.082,0.982580,0.978733,0.992520,10.620388,10.479810,10.681716
dmd,7,1,repeated-source,vector16store,6,110.815,12.866,0.986370,0.970728,0.989583,10.580296,10.527316,10.754630
dmd,7,1,repeated-source,cpp-approved-execution,6,10.413,12.427,10.437140,10.401425,10.460674,1.000000,1.000000,1.000000
dmd,7,1,universal,original,6,279.309,14.903,1.000000,1.000000,1.000000,33.259608,32.885714,33.816092
dmd,7,1,universal,vector16safe,6,275.122,15.432,0.995599,0.986612,1.031466,33.347974,32.784483,33.619335
dmd,7,1,universal,vector16store,6,279.163,15.130,0.990356,0.972714,1.016147,33.501015,33.193651,34.000000
dmd,7,1,universal,cpp-approved-execution,6,8.301,15.000,33.259608,32.885714,33.816092,1.000000,1.000000,1.000000
dmd,7,17,contiguous,original,6,252.112,12.663,1.000000,1.000000,1.000000,12.489336,12.469828,12.494172
dmd,7,17,contiguous,vector16safe,6,237.784,12.968,1.063621,1.050550,1.070436,11.728353,11.668950,11.886918
dmd,7,17,contiguous,vector16store,6,274.387,14.929,0.923394,0.896221,0.937883,13.517326,13.318945,13.913793
dmd,7,17,contiguous,cpp-approved-execution,6,20.186,12.823,12.489336,12.469828,12.494172,1.000000,1.000000,1.000000
dmd,7,17,negative-both,original,6,323.138,15.108,1.000000,1.000000,1.000000,3.482297,3.470588,3.554664
dmd,7,17,negative-both,vector16safe,6,343.347,15.846,0.926168,0.916759,0.962651,3.755087,3.692578,3.786908
dmd,7,17,negative-both,vector16store,6,386.830,15.062,0.827983,0.826076,0.843609,4.198750,4.162602,4.219941
dmd,7,17,negative-both,cpp-approved-execution,6,91.735,15.248,3.482297,3.470588,3.554664,1.000000,1.000000,1.000000
dmd,7,17,negative-source,original,6,321.117,15.571,1.000000,1.000000,1.000000,3.485457,3.437092,3.583553
dmd,7,17,negative-source,vector16safe,6,344.709,15.322,0.926166,0.911856,0.942868,3.749179,3.721452,3.896679
dmd,7,17,negative-source,vector16store,6,382.925,15.572,0.840368,0.820467,0.851453,4.170443,4.108635,4.208751
dmd,7,17,negative-source,cpp-approved-execution,6,91.826,14.886,3.485457,3.437092,3.583553,1.000000,1.000000,1.000000
dmd,7,17,padded,original,6,312.125,17.503,1.000000,1.000000,1.000000,3.430585,3.417181,3.443362
dmd,7,17,padded,vector16safe,6,339.328,15.926,0.921334,0.918573,0.962731,3.724505,3.558129,3.741320
dmd,7,17,padded,vector16store,6,383.038,14.666,0.827633,0.808716,0.854440,4.134551,4.009083,4.257817
dmd,7,17,padded,cpp-approved-execution,6,90.736,17.467,3.430585,3.417181,3.443362,1.000000,1.000000,1.000000
dmd,7,17,repeated-source,original,6,308.810,18.338,1.000000,1.000000,1.000000,3.358262,3.290106,3.466872
dmd,7,17,repeated-source,vector16safe,6,333.856,15.534,0.921033,0.903480,0.950972,3.635931,3.583573,3.725309
dmd,7,17,repeated-source,vector16store,6,365.940,20.092,0.832380,0.826424,0.857796,4.031015,3.944765,4.119635
dmd,7,17,repeated-source,cpp-approved-execution,6,91.485,16.729,3.358262,3.290106,3.466872,1.000000,1.000000,1.000000
dmd,7,17,universal,original,6,1765.963,13.851,1.000000,1.000000,1.000000,20.585402,20.118759,21.119271
dmd,7,17,universal,vector16safe,6,1790.282,13.916,0.992861,0.980081,0.998709,20.765363,20.266117,21.310878
dmd,7,17,universal,vector16store,6,1825.068,19.757,0.989259,0.938836,1.002812,21.089164,20.359223,21.818085
dmd,7,17,universal,cpp-approved-execution,6,85.786,16.675,20.585402,20.118759,21.119271,1.000000,1.000000,1.000000
dmd,7,128,contiguous,original,6,1187.842,32.060,1.000000,1.000000,1.000000,12.714911,12.509653,14.802721
dmd,7,128,contiguous,vector16safe,6,1025.171,32.470,1.158633,1.038930,1.262181,10.944959,10.826255,12.800000
dmd,7,128,contiguous,vector16store,6,1326.884,173.545,0.907205,0.426792,0.984442,13.963973,13.409266,34.683673
dmd,7,128,contiguous,cpp-approved-execution,6,93.664,13.163,12.714911,12.509653,14.802721,1.000000,1.000000,1.000000
dmd,7,128,negative-both,original,6,963.699,18.905,1.000000,1.000000,1.000000,1.430605,1.417971,1.479039
dmd,7,128,negative-both,vector16safe,6,1154.966,18.147,0.826247,0.812350,0.851410,1.740049,1.667340,1.755227
dmd,7,128,negative-both,vector16store,6,1492.466,19.504,0.647747,0.634844,0.692851,2.197183,2.134715,2.259052
dmd,7,128,negative-both,cpp-approved-execution,6,675.000,15.982,1.430605,1.417971,1.479039,1.000000,1.000000,1.000000
dmd,7,128,negative-source,original,6,971.062,20.102,1.000000,1.000000,1.000000,1.411420,1.304348,1.435649
dmd,7,128,negative-source,vector16safe,6,1173.288,19.002,0.827633,0.817732,0.833995,1.709712,1.563975,1.736977
dmd,7,128,negative-source,vector16store,6,1524.829,18.641,0.636831,0.629788,0.672543,2.221944,2.034783,2.255363
dmd,7,128,negative-source,cpp-approved-execution,6,681.507,30.050,1.411420,1.304348,1.435649,1.000000,1.000000,1.000000
dmd,7,128,padded,original,6,961.130,19.882,1.000000,1.000000,1.000000,1.414556,1.396147,1.480833
dmd,7,128,padded,vector16safe,6,1159.075,18.851,0.829764,0.819360,0.837527,1.705638,1.699554,1.768102
dmd,7,128,padded,vector16store,6,1516.267,13.506,0.638395,0.623547,0.664613,2.237516,2.165883,2.261279
dmd,7,128,padded,cpp-approved-execution,6,680.479,15.601,1.414556,1.396147,1.480833,1.000000,1.000000,1.000000
dmd,7,128,repeated-source,original,6,936.130,23.450,1.000000,1.000000,1.000000,1.402145,1.394252,1.421332
dmd,7,128,repeated-source,vector16safe,6,1136.130,21.854,0.837533,0.810719,0.849204,1.681540,1.650751,1.729904
dmd,7,128,repeated-source,vector16store,6,1446.404,36.321,0.646270,0.584000,0.667760,2.184049,2.121272,2.390265
dmd,7,128,repeated-source,cpp-approved-execution,6,664.041,23.569,1.402145,1.394252,1.421332,1.000000,1.000000,1.000000
dmd,7,128,universal,original,6,12202.911,20.664,1.000000,1.000000,1.000000,21.010428,19.643661,21.527228
dmd,7,128,universal,vector16safe,6,12186.130,19.073,1.007553,0.973178,1.030054,20.869453,20.067240,21.395882
dmd,7,128,universal,vector16store,6,12111.815,26.064,1.006476,0.967298,1.036005,20.803279,19.565440,21.294118
dmd,7,128,universal,cpp-approved-execution,6,575.171,23.757,21.010428,19.643661,21.527228,1.000000,1.000000,1.000000
dmd,15,1,contiguous,original,6,118.323,52.079,1.000000,1.000000,1.000000,10.238666,10.097192,11.775168
dmd,15,1,contiguous,vector16safe,6,118.298,41.317,1.000535,0.981866,1.066727,10.268915,10.079914,11.038591
dmd,15,1,contiguous,vector16store,6,119.202,44.547,0.992590,0.982510,1.039858,10.306322,10.183585,11.323826
dmd,15,1,contiguous,cpp-approved-execution,6,11.633,32.319,10.238666,10.097192,11.775168,1.000000,1.000000,1.000000
dmd,15,1,negative-both,original,6,119.885,51.787,1.000000,1.000000,1.000000,9.993055,9.814961,11.276563
dmd,15,1,negative-both,vector16safe,6,120.654,55.443,0.996862,0.955047,1.017038,9.936428,9.822835,11.542188
dmd,15,1,negative-both,vector16store,6,123.608,52.123,0.988244,0.879729,1.003219,10.078205,9.783465,11.550000
dmd,15,1,negative-both,cpp-approved-execution,6,12.085,36.364,9.993055,9.814961,11.276563,1.000000,1.000000,1.000000
dmd,15,1,negative-source,original,6,118.848,56.594,1.000000,1.000000,1.000000,9.846273,9.772102,10.895678
dmd,15,1,negative-source,vector16safe,6,118.884,52.120,0.999172,0.984655,1.020947,9.877268,9.756385,10.672131
dmd,15,1,negative-source,vector16store,6,120.129,50.930,0.984427,0.956741,1.013587,9.988972,9.908903,10.749627
dmd,15,1,negative-source,cpp-approved-execution,6,12.109,42.540,9.846273,9.772102,10.895678,1.000000,1.000000,1.000000
dmd,15,1,padded,original,6,118.762,53.798,1.000000,1.000000,1.000000,9.849685,9.704883,10.648889
dmd,15,1,padded,vector16safe,6,123.376,18.067,0.985696,0.895221,1.271088,9.968854,8.377778,10.840764
dmd,15,1,padded,vector16store,6,123.926,35.244,0.984722,0.831242,1.088926,10.025970,9.779259,11.675159
dmd,15,1,padded,cpp-approved-execution,6,12.085,41.212,9.849685,9.704883,10.648889,1.000000,1.000000,1.000000
dmd,15,1,repeated-source,original,6,116.614,19.198,1.000000,1.000000,1.000000,9.824309,9.471374,10.275472
dmd,15,1,repeated-source,vector16safe,6,118.286,21.672,0.982776,0.936131,1.024162,9.834273,9.744275,10.649057
dmd,15,1,repeated-source,vector16store,6,115.723,16.160,0.990764,0.967446,1.016352,9.988345,9.636364,10.158491
dmd,15,1,repeated-source,cpp-approved-execution,6,11.804,14.478,9.824309,9.471374,10.275472,1.000000,1.000000,1.000000
dmd,15,1,universal,original,6,380.969,53.190,1.000000,1.000000,1.000000,30.050086,29.785571,30.894422
dmd,15,1,universal,vector16safe,6,399.768,44.881,0.965262,0.942687,1.025229,30.956801,29.379714,32.332669
dmd,15,1,universal,vector16store,6,388.794,54.531,0.987470,0.962305,0.998326,30.624410,30.138739,31.135496
dmd,15,1,universal,cpp-approved-execution,6,12.646,52.124,30.050086,29.785571,30.894422,1.000000,1.000000,1.000000
dmd,15,17,contiguous,original,6,390.418,15.249,1.000000,1.000000,1.000000,11.242686,10.841096,11.663130
dmd,15,17,contiguous,vector16safe,6,349.514,11.856,1.117904,1.108634,1.163843,10.022939,9.663014,10.139130
dmd,15,17,contiguous,vector16store,6,485.992,14.572,0.834867,0.748912,0.857585,13.574728,12.821918,15.041667
dmd,15,17,contiguous,cpp-approved-execution,6,35.506,13.151,11.242686,10.841096,11.663130,1.000000,1.000000,1.000000
dmd,15,17,negative-both,original,6,430.058,10.450,1.000000,1.000000,1.000000,3.627185,3.505719,3.798969
dmd,15,17,negative-both,vector16safe,6,458.901,10.938,0.937877,0.907598,0.979185,3.884221,3.707516,3.953137
dmd,15,17,negative-both,vector16store,6,495.136,11.257,0.870469,0.849469,0.914392,4.154213,3.964052,4.296267
dmd,15,17,negative-both,cpp-approved-execution,6,120.623,10.484,3.627185,3.505719,3.798969,1.000000,1.000000,1.000000
dmd,15,17,negative-source,original,6,424.270,12.381,1.000000,1.000000,1.000000,3.602146,3.352941,3.652723
dmd,15,17,negative-source,vector16safe,6,481.615,14.199,0.922470,0.814932,0.931179,3.898475,3.874204,4.121547
dmd,15,17,negative-source,vector16store,6,494.163,11.240,0.876409,0.820144,0.884389,4.110108,4.088235,4.143646
dmd,15,17,negative-source,cpp-approved-execution,6,120.623,10.565,3.602146,3.352941,3.652723,1.000000,1.000000,1.000000
dmd,15,17,padded,original,6,422.909,15.365,1.000000,1.000000,1.000000,3.574369,3.487610,3.629800
dmd,15,17,padded,vector16safe,6,463.959,14.488,0.918579,0.905562,0.928587,3.868112,3.851319,3.948558
dmd,15,17,padded,vector16store,6,489.494,17.508,0.872857,0.836173,0.886347,4.082411,4.065359,4.300857
dmd,15,17,padded,cpp-approved-execution,6,120.379,13.253,3.574369,3.487610,3.629800,1.000000,1.000000,1.000000
dmd,15,17,repeated-source,original,6,413.911,13.537,1.000000,1.000000,1.000000,3.504284,3.452153,3.580286
dmd,15,17,repeated-source,vector16safe,6,459.047,12.715,0.917574,0.896249,0.938724,3.811657,3.805705,3.910310
dmd,15,17,repeated-source,vector16store,6,474.708,13.586,0.872477,0.867535,0.891528,4.015425,3.979266,4.030840
dmd,15,17,repeated-source,cpp-approved-execution,6,119.018,13.077,3.504284,3.452153,3.580286,1.000000,1.000000,1.000000
dmd,15,17,universal,original,6,3647.957,12.946,1.000000,1.000000,1.000000,22.450493,22.262172,23.287629
dmd,15,17,universal,vector16safe,6,3758.171,10.659,0.979942,0.961174,0.999433,23.109095,22.374172,23.762949
dmd,15,17,universal,vector16store,6,3632.296,12.547,0.991810,0.974940,1.025135,22.775290,22.413355,23.154621
dmd,15,17,universal,cpp-approved-execution,6,159.484,12.931,22.450493,22.262172,23.287629,1.000000,1.000000,1.000000
dmd,15,128,contiguous,original,6,2233.088,16.068,1.000000,1.000000,1.000000,10.795229,10.500000,11.234266
dmd,15,128,contiguous,vector16safe,6,1909.559,11.898,1.180869,1.136986,1.218892,9.170715,8.944056,9.411150
dmd,15,128,contiguous,vector16store,6,2647.794,12.441,0.836557,0.801655,0.988131,12.860538,11.049180,13.349650
dmd,15,128,contiguous,cpp-approved-execution,6,210.294,13.636,10.795229,10.500000,11.234266,1.000000,1.000000,1.000000
dmd,15,128,negative-both,original,6,1793.015,13.000,1.000000,1.000000,1.000000,2.012445,1.975571,2.052545
dmd,15,128,negative-both,vector16safe,6,2057.353,12.759,0.866290,0.857045,0.877801,2.324718,2.250591,2.394910
dmd,15,128,negative-both,vector16store,6,2230.882,13.942,0.799217,0.789602,0.809232,2.531063,2.441292,2.559113
dmd,15,128,negative-both,cpp-approved-execution,6,881.618,13.261,2.012445,1.975571,2.052545,1.000000,1.000000,1.000000
dmd,15,128,negative-source,original,6,1780.147,13.094,1.000000,1.000000,1.000000,2.012002,1.981007,2.065128
dmd,15,128,negative-source,vector16safe,6,2045.588,12.940,0.860373,0.857193,0.882634,2.342007,2.244426,2.353427
dmd,15,128,negative-source,vector16store,6,2241.544,14.565,0.792992,0.779018,0.816493,2.529704,2.501239,2.589595
dmd,15,128,negative-source,cpp-approved-execution,6,890.441,13.377,2.012002,1.981007,2.065128,1.000000,1.000000,1.000000
dmd,15,128,padded,original,6,1767.279,13.272,1.000000,1.000000,1.000000,2.006931,1.983289,2.055333
dmd,15,128,padded,vector16safe,6,2051.103,11.507,0.863060,0.853044,0.898038,2.312093,2.288693,2.391632
dmd,15,128,padded,vector16store,6,2228.309,13.067,0.801489,0.785945,0.823851,2.499973,2.477573,2.595816
dmd,15,128,padded,cpp-approved-execution,6,873.162,13.305,2.006931,1.983289,2.055333,1.000000,1.000000,1.000000
dmd,15,128,repeated-source,original,6,1717.279,15.757,1.000000,1.000000,1.000000,2.001688,1.996265,2.009083
dmd,15,128,repeated-source,vector16safe,6,2003.676,15.450,0.857014,0.850402,0.865052,2.336266,2.314057,2.362510
dmd,15,128,repeated-source,vector16store,6,2178.309,14.650,0.793296,0.785324,0.805529,2.527971,2.484824,2.545613
dmd,15,128,repeated-source,cpp-approved-execution,6,857.721,15.517,2.001688,1.996265,2.009083,1.000000,1.000000,1.000000
dmd,15,128,universal,original,6,26682.353,14.884,1.000000,1.000000,1.000000,22.889951,22.694016,23.954604
dmd,15,128,universal,vector16safe,6,26401.103,15.276,0.998102,0.986405,1.021515,23.051297,22.921683,23.450065
dmd,15,128,universal,vector16store,6,26289.338,15.431,1.003009,0.993035,1.033954,22.825125,22.755948,23.189890
dmd,15,128,universal,cpp-approved-execution,6,1134.191,15.559,22.889951,22.694016,23.954604,1.000000,1.000000,1.000000
dmd,16,1,contiguous,original,6,117.114,76.214,1.000000,1.000000,1.000000,15.197267,14.996324,15.372990
dmd,16,1,contiguous,vector16safe,6,133.948,59.072,0.886375,0.859119,0.981945,17.090470,15.272059,17.893891
dmd,16,1,contiguous,vector16store,6,109.192,71.660,1.093601,1.071222,1.112657,13.910191,13.477941,14.315113
dmd,16,1,contiguous,cpp-approved-execution,6,7.690,78.730,15.197267,14.996324,15.372990,1.000000,1.000000,1.000000
dmd,16,1,negative-both,original,6,117.175,14.835,1.000000,1.000000,1.000000,13.491224,13.480337,13.641096
dmd,16,1,negative-both,vector16safe,6,131.067,16.206,0.893653,0.883336,0.905602,15.101285,15.042135,15.268229
dmd,16,1,negative-both,vector16store,6,108.594,16.165,1.079025,1.068496,1.095008,12.494382,12.457534,12.658046
dmd,16,1,negative-both,cpp-approved-execution,6,8.691,14.888,13.491224,13.480337,13.641096,1.000000,1.000000,1.000000
dmd,16,1,negative-source,original,6,116.455,16.059,1.000000,1.000000,1.000000,13.398876,13.292035,13.765013
dmd,16,1,negative-source,vector16safe,6,133.069,14.659,0.882985,0.859097,0.890889,15.165250,15.065753,15.609551
dmd,16,1,negative-source,vector16store,6,108.398,19.257,1.077672,1.049154,1.086144,12.437435,12.300885,13.120104
dmd,16,1,negative-source,cpp-approved-execution,6,8.691,12.360,13.398876,13.292035,13.765013,1.000000,1.000000,1.000000
dmd,16,1,padded,original,6,118.628,37.559,1.000000,1.000000,1.000000,13.607153,13.343840,15.919192
dmd,16,1,padded,vector16safe,6,132.947,23.616,0.890581,0.857011,0.986541,15.374296,15.142466,16.136364
dmd,16,1,padded,vector16store,6,108.411,18.129,1.074387,1.055124,1.248317,12.629433,12.584527,12.824773
dmd,16,1,padded,cpp-approved-execution,6,8.606,18.440,13.607153,13.343840,15.919192,1.000000,1.000000,1.000000
dmd,16,1,repeated-source,original,6,113.953,19.582,1.000000,1.000000,1.000000,13.419679,13.365559,13.864935
dmd,16,1,repeated-source,vector16safe,6,129.102,17.606,0.884316,0.880075,0.899107,15.178966,15.123867,15.420779
dmd,16,1,repeated-source,vector16store,6,106.409,15.097,1.079071,1.065491,1.123553,12.433662,12.340260,12.585014
dmd,16,1,repeated-source,cpp-approved-execution,6,8.484,15.540,13.419679,13.365559,13.864935,1.000000,1.000000,1.000000
dmd,16,1,universal,original,6,386.426,17.817,1.000000,1.000000,1.000000,29.805922,29.324853,30.488014
dmd,16,1,universal,vector16safe,6,396.204,17.056,0.978531,0.955618,0.992351,30.763909,29.923792,31.217557
dmd,16,1,universal,vector16store,6,390.442,17.171,0.989714,0.966774,1.005532,30.151809,29.667939,30.803249
dmd,16,1,universal,cpp-approved-execution,6,12.964,13.748,29.805922,29.324853,30.488014,1.000000,1.000000,1.000000
dmd,16,17,contiguous,original,6,400.831,16.295,1.000000,1.000000,1.000000,12.770865,11.659341,12.932886
dmd,16,17,contiguous,vector16safe,6,598.390,18.134,0.661226,0.637142,0.676140,19.190448,18.146417,19.914894
dmd,16,17,contiguous,vector16store,6,220.561,25.094,1.808955,1.683459,1.846670,7.026501,6.691589,7.106452
dmd,16,17,contiguous,cpp-approved-execution,6,31.568,26.974,12.770865,11.659341,12.932886,1.000000,1.000000,1.000000
dmd,16,17,negative-both,original,6,441.641,16.200,1.000000,1.000000,1.000000,7.093088,6.842282,7.750446
dmd,16,17,negative-both,vector16safe,6,731.931,15.493,0.605384,0.597471,0.609293,11.741325,11.313758,12.789661
dmd,16,17,negative-both,vector16store,6,352.960,14.328,1.249746,1.191701,1.294048,5.719787,5.559157,5.989305
dmd,16,17,negative-both,cpp-approved-execution,6,61.526,16.878,7.093088,6.842282,7.750446,1.000000,1.000000,1.000000
dmd,16,17,negative-source,original,6,430.582,14.374,1.000000,1.000000,1.000000,7.037231,6.739482,7.508651
dmd,16,17,negative-source,vector16safe,6,718.795,17.842,0.596764,0.585666,0.638423,11.724373,11.383495,12.390358
dmd,16,17,negative-source,vector16store,6,349.792,11.964,1.240120,1.221766,1.268969,5.667141,5.516181,6.103806
dmd,16,17,negative-source,cpp-approved-execution,6,61.163,11.375,7.037231,6.739482,7.508651,1.000000,1.000000,1.000000
dmd,16,17,padded,original,6,424.922,16.984,1.000000,1.000000,1.000000,6.964067,6.897345,7.053763
dmd,16,17,padded,vector16safe,6,709.813,18.155,0.597727,0.590156,0.601142,11.605263,11.574503,11.952381
dmd,16,17,padded,vector16store,6,342.004,12.479,1.240151,1.205382,1.260154,5.601751,5.590832,5.722124
dmd,16,17,padded,cpp-approved-execution,6,61.163,14.601,6.964067,6.897345,7.053763,1.000000,1.000000,1.000000
dmd,16,17,repeated-source,original,6,413.759,19.074,1.000000,1.000000,1.000000,6.870345,6.826087,7.139319
dmd,16,17,repeated-source,vector16safe,6,683.385,20.210,0.599539,0.594713,0.611373,11.445217,11.391736,12.004644
dmd,16,17,repeated-source,vector16store,6,330.426,16.750,1.248873,1.237798,1.278979,5.533913,5.477718,5.582043
dmd,16,17,repeated-source,cpp-approved-execution,6,59.709,14.783,6.870345,6.826087,7.139319,1.000000,1.000000,1.000000
dmd,16,17,universal,original,6,3842.368,15.805,1.000000,1.000000,1.000000,22.840019,22.466667,23.433742
dmd,16,17,universal,vector16safe,6,3860.073,16.846,0.989491,0.975718,1.012270,23.052995,22.768600,23.845245
dmd,16,17,universal,vector16store,6,3849.169,18.952,0.992457,0.962514,1.012056,22.983069,22.632335,24.304446
dmd,16,17,universal,cpp-approved-execution,6,167.186,12.795,22.840019,22.466667,23.433742,1.000000,1.000000,1.000000
dmd,16,128,contiguous,original,6,2304.297,19.325,1.000000,1.000000,1.000000,10.765849,10.646617,11.229391
dmd,16,128,contiguous,vector16safe,6,3783.203,132.308,0.610391,0.283941,0.627212,17.668360,17.375912,39.548387
dmd,16,128,contiguous,vector16store,6,989.453,18.081,2.316976,2.293117,2.391603,4.640110,4.616788,4.800000
dmd,16,128,contiguous,cpp-approved-execution,6,214.062,14.234,10.765849,10.646617,11.229391,1.000000,1.000000,1.000000
dmd,16,128,negative-both,original,6,1779.688,15.935,1.000000,1.000000,1.000000,4.198303,4.186567,4.393471
dmd,16,128,negative-both,vector16safe,6,3878.516,16.135,0.458903,0.457182,0.460344,9.151108,9.112811,9.565292
dmd,16,128,negative-both,vector16store,6,1185.547,10.478,1.510098,1.484127,1.586228,2.779865,2.769759,2.820896
dmd,16,128,negative-both,cpp-approved-execution,6,423.828,10.876,4.198303,4.186567,4.393471,1.000000,1.000000,1.000000
dmd,16,128,negative-source,original,6,1799.609,13.718,1.000000,1.000000,1.000000,4.224910,4.191205,4.300373
dmd,16,128,negative-source,vector16safe,6,3905.859,13.121,0.461156,0.460308,0.466560,9.116593,9.095149,9.324627
dmd,16,128,negative-source,vector16store,6,1189.453,21.609,1.506788,1.408989,1.514455,2.827815,2.774379,3.037543
dmd,16,128,negative-source,cpp-approved-execution,6,423.438,11.624,4.224910,4.191205,4.300373,1.000000,1.000000,1.000000
dmd,16,128,padded,original,6,1783.594,16.382,1.000000,1.000000,1.000000,4.184906,4.135036,4.305882
dmd,16,128,padded,vector16safe,6,3916.406,16.836,0.457765,0.453200,0.460535,9.141659,9.084130,9.403361
dmd,16,128,padded,vector16store,6,1185.938,17.260,1.512129,1.493738,1.515471,2.767489,2.761818,2.872269
dmd,16,128,padded,cpp-approved-execution,6,428.516,13.127,4.184906,4.135036,4.305882,1.000000,1.000000,1.000000
dmd,16,128,repeated-source,original,6,1788.672,16.816,1.000000,1.000000,1.000000,4.248759,4.173996,4.272879
dmd,16,128,repeated-source,vector16safe,6,3850.391,15.725,0.468206,0.459563,0.471570,9.063516,8.857664,9.296642
dmd,16,128,repeated-source,vector16store,6,1175.781,14.086,1.530520,1.515972,1.554479,2.751673,2.740876,2.813433
dmd,16,128,repeated-source,cpp-approved-execution,6,423.438,14.391,4.248759,4.173996,4.272879,1.000000,1.000000,1.000000
dmd,16,128,universal,original,6,28597.656,13.247,1.000000,1.000000,1.000000,23.138432,22.910000,24.916950
dmd,16,128,universal,vector16safe,6,28158.594,14.028,0.998326,0.993549,1.057319,23.114123,22.886667,25.071477
dmd,16,128,universal,vector16store,6,27931.250,12.794,1.014082,0.997269,1.042821,23.000699,22.722842,23.893805
dmd,16,128,universal,cpp-approved-execution,6,1201.172,15.220,23.138432,22.910000,24.916950,1.000000,1.000000,1.000000
dmd,17,1,contiguous,original,6,116.809,12.875,1.000000,1.000000,1.000000,13.353687,13.311978,13.509138
dmd,17,1,contiguous,vector16safe,6,133.142,13.478,0.879205,0.871285,0.883468,15.180349,15.130081,15.472585
dmd,17,1,contiguous,vector16store,6,108.215,13.311,1.073755,1.064840,1.095107,12.483010,12.217877,12.603133
dmd,17,1,contiguous,cpp-approved-execution,6,8.752,11.437,13.353687,13.311978,13.509138,1.000000,1.000000,1.000000
dmd,17,1,negative-both,original,6,116.333,16.034,1.000000,1.000000,1.000000,12.308508,12.278820,12.877108
dmd,17,1,negative-both,vector16safe,6,131.531,14.070,0.881980,0.871376,0.896644,13.955549,13.846939,14.444162
dmd,17,1,negative-both,vector16store,6,107.996,11.823,1.081010,1.076062,1.120805,11.415660,11.371728,11.489157
dmd,17,1,negative-both,cpp-approved-execution,6,9.460,10.839,12.308508,12.278820,12.877108,1.000000,1.000000,1.000000
dmd,17,1,negative-source,original,6,115.491,13.994,1.000000,1.000000,1.000000,12.296391,12.246193,12.418848
dmd,17,1,negative-source,vector16safe,6,131.262,15.196,0.880232,0.847383,0.898315,13.985557,13.824607,14.451777
dmd,17,1,negative-source,vector16store,6,108.081,17.619,1.059500,1.035186,1.089573,11.589005,11.305483,11.829949
dmd,17,1,negative-source,cpp-approved-execution,6,9.338,13.595,12.296391,12.246193,12.418848,1.000000,1.000000,1.000000
dmd,17,1,padded,original,6,117.651,13.551,1.000000,1.000000,1.000000,12.322883,12.243968,12.817232
dmd,17,1,padded,vector16safe,6,129.797,17.474,0.887313,0.856159,0.926401,13.857118,13.791045,14.621103
dmd,17,1,padded,vector16store,6,106.091,12.864,1.083683,1.077377,1.134242,11.370295,11.300261,11.505995
dmd,17,1,padded,cpp-approved-execution,6,9.351,11.488,12.322883,12.243968,12.817232,1.000000,1.000000,1.000000
dmd,17,1,repeated-source,original,6,114.441,14.635,1.000000,1.000000,1.000000,12.338509,12.236318,12.422460
dmd,17,1,repeated-source,vector16safe,6,128.247,14.944,0.891067,0.879807,0.898769,13.905723,13.718499,13.919811
dmd,17,1,repeated-source,vector16store,6,104.590,12.208,1.088437,1.073080,1.103803,11.358812,11.224057,11.415550
dmd,17,1,repeated-source,cpp-approved-execution,6,9.241,13.474,12.338509,12.236318,12.422460,1.000000,1.000000,1.000000
dmd,17,1,universal,original,6,399.683,14.006,1.000000,1.000000,1.000000,29.137126,28.930657,29.996350
dmd,17,1,universal,vector16safe,6,405.066,12.934,0.983650,0.981772,0.992996,29.652520,29.432482,30.301095
dmd,17,1,universal,vector16store,6,401.355,13.565,0.990962,0.968631,1.024366,29.380406,29.239051,30.003565
dmd,17,1,universal,cpp-approved-execution,6,13.538,11.001,29.137126,28.930657,29.996350,1.000000,1.000000,1.000000
dmd,17,17,contiguous,original,6,422.216,39.405,1.000000,1.000000,1.000000,12.459864,12.331104,17.996491
dmd,17,17,contiguous,vector16safe,6,627.343,21.318,0.670996,0.661038,0.777357,18.552276,18.383387,23.150877
dmd,17,17,contiguous,vector16store,6,237.872,13.534,1.753548,1.742737,2.351674,7.124212,7.050167,7.652632
dmd,17,17,contiguous,cpp-approved-execution,6,32.911,15.745,12.459864,12.331104,17.996491,1.000000,1.000000,1.000000
dmd,17,17,negative-both,original,6,438.699,14.049,1.000000,1.000000,1.000000,5.680212,5.646978,5.690828
dmd,17,17,negative-both,vector16safe,6,740.849,15.105,0.597085,0.559883,0.609051,9.503100,9.318759,10.103550
dmd,17,17,negative-both,vector16store,6,367.861,15.076,1.193559,1.178197,1.206959,4.753698,4.702398,4.825145
dmd,17,17,negative-both,cpp-approved-execution,6,77.233,13.562,5.680212,5.646978,5.690828,1.000000,1.000000,1.000000
dmd,17,17,negative-source,original,6,442.778,13.870,1.000000,1.000000,1.000000,5.700689,5.650212,5.817919
dmd,17,17,negative-source,vector16safe,6,727.453,13.610,0.608079,0.604449,0.610277,9.375776,9.307475,9.533237
dmd,17,17,negative-source,vector16store,6,363.892,13.665,1.215323,1.198325,1.235727,4.699568,4.680473,4.715092
dmd,17,17,negative-source,cpp-approved-execution,6,77.233,13.276,5.700689,5.650212,5.817919,1.000000,1.000000,1.000000
dmd,17,17,padded,original,6,432.304,14.512,1.000000,1.000000,1.000000,5.595414,5.529330,5.656250
dmd,17,17,padded,vector16safe,6,717.420,14.292,0.603160,0.582922,0.610721,9.299248,9.131285,9.579882
dmd,17,17,padded,vector16store,6,361.246,15.138,1.198101,1.170180,1.218942,4.675069,4.579652,4.772189
dmd,17,17,padded,cpp-approved-execution,6,77.619,13.068,5.595414,5.529330,5.656250,1.000000,1.000000,1.000000
dmd,17,17,repeated-source,original,6,415.987,13.729,1.000000,1.000000,1.000000,5.521777,5.488439,5.564560
dmd,17,17,repeated-source,vector16safe,6,715.932,16.786,0.598771,0.562143,0.605259,9.192255,9.163295,9.831361
dmd,17,17,repeated-source,vector16store,6,346.086,13.858,1.206804,1.197729,1.220548,4.567293,4.554734,4.596154
dmd,17,17,repeated-source,cpp-approved-execution,6,75.469,13.440,5.521777,5.488439,5.564560,1.000000,1.000000,1.000000
dmd,17,17,universal,original,6,4031.036,14.080,1.000000,1.000000,1.000000,22.972934,22.472117,23.416244
dmd,17,17,universal,vector16safe,6,4041.235,13.166,0.995929,0.977378,1.001697,23.070403,22.815589,23.431472
dmd,17,17,universal,vector16store,6,4087.321,13.476,0.995669,0.947547,1.015647,23.167310,22.584547,23.716096
dmd,17,17,universal,cpp-approved-execution,6,174.035,11.973,22.972934,22.472117,23.416244,1.000000,1.000000,1.000000
dmd,17,128,contiguous,original,6,2432.917,17.880,1.000000,1.000000,1.000000,10.812963,10.603774,11.013245
dmd,17,128,contiguous,vector16safe,6,3932.917,16.442,0.614593,0.605225,0.632359,17.539141,17.237037,17.750877
dmd,17,128,contiguous,vector16store,6,1114.583,16.299,2.166939,2.146677,2.202844,4.953704,4.935606,5.045614
dmd,17,128,contiguous,cpp-approved-execution,6,225.000,14.074,10.812963,10.603774,11.013245,1.000000,1.000000,1.000000
dmd,17,128,negative-both,original,6,1854.167,32.584,1.000000,1.000000,1.000000,3.436283,3.411576,3.826613
dmd,17,128,negative-both,vector16safe,6,4203.750,23.352,0.454983,0.405814,0.484019,7.593668,7.384615,8.406752
dmd,17,128,negative-both,vector16store,6,1326.250,17.782,1.408578,1.396322,1.589615,2.424935,2.407258,2.460218
dmd,17,128,negative-both,cpp-approved-execution,6,539.583,18.842,3.436283,3.411576,3.826613,1.000000,1.000000,1.000000
dmd,17,128,negative-source,original,6,1872.500,24.611,1.000000,1.000000,1.000000,3.412480,3.394619,3.456250
dmd,17,128,negative-source,vector16safe,6,4059.167,28.331,0.464444,0.450365,0.472534,7.380339,7.183857,7.592965
dmd,17,128,negative-source,vector16store,6,1342.917,33.881,1.404534,1.303494,1.426177,2.423818,2.420030,2.624372
dmd,17,128,negative-source,cpp-approved-execution,6,550.833,24.054,3.412480,3.394619,3.456250,1.000000,1.000000,1.000000
dmd,17,128,padded,original,6,1857.500,13.190,1.000000,1.000000,1.000000,3.399377,3.395706,3.513344
dmd,17,128,padded,vector16safe,6,4013.333,16.964,0.460972,0.448038,0.471754,7.402517,7.334898,7.612725
dmd,17,128,padded,vector16store,6,1330.417,13.091,1.406255,1.386633,1.449482,2.424241,2.416275,2.451761
dmd,17,128,padded,cpp-approved-execution,6,543.750,13.180,3.399377,3.395706,3.513344,1.000000,1.000000,1.000000
dmd,17,128,repeated-source,original,6,1864.583,17.922,1.000000,1.000000,1.000000,3.382313,3.378176,3.490617
dmd,17,128,repeated-source,vector16safe,6,4117.083,19.856,0.462186,0.416041,0.464045,7.315099,7.283308,8.153139
dmd,17,128,repeated-source,vector16store,6,1316.667,17.595,1.407377,1.397476,1.434921,2.404349,2.354260,2.474531
dmd,17,128,repeated-source,cpp-approved-execution,6,550.833,14.221,3.382313,3.378176,3.490617,1.000000,1.000000,1.000000
dmd,17,128,universal,original,6,29817.083,25.779,1.000000,1.000000,1.000000,23.502832,23.306811,23.779031
dmd,17,128,universal,vector16safe,6,29561.250,23.265,1.007379,0.990275,1.021816,23.408639,22.919181,23.778150
dmd,17,128,universal,vector16store,6,30081.667,22.059,0.997574,0.984838,1.020185,23.583510,22.878421,24.057067
dmd,17,128,universal,cpp-approved-execution,6,1261.250,26.363,23.502832,23.306811,23.779031,1.000000,1.000000,1.000000
dmd,23,1,contiguous,original,6,122.632,15.389,1.000000,1.000000,1.000000,10.979140,10.873894,11.241107
dmd,23,1,contiguous,vector16safe,6,134.521,15.935,0.902275,0.892655,0.920891,12.154867,11.930886,12.592885
dmd,23,1,contiguous,vector16store,6,111.499,15.196,1.092191,1.082599,1.114022,10.044229,9.917927,10.337945
dmd,23,1,contiguous,cpp-approved-execution,6,11.182,11.790,10.979140,10.873894,11.241107,1.000000,1.000000,1.000000
dmd,23,1,negative-both,original,6,127.490,14.994,1.000000,1.000000,1.000000,10.420637,10.311850,11.596674
dmd,23,1,negative-both,vector16safe,6,144.641,14.313,0.900354,0.781501,0.954973,11.765519,11.474012,13.216216
dmd,23,1,negative-both,vector16store,6,113.599,15.603,1.088854,1.072320,1.196996,9.578082,9.471933,9.817844
dmd,23,1,negative-both,cpp-approved-execution,6,11.743,11.850,10.420637,10.311850,11.596674,1.000000,1.000000,1.000000
dmd,23,1,negative-source,original,6,120.740,13.527,1.000000,1.000000,1.000000,10.281705,10.234927,10.511278
dmd,23,1,negative-source,vector16safe,6,140.076,14.937,0.885063,0.840360,0.902144,11.709599,11.345114,12.228690
dmd,23,1,negative-source,vector16store,6,110.815,16.413,1.087026,1.066158,1.099111,9.436590,9.355509,9.859023
dmd,23,1,negative-source,cpp-approved-execution,6,11.743,10.603,10.281705,10.234927,10.511278,1.000000,1.000000,1.000000
dmd,23,1,padded,original,6,122.156,17.628,1.000000,1.000000,1.000000,10.256757,10.220907,10.701657
dmd,23,1,padded,vector16safe,6,136.011,16.460,0.902022,0.891604,0.910672,11.420396,11.342324,11.751381
dmd,23,1,padded,vector16store,6,113.269,16.791,1.087895,1.066753,1.097450,9.453063,9.369295,9.751381
dmd,23,1,padded,cpp-approved-execution,6,11.902,12.718,10.256757,10.220907,10.701657,1.000000,1.000000,1.000000
dmd,23,1,repeated-source,original,6,124.377,14.781,1.000000,1.000000,1.000000,10.411916,10.237006,11.078556
dmd,23,1,repeated-source,vector16safe,6,134.668,16.951,0.901932,0.886464,0.943751,11.517930,11.384615,11.820561
dmd,23,1,repeated-source,vector16store,6,110.437,16.536,1.098013,1.084123,1.153659,9.428791,9.390852,9.665421
dmd,23,1,repeated-source,cpp-approved-execution,6,11.743,13.721,10.411916,10.237006,11.078556,1.000000,1.000000,1.000000
dmd,23,1,universal,original,6,483.069,18.412,1.000000,1.000000,1.000000,28.536377,27.917037,29.982667
dmd,23,1,universal,vector16safe,6,496.863,17.571,0.974074,0.964786,0.981751,29.450099,28.635556,30.540000
dmd,23,1,universal,vector16store,6,484.985,17.911,0.991836,0.976856,1.015095,28.850918,28.253333,30.172000
dmd,23,1,universal,cpp-approved-execution,6,16.797,10.901,28.536377,27.917037,29.982667,1.000000,1.000000,1.000000
dmd,23,17,contiguous,original,6,528.284,14.211,1.000000,1.000000,1.000000,11.253268,10.912121,12.162791
dmd,23,17,contiguous,vector16safe,6,710.821,23.496,0.736004,0.686862,0.762887,15.044118,14.857576,16.916944
dmd,23,17,contiguous,vector16store,6,338.433,13.716,1.545432,1.514490,1.710748,7.173907,7.109091,7.490196
dmd,23,17,contiguous,cpp-approved-execution,6,45.672,13.072,11.253268,10.912121,12.162791,1.000000,1.000000,1.000000
dmd,23,17,negative-both,original,6,520.000,11.309,1.000000,1.000000,1.000000,4.310163,4.078031,4.373640
dmd,23,17,negative-both,vector16safe,6,814.104,11.183,0.638279,0.627911,0.646701,6.743182,6.494598,6.799007
dmd,23,17,negative-both,vector16store,6,455.373,12.160,1.152107,1.110935,1.173589,3.718687,3.625450,3.903226
dmd,23,17,negative-both,cpp-approved-execution,6,121.866,12.737,4.310163,4.078031,4.373640,1.000000,1.000000,1.000000
dmd,23,17,negative-source,original,6,518.209,13.796,1.000000,1.000000,1.000000,4.309039,4.118227,4.359179
dmd,23,17,negative-source,vector16safe,6,820.970,12.326,0.639376,0.591231,0.644176,6.746553,6.698068,6.965517
dmd,23,17,negative-source,vector16store,6,447.164,18.057,1.163399,1.124412,1.171752,3.702189,3.520936,3.876853
dmd,23,17,negative-source,cpp-approved-execution,6,120.821,10.994,4.309039,4.118227,4.359179,1.000000,1.000000,1.000000
dmd,23,17,padded,original,6,538.209,14.393,1.000000,1.000000,1.000000,4.306559,4.267066,4.620269
dmd,23,17,padded,vector16safe,6,864.627,12.964,0.636444,0.579226,0.646506,6.801242,6.616766,7.449809
dmd,23,17,padded,vector16store,6,458.209,14.202,1.158396,1.123759,1.187271,3.723931,3.594012,4.103785
dmd,23,17,padded,cpp-approved-execution,6,123.433,13.543,4.306559,4.267066,4.620269,1.000000,1.000000,1.000000
dmd,23,17,repeated-source,original,6,496.194,13.777,1.000000,1.000000,1.000000,4.212479,3.992762,4.263538
dmd,23,17,repeated-source,vector16safe,6,789.776,14.760,0.631840,0.626454,0.641499,6.646485,6.336550,6.738306
dmd,23,17,repeated-source,vector16store,6,424.701,14.022,1.166441,1.163445,1.184158,3.602581,3.431846,3.619863
dmd,23,17,repeated-source,cpp-approved-execution,6,120.896,13.210,4.212479,3.992762,4.263538,1.000000,1.000000,1.000000
dmd,23,17,universal,original,6,5387.164,14.792,1.000000,1.000000,1.000000,22.938655,22.628347,23.151365
dmd,23,17,universal,vector16safe,6,5422.463,13.347,0.995322,0.966869,1.004144,23.031508,22.938180,23.756368
dmd,23,17,universal,vector16store,6,5519.030,14.357,0.992354,0.972392,1.000939,23.109895,22.824298,23.571883
dmd,23,17,universal,cpp-approved-execution,6,234.851,13.727,22.938655,22.628347,23.151365,1.000000,1.000000,1.000000
dmd,23,128,contiguous,original,6,3225.843,12.609,1.000000,1.000000,1.000000,10.425210,10.321192,10.808118
dmd,23,128,contiguous,vector16safe,6,4458.427,14.289,0.718499,0.707284,0.735930,14.595251,14.474074,14.686347
dmd,23,128,contiguous,vector16store,6,1740.449,14.138,1.839078,1.811156,1.877564,5.688007,5.648148,5.756458
dmd,23,128,contiguous,cpp-approved-execution,6,304.494,14.022,10.425210,10.321192,10.808118,1.000000,1.000000,1.000000
dmd,23,128,negative-both,original,6,2484.831,12.118,1.000000,1.000000,1.000000,2.838731,2.820972,2.864227
dmd,23,128,negative-both,vector16safe,6,4687.640,11.913,0.538341,0.521279,0.539232,5.297721,5.231458,5.445583
dmd,23,128,negative-both,vector16store,6,1890.449,10.817,1.316311,1.306872,1.326408,2.158985,2.147247,2.163827
dmd,23,128,negative-both,cpp-approved-execution,6,878.090,10.749,2.838731,2.820972,2.864227,1.000000,1.000000,1.000000
dmd,23,128,negative-source,original,6,2515.169,10.945,1.000000,1.000000,1.000000,2.844955,2.815203,2.907810
dmd,23,128,negative-source,vector16safe,6,4692.135,11.255,0.537730,0.531823,0.551276,5.271882,5.236938,5.382843
dmd,23,128,negative-source,vector16store,6,1930.899,10.649,1.305804,1.299199,1.331092,2.165705,2.159011,2.238156
dmd,23,128,negative-source,cpp-approved-execution,6,878.090,11.004,2.844955,2.815203,2.907810,1.000000,1.000000,1.000000
dmd,23,128,padded,original,6,2456.180,11.391,1.000000,1.000000,1.000000,2.822349,2.816514,2.836108
dmd,23,128,padded,vector16safe,6,4578.090,13.180,0.534344,0.527497,0.538039,5.277910,5.254260,5.341951
dmd,23,128,padded,vector16store,6,1873.034,10.918,1.310696,1.307973,1.314693,2.153978,2.143361,2.159895
dmd,23,128,padded,cpp-approved-execution,6,867.416,11.399,2.822349,2.816514,2.836108,1.000000,1.000000,1.000000
dmd,23,128,repeated-source,original,6,2442.697,14.121,1.000000,1.000000,1.000000,2.812539,2.749068,2.833333
dmd,23,128,repeated-source,vector16safe,6,4549.438,15.065,0.531782,0.527156,0.540980,5.265101,5.202305,5.339243
dmd,23,128,repeated-source,vector16store,6,1860.674,13.345,1.312829,1.307933,1.319207,2.145052,2.085714,2.148993
dmd,23,128,repeated-source,cpp-approved-execution,6,867.416,13.083,2.812539,2.749068,2.833333,1.000000,1.000000,1.000000
dmd,23,128,universal,original,6,39524.157,11.474,1.000000,1.000000,1.000000,23.276878,22.964173,23.748138
dmd,23,128,universal,vector16safe,6,39547.191,10.904,1.002263,0.994363,1.010566,23.298579,22.724073,23.714572
dmd,23,128,universal,vector16store,6,39367.416,11.442,1.006002,0.999712,1.008321,23.183655,22.815211,23.618822
dmd,23,128,universal,cpp-approved-execution,6,1683.146,13.685,23.276878,22.964173,23.748138,1.000000,1.000000,1.000000
dmd,31,1,contiguous,original,6,130.896,12.981,1.000000,1.000000,1.000000,10.078547,10.028037,10.264368
dmd,31,1,contiguous,vector16safe,6,143.762,13.280,0.913961,0.902812,0.918692,11.028331,10.947664,11.340996
dmd,31,1,contiguous,vector16store,6,118.372,13.654,1.098987,1.093756,1.112311,9.185822,9.121495,9.227969
dmd,31,1,contiguous,cpp-approved-execution,6,12.903,13.434,10.078547,10.028037,10.264368,1.000000,1.000000,1.000000
dmd,31,1,negative-both,original,6,130.640,13.418,1.000000,1.000000,1.000000,9.456573,9.392336,9.565062
dmd,31,1,negative-both,vector16safe,6,143.115,13.135,0.909338,0.902489,0.922469,10.356197,10.329768,10.529412
dmd,31,1,negative-both,vector16store,6,121.045,13.695,1.093383,1.067054,1.110048,8.593276,8.559122,8.905526
dmd,31,1,negative-both,cpp-approved-execution,6,13.696,13.547,9.456573,9.392336,9.565062,1.000000,1.000000,1.000000
dmd,31,1,negative-source,original,6,131.201,12.914,1.000000,1.000000,1.000000,9.378750,9.298305,9.522282
dmd,31,1,negative-source,vector16safe,6,141.943,13.691,0.916414,0.905579,0.924577,10.249957,10.168696,10.304813
dmd,31,1,negative-source,vector16store,6,119.019,14.010,1.096716,1.073985,1.131910,8.516164,8.306087,8.866310
dmd,31,1,negative-source,cpp-approved-execution,6,13.867,13.380,9.378750,9.298305,9.522282,1.000000,1.000000,1.000000
dmd,31,1,padded,original,6,130.127,13.884,1.000000,1.000000,1.000000,9.393987,9.366788,9.625668
dmd,31,1,padded,vector16safe,6,144.348,13.192,0.913572,0.886866,0.917370,10.320486,10.247273,10.572193
dmd,31,1,padded,vector16store,6,119.653,13.793,1.098861,1.074785,1.100807,8.604237,8.521898,8.748663
dmd,31,1,padded,cpp-approved-execution,6,13.696,13.547,9.393987,9.366788,9.625668,1.000000,1.000000,1.000000
dmd,31,1,repeated-source,original,6,128.943,12.515,1.000000,1.000000,1.000000,9.413890,9.341894,9.481013
dmd,31,1,repeated-source,vector16safe,6,139.893,13.298,0.922356,0.917836,0.934219,10.195498,10.074576,10.276673
dmd,31,1,repeated-source,vector16store,6,117.249,13.118,1.097204,1.092342,1.103636,8.572090,8.531194,8.658228
dmd,31,1,repeated-source,cpp-approved-execution,6,13.696,13.369,9.413890,9.341894,9.481013,1.000000,1.000000,1.000000
dmd,31,1,universal,original,6,568.787,14.778,1.000000,1.000000,1.000000,26.979200,26.880141,27.267338
dmd,31,1,universal,vector16safe,6,581.519,13.779,0.976990,0.967610,0.986506,27.517626,27.390144,28.180089
dmd,31,1,universal,vector16store,6,576.221,13.698,0.991020,0.980960,0.999089,27.209596,27.045175,27.491051
dmd,31,1,universal,cpp-approved-execution,6,21.069,14.253,26.979200,26.880141,27.267338,1.000000,1.000000,1.000000
dmd,31,17,contiguous,original,6,662.274,12.456,1.000000,1.000000,1.000000,10.782759,10.721154,10.884488
dmd,31,17,contiguous,vector16safe,6,810.362,13.085,0.812430,0.806218,0.825945,13.248554,13.178218,13.361842
dmd,31,17,contiguous,vector16store,6,438.129,13.042,1.510390,1.439889,1.534667,7.117278,7.086538,7.486207
dmd,31,17,contiguous,cpp-approved-execution,6,61.066,12.850,10.782759,10.721154,10.884488,1.000000,1.000000,1.000000
dmd,31,17,negative-both,original,6,629.477,14.288,1.000000,1.000000,1.000000,4.032548,4.018229,4.191656
dmd,31,17,negative-both,vector16safe,6,916.600,13.149,0.679009,0.674978,0.708306,5.922793,5.912365,5.964481
dmd,31,17,negative-both,vector16store,6,554.728,13.420,1.123188,1.116226,1.158976,3.595773,3.567708,3.620219
dmd,31,17,negative-both,cpp-approved-execution,6,154.427,13.290,4.032548,4.018229,4.191656,1.000000,1.000000,1.000000
dmd,31,17,negative-source,original,6,623.441,13.329,1.000000,1.000000,1.000000,4.020677,4.014371,4.058302
dmd,31,17,negative-source,vector16safe,6,924.748,16.232,0.672685,0.648315,0.687567,5.977453,5.902408,6.195089
dmd,31,17,negative-source,vector16store,6,560.765,13.025,1.122633,1.104690,1.143571,3.586197,3.543713,3.635744
dmd,31,17,negative-source,cpp-approved-execution,6,154.829,13.515,4.020677,4.014371,4.058302,1.000000,1.000000,1.000000
dmd,31,17,padded,original,6,621.127,13.282,1.000000,1.000000,1.000000,3.994495,3.971686,4.073171
dmd,31,17,padded,vector16safe,6,908.350,13.025,0.681251,0.677195,0.685363,5.885307,5.815959,5.943089
dmd,31,17,padded,vector16store,6,554.125,14.524,1.126016,1.101749,1.151283,3.549427,3.529335,3.604891
dmd,31,17,padded,cpp-approved-execution,6,155.332,13.212,3.994495,3.971686,4.073171,1.000000,1.000000,1.000000
dmd,31,17,repeated-source,original,6,601.911,13.405,1.000000,1.000000,1.000000,3.949311,3.945280,4.044776
dmd,31,17,repeated-source,vector16safe,6,891.851,14.642,0.666980,0.660036,0.676736,5.924346,5.916244,6.009498
dmd,31,17,repeated-source,vector16store,6,522.032,16.111,1.135727,1.109422,1.154084,3.479051,3.475888,3.558894
dmd,31,17,repeated-source,cpp-approved-execution,6,149.497,13.594,3.949311,3.945280,4.044776,1.000000,1.000000,1.000000
dmd,31,17,universal,original,6,7206.841,13.301,1.000000,1.000000,1.000000,22.851396,22.744308,24.398536
dmd,31,17,universal,vector16safe,6,7144.064,12.812,0.989639,0.980812,1.032259,23.188087,22.897840,23.636061
dmd,31,17,universal,vector16store,6,7212.575,12.448,0.998679,0.987506,1.014272,23.033616,22.678926,24.055223
dmd,31,17,universal,cpp-approved-execution,6,305.835,14.079,22.851396,22.744308,24.398536,1.000000,1.000000,1.000000
dmd,31,128,contiguous,original,6,4149.242,13.986,1.000000,1.000000,1.000000,10.374177,10.347490,10.548263
dmd,31,128,contiguous,vector16safe,6,5184.848,14.787,0.793169,0.790248,0.810682,13.064797,13.007547,13.138983
dmd,31,128,contiguous,vector16store,6,2466.667,13.329,1.681233,1.657002,1.706433,6.169438,6.142373,6.258687
dmd,31,128,contiguous,cpp-approved-execution,6,396.970,13.740,10.374177,10.347490,10.548263,1.000000,1.000000,1.000000
dmd,31,128,negative-both,original,6,3261.364,10.918,1.000000,1.000000,1.000000,2.875434,2.863804,2.941176
dmd,31,128,negative-both,vector16safe,6,5443.182,11.802,0.600001,0.596626,0.601778,4.797196,4.771546,4.916553
dmd,31,128,negative-both,vector16store,6,2707.576,10.297,1.215686,1.171191,1.218799,2.366286,2.349693,2.469220
dmd,31,128,negative-both,cpp-approved-execution,6,1121.212,11.351,2.875434,2.863804,2.941176,1.000000,1.000000,1.000000
dmd,31,128,negative-source,original,6,3259.848,10.690,1.000000,1.000000,1.000000,2.874351,2.870494,2.952381
dmd,31,128,negative-source,vector16safe,6,5427.273,10.190,0.601267,0.591676,0.603257,4.782377,4.764778,4.907563
dmd,31,128,negative-source,vector16store,6,2676.515,12.624,1.218834,1.217760,1.246600,2.356957,2.355191,2.368347
dmd,31,128,negative-source,cpp-approved-execution,6,1134.848,13.084,2.874351,2.870494,2.952381,1.000000,1.000000,1.000000
dmd,31,128,padded,original,6,3181.061,12.241,1.000000,1.000000,1.000000,2.870725,2.855191,2.890394
dmd,31,128,padded,vector16safe,6,5372.727,10.773,0.601778,0.588450,0.606930,4.771546,4.740177,4.879617
dmd,31,128,padded,vector16store,6,2643.182,10.891,1.213814,1.202865,1.245585,2.359531,2.296578,2.387141
dmd,31,128,padded,cpp-approved-execution,6,1108.333,11.073,2.870725,2.855191,2.890394,1.000000,1.000000,1.000000
dmd,31,128,repeated-source,original,6,3295.455,10.943,1.000000,1.000000,1.000000,2.868612,2.853333,3.006821
dmd,31,128,repeated-source,vector16safe,6,5435.606,28.404,0.603159,0.488367,0.608011,4.749086,4.707412,6.156889
dmd,31,128,repeated-source,vector16store,6,2662.879,10.128,1.221554,1.211438,1.279164,2.345658,2.335381,2.367989
dmd,31,128,repeated-source,cpp-approved-execution,6,1135.606,11.074,2.868612,2.853333,3.006821,1.000000,1.000000,1.000000
dmd,31,128,universal,original,6,53487.121,11.019,1.000000,1.000000,1.000000,23.362941,23.017476,24.165730
dmd,31,128,universal,vector16safe,6,54358.333,12.108,0.990249,0.982186,1.020312,23.538298,22.884796,24.383427
dmd,31,128,universal,vector16store,6,53353.788,10.791,1.005900,0.984851,1.017661,23.224453,22.875526,24.046348
dmd,31,128,universal,cpp-approved-execution,6,2296.212,15.770,23.362941,23.017476,24.165730,1.000000,1.000000,1.000000
dmd,32,1,contiguous,original,6,132.202,10.766,1.000000,1.000000,1.000000,15.385585,15.238961,15.536443
dmd,32,1,contiguous,vector16safe,6,157.080,11.159,0.832201,0.822284,0.853927,18.545178,17.994413,18.734694
dmd,32,1,contiguous,vector16store,6,113.477,11.123,1.167171,1.164479,1.181378,13.178275,13.085714,13.212828
dmd,32,1,contiguous,cpp-approved-execution,6,8.606,11.915,15.385585,15.238961,15.536443,1.000000,1.000000,1.000000
dmd,32,1,negative-both,original,6,131.812,13.021,1.000000,1.000000,1.000000,12.464991,12.298643,12.749436
dmd,32,1,negative-both,vector16safe,6,157.629,11.725,0.837637,0.825144,0.852142,14.884370,14.710407,15.120283
dmd,32,1,negative-both,vector16store,6,111.267,11.125,1.182274,1.162329,1.190018,10.602743,10.334842,10.756208
dmd,32,1,negative-both,cpp-approved-execution,6,10.645,12.156,12.464991,12.298643,12.749436,1.000000,1.000000,1.000000
dmd,32,1,negative-source,original,6,134.912,10.840,1.000000,1.000000,1.000000,12.573286,12.274827,13.978723
dmd,32,1,negative-source,vector16safe,6,159.460,12.034,0.835470,0.824330,0.863086,15.029099,14.787529,16.196217
dmd,32,1,negative-source,vector16store,6,114.478,13.350,1.175229,1.148601,1.184902,10.698582,10.491917,12.170213
dmd,32,1,negative-source,cpp-approved-execution,6,10.449,11.682,12.573286,12.274827,13.978723,1.000000,1.000000,1.000000
dmd,32,1,padded,original,6,129.797,10.213,1.000000,1.000000,1.000000,12.473753,12.324074,12.626966
dmd,32,1,padded,vector16safe,6,155.334,10.578,0.835502,0.833191,0.854471,14.892389,14.650463,15.052009
dmd,32,1,padded,vector16store,6,111.829,11.069,1.159610,1.157081,1.173980,10.771248,10.497685,10.817967
dmd,32,1,padded,cpp-approved-execution,6,10.498,10.698,12.473753,12.324074,12.626966,1.000000,1.000000,1.000000
dmd,32,1,repeated-source,original,6,129.761,13.208,1.000000,1.000000,1.000000,12.580486,12.214781,12.587379
dmd,32,1,repeated-source,vector16safe,6,157.581,13.138,0.830099,0.813317,0.839590,15.071131,14.794457,15.193258
dmd,32,1,repeated-source,vector16store,6,111.255,12.947,1.179803,1.153041,1.181960,10.653779,10.369515,10.702128
dmd,32,1,repeated-source,cpp-approved-execution,6,10.571,12.933,12.580486,12.214781,12.587379,1.000000,1.000000,1.000000
dmd,32,1,universal,original,6,596.619,14.003,1.000000,1.000000,1.000000,26.891582,25.202062,27.467429
dmd,32,1,universal,vector16safe,6,626.270,13.130,0.981125,0.917608,0.992116,27.483004,27.188435,28.190211
dmd,32,1,universal,vector16store,6,612.854,12.529,0.991117,0.912879,1.004715,27.245165,26.642074,28.093714
dmd,32,1,universal,cpp-approved-execution,6,22.498,13.890,26.891582,25.202062,27.467429,1.000000,1.000000,1.000000
dmd,32,17,contiguous,original,6,660.395,14.198,1.000000,1.000000,1.000000,10.598476,10.528239,10.853896
dmd,32,17,contiguous,vector16safe,6,1041.164,14.277,0.636876,0.633213,0.648371,16.681658,16.559727,16.746667
dmd,32,17,contiguous,vector16store,6,299.168,13.621,2.221610,2.191563,2.266441,4.772954,4.767918,4.803987
dmd,32,17,contiguous,cpp-approved-execution,6,62.474,13.644,10.598476,10.528239,10.853896,1.000000,1.000000,1.000000
dmd,32,17,negative-both,original,6,711.850,38.376,1.000000,1.000000,1.000000,7.526220,7.183258,10.367206
dmd,32,17,negative-both,vector16safe,6,1178.170,15.652,0.608962,0.590974,0.786716,12.425025,11.841629,13.177829
dmd,32,17,negative-both,vector16store,6,425.260,14.569,1.648407,1.570723,2.175957,4.570785,4.420814,4.768737
dmd,32,17,negative-both,cpp-approved-execution,6,92.620,13.244,7.526220,7.183258,10.367206,1.000000,1.000000,1.000000
dmd,32,17,negative-source,original,6,708.524,11.561,1.000000,1.000000,1.000000,7.542633,7.498901,7.768267
dmd,32,17,negative-source,vector16safe,6,1173.597,8.627,0.600071,0.594529,0.614736,12.602304,12.533040,12.641084
dmd,32,17,negative-source,vector16store,6,423.597,9.521,1.661940,1.628640,1.690169,4.542961,4.536036,4.604396
dmd,32,17,negative-source,cpp-approved-execution,6,93.347,8.018,7.542633,7.498901,7.768267,1.000000,1.000000,1.000000
dmd,32,17,padded,original,6,691.788,10.458,1.000000,1.000000,1.000000,7.500000,7.459350,7.519187
dmd,32,17,padded,vector16safe,6,1148.025,11.572,0.601866,0.598695,0.606298,12.433832,12.395034,12.480813
dmd,32,17,padded,vector16store,6,418.399,11.230,1.660260,1.638560,1.668838,4.507169,4.505643,4.577878
dmd,32,17,padded,cpp-approved-execution,6,92.100,11.061,7.500000,7.459350,7.519187,1.000000,1.000000,1.000000
dmd,32,17,repeated-source,original,6,685.655,12.310,1.000000,1.000000,1.000000,7.430031,7.316116,7.458239
dmd,32,17,repeated-source,vector16safe,6,1130.873,13.825,0.603761,0.596028,0.609291,12.291623,12.196388,12.361174
dmd,32,17,repeated-source,vector16store,6,418.503,15.897,1.673045,1.566619,1.679353,4.443841,4.428894,4.760722
dmd,32,17,repeated-source,cpp-approved-execution,6,92.100,13.995,7.430031,7.316116,7.458239,1.000000,1.000000,1.000000
dmd,32,17,universal,original,6,7295.114,14.050,1.000000,1.000000,1.000000,23.173528,22.787346,23.624170
dmd,32,17,universal,vector16safe,6,7466.320,15.755,0.983830,0.910016,1.002893,23.466383,23.151059,25.960159
dmd,32,17,universal,vector16store,6,7420.166,14.715,0.993447,0.921901,1.002686,23.226318,22.922671,25.625498
dmd,32,17,universal,cpp-approved-execution,6,312.058,16.256,23.173528,22.787346,23.624170,1.000000,1.000000,1.000000
dmd,32,128,contiguous,original,6,4280.469,21.756,1.000000,1.000000,1.000000,10.264243,10.018315,10.671096
dmd,32,128,contiguous,vector16safe,6,7108.594,24.047,0.601967,0.590767,0.617694,17.030285,16.608059,18.063123
dmd,32,128,contiguous,vector16store,6,1588.281,24.496,2.693687,2.630631,2.756294,3.808181,3.717949,4.056478
dmd,32,128,contiguous,cpp-approved-execution,6,421.875,17.037,10.264243,10.018315,10.671096,1.000000,1.000000,1.000000
dmd,32,128,negative-both,original,6,3868.750,13.207,1.000000,1.000000,1.000000,5.828069,5.814554,5.951945
dmd,32,128,negative-both,vector16safe,6,7721.875,25.516,0.515622,0.397503,0.530862,11.424450,10.953052,14.634568
dmd,32,128,negative-both,vector16store,6,1769.531,18.631,2.183021,2.079845,2.240310,2.666216,2.654930,2.804348
dmd,32,128,negative-both,cpp-approved-execution,6,664.844,12.926,5.828069,5.814554,5.951945,1.000000,1.000000,1.000000
dmd,32,128,negative-source,original,6,3890.625,14.819,1.000000,1.000000,1.000000,5.867056,5.767442,6.030635
dmd,32,128,negative-source,vector16safe,6,7472.656,14.219,0.532369,0.448600,0.543912,11.083994,10.793023,13.105911
dmd,32,128,negative-source,vector16store,6,1788.281,10.135,2.189748,2.162138,2.259016,2.665827,2.637209,2.719212
dmd,32,128,negative-source,cpp-approved-execution,6,669.531,11.902,5.867056,5.767442,6.030635,1.000000,1.000000,1.000000
dmd,32,128,padded,original,6,4005.469,15.877,1.000000,1.000000,1.000000,5.899758,5.809412,6.056075
dmd,32,128,padded,vector16safe,6,7406.250,20.549,0.535477,0.516810,0.542827,11.065278,10.788177,11.513978
dmd,32,128,padded,vector16store,6,1828.906,25.716,2.194033,1.843023,2.242215,2.697779,2.647783,3.192575
dmd,32,128,padded,cpp-approved-execution,6,671.094,13.737,5.899758,5.809412,6.056075,1.000000,1.000000,1.000000
dmd,32,128,repeated-source,original,6,3910.938,10.108,1.000000,1.000000,1.000000,5.802464,5.782201,6.077103
dmd,32,128,repeated-source,vector16safe,6,7553.125,14.088,0.520375,0.497799,0.532499,11.138578,10.894737,12.207944
dmd,32,128,repeated-source,vector16store,6,1779.688,9.833,2.197530,2.176840,2.248055,2.642449,2.632319,2.703271
dmd,32,128,repeated-source,cpp-approved-execution,6,667.969,10.292,5.802464,5.782201,6.077103,1.000000,1.000000,1.000000
dmd,32,128,universal,original,6,54500.781,11.935,1.000000,1.000000,1.000000,23.498942,23.230928,24.420984
dmd,32,128,universal,vector16safe,6,54585.156,11.078,0.995488,0.986147,1.047595,23.519689,23.192031,23.980323
dmd,32,128,universal,vector16store,6,54435.156,13.230,1.003367,0.995829,1.019212,23.439771,23.178694,23.960656
dmd,32,128,universal,cpp-approved-execution,6,2330.469,12.605,23.498942,23.230928,24.420984,1.000000,1.000000,1.000000
dmd,33,1,contiguous,original,6,132.336,11.604,1.000000,1.000000,1.000000,13.700501,13.617949,14.785166
dmd,33,1,contiguous,vector16safe,6,159.375,15.778,0.835813,0.804489,0.865938,16.568817,16.274359,17.074169
dmd,33,1,contiguous,vector16store,6,113.257,14.270,1.171848,1.148163,1.225567,11.729650,11.619423,12.063939
dmd,33,1,contiguous,cpp-approved-execution,6,9.546,11.509,13.700501,13.617949,14.785166,1.000000,1.000000,1.000000
dmd,33,1,negative-both,original,6,132.629,19.328,1.000000,1.000000,1.000000,11.581046,11.501027,12.292000
dmd,33,1,negative-both,vector16safe,6,160.828,15.712,0.828007,0.821352,0.854917,13.978379,13.885281,14.378000
dmd,33,1,negative-both,vector16store,6,114.612,16.040,1.170198,1.142067,1.201329,9.940552,9.852814,10.232000
dmd,33,1,negative-both,cpp-approved-execution,6,11.426,12.607,11.581046,11.501027,12.292000,1.000000,1.000000,1.000000
dmd,33,1,negative-source,original,6,133.276,14.929,1.000000,1.000000,1.000000,11.658836,11.551948,11.891089
dmd,33,1,negative-source,vector16safe,6,160.461,13.754,0.835567,0.823306,0.851411,13.954824,13.816842,14.246753
dmd,33,1,negative-source,vector16store,6,112.720,15.291,1.184847,1.163959,1.198338,9.855183,9.805195,9.974257
dmd,33,1,negative-source,cpp-approved-execution,6,11.438,13.661,11.658836,11.551948,11.891089,1.000000,1.000000,1.000000
dmd,33,1,padded,original,6,132.422,14.067,1.000000,1.000000,1.000000,11.590060,11.518359,11.942000
dmd,33,1,padded,vector16safe,6,159.290,14.453,0.829914,0.822571,0.836216,13.926188,13.855876,14.384000
dmd,33,1,padded,vector16store,6,113.513,14.432,1.170697,1.160212,1.177693,9.924167,9.831486,10.210000
dmd,33,1,padded,cpp-approved-execution,6,11.438,10.459,11.590060,11.518359,11.942000,1.000000,1.000000,1.000000
dmd,33,1,repeated-source,original,6,131.250,11.049,1.000000,1.000000,1.000000,11.537721,11.480159,11.746606
dmd,33,1,repeated-source,vector16safe,6,160.205,11.932,0.834018,0.793037,0.839792,13.934179,13.740260,14.547210
dmd,33,1,repeated-source,vector16store,6,111.316,13.773,1.174137,1.151214,1.188329,9.881085,9.792208,9.972222
dmd,33,1,repeated-source,cpp-approved-execution,6,11.328,13.362,11.537721,11.480159,11.746606,1.000000,1.000000,1.000000
dmd,33,1,universal,original,6,610.205,13.943,1.000000,1.000000,1.000000,26.866534,26.569767,28.027304
dmd,33,1,universal,vector16safe,6,622.388,12.384,0.979780,0.954765,1.007278,27.636739,26.758721,28.519909
dmd,33,1,universal,vector16store,6,617.676,10.862,0.987883,0.964318,1.003991,27.543677,26.464147,28.340159
dmd,33,1,universal,cpp-approved-execution,6,22.522,16.585,26.866534,26.569767,28.027304,1.000000,1.000000,1.000000
dmd,33,17,contiguous,original,6,688.437,20.062,1.000000,1.000000,1.000000,11.400698,11.317308,13.397849
dmd,33,17,contiguous,vector16safe,6,1085.332,14.837,0.638683,0.627820,0.735392,17.860723,17.738351,18.245487
dmd,33,17,contiguous,vector16store,6,316.381,13.807,2.164422,2.157143,2.517172,5.270940,5.233974,5.322581
dmd,33,17,contiguous,cpp-approved-execution,6,59.743,14.695,11.400698,11.317308,13.397849,1.000000,1.000000,1.000000
dmd,33,17,negative-both,original,6,654.925,22.658,1.000000,1.000000,1.000000,5.892953,5.771484,6.947471
dmd,33,17,negative-both,vector16safe,6,1231.263,108.504,0.537674,0.308830,0.541805,10.976121,10.755556,22.496109
dmd,33,17,negative-both,vector16store,6,451.820,12.938,1.457019,1.401138,1.683640,4.064397,4.013308,4.126459
dmd,33,17,negative-both,cpp-approved-execution,6,109.850,12.865,5.892953,5.771484,6.947471,1.000000,1.000000,1.000000
dmd,33,17,negative-source,original,6,639.293,14.637,1.000000,1.000000,1.000000,5.817601,5.759295,6.016275
dmd,33,17,negative-source,vector16safe,6,1183.084,9.991,0.541371,0.534913,0.566684,10.712163,10.616637,10.880859
dmd,33,17,negative-source,vector16store,6,447.002,18.683,1.429209,1.392050,1.456183,4.039470,4.019569,4.321881
dmd,33,17,negative-source,cpp-approved-execution,6,109.529,10.948,5.817601,5.759295,6.016275,1.000000,1.000000,1.000000
dmd,33,17,padded,original,6,640.792,12.899,1.000000,1.000000,1.000000,5.751662,5.706000,5.859100
dmd,33,17,padded,vector16safe,6,1223.983,14.731,0.530768,0.496962,0.536783,10.920764,10.630000,11.525292
dmd,33,17,padded,vector16store,6,443.041,15.756,1.434832,1.400346,1.469057,3.996853,3.915385,4.182640
dmd,33,17,padded,cpp-approved-execution,6,110.707,10.251,5.751662,5.706000,5.859100,1.000000,1.000000,1.000000
dmd,33,17,repeated-source,original,6,626.445,16.100,1.000000,1.000000,1.000000,5.726837,5.692015,5.875226
dmd,33,17,repeated-source,vector16safe,6,1169.165,16.758,0.534258,0.524711,0.540828,10.726077,10.667969,11.000000
dmd,33,17,repeated-source,vector16store,6,429.122,16.267,1.448241,1.404315,1.475524,3.955576,3.910156,4.053232
dmd,33,17,repeated-source,cpp-approved-execution,6,109.101,13.543,5.726837,5.692015,5.875226,1.000000,1.000000,1.000000
dmd,33,17,universal,original,6,7557.173,14.998,1.000000,1.000000,1.000000,22.815442,21.926829,23.968515
dmd,33,17,universal,vector16safe,6,7638.116,14.376,0.980284,0.973971,1.001086,23.322972,22.504563,23.942505
dmd,33,17,universal,vector16store,6,7519.486,14.703,0.991255,0.977811,1.008593,22.971822,22.270732,23.934976
dmd,33,17,universal,cpp-approved-execution,6,328.694,14.202,22.815442,21.926829,23.968515,1.000000,1.000000,1.000000
dmd,33,128,contiguous,original,6,4455.645,22.516,1.000000,1.000000,1.000000,10.327079,10.214559,11.098976
dmd,33,128,contiguous,vector16safe,6,7274.194,17.827,0.613985,0.606875,0.637522,16.856147,16.787313,17.409556
dmd,33,128,contiguous,vector16store,6,1717.742,18.028,2.599126,2.570878,2.700997,3.979682,3.968627,4.109215
dmd,33,128,contiguous,cpp-approved-execution,6,431.452,14.206,10.327079,10.214559,11.098976,1.000000,1.000000,1.000000
dmd,33,128,negative-both,original,6,3409.677,13.576,1.000000,1.000000,1.000000,4.269205,4.171790,4.355102
dmd,33,128,negative-both,vector16safe,6,7443.548,16.685,0.452656,0.447160,0.463510,9.403061,9.320072,9.537849
dmd,33,128,negative-both,vector16store,6,1951.613,16.033,1.743655,1.705401,1.781302,2.443006,2.412297,2.493878
dmd,33,128,negative-both,cpp-approved-execution,6,790.323,17.551,4.269205,4.171790,4.355102,1.000000,1.000000,1.000000
dmd,33,128,negative-source,original,6,3376.613,17.817,1.000000,1.000000,1.000000,4.272508,4.251020,4.385900
dmd,33,128,negative-source,vector16safe,6,7438.710,18.539,0.453925,0.448407,0.457988,9.412245,9.338776,9.781076
dmd,33,128,negative-source,vector16store,6,1930.645,17.711,1.750336,1.745424,1.763347,2.436862,2.432653,2.504638
dmd,33,128,negative-source,cpp-approved-execution,6,790.323,14.694,4.272508,4.251020,4.385900,1.000000,1.000000,1.000000
dmd,33,128,padded,original,6,3374.194,15.535,1.000000,1.000000,1.000000,4.259032,4.244259,4.366038
dmd,33,128,padded,vector16safe,6,7383.871,15.247,0.455226,0.447206,0.459164,9.362814,9.301426,9.581132
dmd,33,128,padded,vector16store,6,1921.774,12.841,1.752403,1.748065,1.793798,2.431003,2.423625,2.434690
dmd,33,128,padded,cpp-approved-execution,6,791.935,12.831,4.259032,4.244259,4.366038,1.000000,1.000000,1.000000
dmd,33,128,repeated-source,original,6,3363.710,20.619,1.000000,1.000000,1.000000,4.254082,4.153696,4.532228
dmd,33,128,repeated-source,vector16safe,6,7322.581,17.489,0.460519,0.450612,0.473725,9.249255,9.207113,9.567219
dmd,33,128,repeated-source,vector16store,6,1912.097,13.243,1.760794,1.716238,1.877193,2.416794,2.414226,2.424490
dmd,33,128,repeated-source,cpp-approved-execution,6,790.323,13.265,4.254082,4.153696,4.532228,1.000000,1.000000,1.000000
dmd,33,128,universal,original,6,56343.548,13.159,1.000000,1.000000,1.000000,23.444519,23.113429,23.876722
dmd,33,128,universal,vector16safe,6,56059.677,14.915,0.992480,0.979763,1.030405,23.463860,23.172176,24.061621
dmd,33,128,universal,vector16store,6,55825.000,14.039,1.002369,0.987385,1.013713,23.445344,23.228712,23.553719
dmd,33,128,universal,cpp-approved-execution,6,2375.000,13.243,23.444519,23.113429,23.876722,1.000000,1.000000,1.000000
dmd,47,1,contiguous,original,6,144.177,13.750,1.000000,1.000000,1.000000,10.342382,10.311734,10.668831
dmd,47,1,contiguous,vector16safe,6,169.861,13.913,0.854972,0.841888,0.858935,12.187637,12.005254,12.504870
dmd,47,1,contiguous,vector16store,6,123.083,10.195,1.173904,1.159187,1.198614,8.859270,8.774081,8.921005
dmd,47,1,contiguous,cpp-approved-execution,6,13.940,10.333,10.342382,10.311734,10.668831,1.000000,1.000000,1.000000
dmd,47,1,negative-both,original,6,152.222,11.644,1.000000,1.000000,1.000000,9.585081,9.467391,10.014107
dmd,47,1,negative-both,vector16safe,6,170.642,15.409,0.874237,0.845607,0.914805,11.008724,10.746501,11.279037
dmd,47,1,negative-both,vector16store,6,126.074,17.428,1.201894,1.178538,1.253738,8.006720,7.742765,8.180251
dmd,47,1,negative-both,cpp-approved-execution,6,15.710,13.054,9.585081,9.467391,10.014107,1.000000,1.000000,1.000000
dmd,47,1,negative-source,original,6,146.802,14.519,1.000000,1.000000,1.000000,9.234642,9.131215,9.415888
dmd,47,1,negative-source,vector16safe,6,172.205,11.838,0.852097,0.809195,0.872672,10.828337,10.720994,11.400322
dmd,47,1,negative-source,vector16store,6,124.963,15.942,1.174725,1.151444,1.199167,7.848664,7.819936,7.993760
dmd,47,1,negative-source,cpp-approved-execution,6,15.735,15.826,9.234642,9.131215,9.415888,1.000000,1.000000,1.000000
dmd,47,1,padded,original,6,145.361,11.337,1.000000,1.000000,1.000000,9.281348,9.095238,9.592295
dmd,47,1,padded,vector16safe,6,169.592,8.004,0.864422,0.845550,0.890405,10.722996,10.627329,11.044944
dmd,47,1,padded,vector16store,6,123.975,10.240,1.182471,1.143927,1.191932,7.969666,7.779503,8.088283
dmd,47,1,padded,cpp-approved-execution,6,15.649,10.764,9.281348,9.095238,9.592295,1.000000,1.000000,1.000000
dmd,47,1,repeated-source,original,6,145.227,14.088,1.000000,1.000000,1.000000,9.281554,9.182109,9.451368
dmd,47,1,repeated-source,vector16safe,6,168.518,11.271,0.864131,0.831718,0.867611,10.746657,10.717868,11.039936
dmd,47,1,repeated-source,vector16store,6,122.461,14.952,1.177698,1.148052,1.186802,7.851961,7.799373,8.232523
dmd,47,1,repeated-source,cpp-approved-execution,6,15.613,13.135,9.281554,9.182109,9.451368,1.000000,1.000000,1.000000
dmd,47,1,universal,original,6,783.801,15.677,1.000000,1.000000,1.000000,26.242327,25.879568,26.895210
dmd,47,1,universal,vector16safe,6,808.582,14.363,0.971837,0.952302,0.993085,27.074364,26.428006,27.755466
dmd,47,1,universal,vector16store,6,797.266,14.604,0.991624,0.964585,1.004332,26.753563,26.322581,26.829734
dmd,47,1,universal,cpp-approved-execution,6,29.773,12.956,26.242327,25.879568,26.895210,1.000000,1.000000,1.000000
dmd,47,17,contiguous,original,6,911.433,14.618,1.000000,1.000000,1.000000,10.238014,10.120120,10.561873
dmd,47,17,contiguous,vector16safe,6,1257.470,14.426,0.730737,0.724289,0.736646,14.058219,13.771772,14.337793
dmd,47,17,contiguous,vector16store,6,501.677,17.745,1.815153,1.769958,1.868639,5.646292,5.623288,5.717718
dmd,47,17,contiguous,cpp-approved-execution,6,89.024,16.438,10.238014,10.120120,10.561873,1.000000,1.000000,1.000000
dmd,47,17,negative-both,original,6,832.317,15.238,1.000000,1.000000,1.000000,4.436534,4.337008,4.557078
dmd,47,17,negative-both,vector16safe,6,1414.787,16.593,0.594050,0.577588,0.599535,7.448121,7.237795,7.769486
dmd,47,17,negative-both,vector16store,6,641.159,11.840,1.302073,1.267882,1.345618,3.413867,3.355906,3.462145
dmd,47,17,negative-both,cpp-approved-execution,6,188.567,13.258,4.436534,4.337008,4.557078,1.000000,1.000000,1.000000
dmd,47,17,negative-source,original,6,818.598,14.302,1.000000,1.000000,1.000000,4.382265,4.314425,4.420870
dmd,47,17,negative-source,vector16safe,6,1407.012,129.144,0.593765,0.247662,0.598745,7.364366,7.319728,17.850435
dmd,47,17,negative-source,vector16store,6,640.701,141.803,1.300996,0.513432,1.311380,3.362140,3.314425,8.610435
dmd,47,17,negative-source,cpp-approved-execution,6,188.262,15.547,4.382265,4.314425,4.420870,1.000000,1.000000,1.000000
dmd,47,17,padded,original,6,825.305,10.713,1.000000,1.000000,1.000000,4.357264,4.273543,4.402913
dmd,47,17,padded,vector16safe,6,1396.646,13.731,0.594248,0.573682,0.611135,7.336366,7.129231,7.464516
dmd,47,17,padded,vector16store,6,626.220,12.317,1.307051,1.291911,1.324732,3.323625,3.285484,3.358462
dmd,47,17,padded,cpp-approved-execution,6,188.720,12.924,4.357264,4.273543,4.402913,1.000000,1.000000,1.000000
dmd,47,17,repeated-source,original,6,818.293,12.928,1.000000,1.000000,1.000000,4.329679,4.318408,4.432476
dmd,47,17,repeated-source,vector16safe,6,1358.232,12.166,0.596980,0.591998,0.609956,7.273573,7.238806,7.311224
dmd,47,17,repeated-source,vector16store,6,617.226,12.892,1.316549,1.300050,1.347507,3.292318,3.286899,3.321725
dmd,47,17,repeated-source,cpp-approved-execution,6,186.738,13.061,4.329679,4.318408,4.432476,1.000000,1.000000,1.000000
dmd,47,17,universal,original,6,10660.976,12.892,1.000000,1.000000,1.000000,23.564174,23.191967,23.794015
dmd,47,17,universal,vector16safe,6,10825.915,12.155,0.994977,0.972552,0.998730,23.676675,23.330157,24.465553
dmd,47,17,universal,vector16store,6,10680.793,13.710,1.001679,0.972097,1.013757,23.423787,23.119129,24.367131
dmd,47,17,universal,cpp-approved-execution,6,453.963,12.693,23.564174,23.191967,23.794015,1.000000,1.000000,1.000000
dmd,47,128,contiguous,original,6,6350.000,14.283,1.000000,1.000000,1.000000,10.062342,9.952542,10.140221
dmd,47,128,contiguous,vector16safe,6,8980.233,16.185,0.712678,0.695520,0.718803,14.105945,13.992647,14.579336
dmd,47,128,contiguous,vector16store,6,3167.442,13.950,2.001076,1.977071,2.005839,5.043921,4.976271,5.082707
dmd,47,128,contiguous,cpp-approved-execution,6,631.395,15.838,10.062342,9.952542,10.140221,1.000000,1.000000,1.000000
dmd,47,128,negative-both,original,6,4880.233,13.152,1.000000,1.000000,1.000000,3.450062,3.340659,3.534091
dmd,47,128,negative-both,vector16safe,6,9330.233,10.793,0.529839,0.515726,0.541812,6.553833,6.335950,6.676667
dmd,47,128,negative-both,vector16store,6,3382.558,13.063,1.457504,1.400000,1.461103,2.380593,2.356667,2.422078
dmd,47,128,negative-both,cpp-approved-execution,6,1413.953,12.664,3.450062,3.340659,3.534091,1.000000,1.000000,1.000000
dmd,47,128,negative-source,original,6,4754.651,13.157,1.000000,1.000000,1.000000,3.439495,3.433566,3.447863
dmd,47,128,negative-source,vector16safe,6,9134.884,15.300,0.527335,0.518776,0.538673,6.521104,6.374126,6.646154
dmd,47,128,negative-source,vector16store,6,3280.233,13.612,1.457905,1.433452,1.463277,2.359682,2.353147,2.397611
dmd,47,128,negative-source,cpp-approved-execution,6,1380.233,12.974,3.439495,3.433566,3.447863,1.000000,1.000000,1.000000
dmd,47,128,padded,original,6,4795.349,17.507,1.000000,1.000000,1.000000,3.431887,3.368948,3.526965
dmd,47,128,padded,vector16safe,6,8926.744,14.745,0.532726,0.526316,0.548009,6.441251,6.208401,6.528205
dmd,47,128,padded,vector16store,6,3287.209,15.069,1.457054,1.430191,1.492177,2.360100,2.287561,2.400000
dmd,47,128,padded,cpp-approved-execution,6,1413.953,14.967,3.431887,3.368948,3.526965,1.000000,1.000000,1.000000
dmd,47,128,repeated-source,original,6,4853.488,12.793,1.000000,1.000000,1.000000,3.436763,3.422339,3.514143
dmd,47,128,repeated-source,vector16safe,6,8823.256,15.314,0.544107,0.530855,0.554622,6.334435,6.300000,6.466872
dmd,47,128,repeated-source,vector16store,6,3240.698,12.989,1.474653,1.461252,1.499636,2.346552,2.291667,2.364668
dmd,47,128,repeated-source,cpp-approved-execution,6,1396.512,12.656,3.436763,3.422339,3.514143,1.000000,1.000000,1.000000
dmd,47,128,universal,original,6,80306.977,12.426,1.000000,1.000000,1.000000,23.702747,23.241979,24.707493
dmd,47,128,universal,vector16safe,6,80125.581,12.788,0.997471,0.981926,1.032703,23.783205,23.304833,24.036559
dmd,47,128,universal,vector16store,6,78968.605,12.893,1.014910,0.995100,1.043354,23.389619,23.017348,23.751839
dmd,47,128,universal,cpp-approved-execution,6,3391.860,15.495,23.702747,23.241979,24.707493,1.000000,1.000000,1.000000
dmd,63,1,contiguous,original,6,167.908,12.781,1.000000,1.000000,1.000000,10.571183,9.986260,11.919275
dmd,63,1,contiguous,vector16safe,6,199.792,12.269,0.824038,0.802783,0.925428,12.887801,12.152672,13.156495
dmd,63,1,contiguous,vector16store,6,129.980,13.655,1.265703,1.172719,1.412534,8.353104,7.960305,9.006260
dmd,63,1,contiguous,cpp-approved-execution,6,15.771,12.693,10.571183,9.986260,11.919275,1.000000,1.000000,1.000000
dmd,63,1,negative-both,original,6,165.051,8.150,1.000000,1.000000,1.000000,9.127856,9.091413,9.354659
dmd,63,1,negative-both,vector16safe,6,200.244,8.571,0.821334,0.812595,0.837609,11.158244,10.972299,11.305819
dmd,63,1,negative-both,vector16store,6,130.615,9.121,1.266319,1.234781,1.292219,7.233218,7.121884,7.446549
dmd,63,1,negative-both,cpp-approved-execution,6,17.834,8.214,9.127856,9.091413,9.354659,1.000000,1.000000,1.000000
dmd,63,1,negative-source,original,6,165.540,13.465,1.000000,1.000000,1.000000,9.221655,8.974359,9.875676
dmd,63,1,negative-source,vector16safe,6,200.879,9.176,0.822107,0.776469,0.889051,11.216933,10.797436,11.698864
dmd,63,1,negative-source,vector16store,6,130.310,10.304,1.265047,1.248439,1.336992,7.262792,7.188462,7.386486
dmd,63,1,negative-source,cpp-approved-execution,6,17.786,10.432,9.221655,8.974359,9.875676,1.000000,1.000000,1.000000
dmd,63,1,padded,original,6,163.806,12.296,1.000000,1.000000,1.000000,9.112942,8.792308,9.798376
dmd,63,1,padded,vector16safe,6,198.413,9.253,0.825336,0.819955,0.875998,11.069831,10.650000,11.289773
dmd,63,1,padded,vector16store,6,128.381,12.000,1.263958,1.219634,1.347664,7.245247,7.154381,7.344031
dmd,63,1,padded,cpp-approved-execution,6,17.798,10.425,9.112942,8.792308,9.798376,1.000000,1.000000,1.000000
dmd,63,1,repeated-source,original,6,163.684,14.408,1.000000,1.000000,1.000000,9.270322,9.069602,9.311080
dmd,63,1,repeated-source,vector16safe,6,197.852,16.276,0.821551,0.810841,0.840771,11.217850,10.967330,11.443038
dmd,63,1,repeated-source,vector16store,6,130.103,13.455,1.258787,1.254852,1.268605,7.323404,7.197443,7.410511
dmd,63,1,repeated-source,cpp-approved-execution,6,17.627,13.296,9.270322,9.069602,9.311080,1.000000,1.000000,1.000000
dmd,63,1,universal,original,6,1007.922,16.970,1.000000,1.000000,1.000000,25.661271,25.241801,26.719838
dmd,63,1,universal,vector16safe,6,1027.966,12.060,0.983482,0.970180,1.028512,25.991488,25.833647,26.995611
dmd,63,1,universal,vector16store,6,1003.198,11.686,1.002839,0.979903,1.048767,25.615911,25.182046,26.374295
dmd,63,1,universal,cpp-approved-execution,6,38.916,12.861,25.661271,25.241801,26.719838,1.000000,1.000000,1.000000
dmd,63,17,contiguous,original,6,1207.377,15.750,1.000000,1.000000,1.000000,10.227945,10.064748,10.695082
dmd,63,17,contiguous,vector16safe,6,1727.049,15.757,0.700589,0.696515,0.704401,14.628865,14.363309,15.268852
dmd,63,17,contiguous,vector16store,6,595.082,12.948,2.030717,2.022788,2.080357,5.039843,4.964029,5.140984
dmd,63,17,contiguous,cpp-approved-execution,6,118.033,9.375,10.227945,10.064748,10.695082,1.000000,1.000000,1.000000
dmd,63,17,negative-both,original,6,1046.926,15.228,1.000000,1.000000,1.000000,4.653816,4.595707,4.760073
dmd,63,17,negative-both,vector16safe,6,1860.861,13.655,0.563866,0.553903,0.567876,8.292126,8.219780,8.390110
dmd,63,17,negative-both,vector16store,6,720.082,12.806,1.444712,1.388649,1.483447,3.213912,3.207131,3.309481
dmd,63,17,negative-both,cpp-approved-execution,6,223.770,13.004,4.653816,4.595707,4.760073,1.000000,1.000000,1.000000
dmd,63,17,negative-source,original,6,1057.172,12.561,1.000000,1.000000,1.000000,4.621743,4.614601,4.733945
dmd,63,17,negative-source,vector16safe,6,1865.164,13.777,0.567069,0.556967,0.571555,8.216323,8.080882,8.285229
dmd,63,17,negative-source,vector16store,6,727.459,13.014,1.445235,1.440382,1.462953,3.201330,3.188277,3.238532
dmd,63,17,negative-source,cpp-approved-execution,6,226.025,12.874,4.621743,4.614601,4.733945,1.000000,1.000000,1.000000
dmd,63,17,padded,original,6,1033.811,12.765,1.000000,1.000000,1.000000,4.603956,4.502762,4.711927
dmd,63,17,padded,vector16safe,6,1860.861,10.792,0.556846,0.542610,0.565190,8.297422,8.198925,8.429358
dmd,63,17,padded,vector16store,6,711.066,11.009,1.439313,1.423166,1.475014,3.190438,3.163904,3.229565
dmd,63,17,padded,cpp-approved-execution,6,222.951,10.478,4.603956,4.502762,4.711927,1.000000,1.000000,1.000000
dmd,63,17,repeated-source,original,6,1000.000,18.852,1.000000,1.000000,1.000000,4.597668,4.562617,4.806122
dmd,63,17,repeated-source,vector16safe,6,1818.238,14.426,0.555687,0.545516,0.577324,8.271386,8.228037,8.435849
dmd,63,17,repeated-source,vector16store,6,689.344,12.961,1.457075,1.441819,1.524272,3.156197,3.152830,3.164486
dmd,63,17,repeated-source,cpp-approved-execution,6,218.238,13.333,4.597668,4.562617,4.806122,1.000000,1.000000,1.000000
dmd,63,17,universal,original,6,14188.525,12.051,1.000000,1.000000,1.000000,23.438629,22.991174,23.658373
dmd,63,17,universal,vector16safe,6,14495.492,13.368,0.986739,0.952097,1.003110,23.793995,22.919891,24.848689
dmd,63,17,universal,vector16store,6,14520.697,15.532,0.981543,0.959494,0.998320,23.844463,23.029871,24.579800
dmd,63,17,universal,cpp-approved-execution,6,606.557,10.473,23.438629,22.991174,23.658373,1.000000,1.000000,1.000000
dmd,63,128,contiguous,original,6,8323.438,12.953,1.000000,1.000000,1.000000,8.577533,8.547771,8.599407
dmd,63,128,contiguous,vector16safe,6,12190.625,16.457,0.678685,0.660889,0.689763,12.616043,12.464286,13.011869
dmd,63,128,contiguous,vector16store,6,3734.375,12.720,2.221963,2.214224,2.234599,3.854659,3.843949,3.882155
dmd,63,128,contiguous,cpp-approved-execution,6,970.312,12.882,8.577533,8.547771,8.599407,1.000000,1.000000,1.000000
dmd,63,128,negative-both,original,6,6481.250,14.658,1.000000,1.000000,1.000000,3.848801,3.711230,3.942748
dmd,63,128,negative-both,vector16safe,6,12664.062,12.807,0.511759,0.485889,0.518814,7.543752,7.153298,8.114504
dmd,63,128,negative-both,vector16store,6,3960.938,12.623,1.627553,1.620392,1.657797,2.364160,2.245989,2.433206
dmd,63,128,negative-both,cpp-approved-execution,6,1675.000,12.873,3.848801,3.711230,3.942748,1.000000,1.000000,1.000000
dmd,63,128,negative-source,original,6,6360.938,15.721,1.000000,1.000000,1.000000,3.840578,3.829358,3.972656
dmd,63,128,negative-source,vector16safe,6,12462.500,21.966,0.508441,0.476140,0.514149,7.580498,7.472693,8.279720
dmd,63,128,negative-source,vector16store,6,3914.062,12.934,1.625799,1.623304,1.666667,2.361900,2.354128,2.447266
dmd,63,128,negative-source,cpp-approved-execution,6,1656.250,12.642,3.840578,3.829358,3.972656,1.000000,1.000000,1.000000
dmd,63,128,padded,original,6,6348.438,14.620,1.000000,1.000000,1.000000,3.886114,3.821429,3.941748
dmd,63,128,padded,vector16safe,6,12384.375,13.651,0.515669,0.504473,0.521282,7.547681,7.330827,7.813592
dmd,63,128,padded,vector16store,6,3907.812,12.155,1.626790,1.610224,1.666667,2.372691,2.347744,2.426357
dmd,63,128,padded,cpp-approved-execution,6,1637.500,13.550,3.886114,3.821429,3.941748,1.000000,1.000000,1.000000
dmd,63,128,repeated-source,original,6,6400.000,69.727,1.000000,1.000000,1.000000,3.836527,3.789177,3.948919
dmd,63,128,repeated-source,vector16safe,6,12728.125,58.188,0.504680,0.500972,0.540962,7.614387,7.004510,7.825147
dmd,63,128,repeated-source,vector16store,6,3964.062,70.004,1.617136,1.612197,1.626855,2.367348,2.342728,2.447937
dmd,63,128,repeated-source,cpp-approved-execution,6,1656.250,72.264,3.836527,3.789177,3.948919,1.000000,1.000000,1.000000
dmd,63,128,universal,original,6,108982.812,12.757,1.000000,1.000000,1.000000,23.542588,23.214621,24.210165
dmd,63,128,universal,vector16safe,6,107621.875,13.822,1.005786,0.989084,1.034817,23.433215,23.210638,23.634759
dmd,63,128,universal,vector16store,6,108239.062,12.816,1.004367,0.982331,1.023311,23.355332,23.140986,24.282417
dmd,63,128,universal,cpp-approved-execution,6,4576.562,13.179,23.542588,23.214621,24.210165,1.000000,1.000000,1.000000
dmd,64,1,contiguous,original,6,170.105,77.130,1.000000,1.000000,1.000000,14.352346,14.280000,15.289030
dmd,64,1,contiguous,vector16safe,6,222.144,70.931,0.774521,0.761462,0.801032,18.565666,18.231436,19.761603
dmd,64,1,contiguous,vector16store,6,129.700,76.066,1.332827,1.302851,1.338186,10.895545,10.684444,11.476793
dmd,64,1,contiguous,cpp-approved-execution,6,11.560,75.607,14.352346,14.280000,15.289030,1.000000,1.000000,1.000000
dmd,64,1,negative-both,original,6,165.991,11.884,1.000000,1.000000,1.000000,11.053167,10.868590,11.703883
dmd,64,1,negative-both,vector16safe,6,218.335,10.187,0.765073,0.758513,0.790578,14.393265,14.262821,14.804207
dmd,64,1,negative-both,vector16store,6,125.037,12.067,1.334460,1.308256,1.406651,8.301001,8.212947,8.380586
dmd,64,1,negative-both,cpp-approved-execution,6,15.051,10.219,11.053167,10.868590,11.703883,1.000000,1.000000,1.000000
dmd,64,1,negative-source,original,6,167.737,12.532,1.000000,1.000000,1.000000,11.134681,10.962521,11.559429
dmd,64,1,negative-source,vector16safe,6,216.235,12.216,0.774897,0.770212,0.808110,14.315272,14.170358,14.483821
dmd,64,1,negative-source,vector16store,6,125.464,10.391,1.347670,1.313143,1.398926,8.256679,8.219761,8.402936
dmd,64,1,negative-source,cpp-approved-execution,6,15.063,10.211,11.134681,10.962521,11.559429,1.000000,1.000000,1.000000
dmd,64,1,padded,original,6,169.653,62.469,1.000000,1.000000,1.000000,11.022045,10.788000,11.348460
dmd,64,1,padded,vector16safe,6,220.227,52.702,0.772947,0.767006,0.825086,14.287061,13.075000,14.795786
dmd,64,1,padded,vector16store,6,125.916,66.079,1.339627,1.315770,1.375098,8.229495,8.161840,8.330144
dmd,64,1,padded,cpp-approved-execution,6,15.186,66.399,11.022045,10.788000,11.348460,1.000000,1.000000,1.000000
dmd,64,1,repeated-source,original,6,163.000,13.196,1.000000,1.000000,1.000000,10.971198,10.922330,11.163359
dmd,64,1,repeated-source,vector16safe,6,210.742,14.215,0.773336,0.767232,0.775099,14.225990,14.098706,14.540458
dmd,64,1,repeated-source,vector16store,6,121.887,14.582,1.335777,1.323199,1.366403,8.192738,7.996667,8.436641
dmd,64,1,repeated-source,cpp-approved-execution,6,14.856,11.175,10.971198,10.922330,11.163359,1.000000,1.000000,1.000000
dmd,64,1,universal,original,6,1034.424,10.998,1.000000,1.000000,1.000000,25.726461,25.346422,27.207640
dmd,64,1,universal,vector16safe,6,1043.298,11.733,0.988806,0.965019,0.995951,26.041107,25.590247,27.335182
dmd,64,1,universal,vector16store,6,1033.740,11.112,1.000656,0.993021,1.034363,25.774458,25.169094,26.303758
dmd,64,1,universal,cpp-approved-execution,6,39.612,12.758,25.726461,25.346422,27.207640,1.000000,1.000000,1.000000
dmd,64,17,contiguous,original,6,1210.625,13.079,1.000000,1.000000,1.000000,10.516094,10.068592,10.577061
dmd,64,17,contiguous,vector16safe,6,1957.292,13.177,0.616463,0.614624,0.629289,17.034327,16.379061,17.129568
dmd,64,17,contiguous,vector16store,6,470.625,13.634,2.566581,2.555645,2.579545,4.099812,3.920578,4.119601
dmd,64,17,contiguous,cpp-approved-execution,6,115.833,10.432,10.516094,10.068592,10.577061,1.000000,1.000000,1.000000
dmd,64,17,negative-both,original,6,1039.583,10.060,1.000000,1.000000,1.000000,6.402868,6.387409,6.497449
dmd,64,17,negative-both,vector16safe,6,2079.792,10.738,0.499891,0.493017,0.501971,12.856474,12.740838,13.002488
dmd,64,17,negative-both,vector16store,6,598.542,10.581,1.733437,1.713684,1.758978,3.699381,3.688482,3.730366
dmd,64,17,negative-both,cpp-approved-execution,6,161.250,11.111,6.402868,6.387409,6.497449,1.000000,1.000000,1.000000
dmd,64,17,negative-source,original,6,1044.583,10.132,1.000000,1.000000,1.000000,6.389428,6.326781,6.479592
dmd,64,17,negative-source,vector16safe,6,2066.250,10.567,0.498653,0.495288,0.505976,12.795704,12.773956,12.825737
dmd,64,17,negative-source,vector16store,6,593.125,12.575,1.736930,1.699742,1.762665,3.678324,3.641278,3.739759
dmd,64,17,negative-source,cpp-approved-execution,6,161.458,10.839,6.389428,6.326781,6.479592,1.000000,1.000000,1.000000
dmd,64,17,padded,original,6,1039.167,11.347,1.000000,1.000000,1.000000,6.405759,6.361930,6.468031
dmd,64,17,padded,vector16safe,6,2089.792,10.906,0.498045,0.492292,0.502184,12.849859,12.750670,13.075916
dmd,64,17,padded,vector16store,6,600.000,10.764,1.740062,1.720784,1.746220,3.685426,3.657068,3.740838
dmd,64,17,padded,cpp-approved-execution,6,161.042,10.091,6.405759,6.361930,6.468031,1.000000,1.000000,1.000000
dmd,64,17,repeated-source,original,6,1076.250,31.552,1.000000,1.000000,1.000000,6.480822,6.324397,8.719780
dmd,64,17,repeated-source,vector16safe,6,2189.583,123.463,0.491175,0.282611,0.503415,13.086817,12.715818,30.854396
dmd,64,17,repeated-source,vector16store,6,593.542,24.500,1.749152,1.608383,2.402725,3.629138,3.611260,4.185464
dmd,64,17,repeated-source,cpp-approved-execution,6,162.917,12.276,6.480822,6.324397,8.719780,1.000000,1.000000,1.000000
dmd,64,17,universal,original,6,14556.042,11.450,1.000000,1.000000,1.000000,23.393009,22.828363,23.715964
dmd,64,17,universal,vector16safe,6,14708.958,12.382,0.986335,0.972888,1.001127,23.478928,23.246500,24.265377
dmd,64,17,universal,vector16store,6,14651.667,11.492,0.995465,0.990535,1.002483,23.448558,22.966525,23.818304
dmd,64,17,universal,cpp-approved-execution,6,618.958,13.194,23.393009,22.828363,23.715964,1.000000,1.000000,1.000000
dmd,64,128,contiguous,original,6,8675.000,16.210,1.000000,1.000000,1.000000,8.616021,8.498516,9.129129
dmd,64,128,contiguous,vector16safe,6,14542.188,14.677,0.599141,0.594954,0.609707,14.357159,14.210682,14.972973
dmd,64,128,contiguous,vector16store,6,2904.688,13.018,2.954238,2.946502,3.179916,2.899176,2.870871,2.932353
dmd,64,128,contiguous,cpp-approved-execution,6,1004.688,11.820,8.616021,8.498516,9.129129,1.000000,1.000000,1.000000
dmd,64,128,negative-both,original,6,6568.750,15.081,1.000000,1.000000,1.000000,5.417526,5.356546,5.535248
dmd,64,128,negative-both,vector16safe,6,14409.375,18.412,0.446211,0.436052,0.457461,12.094485,11.814433,12.558747
dmd,64,128,negative-both,vector16store,6,3050.000,18.750,2.133710,2.058824,2.161026,2.529063,2.512887,2.609113
dmd,64,128,negative-both,cpp-approved-execution,6,1204.688,15.045,5.417526,5.356546,5.535248,1.000000,1.000000,1.000000
dmd,64,128,negative-source,original,6,6620.312,49.894,1.000000,1.000000,1.000000,5.351995,5.244156,5.679389
dmd,64,128,negative-source,vector16safe,6,14668.750,39.774,0.451322,0.446903,0.483038,11.853535,11.729870,12.012225
dmd,64,128,negative-source,vector16store,6,3159.375,46.390,2.123141,2.026743,2.185185,2.523988,2.508557,2.643939
dmd,64,128,negative-source,cpp-approved-execution,6,1237.500,41.667,5.351995,5.244156,5.679389,1.000000,1.000000,1.000000
dmd,64,128,padded,original,6,6685.938,45.899,1.000000,1.000000,1.000000,5.423088,5.358442,5.696325
dmd,64,128,padded,vector16safe,6,14735.938,46.379,0.451487,0.438227,0.458507,11.906140,11.801034,12.647969
dmd,64,128,padded,vector16store,6,3170.312,57.565,2.108214,1.952918,2.157434,2.554327,2.522059,2.916828
dmd,64,128,padded,cpp-approved-execution,6,1232.812,38.276,5.423088,5.358442,5.696325,1.000000,1.000000,1.000000
dmd,64,128,repeated-source,original,6,6509.375,15.939,1.000000,1.000000,1.000000,5.400687,5.354667,5.430412
dmd,64,128,repeated-source,vector16safe,6,14528.125,16.133,0.450409,0.447609,0.453776,11.964858,11.888000,12.108247
dmd,64,128,repeated-source,vector16store,6,3073.438,16.065,2.124766,2.031250,2.131236,2.540068,2.517333,2.659950
dmd,64,128,repeated-source,cpp-approved-execution,6,1206.250,15.544,5.400687,5.354667,5.430412,1.000000,1.000000,1.000000
dmd,64,128,universal,original,6,109214.062,20.204,1.000000,1.000000,1.000000,23.553718,23.306623,24.638272
dmd,64,128,universal,vector16safe,6,108923.438,17.607,1.004378,0.988068,1.026515,23.497399,23.185185,24.001852
dmd,64,128,universal,vector16store,6,108834.375,20.318,1.000632,0.997521,1.003565,23.512840,23.223841,24.646296
dmd,64,128,universal,cpp-approved-execution,6,4654.688,18.463,23.553718,23.306623,24.638272,1.000000,1.000000,1.000000
dmd,65,1,contiguous,original,6,166.406,16.663,1.000000,1.000000,1.000000,13.168703,12.936864,14.011628
dmd,65,1,contiguous,vector16safe,6,217.609,16.446,0.774533,0.756151,0.780356,17.200282,16.690428,17.955426
dmd,65,1,contiguous,vector16store,6,125.161,30.952,1.329559,1.144168,1.347403,9.926578,9.688391,12.246124
dmd,65,1,contiguous,cpp-approved-execution,6,12.488,14.499,13.168703,12.936864,14.011628,1.000000,1.000000,1.000000
dmd,65,1,negative-both,original,6,168.787,35.765,1.000000,1.000000,1.000000,10.558412,10.439297,13.426180
dmd,65,1,negative-both,vector16safe,6,219.320,28.305,0.778105,0.758209,0.825473,13.708709,13.392799,16.264840
dmd,65,1,negative-both,vector16store,6,127.307,28.482,1.334085,1.316481,1.425962,7.983078,7.731588,9.415525
dmd,65,1,negative-both,cpp-approved-execution,6,15.923,12.928,10.558412,10.439297,13.426180,1.000000,1.000000,1.000000
dmd,65,1,negative-source,original,6,168.886,20.648,1.000000,1.000000,1.000000,10.490390,8.267306,10.761981
dmd,65,1,negative-source,vector16safe,6,214.373,29.618,0.777296,0.721200,0.804226,13.410869,11.463259,13.737654
dmd,65,1,negative-source,vector16store,6,123.971,25.328,1.355240,1.286756,1.372098,7.781558,6.424920,7.850309
dmd,65,1,negative-source,cpp-approved-execution,6,15.799,51.491,10.490390,8.267306,10.761981,1.000000,1.000000,1.000000
dmd,65,1,padded,original,6,164.931,22.271,1.000000,1.000000,1.000000,10.441899,10.224583,12.006126
dmd,65,1,padded,vector16safe,6,215.067,32.659,0.772736,0.713701,0.779983,13.482333,13.343699,16.822358
dmd,65,1,padded,vector16store,6,124.182,33.393,1.334063,1.219664,1.345879,7.783961,7.725341,9.843798
dmd,65,1,padded,cpp-approved-execution,6,15.861,16.106,10.441899,10.224583,12.006126,1.000000,1.000000,1.000000
dmd,65,1,repeated-source,original,6,164.980,14.191,1.000000,1.000000,1.000000,10.454917,10.134752,11.312693
dmd,65,1,repeated-source,vector16safe,6,216.146,12.461,0.775107,0.746995,0.786398,13.653298,13.080851,14.385449
dmd,65,1,repeated-source,vector16store,6,123.425,15.593,1.333163,1.307172,1.419580,7.834707,7.753191,7.969040
dmd,65,1,repeated-source,cpp-approved-execution,6,15.600,16.375,10.454917,10.134752,11.312693,1.000000,1.000000,1.000000
dmd,65,1,universal,original,6,1030.940,17.035,1.000000,1.000000,1.000000,25.444444,25.007394,27.088024
dmd,65,1,universal,vector16safe,6,1060.169,21.796,0.971094,0.934378,0.975932,26.176262,25.724584,28.990419
dmd,65,1,universal,vector16store,6,1040.154,15.880,0.986234,0.970125,1.001505,25.882068,25.247625,27.454491
dmd,65,1,universal,cpp-approved-execution,6,40.761,14.907,25.444444,25.007394,27.088024,1.000000,1.000000,1.000000
dmd,65,17,contiguous,original,6,1244.515,12.036,1.000000,1.000000,1.000000,10.518414,10.389091,10.629371
dmd,65,17,contiguous,vector16safe,6,2013.924,17.389,0.618909,0.566003,0.628999,16.847417,16.779605,18.779720
dmd,65,17,contiguous,vector16store,6,483.966,12.816,2.550466,2.513085,2.578456,4.143123,4.050909,4.168966
dmd,65,17,contiguous,cpp-approved-execution,6,118.354,12.478,10.518414,10.389091,10.629371,1.000000,1.000000,1.000000
dmd,65,17,negative-both,original,6,1075.316,15.892,1.000000,1.000000,1.000000,5.650251,5.624424,5.921444
dmd,65,17,negative-both,vector16safe,6,2150.633,16.363,0.499905,0.496170,0.501578,11.301133,11.235023,11.861996
dmd,65,17,negative-both,vector16store,6,636.287,14.721,1.689967,1.655860,1.715252,3.343712,3.319149,3.452229
dmd,65,17,negative-both,cpp-approved-execution,6,190.295,10.643,5.650251,5.624424,5.921444,1.000000,1.000000,1.000000
dmd,65,17,negative-source,original,6,1075.105,12.206,1.000000,1.000000,1.000000,5.647754,5.596529,5.877729
dmd,65,17,negative-source,vector16safe,6,2154.008,12.498,0.498306,0.490730,0.505160,11.357150,11.243499,11.635371
dmd,65,17,negative-source,vector16store,6,633.333,10.859,1.701842,1.691997,1.758328,3.310567,3.286334,3.349099
dmd,65,17,negative-source,cpp-approved-execution,6,190.295,10.865,5.647754,5.596529,5.877729,1.000000,1.000000,1.000000
dmd,65,17,padded,original,6,1078.903,14.079,1.000000,1.000000,1.000000,5.655577,5.606742,5.859060
dmd,65,17,padded,vector16safe,6,2133.544,15.762,0.498935,0.492524,0.512725,11.282339,11.182609,11.516598
dmd,65,17,padded,vector16store,6,620.042,13.474,1.703042,1.701686,1.776798,3.300413,3.292135,3.352174
dmd,65,17,padded,cpp-approved-execution,6,188.186,13.677,5.655577,5.606742,5.859060,1.000000,1.000000,1.000000
dmd,65,17,repeated-source,original,6,1047.679,12.082,1.000000,1.000000,1.000000,5.609192,5.578022,5.716312
dmd,65,17,repeated-source,vector16safe,6,2108.017,11.069,0.497179,0.494757,0.503797,11.272366,11.163043,11.524823
dmd,65,17,repeated-source,vector16store,6,611.603,13.384,1.713917,1.692553,1.729278,3.262853,3.252174,3.342553
dmd,65,17,repeated-source,cpp-approved-execution,6,187.553,10.799,5.609192,5.578022,5.716312,1.000000,1.000000,1.000000
dmd,65,17,universal,original,6,14906.329,13.898,1.000000,1.000000,1.000000,23.149033,22.901148,24.539591
dmd,65,17,universal,vector16safe,6,15090.506,13.653,0.995390,0.974820,1.003552,23.281995,22.975128,24.687739
dmd,65,17,universal,vector16store,6,15227.426,11.577,1.000342,0.959390,1.036521,23.225973,22.848338,24.162760
dmd,65,17,universal,cpp-approved-execution,6,645.359,13.403,23.149033,22.901148,24.539591,1.000000,1.000000,1.000000
dmd,65,128,contiguous,original,6,8543.548,14.839,1.000000,1.000000,1.000000,8.543689,8.485437,8.713355
dmd,65,128,contiguous,vector16safe,6,14229.032,13.126,0.603715,0.597232,0.613172,14.108784,14.048544,14.589577
dmd,65,128,contiguous,vector16store,6,2945.161,13.801,2.883142,2.868709,2.933114,2.967427,2.932099,2.989899
dmd,65,128,contiguous,cpp-approved-execution,6,993.548,14.286,8.543689,8.485437,8.713355,1.000000,1.000000,1.000000
dmd,65,128,negative-both,original,6,6572.581,13.448,1.000000,1.000000,1.000000,4.951397,4.885645,5.171123
dmd,65,128,negative-both,vector16safe,6,14653.226,12.724,0.451080,0.446076,0.453854,11.038956,10.787140,11.462567
dmd,65,128,negative-both,vector16store,6,3208.065,17.898,2.061863,2.044444,2.144124,2.403222,2.355231,2.417476
dmd,65,128,negative-both,cpp-approved-execution,6,1327.419,18.712,4.951397,4.885645,5.171123,1.000000,1.000000,1.000000
dmd,65,128,negative-source,original,6,6574.194,11.973,1.000000,1.000000,1.000000,4.916221,4.565116,4.980198
dmd,65,128,negative-source,vector16safe,6,14508.065,12.496,0.455042,0.449308,0.458110,10.848565,9.965116,11.084158
dmd,65,128,negative-source,vector16store,6,3169.355,13.130,2.074328,2.047013,2.077249,2.396377,2.197674,2.398515
dmd,65,128,negative-source,cpp-approved-execution,6,1380.645,10.981,4.916221,4.565116,4.980198,1.000000,1.000000,1.000000
dmd,65,128,padded,original,6,6472.581,13.008,1.000000,1.000000,1.000000,4.947565,4.931442,4.948849
dmd,65,128,padded,vector16safe,6,14301.613,13.421,0.452201,0.451491,0.454316,10.921667,10.890274,10.960976
dmd,65,128,padded,vector16store,6,3162.903,13.870,2.045229,2.037106,2.054140,2.418013,2.409207,2.422472
dmd,65,128,padded,cpp-approved-execution,6,1308.065,13.317,4.947565,4.931442,4.948849,1.000000,1.000000,1.000000
dmd,65,128,repeated-source,original,6,6635.484,13.612,1.000000,1.000000,1.000000,4.939267,4.930175,4.969048
dmd,65,128,repeated-source,vector16safe,6,14661.290,14.895,0.449729,0.448283,0.455677,10.975368,10.860349,11.059341
dmd,65,128,repeated-source,vector16store,6,3235.484,13.559,2.051375,2.049545,2.052775,2.408242,2.403990,2.421429
dmd,65,128,repeated-source,cpp-approved-execution,6,1340.323,13.237,4.939267,4.930175,4.969048,1.000000,1.000000,1.000000
dmd,65,128,universal,original,6,112427.419,13.772,1.000000,1.000000,1.000000,23.507759,23.257353,23.980255
dmd,65,128,universal,vector16safe,6,112085.484,12.623,1.002953,0.996866,1.014415,23.438602,23.163770,23.708166
dmd,65,128,universal,vector16store,6,111032.258,12.269,1.006539,0.993558,1.021954,23.437501,22.896783,23.748408
dmd,65,128,universal,cpp-approved-execution,6,4816.129,11.319,23.507759,23.257353,23.980255,1.000000,1.000000,1.000000
dmd,95,1,contiguous,original,6,204.911,16.132,1.000000,1.000000,1.000000,10.855013,10.590643,11.177570
dmd,95,1,contiguous,vector16safe,6,256.760,52.075,0.798069,0.607358,0.807999,13.550600,13.272904,18.119792
dmd,95,1,contiguous,vector16store,6,142.515,18.947,1.444173,1.411490,1.448745,7.510760,7.329435,7.796875
dmd,95,1,contiguous,cpp-approved-execution,6,18.992,14.695,10.855013,10.590643,11.177570,1.000000,1.000000,1.000000
dmd,95,1,negative-both,original,6,206.379,8.447,1.000000,1.000000,1.000000,9.399143,9.137353,9.699834
dmd,95,1,negative-both,vector16safe,6,259.297,10.987,0.796064,0.765507,0.813152,11.930007,11.602585,11.976341
dmd,95,1,negative-both,vector16store,6,141.791,10.992,1.453137,1.414681,1.463348,6.509969,6.400335,6.628524
dmd,95,1,negative-both,cpp-approved-execution,6,21.747,10.000,9.399143,9.137353,9.699834,1.000000,1.000000,1.000000
dmd,95,1,negative-source,original,6,206.887,11.405,1.000000,1.000000,1.000000,9.249000,9.139731,9.620253
dmd,95,1,negative-source,vector16safe,6,255.835,11.561,0.802531,0.797099,0.824854,11.571270,11.424242,11.662975
dmd,95,1,negative-source,vector16store,6,143.277,13.104,1.441256,1.410981,1.459083,6.479830,6.360269,6.593354
dmd,95,1,negative-source,cpp-approved-execution,6,22.109,10.984,9.249000,9.139731,9.620253,1.000000,1.000000,1.000000
dmd,95,1,padded,original,6,204.657,11.582,1.000000,1.000000,1.000000,9.284194,9.195911,9.487223
dmd,95,1,padded,vector16safe,6,255.491,12.285,0.800128,0.791326,0.821265,11.584000,11.494037,11.968491
dmd,95,1,padded,vector16store,6,142.026,12.071,1.437060,1.429537,1.483089,6.439489,6.396934,6.625207
dmd,95,1,padded,cpp-approved-execution,6,21.838,10.788,9.284194,9.195911,9.487223,1.000000,1.000000,1.000000
dmd,95,1,repeated-source,original,6,209.152,19.773,1.000000,1.000000,1.000000,9.589137,9.289644,10.160514
dmd,95,1,repeated-source,vector16safe,6,260.874,17.840,0.806038,0.799779,0.819417,11.848250,11.558252,12.399679
dmd,95,1,repeated-source,vector16store,6,147.028,17.503,1.453687,1.392040,1.546543,6.596833,6.569823,6.790541
dmd,95,1,repeated-source,cpp-approved-execution,6,22.164,17.825,9.589137,9.289644,10.160514,1.000000,1.000000,1.000000
dmd,95,1,universal,original,6,1467.959,15.261,1.000000,1.000000,1.000000,22.284179,21.775134,23.187042
dmd,95,1,universal,vector16safe,6,1484.469,15.267,0.984499,0.978663,1.003511,22.663343,22.124926,23.105915
dmd,95,1,universal,vector16store,6,1457.684,14.014,0.998483,0.988282,1.014361,22.262032,21.976800,23.461972
dmd,95,1,universal,cpp-approved-execution,6,64.661,13.509,22.284179,21.775134,23.187042,1.000000,1.000000,1.000000
dmd,95,17,contiguous,original,6,1902.469,13.141,1.000000,1.000000,1.000000,10.453913,10.287625,10.798635
dmd,95,17,contiguous,vector16safe,6,2749.383,14.504,0.695985,0.686262,0.706408,15.033682,14.844828,15.286689
dmd,95,17,contiguous,vector16store,6,779.321,13.386,2.433523,2.371627,2.511111,4.295797,4.265517,4.337793
dmd,95,17,contiguous,cpp-approved-execution,6,181.481,13.265,10.453913,10.287625,10.798635,1.000000,1.000000,1.000000
dmd,95,17,negative-both,original,6,1546.914,12.251,1.000000,1.000000,1.000000,5.253762,5.232510,5.360731
dmd,95,17,negative-both,vector16safe,6,2833.951,13.439,0.550279,0.541048,0.553643,9.607370,9.469136,9.723992
dmd,95,17,negative-both,vector16store,6,894.753,12.763,1.730778,1.726955,1.766742,3.034072,3.022634,3.040340
dmd,95,17,negative-both,cpp-approved-execution,6,294.753,12.984,5.253762,5.232510,5.360731,1.000000,1.000000,1.000000
dmd,95,17,negative-source,original,6,1554.938,14.530,1.000000,1.000000,1.000000,5.255836,5.198330,5.329545
dmd,95,17,negative-source,vector16safe,6,2829.938,14.135,0.554721,0.546772,0.562304,9.512309,9.276507,9.594595
dmd,95,17,negative-source,vector16store,6,895.679,15.162,1.729516,1.722667,1.753319,3.038919,2.975052,3.070455
dmd,95,17,negative-source,cpp-approved-execution,6,296.914,15.800,5.255836,5.198330,5.329545,1.000000,1.000000,1.000000
dmd,95,17,padded,original,6,1546.914,19.114,1.000000,1.000000,1.000000,5.220842,5.180672,5.384774
dmd,95,17,padded,vector16safe,6,2850.617,17.410,0.550833,0.531580,0.561347,9.545241,9.458848,9.745798
dmd,95,17,padded,vector16store,6,898.765,16.071,1.717497,1.687957,1.796156,3.024337,2.997942,3.092593
dmd,95,17,padded,cpp-approved-execution,6,296.914,16.216,5.220842,5.180672,5.384774,1.000000,1.000000,1.000000
dmd,95,17,repeated-source,original,6,1533.642,17.468,1.000000,1.000000,1.000000,5.299599,5.191304,5.440347
dmd,95,17,repeated-source,vector16safe,6,2793.210,16.331,0.551925,0.548596,0.557840,9.578967,9.405345,9.900217
dmd,95,17,repeated-source,vector16store,6,899.074,17.988,1.743154,1.595190,1.797403,3.028200,2.973274,3.286008
dmd,95,17,repeated-source,cpp-approved-execution,6,287.963,13.934,5.299599,5.191304,5.440347,1.000000,1.000000,1.000000
dmd,95,17,universal,original,6,22068.519,12.727,1.000000,1.000000,1.000000,21.874240,21.695759,22.498188
dmd,95,17,universal,vector16safe,6,22138.889,11.658,1.001535,0.991082,1.015398,21.948981,21.675476,22.213816
dmd,95,17,universal,vector16store,6,21985.802,13.056,1.003457,0.997091,1.029626,21.804956,21.650426,21.933553
dmd,95,17,universal,cpp-approved-execution,6,1013.272,12.976,21.874240,21.695759,22.498188,1.000000,1.000000,1.000000
dmd,95,128,contiguous,original,6,13330.952,11.181,1.000000,1.000000,1.000000,8.995816,8.716088,9.148387
dmd,95,128,contiguous,vector16safe,6,19597.619,19.609,0.692971,0.618813,0.699465,13.065575,12.904605,14.085174
dmd,95,128,contiguous,vector16store,6,5071.429,14.554,2.655910,2.560704,2.698382,3.390077,3.371711,3.489426
dmd,95,128,contiguous,cpp-approved-execution,6,1492.857,11.483,8.995816,8.716088,9.148387,1.000000,1.000000,1.000000
dmd,95,128,negative-both,original,6,10247.619,16.357,1.000000,1.000000,1.000000,4.622132,4.532567,4.700229
dmd,95,128,negative-both,vector16safe,6,20614.286,18.134,0.509574,0.466606,0.521087,9.056390,8.885057,10.073227
dmd,95,128,negative-both,vector16store,6,5261.905,22.624,1.947474,1.852780,1.992241,2.381370,2.359268,2.446360
dmd,95,128,negative-both,cpp-approved-execution,6,2209.524,18.750,4.622132,4.532567,4.700229,1.000000,1.000000,1.000000
dmd,95,128,negative-source,original,6,10704.762,21.085,1.000000,1.000000,1.000000,4.661703,4.012545,5.650224
dmd,95,128,negative-source,vector16safe,6,20414.286,89.223,0.522549,0.327613,0.543723,8.921473,7.532258,17.246637
dmd,95,128,negative-source,vector16store,6,5283.333,13.429,1.978123,1.917181,2.388626,2.338579,2.043011,2.409766
dmd,95,128,negative-source,cpp-approved-execution,6,2235.714,26.198,4.661703,4.012545,5.650224,1.000000,1.000000,1.000000
dmd,95,128,padded,original,6,10088.095,13.831,1.000000,1.000000,1.000000,4.629045,4.602174,4.727459
dmd,95,128,padded,vector16safe,6,19671.429,12.902,0.520284,0.505484,0.524188,8.924691,8.839912,9.117391
dmd,95,128,padded,vector16store,6,5150.000,14.147,1.961082,1.953917,1.964878,2.359172,2.343478,2.413934
dmd,95,128,padded,cpp-approved-execution,6,2190.476,11.522,4.629045,4.602174,4.727459,1.000000,1.000000,1.000000
dmd,95,128,repeated-source,original,6,10295.238,12.627,1.000000,1.000000,1.000000,4.738084,4.643162,4.867713
dmd,95,128,repeated-source,vector16safe,6,19688.095,13.327,0.526545,0.518420,0.535496,8.927955,8.828829,9.235426
dmd,95,128,repeated-source,vector16store,6,5254.762,16.130,1.989860,1.750424,2.017658,2.388311,2.361111,2.653153
dmd,95,128,repeated-source,cpp-approved-execution,6,2147.619,12.860,4.738084,4.643162,4.867713,1.000000,1.000000,1.000000
dmd,95,128,universal,original,6,164011.905,14.087,1.000000,1.000000,1.000000,21.828892,21.089408,22.332284
dmd,95,128,universal,vector16safe,6,162614.286,13.933,1.002453,0.989405,1.014406,21.737242,21.042711,22.571429
dmd,95,128,universal,vector16store,6,161776.190,13.458,1.009130,1.003868,1.016561,21.624619,20.859339,22.181875
dmd,95,128,universal,cpp-approved-execution,6,7480.952,18.014,21.828892,21.089408,22.332284,1.000000,1.000000,1.000000
dmd,127,1,contiguous,original,6,239.438,14.933,1.000000,1.000000,1.000000,10.774245,10.545055,11.855204
dmd,127,1,contiguous,vector16safe,6,310.320,13.162,0.771802,0.757162,0.810894,14.019698,13.661538,14.619910
dmd,127,1,contiguous,vector16store,6,147.699,15.286,1.580031,1.568668,1.736249,6.824227,6.639560,6.893443
dmd,127,1,contiguous,cpp-approved-execution,6,21.948,13.024,10.774245,10.545055,11.855204,1.000000,1.000000,1.000000
dmd,127,1,negative-both,original,6,235.853,17.317,1.000000,1.000000,1.000000,9.100853,8.735294,9.156897
dmd,127,1,negative-both,vector16safe,6,305.596,16.694,0.769080,0.754524,0.812215,11.821374,10.754902,12.105172
dmd,127,1,negative-both,vector16store,6,151.768,15.355,1.556516,1.532675,1.590120,5.840957,5.586601,5.923387
dmd,127,1,negative-both,cpp-approved-execution,6,25.896,21.703,9.100853,8.735294,9.156897,1.000000,1.000000,1.000000
dmd,127,1,negative-source,original,6,235.441,14.672,1.000000,1.000000,1.000000,9.086477,9.022727,9.221774
dmd,127,1,negative-source,vector16safe,6,312.379,12.796,0.764301,0.703173,0.773292,11.980399,11.767642,12.831439
dmd,127,1,negative-source,vector16store,6,150.848,10.856,1.562992,1.551946,1.611890,5.811397,5.645439,5.931452
dmd,127,1,negative-source,cpp-approved-execution,6,25.848,15.933,9.086477,9.022727,9.221774,1.000000,1.000000,1.000000
dmd,127,1,padded,original,6,239.922,11.046,1.000000,1.000000,1.000000,9.128812,8.870201,9.546154
dmd,127,1,padded,vector16safe,6,307.825,10.262,0.771177,0.761384,0.793574,11.837588,11.610603,12.223077
dmd,127,1,padded,vector16store,6,149.516,10.434,1.562402,1.544239,1.648865,5.820376,5.589552,5.872029
dmd,127,1,padded,cpp-approved-execution,6,26.235,10.526,9.128812,8.870201,9.546154,1.000000,1.000000,1.000000
dmd,127,1,repeated-source,original,6,240.916,129.734,1.000000,1.000000,1.000000,9.056770,9.018182,20.909962
dmd,127,1,repeated-source,vector16safe,6,317.975,17.477,0.762016,0.750465,1.597395,11.993357,11.791339,13.090038
dmd,127,1,repeated-source,vector16store,6,151.768,15.291,1.563377,1.550538,3.458492,5.812925,5.751969,6.045977
dmd,127,1,repeated-source,cpp-approved-execution,6,25.291,15.900,9.056770,9.018182,20.909962,1.000000,1.000000,1.000000
dmd,127,1,universal,original,6,1866.279,15.099,1.000000,1.000000,1.000000,22.617941,22.233135,23.066906
dmd,127,1,universal,vector16safe,6,1908.745,16.083,0.980768,0.977446,0.990820,23.070986,22.578382,23.599164
dmd,127,1,universal,vector16store,6,1860.223,15.343,1.004291,0.997669,1.008092,22.499024,22.120345,22.986858
dmd,127,1,universal,cpp-approved-execution,6,81.904,16.031,22.617941,22.233135,23.066906,1.000000,1.000000,1.000000
dmd,127,17,contiguous,original,6,2369.421,16.428,1.000000,1.000000,1.000000,10.310454,10.298507,10.333333
dmd,127,17,contiguous,vector16safe,6,3517.355,16.988,0.672278,0.661078,0.676210,15.335307,15.234043,15.578358
dmd,127,17,contiguous,vector16store,6,912.810,18.560,2.599812,2.593034,2.660559,3.963751,3.883895,3.981752
dmd,127,17,contiguous,cpp-approved-execution,6,229.752,16.547,10.310454,10.298507,10.333333,1.000000,1.000000,1.000000
dmd,127,17,negative-both,original,6,1956.198,14.829,1.000000,1.000000,1.000000,5.263568,5.243848,5.478814
dmd,127,17,negative-both,vector16safe,6,3706.612,11.171,0.527696,0.526548,0.545915,9.981203,9.912752,10.154362
dmd,127,17,negative-both,vector16store,6,1041.736,14.042,1.867962,1.861789,1.893819,2.820698,2.812207,2.913136
dmd,127,17,negative-both,cpp-approved-execution,6,369.421,10.515,5.263568,5.243848,5.478814,1.000000,1.000000,1.000000
dmd,127,17,negative-source,original,6,1959.504,10.249,1.000000,1.000000,1.000000,5.347694,5.235698,5.392694
dmd,127,17,negative-source,vector16safe,6,3647.934,11.871,0.536849,0.520947,0.540133,9.981348,9.910798,10.076433
dmd,127,17,negative-source,vector16store,6,1028.926,10.683,1.894619,1.866232,1.921888,2.813522,2.805492,2.833689
dmd,127,17,negative-source,cpp-approved-execution,6,365.289,10.181,5.347694,5.235698,5.392694,1.000000,1.000000,1.000000
dmd,127,17,padded,original,6,1947.934,15.401,1.000000,1.000000,1.000000,5.269173,5.229358,5.397260
dmd,127,17,padded,vector16safe,6,3677.686,14.000,0.528341,0.519773,0.534419,10.038239,9.878440,10.114894
dmd,127,17,padded,vector16store,6,1039.256,16.620,1.868560,1.850821,1.874703,2.817499,2.802752,2.894628
dmd,127,17,padded,cpp-approved-execution,6,364.876,13.364,5.269173,5.229358,5.397260,1.000000,1.000000,1.000000
dmd,127,17,repeated-source,original,6,1928.512,10.756,1.000000,1.000000,1.000000,5.209440,5.175281,5.237792
dmd,127,17,repeated-source,vector16safe,6,3696.281,13.505,0.521744,0.513103,0.527117,9.998763,9.844944,10.208068
dmd,127,17,repeated-source,vector16store,6,1030.579,10.906,1.872019,1.867525,1.895473,2.784581,2.730337,2.804671
dmd,127,17,repeated-source,cpp-approved-execution,6,369.421,10.291,5.209440,5.175281,5.237792,1.000000,1.000000,1.000000
dmd,127,17,universal,original,6,29036.777,12.754,1.000000,1.000000,1.000000,22.124996,21.548462,22.749340
dmd,127,17,universal,vector16safe,6,28892.975,12.794,1.003949,0.989755,1.007327,21.984383,21.486941,22.984828
dmd,127,17,universal,vector16store,6,28725.207,11.574,1.005099,0.997180,1.014828,21.935796,21.609402,22.751979
dmd,127,17,universal,cpp-approved-execution,6,1301.653,13.587,22.124996,21.548462,22.749340,1.000000,1.000000,1.000000
dmd,127,128,contiguous,original,6,17421.875,12.879,1.000000,1.000000,1.000000,8.802917,8.630573,8.839465
dmd,127,128,contiguous,vector16safe,6,26428.125,13.456,0.666553,0.646949,0.671871,13.174420,13.009375,13.631746
dmd,127,128,contiguous,vector16store,6,6231.250,13.842,2.781709,2.714286,2.805416,3.159463,3.114650,3.237237
dmd,127,128,contiguous,cpp-approved-execution,6,1984.375,12.913,8.802917,8.630573,8.839465,1.000000,1.000000,1.000000
dmd,127,128,negative-both,original,6,13021.875,15.599,1.000000,1.000000,1.000000,4.866107,4.803738,4.982533
dmd,127,128,negative-both,vector16safe,6,25831.250,15.243,0.503479,0.501356,0.504782,9.690619,9.535047,9.895197
dmd,127,128,negative-both,vector16store,6,6300.000,15.774,2.066814,2.063291,2.068410,2.354128,2.324766,2.414847
dmd,127,128,negative-both,cpp-approved-execution,6,2693.750,12.993,4.866107,4.803738,4.982533,1.000000,1.000000,1.000000
dmd,127,128,negative-source,original,6,13212.500,12.110,1.000000,1.000000,1.000000,4.854260,4.798643,4.902386
dmd,127,128,negative-source,vector16safe,6,26187.500,12.983,0.502610,0.500665,0.507295,9.644404,9.459276,9.791757
dmd,127,128,negative-source,vector16store,6,6321.875,10.974,2.065309,2.059629,2.121000,2.350379,2.262443,2.356796
dmd,127,128,negative-source,cpp-approved-execution,6,2740.625,11.174,4.854260,4.798643,4.902386,1.000000,1.000000,1.000000
dmd,127,128,padded,original,6,13628.125,12.612,1.000000,1.000000,1.000000,4.975578,4.857456,5.230404
dmd,127,128,padded,vector16safe,6,25965.625,13.552,0.508852,0.497306,0.533043,9.733405,9.685714,9.912473
dmd,127,128,padded,vector16store,6,6371.875,10.495,2.106137,2.064306,2.167323,2.366771,2.353070,2.413302
dmd,127,128,padded,cpp-approved-execution,6,2662.500,11.268,4.975578,4.857456,5.230404,1.000000,1.000000,1.000000
dmd,127,128,repeated-source,original,6,13171.875,11.767,1.000000,1.000000,1.000000,4.893072,4.887417,4.940789
dmd,127,128,repeated-source,vector16safe,6,26215.625,9.679,0.502465,0.498880,0.509153,9.739822,9.703947,9.802439
dmd,127,128,repeated-source,vector16store,6,6365.625,10.898,2.069393,2.066265,2.084181,2.365504,2.360544,2.371429
dmd,127,128,repeated-source,cpp-approved-execution,6,2690.625,10.685,4.893072,4.887417,4.940789,1.000000,1.000000,1.000000
dmd,127,128,universal,original,6,215240.625,12.451,1.000000,1.000000,1.000000,22.044949,21.474954,22.381016
dmd,127,128,universal,vector16safe,6,216662.500,11.394,0.999184,0.992762,1.012458,21.964960,21.602350,22.500000
dmd,127,128,universal,vector16store,6,214762.500,11.719,1.006593,0.997501,1.012540,21.900506,21.528757,22.375000
dmd,127,128,universal,cpp-approved-execution,6,9871.875,10.763,22.044949,21.474954,22.381016,1.000000,1.000000,1.000000
dmd,128,1,contiguous,original,6,233.447,10.939,1.000000,1.000000,1.000000,13.576181,12.925824,13.643258
dmd,128,1,contiguous,vector16safe,6,320.264,10.489,0.734306,0.723198,0.739315,18.450241,17.587912,18.865169
dmd,128,1,contiguous,vector16store,6,140.918,11.435,1.653907,1.633771,1.659378,8.222227,7.791209,8.281899
dmd,128,1,contiguous,cpp-approved-execution,6,17.578,11.389,13.576181,12.925824,13.643258,1.000000,1.000000,1.000000
dmd,128,1,negative-both,original,6,232.764,9.167,1.000000,1.000000,1.000000,9.965902,9.919831,9.983471
dmd,128,1,negative-both,vector16safe,6,326.001,9.661,0.732968,0.711885,0.740131,13.599484,13.408203,13.942149
dmd,128,1,negative-both,vector16store,6,143.774,10.324,1.640031,1.616919,1.657012,6.068105,6.023404,6.159091
dmd,128,1,negative-both,cpp-approved-execution,6,23.389,9.395,9.965902,9.919831,9.983471,1.000000,1.000000,1.000000
dmd,128,1,negative-source,original,6,238.525,11.484,1.000000,1.000000,1.000000,10.209861,10.180085,10.313253
dmd,128,1,negative-source,vector16safe,6,324.438,10.896,0.735040,0.731021,0.739279,13.919540,13.847423,13.967871
dmd,128,1,negative-source,vector16store,6,141.968,10.868,1.659862,1.652205,1.687741,6.159613,6.031780,6.230924
dmd,128,1,negative-source,cpp-approved-execution,6,23.364,10.658,10.209861,10.180085,10.313253,1.000000,1.000000,1.000000
dmd,128,1,padded,original,6,235.156,8.576,1.000000,1.000000,1.000000,10.209543,10.175705,10.348739
dmd,128,1,padded,vector16safe,6,318.799,9.741,0.733054,0.725082,0.741644,13.949687,13.832972,14.082329
dmd,128,1,padded,vector16store,6,141.577,9.795,1.655500,1.632948,1.665878,6.161906,6.152174,6.253012
dmd,128,1,padded,cpp-approved-execution,6,22.876,8.111,10.209543,10.175705,10.348739,1.000000,1.000000,1.000000
dmd,128,1,repeated-source,original,6,231.104,15.149,1.000000,1.000000,1.000000,10.154608,9.914122,10.366525
dmd,128,1,repeated-source,vector16safe,6,317.749,16.243,0.731609,0.720937,0.743825,13.843258,13.576305,14.379237
dmd,128,1,repeated-source,vector16store,6,139.697,15.659,1.645329,1.607223,1.679135,6.180258,6.038168,6.283133
dmd,128,1,repeated-source,cpp-approved-execution,6,22.510,18.438,10.154608,9.914122,10.366525,1.000000,1.000000,1.000000
dmd,128,1,universal,original,6,1841.699,14.274,1.000000,1.000000,1.000000,22.618462,22.467518,22.947716
dmd,128,1,universal,vector16safe,6,1840.356,12.154,0.989972,0.953624,1.011227,22.764427,22.542488,23.748225
dmd,128,1,universal,vector16store,6,1829.810,14.316,1.002785,0.994633,1.018348,22.531598,22.345138,22.711947
dmd,128,1,universal,cpp-approved-execution,6,80.884,15.213,22.618462,22.467518,22.947716,1.000000,1.000000,1.000000
dmd,128,17,contiguous,original,6,2414.167,15.395,1.000000,1.000000,1.000000,10.495757,10.428030,10.867159
dmd,128,17,contiguous,vector16safe,6,3792.500,15.162,0.632470,0.623687,0.649537,16.565022,16.465116,16.856089
dmd,128,17,contiguous,vector16store,6,791.667,16.211,3.005607,2.977011,3.123012,3.479152,3.469178,3.531365
dmd,128,17,contiguous,cpp-approved-execution,6,225.833,16.236,10.495757,10.428030,10.867159,1.000000,1.000000,1.000000
dmd,128,17,negative-both,original,6,1960.833,14.535,1.000000,1.000000,1.000000,6.451967,6.350975,6.517544
dmd,128,17,negative-both,vector16safe,6,3932.083,13.691,0.499756,0.495969,0.508509,12.839700,12.754522,13.087719
dmd,128,17,negative-both,vector16store,6,927.500,13.387,2.118531,2.101382,2.145299,3.027082,3.022284,3.087719
dmd,128,17,negative-both,cpp-approved-execution,6,306.667,15.217,6.451967,6.350975,6.517544,1.000000,1.000000,1.000000
dmd,128,17,negative-source,original,6,1955.417,14.490,1.000000,1.000000,1.000000,6.387143,6.291777,6.447222
dmd,128,17,negative-source,vector16safe,6,3938.333,13.711,0.498289,0.489218,0.503237,12.783859,12.527851,13.136111
dmd,128,17,negative-source,vector16store,6,936.250,12.995,2.103931,2.082529,2.133943,3.019182,3.012531,3.077778
dmd,128,17,negative-source,cpp-approved-execution,6,307.083,13.297,6.387143,6.291777,6.447222,1.000000,1.000000,1.000000
dmd,128,17,padded,original,6,1947.917,13.348,1.000000,1.000000,1.000000,6.417347,6.355978,6.506964
dmd,128,17,padded,vector16safe,6,3904.167,12.956,0.499893,0.497320,0.503539,12.797728,12.760870,13.019499
dmd,128,17,padded,vector16store,6,921.667,10.307,2.115382,2.082778,2.146781,3.012508,3.002577,3.073099
dmd,128,17,padded,cpp-approved-execution,6,302.917,12.655,6.417347,6.355978,6.506964,1.000000,1.000000,1.000000
dmd,128,17,repeated-source,original,6,1912.917,11.065,1.000000,1.000000,1.000000,6.359860,6.251889,6.402778
dmd,128,17,repeated-source,vector16safe,6,3885.417,13.298,0.496021,0.488102,0.498992,12.809967,12.757143,13.105556
dmd,128,17,repeated-source,vector16store,6,893.333,13.526,2.130601,2.068124,2.148183,2.983072,2.980501,3.072351
dmd,128,17,repeated-source,cpp-approved-execution,6,299.583,13.074,6.359860,6.251889,6.402778,1.000000,1.000000,1.000000
dmd,128,17,universal,original,6,28674.167,13.677,1.000000,1.000000,1.000000,22.048543,21.830759,22.410405
dmd,128,17,universal,vector16safe,6,28830.417,13.013,0.996905,0.988190,1.020235,21.984224,21.714627,22.678227
dmd,128,17,universal,vector16store,6,28894.167,11.678,0.999743,0.976978,1.010814,22.037658,21.888437,22.847400
dmd,128,17,universal,cpp-approved-execution,6,1296.250,15.429,22.048543,21.830759,22.410405,1.000000,1.000000,1.000000
dmd,128,128,contiguous,original,6,17362.500,10.151,1.000000,1.000000,1.000000,8.866137,8.553125,9.072368
dmd,128,128,contiguous,vector16safe,6,27840.625,9.900,0.622532,0.616303,0.634461,14.196990,13.822581,14.496933
dmd,128,128,contiguous,vector16store,6,5356.250,9.802,3.266699,3.189977,3.314904,2.717939,2.632258,2.760736
dmd,128,128,contiguous,cpp-approved-execution,6,1990.625,7.849,8.866137,8.553125,9.072368,1.000000,1.000000,1.000000
dmd,128,128,negative-both,original,6,13184.375,10.334,1.000000,1.000000,1.000000,5.816251,5.403023,6.034985
dmd,128,128,negative-both,vector16safe,6,27743.750,10.948,0.472641,0.467405,0.478048,12.330495,11.302267,12.749271
dmd,128,128,negative-both,vector16store,6,5456.250,11.111,2.414108,2.392513,2.470167,2.420185,2.224181,2.454068
dmd,128,128,negative-both,cpp-approved-execution,6,2315.625,17.544,5.816251,5.403023,6.034985,1.000000,1.000000,1.000000
dmd,128,128,negative-source,original,6,13137.500,13.987,1.000000,1.000000,1.000000,5.670421,5.209068,5.906005
dmd,128,128,negative-source,vector16safe,6,27881.250,13.293,0.473862,0.469253,0.476997,11.999394,11.100756,12.483965
dmd,128,128,negative-source,vector16store,6,5437.500,13.908,2.417773,2.401858,2.437500,2.347894,2.168766,2.440233
dmd,128,128,negative-source,cpp-approved-execution,6,2387.500,20.157,5.670421,5.209068,5.906005,1.000000,1.000000,1.000000
dmd,128,128,padded,original,6,13100.000,15.029,1.000000,1.000000,1.000000,5.891786,5.840220,5.989744
dmd,128,128,padded,vector16safe,6,27593.750,149.377,0.474453,0.215359,0.475306,12.436567,12.308540,27.812821
dmd,128,128,padded,vector16store,6,5428.125,13.241,2.414577,2.407451,2.453782,2.437083,2.418733,2.454286
dmd,128,128,padded,cpp-approved-execution,6,2228.125,12.903,5.891786,5.840220,5.989744,1.000000,1.000000,1.000000
dmd,128,128,repeated-source,original,6,13406.250,14.033,1.000000,1.000000,1.000000,5.935347,5.917772,6.058659
dmd,128,128,repeated-source,vector16safe,6,29184.375,15.248,0.470449,0.418273,0.472378,12.732573,12.535809,14.330330
dmd,128,128,repeated-source,vector16store,6,5500.000,15.455,2.421470,2.410283,2.449192,2.454668,2.418994,2.497207
dmd,128,128,repeated-source,cpp-approved-execution,6,2237.500,15.084,5.935347,5.917772,6.058659,1.000000,1.000000,1.000000
dmd,128,128,universal,original,6,221271.875,58.087,1.000000,1.000000,1.000000,21.808330,20.182820,22.273540
dmd,128,128,universal,vector16safe,6,219562.500,53.860,1.004119,0.990291,1.025591,21.841365,19.679209,22.380215
dmd,128,128,universal,vector16store,6,219668.750,51.768,1.003275,0.990321,1.040197,21.907570,19.402889,22.285459
dmd,128,128,universal,cpp-approved-execution,6,10090.625,69.619,21.808330,20.182820,22.273540,1.000000,1.000000,1.000000
dmd,129,1,contiguous,original,6,238.878,15.843,1.000000,1.000000,1.000000,13.032775,12.949735,13.313889
dmd,129,1,contiguous,vector16safe,6,324.508,15.165,0.739166,0.733004,0.751018,17.686103,17.594595,17.727778
dmd,129,1,contiguous,vector16store,6,144.956,14.836,1.660304,1.635483,1.693640,7.865751,7.832432,7.917989
dmd,129,1,contiguous,cpp-approved-execution,6,18.406,14.973,13.032775,12.949735,13.313889,1.000000,1.000000,1.000000
dmd,129,1,negative-both,original,6,238.804,15.889,1.000000,1.000000,1.000000,9.931974,9.806593,10.034979
dmd,129,1,negative-both,vector16safe,6,326.058,13.629,0.733452,0.716327,0.740718,13.602588,13.411523,13.794239
dmd,129,1,negative-both,vector16store,6,144.931,15.212,1.643731,1.623521,1.673644,6.035356,5.995885,6.099404
dmd,129,1,negative-both,cpp-approved-execution,6,23.917,14.815,9.931974,9.806593,10.034979,1.000000,1.000000,1.000000
dmd,129,1,negative-source,original,6,237.844,14.732,1.000000,1.000000,1.000000,9.844056,9.671706,10.006173
dmd,129,1,negative-source,vector16safe,6,321.801,13.855,0.731841,0.721444,0.745745,13.411871,13.346614,13.491770
dmd,129,1,negative-source,vector16store,6,143.159,12.925,1.652407,1.618359,1.689128,5.963586,5.923868,6.006173
dmd,129,1,negative-source,cpp-approved-execution,6,23.917,13.374,9.844056,9.671706,10.006173,1.000000,1.000000,1.000000
dmd,129,1,padded,original,6,236.220,13.354,1.000000,1.000000,1.000000,9.831742,9.600432,9.933594
dmd,129,1,padded,vector16safe,6,322.466,12.652,0.730400,0.724541,0.734334,13.491178,13.168467,13.527344
dmd,129,1,padded,vector16store,6,143.381,12.974,1.629305,1.597120,1.654533,5.997696,5.933045,6.163708
dmd,129,1,padded,cpp-approved-execution,6,23.967,10.062,9.831742,9.600432,9.933594,1.000000,1.000000,1.000000
dmd,129,1,repeated-source,original,6,240.871,17.285,1.000000,1.000000,1.000000,10.023938,9.807775,10.604000
dmd,129,1,repeated-source,vector16safe,6,327.977,12.934,0.734327,0.725747,0.765079,13.672809,13.395143,13.878850
dmd,129,1,repeated-source,vector16store,6,143.282,13.223,1.649620,1.628939,1.737221,6.038915,5.981520,6.126316
dmd,129,1,repeated-source,cpp-approved-execution,6,23.671,12.474,10.023938,9.807775,10.604000,1.000000,1.000000,1.000000
dmd,129,1,universal,original,6,1891.289,15.745,1.000000,1.000000,1.000000,22.282614,22.193548,23.270760
dmd,129,1,universal,vector16safe,6,1900.000,15.543,0.991294,0.986104,1.000503,22.526764,22.311457,23.259064
dmd,129,1,universal,vector16store,6,1854.405,16.682,1.007678,0.999371,1.029866,22.142096,21.877642,22.595906
dmd,129,1,universal,cpp-approved-execution,6,82.948,15.426,22.282614,22.193548,23.270760,1.000000,1.000000,1.000000
dmd,129,17,contiguous,original,6,2524.370,13.782,1.000000,1.000000,1.000000,10.437452,10.360544,11.889734
dmd,129,17,contiguous,vector16safe,6,3980.252,11.654,0.634410,0.556627,0.723508,16.438573,16.197842,18.818533
dmd,129,17,contiguous,vector16store,6,828.151,11.771,2.975351,2.965920,3.376890,3.500877,3.493197,3.520913
dmd,129,17,contiguous,cpp-approved-execution,6,236.555,12.433,10.437452,10.360544,11.889734,1.000000,1.000000,1.000000
dmd,129,17,negative-both,original,6,1986.975,12.688,1.000000,1.000000,1.000000,6.146219,6.062500,6.189415
dmd,129,17,negative-both,vector16safe,6,3947.059,15.116,0.501659,0.495177,0.510453,12.231771,12.125348,12.316832
dmd,129,17,negative-both,vector16store,6,946.639,15.712,2.097559,2.057096,2.118208,2.934083,2.922006,2.950495
dmd,129,17,negative-both,cpp-approved-execution,6,322.689,14.844,6.146219,6.062500,6.189415,1.000000,1.000000,1.000000
dmd,129,17,negative-source,original,6,1988.235,14.243,1.000000,1.000000,1.000000,6.075298,6.069333,6.306701
dmd,129,17,negative-source,vector16safe,6,3991.176,13.601,0.500812,0.494135,0.504848,12.178266,12.108173,12.492268
dmd,129,17,negative-source,vector16store,6,960.504,16.798,2.073441,2.025662,2.079014,2.938980,2.920000,3.033505
dmd,129,17,negative-source,cpp-approved-execution,6,324.370,14.767,6.075298,6.069333,6.306701,1.000000,1.000000,1.000000
dmd,129,17,padded,original,6,1971.429,14.791,1.000000,1.000000,1.000000,6.099094,6.052885,6.237624
dmd,129,17,padded,vector16safe,6,3923.109,13.987,0.501689,0.493639,0.507962,12.166388,12.132812,12.296089
dmd,129,17,padded,vector16store,6,960.084,10.503,2.091744,1.911170,2.130178,2.921252,2.906667,3.175978
dmd,129,17,padded,cpp-approved-execution,6,323.109,15.085,6.099094,6.052885,6.237624,1.000000,1.000000,1.000000
dmd,129,17,repeated-source,original,6,1961.765,15.978,1.000000,1.000000,1.000000,6.111913,6.044818,6.203431
dmd,129,17,repeated-source,vector16safe,6,3886.134,15.656,0.502241,0.497038,0.510011,12.160539,12.120000,12.202410
dmd,129,17,repeated-source,vector16store,6,936.555,14.984,2.096697,2.064806,2.141286,2.902550,2.896000,2.962667
dmd,129,17,repeated-source,cpp-approved-execution,6,319.328,15.263,6.111913,6.044818,6.203431,1.000000,1.000000,1.000000
dmd,129,17,universal,original,6,29326.891,9.645,1.000000,1.000000,1.000000,22.508081,21.648775,22.874576
dmd,129,17,universal,vector16safe,6,29214.706,12.067,1.007570,0.995760,1.023026,22.179092,21.740957,22.730670
dmd,129,17,universal,vector16store,6,28989.076,12.016,1.008742,0.997444,1.025309,22.315721,21.637106,22.567010
dmd,129,17,universal,cpp-approved-execution,6,1302.941,15.414,22.508081,21.648775,22.874576,1.000000,1.000000,1.000000
dmd,129,128,contiguous,original,6,17636.667,16.405,1.000000,1.000000,1.000000,8.739701,8.590909,8.950464
dmd,129,128,contiguous,vector16safe,6,28006.667,15.092,0.630322,0.627986,0.649663,13.817599,13.502976,14.068729
dmd,129,128,contiguous,vector16store,6,5473.333,15.469,3.226072,3.207970,3.307780,2.709360,2.654762,2.752577
dmd,129,128,contiguous,cpp-approved-execution,6,2016.667,16.529,8.739701,8.590909,8.950464,1.000000,1.000000,1.000000
dmd,129,128,negative-both,original,6,13370.000,11.568,1.000000,1.000000,1.000000,5.614815,5.590164,5.714667
dmd,129,128,negative-both,vector16safe,6,28026.667,8.135,0.474676,0.467237,0.484184,11.821104,11.633880,12.029412
dmd,129,128,negative-both,vector16store,6,5666.667,12.235,2.357340,2.307440,2.399776,2.379778,2.377049,2.430851
dmd,129,128,negative-both,cpp-approved-execution,6,2383.333,10.070,5.614815,5.590164,5.714667,1.000000,1.000000,1.000000
dmd,129,128,negative-source,original,6,13630.000,14.282,1.000000,1.000000,1.000000,5.615072,5.472441,5.725714
dmd,129,128,negative-source,vector16safe,6,28310.000,12.245,0.476226,0.469127,0.486695,11.809159,11.244094,12.025714
dmd,129,128,negative-source,vector16store,6,5750.000,12.870,2.364766,2.358696,2.395425,2.372293,2.304462,2.420000
dmd,129,128,negative-source,cpp-approved-execution,6,2423.333,13.205,5.615072,5.472441,5.725714,1.000000,1.000000,1.000000
dmd,129,128,padded,original,6,13533.333,11.281,1.000000,1.000000,1.000000,5.780656,5.644509,5.942308
dmd,129,128,padded,vector16safe,6,28663.333,14.002,0.476649,0.467060,0.490370,12.127764,11.959538,12.370879
dmd,129,128,padded,vector16store,6,5760.000,14.815,2.365202,2.333712,2.455584,2.440683,2.387283,2.450549
dmd,129,128,padded,cpp-approved-execution,6,2360.000,12.712,5.780656,5.644509,5.942308,1.000000,1.000000,1.000000
dmd,129,128,repeated-source,original,6,13560.000,12.045,1.000000,1.000000,1.000000,5.681448,5.644509,5.828418
dmd,129,128,repeated-source,vector16safe,6,28653.333,12.727,0.473328,0.464333,0.489199,11.982609,11.887283,12.242588
dmd,129,128,repeated-source,vector16store,6,5733.333,10.465,2.366224,2.363088,2.439955,2.393068,2.384393,2.404313
dmd,129,128,repeated-source,cpp-approved-execution,6,2390.000,10.600,5.681448,5.644509,5.828418,1.000000,1.000000,1.000000
dmd,129,128,universal,original,6,224340.000,7.515,1.000000,1.000000,1.000000,22.379774,21.859226,23.348936
dmd,129,128,universal,vector16safe,6,225093.333,7.458,1.010304,0.981181,1.012009,22.185747,21.629012,23.120567
dmd,129,128,universal,vector16store,6,225866.667,10.457,1.004926,0.969863,1.040235,22.083085,21.600000,24.074468
dmd,129,128,universal,cpp-approved-execution,6,10026.667,13.963,22.379774,21.859226,23.348936,1.000000,1.000000,1.000000
dmd,255,1,contiguous,original,6,369.747,13.154,1.000000,1.000000,1.000000,10.571014,10.348442,10.973333
dmd,255,1,contiguous,vector16safe,6,531.323,13.292,0.698895,0.693037,0.727032,15.093740,14.932011,15.155496
dmd,255,1,contiguous,vector16store,6,190.759,13.972,1.944645,1.926082,1.953941,5.443689,5.328612,5.616000
dmd,255,1,contiguous,cpp-approved-execution,6,35.311,13.223,10.571014,10.348442,10.973333,1.000000,1.000000,1.000000
dmd,255,1,negative-both,original,6,369.163,15.257,1.000000,1.000000,1.000000,8.637767,8.414583,9.221007
dmd,255,1,negative-both,vector16safe,6,538.278,20.240,0.685761,0.665193,0.697028,12.475711,12.387173,13.862144
dmd,255,1,negative-both,vector16store,6,193.337,12.730,1.908424,1.884080,2.071780,4.483373,4.439583,4.551648
dmd,255,1,negative-both,cpp-approved-execution,6,42.947,13.364,8.637767,8.414583,9.221007,1.000000,1.000000,1.000000
dmd,255,1,negative-source,original,6,370.574,18.375,1.000000,1.000000,1.000000,8.631129,8.608076,9.239316
dmd,255,1,negative-source,vector16safe,6,527.821,11.924,0.700395,0.694519,0.741045,12.358888,12.323040,12.467949
dmd,255,1,negative-source,vector16store,6,190.078,17.656,1.931577,1.904829,1.969891,4.466746,4.433260,4.747863
dmd,255,1,negative-source,cpp-approved-execution,6,42.704,11.162,8.631129,8.608076,9.239316,1.000000,1.000000,1.000000
dmd,255,1,padded,original,6,371.887,13.811,1.000000,1.000000,1.000000,8.726253,8.598575,8.975771
dmd,255,1,padded,vector16safe,6,528.696,11.150,0.702673,0.692823,0.721878,12.376485,12.330952,12.506579
dmd,255,1,padded,vector16store,6,193.093,11.688,1.938947,1.898270,1.988495,4.497776,4.444181,4.632159
dmd,255,1,padded,cpp-approved-execution,6,42.558,11.200,8.726253,8.598575,8.975771,1.000000,1.000000,1.000000
dmd,255,1,repeated-source,original,6,374.757,8.254,1.000000,1.000000,1.000000,8.630203,8.360262,8.685022
dmd,255,1,repeated-source,vector16safe,6,549.270,8.572,0.694769,0.672108,0.698000,12.423134,12.296296,12.442731
dmd,255,1,repeated-source,vector16store,6,194.650,12.944,1.933716,1.814607,1.938734,4.464930,4.312227,4.653595
dmd,255,1,repeated-source,cpp-approved-execution,6,44.212,8.581,8.630203,8.360262,8.685022,1.000000,1.000000,1.000000
dmd,255,1,universal,original,6,3609.533,7.748,1.000000,1.000000,1.000000,23.022511,22.781132,23.407270
dmd,255,1,universal,vector16safe,6,3671.012,9.251,0.995936,0.971164,1.005894,23.121808,22.925997,24.102280
dmd,255,1,universal,vector16store,6,3571.158,9.550,1.018349,0.994086,1.026966,22.527295,22.476730,23.546519
dmd,255,1,universal,cpp-approved-execution,6,156.274,8.901,23.022511,22.781132,23.407270,1.000000,1.000000,1.000000
dmd,255,17,contiguous,original,6,4856.667,11.119,1.000000,1.000000,1.000000,10.103278,10.018657,10.557895
dmd,255,17,contiguous,vector16safe,6,7597.500,12.592,0.638274,0.628709,0.642303,15.777234,15.616162,16.792982
dmd,255,17,contiguous,vector16store,6,1640.000,10.467,2.943876,2.917728,3.005994,3.431966,3.414384,3.512281
dmd,255,17,contiguous,cpp-approved-execution,6,473.333,10.211,10.103278,10.018657,10.557895,1.000000,1.000000,1.000000
dmd,255,17,negative-both,original,6,3681.667,11.679,1.000000,1.000000,1.000000,5.616264,5.588542,5.761421
dmd,255,17,negative-both,vector16safe,6,7422.500,11.339,0.493289,0.487742,0.503214,11.448578,11.370667,11.509901
dmd,255,17,negative-both,vector16store,6,1720.000,10.659,2.124946,2.112205,2.166031,2.645936,2.640000,2.659898
dmd,255,17,negative-both,cpp-approved-execution,6,648.333,10.540,5.616264,5.588542,5.761421,1.000000,1.000000,1.000000
dmd,255,17,negative-source,original,6,3747.500,13.075,1.000000,1.000000,1.000000,5.671409,5.564987,5.740260
dmd,255,17,negative-source,vector16safe,6,7750.833,17.267,0.490016,0.450285,0.495854,11.538390,11.371353,12.571782
dmd,255,17,negative-source,vector16store,6,1758.333,10.900,2.133437,2.118888,2.168631,2.643398,2.620690,2.709091
dmd,255,17,negative-source,cpp-approved-execution,6,657.500,10.900,5.671409,5.564987,5.740260,1.000000,1.000000,1.000000
dmd,255,17,padded,original,6,3768.333,10.659,1.000000,1.000000,1.000000,5.651894,5.550505,5.762376
dmd,255,17,padded,vector16safe,6,7604.167,11.551,0.489579,0.484735,0.505428,11.479189,11.400990,11.658416
dmd,255,17,padded,vector16store,6,1750.000,10.857,2.125462,2.119576,2.190028,2.630261,2.618687,2.702970
dmd,255,17,padded,cpp-approved-execution,6,666.667,10.500,5.651894,5.550505,5.762376,1.000000,1.000000,1.000000
dmd,255,17,repeated-source,original,6,3647.500,13.388,1.000000,1.000000,1.000000,5.571331,5.468384,5.874036
dmd,255,17,repeated-source,vector16safe,6,7580.833,14.796,0.489771,0.450276,0.500877,11.375434,11.308511,12.390710
dmd,255,17,repeated-source,vector16store,6,1705.000,13.392,2.128653,2.023786,2.203472,2.625878,2.564403,2.756831
dmd,255,17,repeated-source,cpp-approved-execution,6,637.500,15.948,5.571331,5.468384,5.874036,1.000000,1.000000,1.000000
dmd,255,17,universal,original,6,59757.500,10.096,1.000000,1.000000,1.000000,23.036415,22.683221,23.536148
dmd,255,17,universal,vector16safe,6,59546.667,9.438,0.997476,0.964720,1.012214,23.171528,22.622360,23.852207
dmd,255,17,universal,vector16store,6,59025.000,9.586,1.003455,0.997505,1.026293,22.795739,22.593289,23.595010
dmd,255,17,universal,cpp-approved-execution,6,2550.000,7.908,23.036415,22.683221,23.536148,1.000000,1.000000,1.000000
dmd,255,128,contiguous,original,6,34575.000,20.607,1.000000,1.000000,1.000000,8.491063,8.307453,9.037356
dmd,255,128,contiguous,vector16safe,6,52925.000,25.886,0.638834,0.604343,0.661649,13.236573,12.888199,14.954023
dmd,255,128,contiguous,vector16store,6,11468.750,12.425,3.022032,2.979145,3.255694,2.800509,2.720497,2.897281
dmd,255,128,contiguous,cpp-approved-execution,6,4081.250,13.783,8.491063,8.307453,9.037356,1.000000,1.000000,1.000000
dmd,255,128,negative-both,original,6,25325.000,55.232,1.000000,1.000000,1.000000,5.180146,4.848101,5.428571
dmd,255,128,negative-both,vector16safe,6,53400.000,46.934,0.476633,0.462599,0.504362,10.887957,9.612342,11.468254
dmd,255,128,negative-both,vector16store,6,11175.000,56.040,2.266240,2.252941,2.269912,2.285680,2.151899,2.391534
dmd,255,128,negative-both,cpp-approved-execution,6,4887.500,68.031,5.180146,4.848101,5.428571,1.000000,1.000000,1.000000
dmd,255,128,negative-source,original,6,25287.500,12.902,1.000000,1.000000,1.000000,5.230553,5.099490,5.289406
dmd,255,128,negative-source,vector16safe,6,53275.000,25.153,0.474464,0.427578,0.475726,11.069581,10.719388,12.270142
dmd,255,128,negative-source,vector16store,6,11150.000,23.991,2.266326,2.061453,2.270930,2.315898,2.250000,2.545024
dmd,255,128,negative-source,cpp-approved-execution,6,4868.750,10.270,5.230553,5.099490,5.289406,1.000000,1.000000,1.000000
dmd,255,128,padded,original,6,25418.750,12.933,1.000000,1.000000,1.000000,5.279382,5.176623,5.401478
dmd,255,128,padded,vector16safe,6,55150.000,15.050,0.469967,0.422687,0.480500,11.282374,10.940260,12.419023
dmd,255,128,padded,vector16store,6,11468.750,13.079,2.255070,2.186296,2.308421,2.343128,2.293506,2.401028
dmd,255,128,padded,cpp-approved-execution,6,4837.500,12.403,5.279382,5.176623,5.401478,1.000000,1.000000,1.000000
dmd,255,128,repeated-source,original,6,25193.750,14.488,1.000000,1.000000,1.000000,5.366596,5.354839,5.559701
dmd,255,128,repeated-source,vector16safe,6,53775.000,13.296,0.473194,0.465100,0.496998,11.336503,11.185484,11.655000
dmd,255,128,repeated-source,vector16store,6,11281.250,16.953,2.261933,2.206710,2.296530,2.373833,2.368280,2.514925
dmd,255,128,repeated-source,cpp-approved-execution,6,4700.000,10.638,5.366596,5.354839,5.559701,1.000000,1.000000,1.000000
dmd,255,128,universal,original,6,431356.250,28.518,1.000000,1.000000,1.000000,22.717136,22.500342,23.506956
dmd,255,128,universal,vector16safe,6,426681.250,30.169,0.995154,0.979388,1.013797,22.882761,22.434957,24.001669
dmd,255,128,universal,vector16store,6,431156.250,23.466,0.996816,0.978557,1.031828,22.918917,22.481177,23.296026
dmd,255,128,universal,cpp-approved-execution,6,18806.250,24.526,22.717136,22.500342,23.506956,1.000000,1.000000,1.000000
dmd,256,1,contiguous,original,6,364.502,10.824,1.000000,1.000000,1.000000,12.119530,11.950980,12.181538
dmd,256,1,contiguous,vector16safe,6,546.826,11.037,0.674440,0.662146,0.685670,17.861538,17.720137,18.257143
dmd,256,1,contiguous,vector16store,6,183.398,12.354,1.995821,1.976768,2.031963,6.068414,5.979522,6.107937
dmd,256,1,contiguous,cpp-approved-execution,6,30.322,10.628,12.119530,11.950980,12.181538,1.000000,1.000000,1.000000
dmd,256,1,negative-both,original,6,371.338,12.807,1.000000,1.000000,1.000000,9.309863,9.222222,9.518160
dmd,256,1,negative-both,vector16safe,6,553.418,115.370,0.677984,0.334297,0.681222,13.698480,13.604938,28.472155
dmd,256,1,negative-both,vector16store,6,178.662,17.710,2.006607,1.972477,2.331554,4.620796,4.082324,4.727711
dmd,256,1,negative-both,cpp-approved-execution,6,39.941,12.958,9.309863,9.222222,9.518160,1.000000,1.000000,1.000000
dmd,256,1,negative-source,original,6,371.143,12.709,1.000000,1.000000,1.000000,9.306469,9.258312,9.376214
dmd,256,1,negative-source,vector16safe,6,541.797,13.266,0.679355,0.674879,0.687000,13.689418,13.634271,13.786223
dmd,256,1,negative-source,vector16store,6,183.594,13.830,2.017969,2.003320,2.038522,4.610499,4.586387,4.662500
dmd,256,1,negative-source,cpp-approved-execution,6,39.648,13.054,9.306469,9.258312,9.376214,1.000000,1.000000,1.000000
dmd,256,1,padded,original,6,364.014,10.677,1.000000,1.000000,1.000000,9.312036,9.260000,9.354115
dmd,256,1,padded,vector16safe,6,539.111,10.941,0.677697,0.671140,0.679931,13.735759,13.630000,13.937656
dmd,256,1,padded,vector16store,6,181.543,10.920,2.016808,2.000533,2.029697,4.607995,4.595801,4.675810
dmd,256,1,padded,cpp-approved-execution,6,39.111,10.737,9.312036,9.260000,9.354115,1.000000,1.000000,1.000000
dmd,256,1,repeated-source,original,6,372.705,15.354,1.000000,1.000000,1.000000,9.370615,9.296588,9.781991
dmd,256,1,repeated-source,vector16safe,6,547.754,17.846,0.683755,0.652966,0.698595,13.764428,13.656168,14.327945
dmd,256,1,repeated-source,vector16store,6,185.596,20.153,2.019499,1.894761,2.060399,4.664405,4.606299,4.937644
dmd,256,1,repeated-source,cpp-approved-execution,6,39.795,12.761,9.370615,9.296588,9.781991,1.000000,1.000000,1.000000
dmd,256,1,universal,original,6,3573.047,10.383,1.000000,1.000000,1.000000,23.327214,22.729730,23.848962
dmd,256,1,universal,vector16safe,6,3543.457,9.001,1.005362,0.986609,1.013293,23.152797,22.978049,23.560730
dmd,256,1,universal,vector16store,6,3504.346,11.158,1.013489,0.990976,1.038296,22.906163,22.601187,23.268722
dmd,256,1,universal,cpp-approved-execution,6,151.660,8.371,23.327214,22.729730,23.848962,1.000000,1.000000,1.000000
dmd,256,17,contiguous,original,6,4676.667,104.954,1.000000,1.000000,1.000000,10.156284,10.068841,11.377551
dmd,256,17,contiguous,vector16safe,6,7645.000,90.669,0.620594,0.608762,0.664323,16.464274,16.277154,17.126531
dmd,256,17,contiguous,vector16store,6,1465.000,61.206,3.190155,3.157263,4.066375,3.182013,2.797959,3.203846
dmd,256,17,contiguous,cpp-approved-execution,6,460.833,83.183,10.156284,10.068841,11.377551,1.000000,1.000000,1.000000
dmd,256,17,negative-both,original,6,3655.833,11.306,1.000000,1.000000,1.000000,6.211246,6.185083,6.277143
dmd,256,17,negative-both,vector16safe,6,7650.000,12.070,0.475665,0.471965,0.479694,13.095343,13.005764,13.142857
dmd,256,17,negative-both,vector16store,6,1581.667,10.643,2.290911,2.277721,2.322410,2.717617,2.699208,2.723343
dmd,256,17,negative-both,cpp-approved-execution,6,583.333,11.429,6.211246,6.185083,6.277143,1.000000,1.000000,1.000000
dmd,256,17,negative-source,original,6,3785.000,34.698,1.000000,1.000000,1.000000,6.286574,6.154971,7.818919
dmd,256,17,negative-source,vector16safe,6,7911.667,15.757,0.480248,0.475207,0.562512,13.091204,12.850877,13.900000
dmd,256,17,negative-source,vector16store,6,1641.667,32.893,2.306660,2.285568,2.372414,2.707384,2.685185,3.362162
dmd,256,17,negative-source,cpp-approved-execution,6,600.833,10.264,6.286574,6.154971,7.818919,1.000000,1.000000,1.000000
dmd,256,17,padded,original,6,3660.833,93.194,1.000000,1.000000,1.000000,6.199712,6.175487,6.841584
dmd,256,17,padded,vector16safe,6,7807.500,84.534,0.473712,0.464858,0.495696,13.117269,12.991150,13.801980
dmd,256,17,padded,vector16store,6,1620.833,95.013,2.283843,2.234086,2.286492,2.713027,2.704735,3.039604
dmd,256,17,padded,cpp-approved-execution,6,590.833,75.317,6.199712,6.175487,6.841584,1.000000,1.000000,1.000000
dmd,256,17,repeated-source,original,6,3639.167,29.998,1.000000,1.000000,1.000000,6.196521,6.175978,8.058480
dmd,256,17,repeated-source,vector16safe,6,7833.333,129.277,0.472574,0.262152,0.478049,13.091734,12.959770,30.739766
dmd,256,17,repeated-source,vector16store,6,1589.167,11.536,2.294489,2.281734,2.720632,2.704384,2.695402,2.961988
dmd,256,17,repeated-source,cpp-approved-execution,6,580.000,11.207,6.196521,6.175978,8.058480,1.000000,1.000000,1.000000
dmd,256,17,universal,original,6,60505.833,15.505,1.000000,1.000000,1.000000,22.660691,22.369552,24.470297
dmd,256,17,universal,vector16safe,6,59022.500,16.674,0.993691,0.985668,1.054829,22.749097,21.525215,24.826114
dmd,256,17,universal,vector16store,6,58830.833,9.907,1.005127,0.992102,1.074361,22.681451,21.496310,23.339029
dmd,256,17,universal,cpp-approved-execution,6,2661.667,13.275,22.660691,22.369552,24.470297,1.000000,1.000000,1.000000
dmd,256,128,contiguous,original,6,33912.500,10.874,1.000000,1.000000,1.000000,8.124870,7.542466,8.678571
dmd,256,128,contiguous,vector16safe,6,55687.500,14.209,0.610021,0.583510,0.620186,13.500008,12.926027,13.993506
dmd,256,128,contiguous,vector16store,6,10368.750,11.332,3.280525,3.168009,3.316377,2.476736,2.380822,2.616883
dmd,256,128,contiguous,cpp-approved-execution,6,4262.500,16.716,8.124870,7.542466,8.678571,1.000000,1.000000,1.000000
dmd,256,128,negative-both,original,6,26018.750,20.274,1.000000,1.000000,1.000000,5.745102,5.676020,6.808989
dmd,256,128,negative-both,vector16safe,6,55775.000,10.959,0.463355,0.457726,0.547673,12.417681,12.260204,12.631728
dmd,256,128,negative-both,vector16store,6,10562.500,10.888,2.465434,2.458134,2.723596,2.319231,2.308673,2.500000
dmd,256,128,negative-both,cpp-approved-execution,6,4475.000,11.453,5.745102,5.676020,6.808989,1.000000,1.000000,1.000000
dmd,256,128,negative-source,original,6,26287.500,10.794,1.000000,1.000000,1.000000,5.735741,5.312169,6.452174
dmd,256,128,negative-source,vector16safe,6,57081.250,10.796,0.461870,0.459684,0.470713,12.471268,11.425926,13.707246
dmd,256,128,negative-source,vector16store,6,10356.250,8.449,2.490373,2.461823,2.708029,2.289290,2.150794,2.382609
dmd,256,128,negative-source,cpp-approved-execution,6,4643.750,11.306,5.735741,5.312169,6.452174,1.000000,1.000000,1.000000
dmd,256,128,padded,original,6,25968.750,11.552,1.000000,1.000000,1.000000,5.817422,5.676136,6.056497
dmd,256,128,padded,vector16safe,6,56075.000,12.015,0.460379,0.446780,0.485287,12.595669,12.261364,13.000000
dmd,256,128,padded,vector16store,6,10443.750,14.004,2.455457,2.409042,2.567665,2.359611,2.309659,2.383333
dmd,256,128,padded,cpp-approved-execution,6,4412.500,14.164,5.817422,5.676136,6.056497,1.000000,1.000000,1.000000
dmd,256,128,repeated-source,original,6,26493.750,9.861,1.000000,1.000000,1.000000,6.009172,5.615169,6.159292
dmd,256,128,repeated-source,vector16safe,6,57350.000,17.044,0.466023,0.401083,0.472505,13.007784,12.810976,14.000000
dmd,256,128,repeated-source,vector16store,6,10525.000,10.095,2.486747,2.458795,2.524590,2.412119,2.283708,2.451327
dmd,256,128,repeated-source,cpp-approved-execution,6,4418.750,10.184,6.009172,5.615169,6.159292,1.000000,1.000000,1.000000
dmd,256,128,universal,original,6,440375.000,11.445,1.000000,1.000000,1.000000,22.427194,22.034134,23.058354
dmd,256,128,universal,vector16safe,6,442843.750,10.410,0.996717,0.983832,1.011342,22.521866,22.024020,23.319094
dmd,256,128,universal,vector16store,6,437025.000,10.051,1.006527,0.991184,1.016821,22.443505,21.869673,22.776596
dmd,256,128,universal,cpp-approved-execution,6,19543.750,7.931,22.427194,22.034134,23.058354,1.000000,1.000000,1.000000
dmd,257,1,contiguous,original,6,372.206,12.485,1.000000,1.000000,1.000000,10.304093,8.964206,10.415254
dmd,257,1,contiguous,vector16safe,6,544.020,13.174,0.681326,0.677316,0.688345,15.136337,13.234899,15.288136
dmd,257,1,contiguous,vector16store,6,184.167,14.054,2.017817,1.985629,2.031267,5.112761,4.514541,5.154054
dmd,257,1,contiguous,cpp-approved-execution,6,36.324,27.800,10.304093,8.964206,10.415254,1.000000,1.000000,1.000000
dmd,257,1,negative-both,original,6,371.814,10.152,1.000000,1.000000,1.000000,9.222843,9.058680,9.424821
dmd,257,1,negative-both,vector16safe,6,564.265,9.139,0.681382,0.624310,0.687979,13.587517,13.372796,14.609572
dmd,257,1,negative-both,vector16store,6,188.137,9.171,2.006463,1.951027,2.036617,4.618628,4.546599,4.651551
dmd,257,1,negative-both,cpp-approved-execution,6,40.588,8.696,9.222843,9.058680,9.424821,1.000000,1.000000,1.000000
dmd,257,1,negative-source,original,6,373.284,8.851,1.000000,1.000000,1.000000,9.212559,9.123426,9.383459
dmd,257,1,negative-source,vector16safe,6,547.941,9.984,0.679328,0.660272,0.683212,13.590095,13.430730,14.090909
dmd,257,1,negative-source,vector16store,6,183.039,9.802,2.016488,1.986453,2.042553,4.572849,4.547847,4.613426
dmd,257,1,negative-source,cpp-approved-execution,6,40.049,8.568,9.212559,9.123426,9.383459,1.000000,1.000000,1.000000
dmd,257,1,padded,original,6,368.333,9.422,1.000000,1.000000,1.000000,9.130253,8.849642,9.261574
dmd,257,1,padded,vector16safe,6,544.510,9.291,0.681677,0.673520,0.690197,13.427951,12.940334,13.529976
dmd,257,1,padded,vector16store,6,183.725,8.431,2.015470,2.000000,2.034062,4.546891,4.369928,4.556675
dmd,257,1,padded,cpp-approved-execution,6,40.980,8.373,9.130253,8.849642,9.261574,1.000000,1.000000,1.000000
dmd,257,1,repeated-source,original,6,375.147,8.023,1.000000,1.000000,1.000000,9.225176,9.105263,9.448363
dmd,257,1,repeated-source,vector16safe,6,554.461,10.061,0.683111,0.662248,0.693346,13.570040,13.362720,13.830952
dmd,257,1,repeated-source,vector16store,6,185.539,8.085,2.023579,2.009927,2.068602,4.554034,4.511905,4.614610
dmd,257,1,repeated-source,cpp-approved-execution,6,41.078,8.353,9.225176,9.105263,9.448363,1.000000,1.000000,1.000000
dmd,257,1,universal,original,6,3663.922,7.551,1.000000,1.000000,1.000000,23.217648,23.046976,23.526508
dmd,257,1,universal,vector16safe,6,3648.333,7.745,1.002489,0.996233,1.012420,23.124682,22.934495,23.615478
dmd,257,1,universal,vector16store,6,3619.559,5.861,1.010287,0.998940,1.037736,23.085306,22.375000,23.246937
dmd,257,1,universal,cpp-approved-execution,6,158.235,7.001,23.217648,23.046976,23.526508,1.000000,1.000000,1.000000
dmd,257,17,contiguous,original,6,4747.500,9.549,1.000000,1.000000,1.000000,10.220448,10.052817,10.366667
dmd,257,17,contiguous,vector16safe,6,7723.333,10.293,0.623233,0.589871,0.629199,16.315274,16.197761,17.456522
dmd,257,17,contiguous,vector16store,6,1494.167,8.143,3.190537,3.146512,3.207675,3.209550,3.189474,3.240741
dmd,257,17,contiguous,cpp-approved-execution,6,466.667,7.857,10.220448,10.052817,10.366667,1.000000,1.000000,1.000000
dmd,257,17,negative-both,original,6,3811.667,64.320,1.000000,1.000000,1.000000,6.107010,6.005376,6.487319
dmd,257,17,negative-both,vector16safe,6,7935.000,41.525,0.479296,0.465514,0.557354,12.720611,11.639493,12.900538
dmd,257,17,negative-both,vector16store,6,1679.167,28.387,2.275635,2.188157,2.935246,2.680465,2.210145,2.777188
dmd,257,17,negative-both,cpp-approved-execution,6,623.333,54.278,6.107010,6.005376,6.487319,1.000000,1.000000,1.000000
dmd,257,17,negative-source,original,6,3663.333,10.055,1.000000,1.000000,1.000000,6.063595,6.041899,6.169312
dmd,257,17,negative-source,vector16safe,6,7779.167,9.813,0.475512,0.464662,0.484320,12.751720,12.693410,13.002793
dmd,257,17,negative-source,vector16store,6,1628.333,9.724,2.250152,2.236815,2.311199,2.691158,2.669312,2.712401
dmd,257,17,negative-source,cpp-approved-execution,6,604.167,8.276,6.063595,6.041899,6.169312,1.000000,1.000000,1.000000
dmd,257,17,padded,original,6,3795.833,41.098,1.000000,1.000000,1.000000,6.052895,6.023560,8.277174
dmd,257,17,padded,vector16safe,6,7983.333,25.762,0.476183,0.473595,0.538734,12.777131,12.664756,15.364130
dmd,257,17,padded,vector16store,6,1640.000,8.740,2.286510,2.260314,3.104995,2.666668,2.618037,2.694823
dmd,257,17,padded,cpp-approved-execution,6,612.500,8.980,6.052895,6.023560,8.277174,1.000000,1.000000,1.000000
dmd,257,17,repeated-source,original,6,3721.667,9.628,1.000000,1.000000,1.000000,6.045123,6.013369,6.142458
dmd,257,17,repeated-source,vector16safe,6,7764.167,9.381,0.472996,0.466888,0.488392,12.796739,12.323529,12.982405
dmd,257,17,repeated-source,vector16store,6,1622.500,13.046,2.289180,2.226733,2.318229,2.658055,2.596257,2.718421
dmd,257,17,repeated-source,cpp-approved-execution,6,618.333,10.512,6.045123,6.013369,6.142458,1.000000,1.000000,1.000000
dmd,257,17,universal,original,6,59401.667,12.483,1.000000,1.000000,1.000000,22.663982,22.299767,23.299333
dmd,257,17,universal,vector16safe,6,59334.167,11.469,1.000730,0.983676,1.008338,22.647471,22.154831,23.241860
dmd,257,17,universal,vector16store,6,59992.500,13.724,0.991738,0.980523,1.001106,22.798507,22.739507,23.694667
dmd,257,17,universal,cpp-approved-execution,6,2587.500,14.042,22.663982,22.299767,23.299333,1.000000,1.000000,1.000000
dmd,257,128,contiguous,original,6,34900.000,24.427,1.000000,1.000000,1.000000,8.250247,7.566038,9.416667
dmd,257,128,contiguous,vector16safe,6,55787.500,6.834,0.617724,0.602368,0.720853,13.215820,12.433962,13.852090
dmd,257,128,contiguous,vector16store,6,10325.000,8.475,3.290484,3.252607,3.919856,2.465618,2.326146,2.549839
dmd,257,128,contiguous,cpp-approved-execution,6,4212.500,17.804,8.250247,7.566038,9.416667,1.000000,1.000000,1.000000
dmd,257,128,negative-both,original,6,26262.500,21.942,1.000000,1.000000,1.000000,5.568855,5.310945,5.995062
dmd,257,128,negative-both,vector16safe,6,56456.250,11.713,0.461986,0.450993,0.532106,11.811056,11.266667,12.291990
dmd,257,128,negative-both,vector16store,6,10718.750,12.595,2.465394,2.381346,2.653552,2.259882,2.194030,2.283019
dmd,257,128,negative-both,cpp-approved-execution,6,4737.500,12.665,5.568855,5.310945,5.995062,1.000000,1.000000,1.000000
dmd,257,128,negative-source,original,6,26125.000,14.880,1.000000,1.000000,1.000000,5.509233,5.403061,5.818414
dmd,257,128,negative-source,vector16safe,6,55950.000,9.205,0.465229,0.456072,0.504770,11.811307,11.526854,12.313019
dmd,257,128,negative-source,vector16store,6,10868.750,12.306,2.434090,2.374439,2.489059,2.264850,2.237500,2.346260
dmd,257,128,negative-source,cpp-approved-execution,6,4756.250,11.038,5.509233,5.403061,5.818414,1.000000,1.000000,1.000000
dmd,257,128,padded,original,6,25837.500,11.563,1.000000,1.000000,1.000000,5.691539,5.505181,6.019178
dmd,257,128,padded,vector16safe,6,56275.000,14.016,0.459818,0.449560,0.461455,12.404618,11.930052,13.389041
dmd,257,128,padded,vector16store,6,10631.250,11.405,2.431859,2.428251,2.435698,2.340030,2.266839,2.471233
dmd,257,128,padded,cpp-approved-execution,6,4487.500,11.699,5.691539,5.505181,6.019178,1.000000,1.000000,1.000000
dmd,257,128,repeated-source,original,6,25162.500,10.333,1.000000,1.000000,1.000000,5.808780,5.661017,5.813187
dmd,257,128,repeated-source,vector16safe,6,57306.250,11.692,0.453953,0.421305,0.461932,12.656669,12.571046,13.784483
dmd,257,128,repeated-source,vector16store,6,10437.500,10.060,2.433480,2.374408,2.446731,2.385120,2.373563,2.391691
dmd,257,128,repeated-source,cpp-approved-execution,6,4387.500,10.256,5.808780,5.661017,5.813187,1.000000,1.000000,1.000000
dmd,257,128,universal,original,6,441400.000,9.994,1.000000,1.000000,1.000000,22.703070,20.419658,22.949602
dmd,257,128,universal,vector16safe,6,438312.500,9.668,1.009581,1.003623,1.013679,22.544217,20.151298,22.663137
dmd,257,128,universal,vector16store,6,439531.250,10.875,1.004489,0.999189,1.008792,22.559188,20.436223,22.864721
dmd,257,128,universal,cpp-approved-execution,6,19375.000,21.935,22.703070,20.419658,22.949602,1.000000,1.000000,1.000000
dmd,511,1,contiguous,original,6,631.287,10.437,1.000000,1.000000,1.000000,10.007070,9.586895,11.036789
dmd,511,1,contiguous,vector16safe,6,963.255,11.919,0.645969,0.610173,0.683088,15.915496,14.742857,16.302181
dmd,511,1,contiguous,vector16store,6,261.404,10.813,2.348970,2.334615,2.490566,4.280161,4.082621,4.436137
dmd,511,1,contiguous,cpp-approved-execution,6,61.306,16.534,10.007070,9.586895,11.036789,1.000000,1.000000,1.000000
dmd,511,1,negative-both,original,6,636.452,10.077,1.000000,1.000000,1.000000,8.396250,7.931937,8.669251
dmd,511,1,negative-both,vector16safe,6,978.070,14.908,0.650844,0.621411,0.659535,12.925000,12.175393,13.950904
dmd,511,1,negative-both,vector16store,6,271.345,7.974,2.346107,2.286792,2.398036,3.573780,3.468586,3.708010
dmd,511,1,negative-both,cpp-approved-execution,6,74.951,7.542,8.396250,7.931937,8.669251,1.000000,1.000000,1.000000
dmd,511,1,negative-source,original,6,640.253,12.118,1.000000,1.000000,1.000000,8.488831,7.903141,8.561538
dmd,511,1,negative-source,vector16safe,6,965.984,12.431,0.652245,0.648264,0.668870,12.915122,12.185864,13.079404
dmd,511,1,negative-source,vector16store,6,269.201,11.224,2.364052,2.336687,2.383298,3.590797,3.382199,3.592308
dmd,511,1,negative-source,cpp-approved-execution,6,75.244,8.549,8.488831,7.903141,8.561538,1.000000,1.000000,1.000000
dmd,511,1,padded,original,6,630.019,23.639,1.000000,1.000000,1.000000,8.266390,7.878866,9.872396
dmd,511,1,padded,vector16safe,6,974.951,19.314,0.652090,0.638804,0.675276,12.727932,12.028351,14.619792
dmd,511,1,padded,vector16store,6,269.786,19.725,2.354023,2.283867,2.425464,3.521674,3.324742,4.070313
dmd,511,1,padded,cpp-approved-execution,6,75.244,11.140,8.266390,7.878866,9.872396,1.000000,1.000000,1.000000
dmd,511,1,repeated-source,original,6,635.088,10.374,1.000000,1.000000,1.000000,8.427020,8.337469,8.664042
dmd,511,1,repeated-source,vector16safe,6,965.692,11.163,0.649233,0.640854,0.658542,13.000808,12.881266,13.191601
dmd,511,1,repeated-source,vector16store,6,268.031,10.836,2.354533,2.336579,2.401862,3.570399,3.552163,3.664042
dmd,511,1,repeated-source,cpp-approved-execution,6,74.074,11.053,8.427020,8.337469,8.664042,1.000000,1.000000,1.000000
dmd,511,1,universal,original,6,7046.979,8.866,1.000000,1.000000,1.000000,23.401856,22.605021,23.998073
dmd,511,1,universal,vector16safe,6,7078.363,7.755,0.990332,0.987792,1.012081,23.600549,22.864054,23.755822
dmd,511,1,universal,vector16store,6,6910.526,9.839,1.015817,1.008093,1.021562,22.986582,22.197183,23.716763
dmd,511,1,universal,cpp-approved-execution,6,298.246,11.111,23.401856,22.605021,23.998073,1.000000,1.000000,1.000000
dmd,511,17,contiguous,original,6,8991.667,234.810,1.000000,1.000000,1.000000,8.535477,8.397516,27.965409
dmd,511,17,contiguous,vector16safe,6,14486.667,155.407,0.620477,0.605394,0.815348,13.767940,13.616613,34.298742
dmd,511,17,contiguous,vector16store,6,2848.333,8.894,3.145349,3.014493,10.304751,2.713354,2.702875,2.785714
dmd,511,17,contiguous,cpp-approved-execution,6,1051.667,8.558,8.535477,8.397516,27.965409,1.000000,1.000000,1.000000
dmd,511,17,negative-both,original,6,6903.333,10.623,1.000000,1.000000,1.000000,5.729084,5.639896,5.795756
dmd,511,17,negative-both,vector16safe,6,14915.000,10.415,0.467329,0.459490,0.468878,12.289399,12.028497,12.482955
dmd,511,17,negative-both,vector16store,6,3038.333,11.081,2.295216,2.245829,2.333333,2.498207,2.417098,2.553977
dmd,511,17,negative-both,cpp-approved-execution,6,1205.000,12.172,5.729084,5.639896,5.795756,1.000000,1.000000,1.000000
dmd,511,17,negative-source,original,6,6996.667,12.673,1.000000,1.000000,1.000000,5.789126,5.723118,5.970430
dmd,511,17,negative-source,vector16safe,6,14900.000,14.183,0.469566,0.459074,0.482066,12.285599,12.169355,13.005376
dmd,511,17,negative-source,vector16store,6,3053.333,16.921,2.297225,2.199010,2.348421,2.505986,2.500000,2.715054
dmd,511,17,negative-source,cpp-approved-execution,6,1220.000,10.383,5.789126,5.723118,5.970430,1.000000,1.000000,1.000000
dmd,511,17,padded,original,6,6826.667,12.646,1.000000,1.000000,1.000000,5.758065,5.263033,5.770950
dmd,511,17,padded,vector16safe,6,15056.667,11.933,0.468450,0.437312,0.478973,12.296487,10.988152,13.150142
dmd,511,17,padded,vector16store,6,2986.667,11.161,2.294284,2.278339,2.365282,2.513512,2.225118,2.524079
dmd,511,17,padded,cpp-approved-execution,6,1185.000,22.785,5.758065,5.263033,5.770950,1.000000,1.000000,1.000000
dmd,511,17,repeated-source,original,6,6860.000,11.079,1.000000,1.000000,1.000000,5.801889,5.778736,5.865330
dmd,511,17,repeated-source,vector16safe,6,14811.667,12.828,0.465664,0.460147,0.473696,12.427787,12.335106,12.704871
dmd,511,17,repeated-source,vector16store,6,2966.667,12.135,2.293414,2.276795,2.342105,2.525619,2.504298,2.553191
dmd,511,17,repeated-source,cpp-approved-execution,6,1176.667,11.048,5.801889,5.778736,5.865330,1.000000,1.000000,1.000000
dmd,511,17,universal,original,6,115845.000,10.949,1.000000,1.000000,1.000000,23.277289,22.764742,23.588811
dmd,511,17,universal,vector16safe,6,115950.000,9.332,1.006733,0.981985,1.022554,23.197635,22.491620,23.456897
dmd,511,17,universal,vector16store,6,115070.000,8.806,1.008351,0.991685,1.022644,23.127532,22.382992,23.527188
dmd,511,17,universal,cpp-approved-execution,6,4956.667,12.307,23.277289,22.764742,23.588811,1.000000,1.000000,1.000000
dmd,511,128,contiguous,original,6,65887.500,9.391,1.000000,1.000000,1.000000,7.617186,7.547826,7.792945
dmd,511,128,contiguous,vector16safe,6,107312.500,8.806,0.611182,0.587739,0.625689,12.377579,12.283862,13.259202
dmd,511,128,contiguous,vector16store,6,20812.500,10.390,3.165792,3.130952,3.169682,2.424507,2.382609,2.458589
dmd,511,128,contiguous,cpp-approved-execution,6,8650.000,11.850,7.617186,7.547826,7.792945,1.000000,1.000000,1.000000
dmd,511,128,negative-both,original,6,50568.750,10.407,1.000000,1.000000,1.000000,5.171786,4.943445,5.229086
dmd,511,128,negative-both,vector16safe,6,111468.750,10.014,0.460964,0.433108,0.463855,11.212669,11.151852,11.525097
dmd,511,128,negative-both,vector16store,6,21093.750,9.956,2.395641,2.385093,2.406663,2.159784,2.069409,2.178893
dmd,511,128,negative-both,cpp-approved-execution,6,9731.250,10.148,5.171786,4.943445,5.229086,1.000000,1.000000,1.000000
dmd,511,128,negative-source,original,6,50387.500,10.022,1.000000,1.000000,1.000000,5.143227,5.031980,5.244565
dmd,511,128,negative-source,vector16safe,6,110900.000,11.193,0.459957,0.454303,0.464836,11.210635,11.076261,11.290698
dmd,511,128,negative-source,vector16store,6,21093.750,10.726,2.392370,2.358076,2.419279,2.169113,2.079951,2.184783
dmd,511,128,negative-source,cpp-approved-execution,6,9918.750,12.728,5.143227,5.031980,5.244565,1.000000,1.000000,1.000000
dmd,511,128,padded,original,6,50381.250,10.396,1.000000,1.000000,1.000000,5.316774,5.220974,5.436389
dmd,511,128,padded,vector16safe,6,111343.750,11.092,0.457468,0.448038,0.464252,11.612796,11.465565,11.869799
dmd,511,128,padded,vector16store,6,20906.250,10.344,2.398144,2.395189,2.414058,2.218229,2.179775,2.258550
dmd,511,128,padded,cpp-approved-execution,6,9387.500,11.185,5.316774,5.220974,5.436389,1.000000,1.000000,1.000000
dmd,511,128,repeated-source,original,6,51700.000,9.985,1.000000,1.000000,1.000000,5.673301,5.569519,5.703146
dmd,511,128,repeated-source,vector16safe,6,113412.500,10.316,0.460908,0.450862,0.462767,12.319837,12.201872,12.458276
dmd,511,128,repeated-source,vector16store,6,21375.000,10.175,2.400722,2.348732,2.429586,2.363773,2.311902,2.428181
dmd,511,128,repeated-source,cpp-approved-execution,6,9137.500,9.986,5.673301,5.569519,5.703146,1.000000,1.000000,1.000000
dmd,511,128,universal,original,6,867256.250,9.867,1.000000,1.000000,1.000000,23.121638,22.255920,23.303441
dmd,511,128,universal,vector16safe,6,866050.000,9.092,1.005890,0.995390,1.010094,22.991241,22.330522,23.232267
dmd,511,128,universal,vector16store,6,872893.750,7.982,1.000913,0.989631,1.015196,23.049759,22.310088,23.377639
dmd,511,128,universal,cpp-approved-execution,6,38218.750,11.447,23.121638,22.255920,23.303441,1.000000,1.000000,1.000000
dmd,512,1,contiguous,original,6,641.992,8.001,1.000000,1.000000,1.000000,10.335188,6.754564,10.568690
dmd,512,1,contiguous,vector16safe,6,1001.953,10.487,0.640665,0.633437,0.658521,16.104730,10.525355,16.420382
dmd,512,1,contiguous,vector16store,6,263.672,11.259,2.408270,2.363378,2.465394,4.278951,2.858012,4.306709
dmd,512,1,contiguous,cpp-approved-execution,6,61.230,63.477,10.335188,6.754564,10.568690,1.000000,1.000000,1.000000
dmd,512,1,negative-both,original,6,637.402,11.000,1.000000,1.000000,1.000000,8.801144,8.592593,9.000000
dmd,512,1,negative-both,vector16safe,6,994.238,11.649,0.646786,0.610756,0.664833,13.614507,13.537234,14.068783
dmd,512,1,negative-both,vector16store,6,264.160,10.721,2.437000,2.326648,2.488235,3.615177,3.605187,3.693122
dmd,512,1,negative-both,cpp-approved-execution,6,73.145,8.278,8.801144,8.592593,9.000000,1.000000,1.000000,1.000000
dmd,512,1,negative-source,original,6,642.090,9.004,1.000000,1.000000,1.000000,8.799298,8.711688,8.831551
dmd,512,1,negative-source,vector16safe,6,996.484,11.544,0.645515,0.633547,0.649947,13.646114,13.559078,13.750649
dmd,512,1,negative-source,vector16store,6,260.547,10.495,2.437570,2.416427,2.506070,3.607410,3.524064,3.622995
dmd,512,1,negative-source,cpp-approved-execution,6,73.047,10.160,8.799298,8.711688,8.831551,1.000000,1.000000,1.000000
dmd,512,1,padded,original,6,633.105,10.458,1.000000,1.000000,1.000000,8.733428,8.706052,8.839888
dmd,512,1,padded,vector16safe,6,996.289,10.704,0.639558,0.632532,0.649938,13.655401,13.573487,13.912329
dmd,512,1,padded,vector16store,6,260.938,10.329,2.416368,2.405963,2.440729,3.611188,3.605187,3.674157
dmd,512,1,padded,cpp-approved-execution,6,72.266,10.270,8.733428,8.706052,8.839888,1.000000,1.000000,1.000000
dmd,512,1,repeated-source,original,6,628.223,12.995,1.000000,1.000000,1.000000,8.789497,8.697548,9.095238
dmd,512,1,repeated-source,vector16safe,6,976.660,11.419,0.641547,0.624352,0.650274,13.681154,13.590778,14.072973
dmd,512,1,repeated-source,vector16store,6,258.105,10.594,2.432351,2.409057,2.473381,3.610955,3.602305,3.677249
dmd,512,1,repeated-source,cpp-approved-execution,6,71.484,8.470,8.789497,8.697548,9.095238,1.000000,1.000000,1.000000
dmd,512,1,universal,original,6,7062.109,10.164,1.000000,1.000000,1.000000,23.348465,22.948016,23.491251
dmd,512,1,universal,vector16safe,6,7082.520,9.906,0.989262,0.986214,1.005548,23.461591,23.216667,23.640959
dmd,512,1,universal,vector16store,6,6988.184,10.774,1.013714,1.000083,1.022918,22.936612,22.720930,23.373947
dmd,512,1,universal,cpp-approved-execution,6,301.367,10.240,23.348465,22.948016,23.491251,1.000000,1.000000,1.000000
dmd,512,17,contiguous,original,6,9096.667,12.056,1.000000,1.000000,1.000000,8.480799,8.423780,8.581602
dmd,512,17,contiguous,vector16safe,6,15025.000,11.381,0.605957,0.603343,0.609484,14.041870,13.899390,14.080119
dmd,512,17,contiguous,vector16store,6,2866.667,11.047,3.137326,3.114994,3.215116,2.703766,2.654321,2.707237
dmd,512,17,contiguous,cpp-approved-execution,6,1070.000,10.903,8.480799,8.423780,8.581602,1.000000,1.000000,1.000000
dmd,512,17,negative-both,original,6,7100.000,10.610,1.000000,1.000000,1.000000,6.065476,5.972678,6.229651
dmd,512,17,negative-both,vector16safe,6,15153.333,11.417,0.466131,0.460836,0.473868,13.002245,12.810734,13.247093
dmd,512,17,negative-both,vector16store,6,3021.667,12.576,2.314655,2.303591,2.397092,2.597441,2.584699,2.658192
dmd,512,17,negative-both,cpp-approved-execution,6,1163.333,13.181,6.065476,5.972678,6.229651,1.000000,1.000000,1.000000
dmd,512,17,negative-source,original,6,6978.333,9.410,1.000000,1.000000,1.000000,6.069079,6.031161,6.154321
dmd,512,17,negative-source,vector16safe,6,15198.333,11.712,0.460065,0.456934,0.467965,13.167046,13.104816,13.319444
dmd,512,17,negative-source,vector16store,6,3021.667,11.693,2.319340,2.221990,2.348645,2.618457,2.611898,2.728571
dmd,512,17,negative-source,cpp-approved-execution,6,1151.667,10.420,6.069079,6.031161,6.154321,1.000000,1.000000,1.000000
dmd,512,17,padded,original,6,7051.667,9.832,1.000000,1.000000,1.000000,6.075931,6.041667,6.172515
dmd,512,17,padded,vector16safe,6,15185.000,10.559,0.460707,0.456645,0.465491,13.223302,13.111748,13.292264
dmd,512,17,padded,vector16store,6,3021.667,10.370,2.316892,2.306469,2.350780,2.622066,2.619444,2.627507
dmd,512,17,padded,cpp-approved-execution,6,1151.667,10.420,6.075931,6.041667,6.172515,1.000000,1.000000,1.000000
dmd,512,17,repeated-source,original,6,7016.667,7.981,1.000000,1.000000,1.000000,6.111968,6.083333,6.253602
dmd,512,17,repeated-source,vector16safe,6,15088.333,9.809,0.463158,0.455931,0.467919,13.266864,13.160920,13.411765
dmd,512,17,repeated-source,vector16store,6,3005.000,8.209,2.325142,2.321272,2.384615,2.627273,2.620690,2.642012
dmd,512,17,repeated-source,cpp-approved-execution,6,1141.667,7.883,6.111968,6.083333,6.253602,1.000000,1.000000,1.000000
dmd,512,17,universal,original,6,116975.000,9.535,1.000000,1.000000,1.000000,23.566726,22.958491,24.243390
dmd,512,17,universal,vector16safe,6,115926.667,10.855,1.017061,0.999362,1.021988,23.276025,22.755616,23.764746
dmd,512,17,universal,vector16store,6,116608.333,7.364,1.004369,0.985643,1.009671,23.495034,22.777987,24.071186
dmd,512,17,universal,cpp-approved-execution,6,4906.667,12.976,23.566726,22.958491,24.243390,1.000000,1.000000,1.000000
dmd,512,128,contiguous,original,6,68125.000,4.532,1.000000,1.000000,1.000000,7.587130,7.303714,7.723684
dmd,512,128,contiguous,vector16safe,6,111962.500,19.940,0.603735,0.526432,0.617256,12.706088,12.139566,13.874005
dmd,512,128,contiguous,vector16store,6,21343.750,7.262,3.196829,3.119007,3.232164,2.389438,2.331565,2.412831
dmd,512,128,contiguous,cpp-approved-execution,6,8993.750,9.729,7.587130,7.303714,7.723684,1.000000,1.000000,1.000000
dmd,512,128,negative-both,original,6,51431.250,27.999,1.000000,1.000000,1.000000,5.338517,4.933399,5.442643
dmd,512,128,negative-both,vector16safe,6,113000.000,16.582,0.457686,0.448355,0.504053,11.670092,9.787463,12.018031
dmd,512,128,negative-both,vector16store,6,21475.000,24.971,2.406929,2.393510,2.478839,2.211914,1.990206,2.265586
dmd,512,128,negative-both,cpp-approved-execution,6,9768.750,38.388,5.338517,4.933399,5.442643,1.000000,1.000000,1.000000
dmd,512,128,negative-source,original,6,52512.500,21.019,1.000000,1.000000,1.000000,5.428698,5.207343,5.530151
dmd,512,128,negative-source,vector16safe,6,113725.000,10.475,0.461822,0.453546,0.501456,11.798123,10.384449,12.066396
dmd,512,128,negative-source,vector16store,6,21368.750,27.844,2.406507,2.274528,2.499711,2.234679,2.202614,2.289973
dmd,512,128,negative-source,cpp-approved-execution,6,9681.250,24.403,5.428698,5.207343,5.530151,1.000000,1.000000,1.000000
dmd,512,128,padded,original,6,51250.000,22.878,1.000000,1.000000,1.000000,5.487586,4.291849,5.583921
dmd,512,128,padded,vector16safe,6,114412.500,14.695,0.456401,0.446431,0.488771,12.120126,8.780894,12.234133
dmd,512,128,padded,vector16store,6,21743.750,29.434,2.381712,2.270283,2.406687,2.297434,1.890447,2.329787
dmd,512,128,padded,cpp-approved-execution,6,9437.500,57.219,5.487586,4.291849,5.583921,1.000000,1.000000,1.000000
dmd,512,128,repeated-source,original,6,50893.750,15.105,1.000000,1.000000,1.000000,5.954073,5.920471,6.002857
dmd,512,128,repeated-source,vector16safe,6,113200.000,23.686,0.446940,0.418634,0.453316,13.252577,13.102305,14.257493
dmd,512,128,repeated-source,vector16store,6,21443.750,15.331,2.399188,2.349503,2.437355,2.478082,2.462857,2.519882
dmd,512,128,repeated-source,cpp-approved-execution,6,8581.250,15.149,5.954073,5.920471,6.002857,1.000000,1.000000,1.000000
dmd,512,128,universal,original,6,874056.250,14.145,1.000000,1.000000,1.000000,23.146172,18.029987,23.448836
dmd,512,128,universal,vector16safe,6,867968.750,12.750,1.000931,0.995764,1.018560,23.122097,18.017281,23.178621
dmd,512,128,universal,vector16store,6,870343.750,18.220,1.000142,0.948338,1.008816,23.072183,19.012198,24.185355
dmd,512,128,universal,cpp-approved-execution,6,37725.000,35.222,23.146172,18.029987,23.448836,1.000000,1.000000,1.000000
dmd,513,1,contiguous,original,6,638.160,18.553,1.000000,1.000000,1.000000,10.415836,10.172414,11.501639
dmd,513,1,contiguous,vector16safe,6,992.564,13.742,0.641287,0.631528,0.691504,16.251790,15.624633,16.632787
dmd,513,1,contiguous,vector16store,6,264.384,14.582,2.430026,2.402280,2.598519,4.254818,4.178886,4.426230
dmd,513,1,contiguous,cpp-approved-execution,6,60.763,16.425,10.415836,10.172414,11.501639,1.000000,1.000000,1.000000
dmd,513,1,negative-both,original,6,640.215,16.109,1.000000,1.000000,1.000000,8.730662,8.064171,8.910569
dmd,513,1,negative-both,vector16safe,6,976.125,13.853,0.646298,0.633480,0.660506,13.447960,12.729947,13.664160
dmd,513,1,negative-both,vector16store,6,262.035,13.518,2.409521,2.406227,2.479638,3.583234,3.350267,3.673913
dmd,513,1,negative-both,cpp-approved-execution,6,72.798,8.333,8.730662,8.064171,8.910569,1.000000,1.000000,1.000000
dmd,513,1,negative-source,original,6,637.867,18.316,1.000000,1.000000,1.000000,8.684690,8.101370,9.047745
dmd,513,1,negative-source,vector16safe,6,986.497,17.477,0.645764,0.638661,0.651922,13.448245,12.684932,13.992042
dmd,513,1,negative-source,vector16store,6,264.188,17.926,2.420067,2.375638,2.532294,3.577487,3.353425,3.715447
dmd,513,1,negative-source,cpp-approved-execution,6,72.994,12.064,8.684690,8.101370,9.047745,1.000000,1.000000,1.000000
dmd,513,1,padded,original,6,638.454,17.655,1.000000,1.000000,1.000000,8.651693,8.090411,9.146341
dmd,513,1,padded,vector16safe,6,1000.489,13.966,0.645171,0.635639,0.665347,13.524992,12.575342,14.002710
dmd,513,1,padded,vector16store,6,261.350,12.729,2.419014,2.406917,2.541416,3.583364,3.350685,3.598916
dmd,513,1,padded,cpp-approved-execution,6,72.994,6.434,8.651693,8.090411,9.146341,1.000000,1.000000,1.000000
dmd,513,1,repeated-source,original,6,625.342,10.327,1.000000,1.000000,1.000000,8.629580,8.072193,8.739130
dmd,513,1,repeated-source,vector16safe,6,972.505,10.424,0.637963,0.637419,0.648126,13.504076,12.663102,13.592593
dmd,513,1,repeated-source,vector16store,6,256.947,10.206,2.413636,2.402174,2.453089,3.575345,3.352941,3.587744
dmd,513,1,repeated-source,cpp-approved-execution,6,72.603,7.817,8.629580,8.072193,8.739130,1.000000,1.000000,1.000000
dmd,513,1,universal,original,6,7042.368,6.416,1.000000,1.000000,1.000000,23.452515,23.037106,24.417890
dmd,513,1,universal,vector16safe,6,7084.442,10.198,0.996265,0.992797,1.036424,23.544160,23.132962,23.663855
dmd,513,1,universal,vector16store,6,6900.391,10.113,1.018891,1.008325,1.059908,22.935426,22.593074,23.442570
dmd,513,1,universal,cpp-approved-execution,6,301.468,12.074,23.452515,23.037106,24.417890,1.000000,1.000000,1.000000
dmd,513,17,contiguous,original,6,9163.333,9.967,1.000000,1.000000,1.000000,8.461232,8.415152,8.725240
dmd,513,17,contiguous,vector16safe,6,14978.333,11.127,0.608362,0.599410,0.615367,13.954199,13.830303,14.178914
dmd,513,17,contiguous,vector16store,6,2805.000,15.211,3.215333,3.083514,3.342717,2.633900,2.603279,2.752239
dmd,513,17,contiguous,cpp-approved-execution,6,1063.333,9.404,8.461232,8.415152,8.725240,1.000000,1.000000,1.000000
dmd,513,17,negative-both,original,6,7041.667,10.272,1.000000,1.000000,1.000000,5.972129,5.940217,6.085044
dmd,513,17,negative-both,vector16safe,6,15121.667,10.030,0.463147,0.461881,0.468450,12.890463,12.820652,13.143695
dmd,513,17,negative-both,vector16store,6,2941.667,10.425,2.376115,2.370933,2.412170,2.512619,2.504202,2.554252
dmd,513,17,negative-both,cpp-approved-execution,6,1173.333,10.795,5.972129,5.940217,6.085044,1.000000,1.000000,1.000000
dmd,513,17,negative-source,original,6,6993.333,9.295,1.000000,1.000000,1.000000,6.017305,5.913747,6.174419
dmd,513,17,negative-source,vector16safe,6,15098.333,10.134,0.463183,0.459664,0.468919,13.032600,12.727763,13.322674
dmd,513,17,negative-source,vector16store,6,2905.000,10.327,2.402291,2.376147,2.443807,2.520355,2.463277,2.531977
dmd,513,17,negative-source,cpp-approved-execution,6,1148.333,12.482,6.017305,5.913747,6.174419,1.000000,1.000000,1.000000
dmd,513,17,padded,original,6,7046.667,10.076,1.000000,1.000000,1.000000,6.012839,6.000000,6.116279
dmd,513,17,padded,vector16safe,6,15260.000,9.939,0.460965,0.457554,0.465899,13.073489,12.985119,13.181303
dmd,513,17,padded,vector16store,6,2921.667,10.040,2.381207,2.352159,2.469484,2.523903,2.476744,2.552408
dmd,513,17,padded,cpp-approved-execution,6,1161.667,10.043,6.012839,6.000000,6.116279,1.000000,1.000000,1.000000
dmd,513,17,repeated-source,original,6,7020.000,7.692,1.000000,1.000000,1.000000,6.035498,6.000000,6.157738
dmd,513,17,repeated-source,vector16safe,6,15553.333,8.294,0.455763,0.447555,0.461653,13.268753,13.074792,13.726190
dmd,513,17,repeated-source,vector16store,6,2941.667,7.705,2.388344,2.340984,2.394209,2.532541,2.523546,2.577381
dmd,513,17,repeated-source,cpp-approved-execution,6,1161.667,7.461,6.035498,6.000000,6.157738,1.000000,1.000000,1.000000
dmd,513,17,universal,original,6,117426.667,5.374,1.000000,1.000000,1.000000,23.243638,22.395561,23.828242
dmd,513,17,universal,vector16safe,6,117338.333,6.494,0.993318,0.978106,1.003567,23.325077,22.896867,23.777325
dmd,513,17,universal,vector16store,6,115988.333,8.156,1.004894,0.990393,1.026527,23.091979,21.926893,23.586093
dmd,513,17,universal,cpp-approved-execution,6,5070.000,5.260,23.243638,22.395561,23.828242,1.000000,1.000000,1.000000
dmd,513,128,contiguous,original,6,67262.500,12.488,1.000000,1.000000,1.000000,7.666787,7.444724,7.831429
dmd,513,128,contiguous,vector16safe,6,112387.500,14.448,0.602093,0.594145,0.606340,12.666625,12.530151,13.112857
dmd,513,128,contiguous,vector16store,6,20300.000,11.576,3.324061,3.294471,3.351810,2.302794,2.221106,2.377143
dmd,513,128,contiguous,cpp-approved-execution,6,8681.250,16.559,7.666787,7.444724,7.831429,1.000000,1.000000,1.000000
dmd,513,128,negative-both,original,6,51506.250,9.610,1.000000,1.000000,1.000000,5.287213,4.303518,5.417671
dmd,513,128,negative-both,vector16safe,6,114112.500,17.691,0.448972,0.424663,0.465601,11.734701,9.621106,12.098798
dmd,513,128,negative-both,vector16store,6,21000.000,8.571,2.465856,2.434127,2.528596,2.146215,1.749749,2.191432
dmd,513,128,negative-both,cpp-approved-execution,6,9706.250,32.453,5.287213,4.303518,5.417671,1.000000,1.000000,1.000000
dmd,513,128,negative-source,original,6,52262.500,45.492,1.000000,1.000000,1.000000,5.307992,4.860581,5.469333
dmd,513,128,negative-source,vector16safe,6,116331.250,41.433,0.455147,0.413382,0.468746,11.707670,10.462241,12.844527
dmd,513,128,negative-source,vector16store,6,20993.750,67.163,2.472926,2.147781,2.521144,2.165133,2.104712,2.263071
dmd,513,128,negative-source,cpp-approved-execution,6,9712.500,58.559,5.307992,4.860581,5.469333,1.000000,1.000000,1.000000
dmd,513,128,padded,original,6,51068.750,26.704,1.000000,1.000000,1.000000,5.576617,5.346887,5.825029
dmd,513,128,padded,vector16safe,6,111831.250,34.371,0.451986,0.427466,0.458212,12.280009,11.861499,13.626883
dmd,513,128,padded,vector16store,6,20406.250,16.294,2.499270,2.443762,2.701236,2.233905,2.130877,2.298023
dmd,513,128,padded,cpp-approved-execution,6,9125.000,21.233,5.576617,5.346887,5.825029,1.000000,1.000000,1.000000
dmd,513,128,repeated-source,original,6,51018.750,15.926,1.000000,1.000000,1.000000,5.926229,5.081540,5.983533
dmd,513,128,repeated-source,vector16safe,6,112625.000,13.829,0.452858,0.451265,0.460725,13.104188,11.029445,13.215569
dmd,513,128,repeated-source,vector16store,6,20706.250,9.840,2.457721,2.435710,2.683612,2.403226,1.893545,2.456587
dmd,513,128,repeated-source,cpp-approved-execution,6,8575.000,33.382,5.926229,5.081540,5.983533,1.000000,1.000000,1.000000
dmd,513,128,universal,original,6,877468.750,19.807,1.000000,1.000000,1.000000,22.478131,21.224352,23.090142
dmd,513,128,universal,vector16safe,6,876962.500,13.595,1.004962,0.972285,1.063794,22.645523,19.951554,23.181246
dmd,513,128,universal,vector16store,6,888437.500,13.722,0.997805,0.980286,1.048854,22.728299,20.235751,23.077988
dmd,513,128,universal,cpp-approved-execution,6,39475.000,28.436,22.478131,21.224352,23.090142,1.000000,1.000000,1.000000
dmd,2048,1,contiguous,original,6,2122.266,5.927,1.000000,1.000000,1.000000,9.897623,9.861111,9.975610
dmd,2048,1,contiguous,vector16safe,6,3592.578,9.547,0.606893,0.557573,0.613115,16.342703,16.142857,17.750916
dmd,2048,1,contiguous,vector16store,6,708.203,5.185,2.997335,2.988938,3.020042,3.304853,3.291667,3.311355
dmd,2048,1,contiguous,cpp-approved-execution,6,214.062,5.474,9.897623,9.861111,9.975610,1.000000,1.000000,1.000000
dmd,2048,1,negative-both,original,6,2207.031,7.611,1.000000,1.000000,1.000000,8.041605,7.985955,8.136232
dmd,2048,1,negative-both,vector16safe,6,3599.609,4.666,0.612220,0.606598,0.624839,13.183039,12.865014,13.261905
dmd,2048,1,negative-both,vector16store,6,732.031,7.471,3.002575,2.987395,3.034595,2.681354,2.665730,2.689266
dmd,2048,1,negative-both,cpp-approved-execution,6,273.047,7.725,8.041605,7.985955,8.136232,1.000000,1.000000,1.000000
dmd,2048,1,negative-source,original,6,2198.047,6.184,1.000000,1.000000,1.000000,8.090522,7.947945,8.192308
dmd,2048,1,negative-source,vector16safe,6,3621.875,6.169,0.611284,0.598962,0.624005,13.242099,12.736986,13.677515
dmd,2048,1,negative-source,vector16store,6,733.594,5.218,3.012598,2.983854,3.047269,2.686236,2.608219,2.730769
dmd,2048,1,negative-source,cpp-approved-execution,6,273.047,8.298,8.090522,7.947945,8.192308,1.000000,1.000000,1.000000
dmd,2048,1,padded,original,6,2187.109,6.394,1.000000,1.000000,1.000000,8.138547,8.000000,8.177966
dmd,2048,1,padded,vector16safe,6,3551.562,6.269,0.615754,0.607606,0.624576,13.190491,13.073964,13.303571
dmd,2048,1,padded,vector16store,6,723.047,5.186,3.016086,2.992624,3.063263,2.678344,2.665680,2.721264
dmd,2048,1,padded,cpp-approved-execution,6,267.969,5.539,8.138547,8.000000,8.177966,1.000000,1.000000,1.000000
dmd,2048,1,repeated-source,original,6,2221.875,212.377,1.000000,1.000000,1.000000,8.043849,8.025424,26.646341
dmd,2048,1,repeated-source,vector16safe,6,3664.062,128.763,0.610141,0.599501,0.836844,13.267249,13.110119,31.841463
dmd,2048,1,repeated-source,vector16store,6,742.188,7.368,2.995181,2.989474,9.898075,2.685028,2.676966,2.692073
dmd,2048,1,repeated-source,cpp-approved-execution,6,276.172,7.921,8.043849,8.025424,26.646341,1.000000,1.000000,1.000000
dmd,2048,1,universal,original,6,27785.938,6.773,1.000000,1.000000,1.000000,23.564401,23.297384,23.945225
dmd,2048,1,universal,vector16safe,6,27831.250,5.917,1.001398,0.995305,1.012503,23.509892,23.014040,23.844803
dmd,2048,1,universal,vector16store,6,26995.312,6.315,1.031889,1.014758,1.047342,22.875335,22.525207,23.259129
dmd,2048,1,universal,cpp-approved-execution,6,1179.297,9.473,23.564401,23.297384,23.945225,1.000000,1.000000,1.000000
dmd,2048,17,contiguous,original,6,36106.250,62.662,1.000000,1.000000,1.000000,8.193435,8.032934,8.497143
dmd,2048,17,contiguous,vector16safe,6,60068.750,21.288,0.599672,0.595395,0.813507,13.613754,10.060109,14.271429
dmd,2048,17,contiguous,vector16store,6,10962.500,13.911,3.293615,3.173959,4.841595,2.481340,1.690346,2.677143
dmd,2048,17,contiguous,cpp-approved-execution,6,4381.250,61.341,8.193435,8.032934,8.497143,1.000000,1.000000,1.000000
dmd,2048,17,negative-both,original,6,27275.000,25.756,1.000000,1.000000,1.000000,5.825414,5.611794,6.583541
dmd,2048,17,negative-both,vector16safe,6,60968.750,16.545,0.453659,0.442035,0.491254,12.849228,12.425258,13.401496
dmd,2048,17,negative-both,vector16store,6,10968.750,22.678,2.502938,2.461105,2.531160,2.341948,2.250614,2.600998
dmd,2048,17,negative-both,cpp-approved-execution,6,4737.500,12.929,5.825414,5.611794,6.583541,1.000000,1.000000,1.000000
dmd,2048,17,negative-source,original,6,27400.000,41.651,1.000000,1.000000,1.000000,5.815934,4.471125,5.929155
dmd,2048,17,negative-source,vector16safe,6,59962.500,31.520,0.453047,0.446602,0.489436,12.807217,9.135258,13.044855
dmd,2048,17,negative-source,vector16store,6,10962.500,27.936,2.490436,2.450980,2.749533,2.339928,1.626140,2.368852
dmd,2048,17,negative-source,cpp-approved-execution,6,4662.500,80.697,5.815934,4.471125,5.929155,1.000000,1.000000,1.000000
dmd,2048,17,padded,original,6,27287.500,100.504,1.000000,1.000000,1.000000,5.770468,5.554667,6.273403
dmd,2048,17,padded,vector16safe,6,60012.500,64.549,0.453429,0.445848,0.553270,12.649600,11.338782,12.962162
dmd,2048,17,padded,vector16store,6,10975.000,95.900,2.459428,2.405312,2.532693,2.342674,2.309333,2.476969
dmd,2048,17,padded,cpp-approved-execution,6,4718.750,85.298,5.770468,5.554667,6.273403,1.000000,1.000000,1.000000
dmd,2048,17,repeated-source,original,6,26843.750,9.872,1.000000,1.000000,1.000000,5.904966,5.872928,6.008310
dmd,2048,17,repeated-source,vector16safe,6,59500.000,10.042,0.454440,0.437089,0.463066,12.987535,12.950000,13.436464
dmd,2048,17,repeated-source,vector16store,6,10812.500,10.058,2.464731,2.454965,2.510417,2.392912,2.392105,2.405248
dmd,2048,17,repeated-source,cpp-approved-execution,6,4518.750,10.235,5.904966,5.872928,6.008310,1.000000,1.000000,1.000000
dmd,2048,17,universal,original,6,466006.250,6.993,1.000000,1.000000,1.000000,23.247781,22.935631,23.726190
dmd,2048,17,universal,vector16safe,6,461756.250,7.566,1.004013,0.997548,1.024586,23.180454,22.710688,23.612434
dmd,2048,17,universal,vector16store,6,463062.500,8.042,1.004177,0.993749,1.012725,23.118347,22.818596,23.837302
dmd,2048,17,universal,cpp-approved-execution,6,20031.250,7.301,23.247781,22.935631,23.726190,1.000000,1.000000,1.000000
dmd,2048,128,contiguous,original,6,271318.750,5.625,1.000000,1.000000,1.000000,7.279208,6.880630,7.530120
dmd,2048,128,contiguous,vector16safe,6,448300.000,7.975,0.606022,0.597353,0.613182,11.988056,11.338583,12.280394
dmd,2048,128,contiguous,vector16store,6,82212.500,6.416,3.303602,3.124527,3.454807,2.176919,2.080315,2.410004
dmd,2048,128,contiguous,cpp-approved-execution,6,37268.750,14.624,7.279208,6.880630,7.530120,1.000000,1.000000,1.000000
dmd,2048,128,negative-both,original,6,206887.500,8.296,1.000000,1.000000,1.000000,5.162282,4.991808,5.421357
dmd,2048,128,negative-both,vector16safe,6,454825.000,3.185,0.452259,0.436285,0.470797,11.507328,11.089313,11.582012
dmd,2048,128,negative-both,vector16store,6,81187.500,7.067,2.545074,2.433876,2.641380,2.044932,1.947623,2.108717
dmd,2048,128,negative-both,cpp-approved-execution,6,39600.000,6.692,5.162282,4.991808,5.421357,1.000000,1.000000,1.000000
dmd,2048,128,negative-source,original,6,206218.750,7.092,1.000000,1.000000,1.000000,5.219760,4.925464,5.278037
dmd,2048,128,negative-source,vector16safe,6,452081.250,2.497,0.452496,0.438787,0.470678,11.540181,10.464617,12.028705
dmd,2048,128,negative-source,vector16store,6,82243.750,8.815,2.504229,2.409416,2.764208,2.072227,1.884320,2.190587
dmd,2048,128,negative-source,cpp-approved-execution,6,39543.750,14.288,5.219760,4.925464,5.278037,1.000000,1.000000,1.000000
dmd,2048,128,padded,original,6,204018.750,9.858,1.000000,1.000000,1.000000,5.349088,5.179575,5.525606
dmd,2048,128,padded,vector16safe,6,450312.500,7.639,0.450646,0.445090,0.460152,11.844749,11.552155,12.093329
dmd,2048,128,padded,vector16store,6,82112.500,11.250,2.474599,2.462926,2.615213,2.145251,2.101187,2.171547
dmd,2048,128,padded,cpp-approved-execution,6,38018.750,11.442,5.349088,5.179575,5.525606,1.000000,1.000000,1.000000
dmd,2048,128,repeated-source,original,6,203281.250,29.633,1.000000,1.000000,1.000000,5.838048,5.276691,6.025979
dmd,2048,128,repeated-source,vector16safe,6,452668.750,36.544,0.448469,0.426736,0.459940,13.023822,12.365222,13.161591
dmd,2048,128,repeated-source,vector16store,6,82593.750,41.029,2.476697,2.269235,2.552632,2.344214,2.325317,2.491544
dmd,2048,128,repeated-source,cpp-approved-execution,6,34443.750,43.259,5.838048,5.276691,6.025979,1.000000,1.000000,1.000000
dmd,2048,128,universal,original,6,3532743.750,8.477,1.000000,1.000000,1.000000,22.990699,16.452534,23.374257
dmd,2048,128,universal,vector16safe,6,3537062.500,10.915,1.001530,0.974535,1.016888,22.945014,16.179302,23.985030
dmd,2048,128,universal,vector16store,6,3516993.750,8.553,1.003895,0.996177,1.014414,22.875717,16.218764,23.427428
dmd,2048,128,universal,cpp-approved-execution,6,154818.750,50.422,22.990699,16.452534,23.374257,1.000000,1.000000,1.000000
dmd,2048,512,contiguous,original,6,1105918.750,18.192,1.000000,1.000000,1.000000,6.161882,4.943801,7.234061
dmd,2048,512,contiguous,vector16safe,6,1808025.000,19.570,0.602733,0.541585,0.669392,10.853603,7.385507,12.044939
dmd,2048,512,contiguous,vector16store,6,343850.000,16.741,3.243626,3.069049,3.554945,1.929194,1.390683,2.147878
dmd,2048,512,contiguous,cpp-approved-execution,6,178662.500,60.498,6.161882,4.943801,7.234061,1.000000,1.000000,1.000000
dmd,2048,512,negative-both,original,6,878981.250,20.214,1.000000,1.000000,1.000000,3.984975,3.732465,4.939962
dmd,2048,512,negative-both,vector16safe,6,1854912.500,13.610,0.467155,0.446899,0.502223,8.772035,7.900412,10.969500
dmd,2048,512,negative-both,vector16store,6,390225.000,30.207,2.383723,2.106858,2.483300,1.820057,1.569459,1.989286
dmd,2048,512,negative-both,cpp-approved-execution,6,206693.750,43.355,3.984975,3.732465,4.939962,1.000000,1.000000,1.000000
dmd,2048,512,negative-source,original,6,865300.000,19.811,1.000000,1.000000,1.000000,4.219433,2.296741,5.380828
dmd,2048,512,negative-source,vector16safe,6,1860637.500,10.766,0.468547,0.463225,0.512919,8.740882,4.733806,11.442067
dmd,2048,512,negative-source,vector16store,6,361893.750,55.027,2.391933,1.813327,2.516888,1.876683,1.224200,2.177676
dmd,2048,512,negative-source,cpp-approved-execution,6,225406.250,114.349,4.219433,2.296741,5.380828,1.000000,1.000000,1.000000
dmd,2048,512,padded,original,6,865306.250,15.396,1.000000,1.000000,1.000000,4.130336,2.985057,5.388564
dmd,2048,512,padded,vector16safe,6,1843425.000,9.318,0.464938,0.445921,0.490457,8.884985,6.270170,12.084117
dmd,2048,512,padded,vector16store,6,357943.750,15.037,2.446328,2.393217,2.574641,1.721617,1.228305,2.188310
dmd,2048,512,padded,cpp-approved-execution,6,212443.750,67.571,4.130336,2.985057,5.388564,1.000000,1.000000,1.000000
dmd,2048,512,repeated-source,original,6,824131.250,8.809,1.000000,1.000000,1.000000,5.634600,5.247480,6.103534
dmd,2048,512,repeated-source,vector16safe,6,1805975.000,9.232,0.457736,0.444492,0.461796,12.344934,11.528406,13.219170
dmd,2048,512,repeated-source,vector16store,6,328718.750,16.028,2.492414,2.354830,2.587989,2.267281,2.109187,2.398002
dmd,2048,512,repeated-source,cpp-approved-execution,6,146318.750,22.929,5.634600,5.247480,6.103534,1.000000,1.000000,1.000000
dmd,2048,512,universal,original,6,14302693.750,8.925,1.000000,1.000000,1.000000,20.129209,14.358146,23.175289
dmd,2048,512,universal,vector16safe,6,14151225.000,8.705,1.009801,0.994607,1.024964,20.093529,14.173460,22.610838
dmd,2048,512,universal,vector16store,6,14229725.000,10.761,0.997876,0.977328,1.030511,20.169107,14.082317,22.489130
dmd,2048,512,universal,cpp-approved-execution,6,700900.000,57.103,20.129209,14.358146,23.175289,1.000000,1.000000,1.000000
ldc2,1,1,contiguous,original,6,22.180,6.935,1.000000,1.000000,1.000000,5.377210,5.372781,5.413580
ldc2,1,1,contiguous,vector16safe,6,22.144,6.946,1.000551,0.998848,1.006889,5.376133,5.360947,5.391304
ldc2,1,1,contiguous,vector16store,6,22.180,6.935,1.001116,0.997802,1.010369,5.369942,5.358025,5.384615
ldc2,1,1,contiguous,cpp-approved-execution,6,4.126,7.101,5.377210,5.372781,5.413580,1.000000,1.000000,1.000000
ldc2,1,1,negative-both,original,6,23.547,5.184,1.000000,1.000000,1.000000,4.006148,3.983806,4.193133
ldc2,1,1,negative-both,vector16safe,6,23.254,7.769,0.998965,0.980080,1.050538,4.010298,3.991416,4.193833
ldc2,1,1,negative-both,vector16store,6,22.705,8.387,1.013990,0.996960,1.051668,3.991538,3.903361,4.004405
ldc2,1,1,negative-both,cpp-approved-execution,6,5.762,8.475,4.006148,3.983806,4.193133,1.000000,1.000000,1.000000
ldc2,1,1,negative-source,original,6,22.485,36.482,1.000000,1.000000,1.000000,4.000000,3.991416,4.913043
ldc2,1,1,negative-source,vector16safe,6,22.473,9.995,1.000562,0.997802,1.249246,3.993468,3.932806,4.012931
ldc2,1,1,negative-source,vector16store,6,22.681,11.625,1.001078,0.970085,1.221022,4.008716,3.982833,4.123348
ldc2,1,1,negative-source,cpp-approved-execution,6,5.615,11.304,4.000000,3.991416,4.913043,1.000000,1.000000,1.000000
ldc2,1,1,padded,original,6,22.705,5.376,1.000000,1.000000,1.000000,4.004310,3.907563,4.125000
ldc2,1,1,padded,vector16safe,6,22.705,5.484,1.000000,0.998900,1.004430,4.006513,3.907563,4.112069
ldc2,1,1,padded,vector16store,6,22.656,4.741,1.001078,0.976891,1.019169,4.000000,4.000000,4.047414
ldc2,1,1,padded,cpp-approved-execution,6,5.664,4.741,4.004310,3.907563,4.125000,1.000000,1.000000,1.000000
ldc2,1,1,repeated-source,original,6,23.242,4.937,1.000000,1.000000,1.000000,4.004202,3.974895,4.008621
ldc2,1,1,repeated-source,vector16safe,6,23.279,4.824,1.000000,0.996852,1.001076,4.004358,3.987448,4.008403
ldc2,1,1,repeated-source,vector16store,6,23.047,4.873,1.002181,1.002101,1.014957,3.995595,3.916318,4.000000
ldc2,1,1,repeated-source,cpp-approved-execution,6,5.811,5.042,4.004202,3.974895,4.008621,1.000000,1.000000,1.000000
ldc2,1,1,universal,original,6,44.946,6.953,1.000000,1.000000,1.000000,10.588423,10.520000,10.782857
ldc2,1,1,universal,vector16safe,6,45.154,4.974,0.997269,0.975663,1.020000,10.598503,10.571429,10.812865
ldc2,1,1,universal,vector16store,6,45.154,4.812,0.997000,0.985792,1.020000,10.589931,10.565714,10.701754
ldc2,1,1,universal,cpp-approved-execution,6,4.260,5.158,10.588423,10.520000,10.782857,1.000000,1.000000,1.000000
ldc2,1,17,contiguous,original,6,67.700,8.655,1.000000,1.000000,1.000000,10.484067,10.042471,10.619608
ldc2,1,17,contiguous,vector16safe,6,67.712,7.319,1.001606,0.997699,1.011392,10.483209,10.065637,10.556863
ldc2,1,17,contiguous,vector16store,6,67.712,8.509,0.995241,0.985659,1.013557,10.468284,10.127413,10.701961
ldc2,1,17,contiguous,cpp-approved-execution,6,6.458,7.183,10.484067,10.042471,10.619608,1.000000,1.000000,1.000000
ldc2,1,17,negative-both,original,6,112.756,5.608,1.000000,1.000000,1.000000,2.644209,2.617763,2.737618
ldc2,1,17,negative-both,vector16safe,6,108.984,11.537,1.034387,0.977680,1.048181,2.556579,2.513210,2.800118
ldc2,1,17,negative-both,vector16store,6,107.483,7.814,1.048303,1.029818,1.074271,2.551824,2.504778,2.570000
ldc2,1,17,negative-both,cpp-approved-execution,6,41.943,6.228,2.644209,2.617763,2.737618,1.000000,1.000000,1.000000
ldc2,1,17,negative-source,original,6,109.546,6.931,1.000000,1.000000,1.000000,2.591478,2.565193,2.617433
ldc2,1,17,negative-source,vector16safe,6,106.848,15.903,1.028431,0.949212,1.037667,2.533643,2.475270,2.749437
ldc2,1,17,negative-source,vector16store,6,105.347,6.929,1.032967,1.025844,1.044624,2.513234,2.458783,2.534504
ldc2,1,17,negative-source,cpp-approved-execution,6,42.566,7.112,2.591478,2.565193,2.617433,1.000000,1.000000,1.000000
ldc2,1,17,padded,original,6,109.937,11.415,1.000000,1.000000,1.000000,2.597388,2.527528,2.720113
ldc2,1,17,padded,vector16safe,6,105.908,7.169,1.037506,1.012127,1.096119,2.515832,2.413483,2.566571
ldc2,1,17,padded,vector16store,6,107.239,7.126,1.027777,1.001335,1.092378,2.527208,2.490085,2.549645
ldc2,1,17,padded,cpp-approved-execution,6,42.725,7.429,2.597388,2.527528,2.720113,1.000000,1.000000,1.000000
ldc2,1,17,repeated-source,original,6,104.236,6.511,1.000000,1.000000,1.000000,2.447331,2.411939,2.530142
ldc2,1,17,repeated-source,vector16safe,6,98.596,4.457,1.048536,1.032642,1.062810,2.332024,2.308642,2.380615
ldc2,1,17,repeated-source,vector16store,6,98.462,7.265,1.054188,1.021838,1.079425,2.342759,2.289598,2.396205
ldc2,1,17,repeated-source,cpp-approved-execution,6,41.882,5.246,2.447331,2.411939,2.530142,1.000000,1.000000,1.000000
ldc2,1,17,universal,original,6,114.758,12.297,1.000000,1.000000,1.000000,5.367937,5.233520,5.739130
ldc2,1,17,universal,vector16safe,6,115.881,11.271,1.002141,0.972793,1.009053,5.372022,5.325530,5.687643
ldc2,1,17,universal,vector16store,6,117.004,74.721,0.990355,0.623106,0.998129,5.414956,5.361204,9.210526
ldc2,1,17,universal,cpp-approved-execution,6,21.362,7.543,5.367937,5.233520,5.739130,1.000000,1.000000,1.000000
ldc2,1,128,contiguous,original,6,331.519,5.435,1.000000,1.000000,1.000000,20.007263,19.174927,20.194611
ldc2,1,128,contiguous,vector16safe,6,331.055,5.192,1.003806,0.975237,1.039612,19.838099,19.425150,19.941691
ldc2,1,128,contiguous,vector16store,6,334.570,5.371,0.994931,0.950708,1.007619,20.038502,19.924012,20.183673
ldc2,1,128,contiguous,cpp-approved-execution,6,16.724,4.088,20.007263,19.174927,20.194611,1.000000,1.000000,1.000000
ldc2,1,128,negative-both,original,6,426.904,5.502,1.000000,1.000000,1.000000,1.418053,1.366299,1.461040
ldc2,1,128,negative-both,vector16safe,6,397.144,7.180,1.069362,1.045683,1.109262,1.307207,1.278798,1.369674
ldc2,1,128,negative-both,vector16store,6,406.689,8.176,1.062947,1.044253,1.110706,1.340832,1.230117,1.358408
ldc2,1,128,negative-both,cpp-approved-execution,6,302.490,1.889,1.418053,1.366299,1.461040,1.000000,1.000000,1.000000
ldc2,1,128,negative-source,original,6,436.670,4.025,1.000000,1.000000,1.000000,1.424776,1.409275,1.517270
ldc2,1,128,negative-source,vector16safe,6,392.700,5.595,1.088832,1.080587,1.134853,1.310563,1.264166,1.348759
ldc2,1,128,negative-source,vector16store,6,403.149,4.021,1.085233,1.052111,1.120064,1.326249,1.304419,1.354628
ldc2,1,128,negative-source,cpp-approved-execution,6,302.759,5.516,1.424776,1.409275,1.517270,1.000000,1.000000,1.000000
ldc2,1,128,padded,original,6,421.704,7.063,1.000000,1.000000,1.000000,1.412175,1.377445,1.417696
ldc2,1,128,padded,vector16safe,6,391.943,8.135,1.086538,1.057798,1.123100,1.294034,1.226467,1.340234
ldc2,1,128,padded,vector16store,6,393.555,7.506,1.087009,1.054776,1.100476,1.299365,1.251681,1.344073
ldc2,1,128,padded,cpp-approved-execution,6,298.584,9.060,1.412175,1.377445,1.417696,1.000000,1.000000,1.000000
ldc2,1,128,repeated-source,original,6,419.971,4.162,1.000000,1.000000,1.000000,1.393779,1.371139,1.411158
ldc2,1,128,repeated-source,vector16safe,6,387.378,6.655,1.083195,1.044974,1.095207,1.286190,1.265122,1.335118
ldc2,1,128,repeated-source,vector16store,6,388.110,4.303,1.084562,1.025541,1.094543,1.283864,1.282039,1.365554
ldc2,1,128,repeated-source,cpp-approved-execution,6,301.318,4.894,1.393779,1.371139,1.411158,1.000000,1.000000,1.000000
ldc2,1,128,universal,original,6,474.805,7.744,1.000000,1.000000,1.000000,3.219567,3.117004,3.393129
ldc2,1,128,universal,vector16safe,6,477.539,8.364,1.006623,0.979016,1.022342,3.199513,3.150592,3.345887
ldc2,1,128,universal,vector16store,6,478.687,8.497,0.999035,0.984167,1.021354,3.193145,3.142346,3.353816
ldc2,1,128,universal,cpp-approved-execution,6,148.047,5.145,3.219567,3.117004,3.393129,1.000000,1.000000,1.000000
ldc2,7,1,contiguous,original,6,30.334,5.553,1.000000,1.000000,1.000000,3.887057,3.848101,3.901840
ldc2,7,1,contiguous,vector16safe,6,30.432,5.295,0.992218,0.984452,1.000787,3.914017,3.860759,3.944785
ldc2,7,1,contiguous,vector16store,6,31.067,7.623,0.975398,0.955572,0.977310,3.978090,3.939873,4.082822
ldc2,7,1,contiguous,cpp-approved-execution,6,7.837,5.296,3.887057,3.848101,3.901840,1.000000,1.000000,1.000000
ldc2,7,1,negative-both,original,6,30.090,8.195,1.000000,1.000000,1.000000,3.529989,3.519062,3.539589
ldc2,7,1,negative-both,vector16safe,6,30.176,8.819,0.996468,0.987082,0.997573,3.541547,3.539295,3.576087
ldc2,7,1,negative-both,vector16store,6,30.957,8.281,0.974355,0.968553,0.977328,3.621739,3.612466,3.644699
ldc2,7,1,negative-both,cpp-approved-execution,6,8.521,8.023,3.529989,3.519062,3.539589,1.000000,1.000000,1.000000
ldc2,7,1,negative-source,original,6,30.078,8.360,1.000000,1.000000,1.000000,3.531250,3.519062,3.538012
ldc2,7,1,negative-source,vector16safe,6,30.615,6.938,0.990503,0.973186,0.998467,3.568566,3.536585,3.633238
ldc2,7,1,negative-source,vector16store,6,30.957,8.281,0.971777,0.966981,0.976266,3.632526,3.618768,3.648501
ldc2,7,1,negative-source,cpp-approved-execution,6,8.521,8.023,3.531250,3.519062,3.538012,1.000000,1.000000,1.000000
ldc2,7,1,padded,original,6,30.798,5.311,1.000000,1.000000,1.000000,3.526312,3.519553,3.534819
ldc2,7,1,padded,vector16safe,6,30.957,6.940,0.987617,0.965623,0.996057,3.575538,3.541899,3.646240
ldc2,7,1,padded,vector16store,6,31.653,7.636,0.972318,0.948949,0.974858,3.629001,3.615836,3.710306
ldc2,7,1,padded,cpp-approved-execution,6,8.740,5.028,3.526312,3.519553,3.534819,1.000000,1.000000,1.000000
ldc2,7,1,repeated-source,original,6,30.408,7.949,1.000000,1.000000,1.000000,3.582564,3.527859,3.697947
ldc2,7,1,repeated-source,vector16safe,6,29.993,8.547,0.996705,0.992378,1.020227,3.560292,3.539589,3.634349
ldc2,7,1,repeated-source,vector16store,6,31.250,8.047,0.973763,0.964805,0.996759,3.645223,3.618768,3.832845
ldc2,7,1,repeated-source,cpp-approved-execution,6,8.337,7.613,3.582564,3.527859,3.697947,1.000000,1.000000,1.000000
ldc2,7,1,universal,original,6,75.842,6.921,1.000000,1.000000,1.000000,9.797954,9.655949,9.974843
ldc2,7,1,universal,vector16safe,6,75.769,5.574,1.006181,0.990435,1.015171,9.748400,9.646341,9.924528
ldc2,7,1,universal,vector16store,6,76.611,6.724,0.995027,0.983506,1.003964,9.841736,9.764516,10.012579
ldc2,7,1,universal,cpp-approved-execution,6,7.703,5.705,9.797954,9.655949,9.974843,1.000000,1.000000,1.000000
ldc2,7,17,contiguous,original,6,100.136,5.261,1.000000,1.000000,1.000000,5.318877,5.300948,5.403553
ldc2,7,17,contiguous,vector16safe,6,104.814,5.503,0.958104,0.952694,0.961226,5.560921,5.528436,5.631980
ldc2,7,17,contiguous,vector16store,6,103.996,6.419,0.952159,0.928478,0.981571,5.586128,5.400474,5.819797
ldc2,7,17,contiguous,cpp-approved-execution,6,18.847,6.747,5.318877,5.300948,5.403553,1.000000,1.000000,1.000000
ldc2,7,17,negative-both,original,6,157.561,8.618,1.000000,1.000000,1.000000,1.753568,1.732303,1.784553
ldc2,7,17,negative-both,vector16safe,6,159.628,7.027,0.994135,0.971756,1.007226,1.770392,1.738911,1.794163
ldc2,7,17,negative-both,vector16store,6,158.084,6.895,1.000723,0.992007,1.016550,1.745376,1.728327,1.784553
ldc2,7,17,negative-both,cpp-approved-execution,6,89.737,7.591,1.753568,1.732303,1.784553,1.000000,1.000000,1.000000
ldc2,7,17,negative-source,original,6,160.854,5.901,1.000000,1.000000,1.000000,1.755897,1.714147,1.786464
ldc2,7,17,negative-source,vector16safe,6,160.036,4.767,1.002354,0.991200,1.018450,1.746515,1.713661,1.778594
ldc2,7,17,negative-source,vector16store,6,160.445,4.868,1.004862,0.952099,1.018450,1.745982,1.720467,1.816274
ldc2,7,17,negative-source,cpp-approved-execution,6,92.121,7.444,1.755897,1.714147,1.786464,1.000000,1.000000,1.000000
ldc2,7,17,padded,original,6,159.628,7.511,1.000000,1.000000,1.000000,1.760805,1.727759,1.770802
ldc2,7,17,padded,vector16safe,6,161.717,6.318,0.996579,0.968515,1.019713,1.754980,1.726300,1.824606
ldc2,7,17,padded,vector16store,6,160.036,5.448,0.992513,0.976811,1.009479,1.767196,1.743802,1.791710
ldc2,7,17,padded,cpp-approved-execution,6,90.236,7.599,1.760805,1.727759,1.770802,1.000000,1.000000,1.000000
ldc2,7,17,repeated-source,original,6,152.407,7.271,1.000000,1.000000,1.000000,1.664535,1.641463,1.709397
ldc2,7,17,repeated-source,vector16safe,6,152.157,8.118,1.002108,0.970860,1.016844,1.663914,1.642718,1.707865
ldc2,7,17,repeated-source,vector16store,6,152.384,9.149,0.999191,0.957871,1.009958,1.676108,1.655512,1.713659
ldc2,7,17,repeated-source,cpp-approved-execution,6,91.644,7.631,1.664535,1.641463,1.709397,1.000000,1.000000,1.000000
ldc2,7,17,universal,original,6,426.181,4.763,1.000000,1.000000,1.000000,4.980558,4.862474,5.106807
ldc2,7,17,universal,vector16safe,6,427.906,5.869,0.993691,0.979561,1.030984,4.973020,4.933538,5.083916
ldc2,7,17,universal,vector16store,6,426.340,6.753,1.001302,0.987848,1.023854,4.967502,4.885577,5.063141
ldc2,7,17,universal,cpp-approved-execution,6,84.877,7.972,4.980558,4.862474,5.106807,1.000000,1.000000,1.000000
ldc2,7,128,contiguous,original,6,578.767,5.030,1.000000,1.000000,1.000000,6.008890,5.977695,6.171533
ldc2,7,128,contiguous,vector16safe,6,605.308,5.997,0.939530,0.919978,0.967945,6.405428,6.347518,6.514184
ldc2,7,128,contiguous,vector16store,6,605.479,6.222,0.944927,0.928689,0.966838,6.369306,6.344444,6.464539
ldc2,7,128,contiguous,cpp-approved-execution,6,95.034,4.685,6.008890,5.977695,6.171533,1.000000,1.000000,1.000000
ldc2,7,128,negative-both,original,6,717.979,5.247,1.000000,1.000000,1.000000,1.061971,1.038310,1.070903
ldc2,7,128,negative-both,vector16safe,6,725.000,6.282,0.993692,0.983256,1.003296,1.062562,1.055992,1.086660
ldc2,7,128,negative-both,vector16store,6,727.055,7.584,0.995571,0.967063,1.006914,1.068316,1.060379,1.086890
ldc2,7,128,negative-both,cpp-approved-execution,6,678.596,6.763,1.061971,1.038310,1.070903,1.000000,1.000000,1.000000
ldc2,7,128,negative-source,original,6,717.637,7.397,1.000000,1.000000,1.000000,1.067251,1.052660,1.090445
ldc2,7,128,negative-source,vector16safe,6,711.301,5.681,1.007458,0.978734,1.023592,1.067613,1.036945,1.093510
ldc2,7,128,negative-source,vector16store,6,713.185,5.906,0.999759,0.984088,1.017712,1.066379,1.042936,1.096304
ldc2,7,128,negative-source,cpp-approved-execution,6,669.007,6.296,1.067251,1.052660,1.090445,1.000000,1.000000,1.000000
ldc2,7,128,padded,original,6,720.205,4.422,1.000000,1.000000,1.000000,1.053793,1.047155,1.086180
ldc2,7,128,padded,vector16safe,6,719.863,5.138,1.002836,0.986004,1.022761,1.058781,1.039565,1.073544
ldc2,7,128,padded,vector16store,6,728.082,7.244,0.987580,0.978909,1.019734,1.069508,1.061562,1.088355
ldc2,7,128,padded,cpp-approved-execution,6,677.397,6.471,1.053793,1.047155,1.086180,1.000000,1.000000,1.000000
ldc2,7,128,repeated-source,original,6,726.199,7.357,1.000000,1.000000,1.000000,1.056266,1.035872,1.083584
ldc2,7,128,repeated-source,vector16safe,6,721.575,5.648,1.006063,1.000000,1.027040,1.048400,1.035872,1.055055
ldc2,7,128,repeated-source,vector16store,6,722.432,6.589,1.004095,0.989729,1.054041,1.050993,1.028028,1.059871
ldc2,7,128,repeated-source,cpp-approved-execution,6,688.356,6.617,1.056266,1.035872,1.083584,1.000000,1.000000,1.000000
ldc2,7,128,universal,original,6,2738.014,7.442,1.000000,1.000000,1.000000,4.581424,4.464266,4.659919
ldc2,7,128,universal,vector16safe,6,2704.966,10.015,1.001361,0.991899,1.046771,4.542809,4.451706,4.631019
ldc2,7,128,universal,vector16store,6,2704.795,8.939,1.003403,0.982613,1.034142,4.550105,4.504783,4.650197
ldc2,7,128,universal,cpp-approved-execution,6,600.342,7.986,4.581424,4.464266,4.659919,1.000000,1.000000,1.000000
ldc2,15,1,contiguous,original,6,32.898,8.015,1.000000,1.000000,1.000000,3.275243,3.199513,3.346988
ldc2,15,1,contiguous,vector16safe,6,32.764,9.091,0.992540,0.965641,1.042793,3.265207,3.209639,3.390777
ldc2,15,1,contiguous,vector16store,6,33.765,4.845,0.964896,0.951709,0.988278,3.388415,3.301703,3.442455
ldc2,15,1,contiguous,cpp-approved-execution,6,10.046,5.832,3.275243,3.199513,3.346988,1.000000,1.000000,1.000000
ldc2,15,1,negative-both,original,6,34.143,4.934,1.000000,1.000000,1.000000,3.304507,3.225806,3.406103
ldc2,15,1,negative-both,vector16safe,6,34.985,8.095,0.990390,0.964852,1.022189,3.334477,3.289538,3.446009
ldc2,15,1,negative-both,vector16store,6,35.791,9.618,0.963829,0.948366,0.994960,3.391005,3.379562,3.591549
ldc2,15,1,negative-both,cpp-approved-execution,6,10.364,5.418,3.304507,3.225806,3.406103,1.000000,1.000000,1.000000
ldc2,15,1,negative-source,original,6,34.082,5.659,1.000000,1.000000,1.000000,3.305732,3.301703,3.308789
ldc2,15,1,negative-source,vector16safe,6,33.997,5.889,0.994991,0.989641,1.005051,3.323091,3.292162,3.336406
ldc2,15,1,negative-source,vector16store,6,34.973,6.003,0.976970,0.971525,0.980205,3.383397,3.375576,3.404255
ldc2,15,1,negative-source,cpp-approved-execution,6,10.303,5.450,3.305732,3.301703,3.308789,1.000000,1.000000,1.000000
ldc2,15,1,padded,original,6,32.922,10.975,1.000000,1.000000,1.000000,3.155216,3.117207,3.236111
ldc2,15,1,padded,vector16safe,6,32.581,7.493,1.002224,0.973520,1.015933,3.163655,3.112903,3.203704
ldc2,15,1,padded,vector16store,6,34.045,6.956,0.973251,0.946290,0.990085,3.256832,3.211982,3.353081
ldc2,15,1,padded,cpp-approved-execution,6,10.425,7.728,3.155216,3.117207,3.236111,1.000000,1.000000,1.000000
ldc2,15,1,repeated-source,original,6,32.166,7.970,1.000000,1.000000,1.000000,3.152550,3.117241,3.224586
ldc2,15,1,repeated-source,vector16safe,6,32.446,7.901,0.991407,0.979061,1.016406,3.189341,3.114355,3.201946
ldc2,15,1,repeated-source,vector16store,6,33.337,6.664,0.966074,0.961069,0.974286,3.269670,3.220690,3.323601
ldc2,15,1,repeated-source,cpp-approved-execution,6,10.156,8.173,3.152550,3.117241,3.224586,1.000000,1.000000,1.000000
ldc2,15,1,universal,original,6,99.341,7.815,1.000000,1.000000,1.000000,7.994210,7.954274,8.172147
ldc2,15,1,universal,vector16safe,6,99.658,5.683,0.998207,0.988600,1.021025,7.998879,7.946322,8.135081
ldc2,15,1,universal,vector16store,6,101.514,6.109,0.991502,0.957973,1.009844,8.085675,7.876740,8.395161
ldc2,15,1,universal,cpp-approved-execution,6,12.451,5.294,7.994210,7.954274,8.172147,1.000000,1.000000,1.000000
ldc2,15,17,contiguous,original,6,116.440,8.521,1.000000,1.000000,1.000000,3.413295,3.397626,3.442254
ldc2,15,17,contiguous,vector16safe,6,115.516,8.000,1.013079,0.999153,1.018791,3.374302,3.344262,3.425352
ldc2,15,17,contiguous,vector16store,6,116.342,8.863,1.006127,0.998308,1.012853,3.403448,3.367953,3.418079
ldc2,15,17,contiguous,cpp-approved-execution,6,34.047,8.286,3.413295,3.397626,3.442254,1.000000,1.000000,1.000000
ldc2,15,17,negative-both,original,6,216.391,16.228,1.000000,1.000000,1.000000,1.799651,1.788936,1.918224
ldc2,15,17,negative-both,vector16safe,6,219.601,12.492,0.986486,0.958655,1.022416,1.843309,1.810213,1.876168
ldc2,15,17,negative-both,vector16store,6,217.558,11.536,0.992865,0.985005,1.029682,1.814310,1.803557,1.862928
ldc2,15,17,negative-both,cpp-approved-execution,6,120.331,8.812,1.799651,1.788936,1.918224,1.000000,1.000000,1.000000
ldc2,15,17,negative-source,original,6,215.613,36.409,1.000000,1.000000,1.000000,1.802022,1.754894,1.878298
ldc2,15,17,negative-source,vector16safe,6,214.202,45.322,0.988041,0.927878,1.026512,1.823838,1.782128,1.948330
ldc2,15,17,negative-source,vector16store,6,216.537,36.523,0.991977,0.962652,0.999106,1.821425,1.800000,1.885957
ldc2,15,17,negative-source,cpp-approved-execution,6,117.315,34.163,1.802022,1.754894,1.878298,1.000000,1.000000,1.000000
ldc2,15,17,padded,original,6,171.984,5.600,1.000000,1.000000,1.000000,1.450641,1.436699,1.477514
ldc2,15,17,padded,vector16safe,6,172.130,4.917,0.999443,0.982778,1.011758,1.454194,1.438301,1.482553
ldc2,15,17,padded,vector16store,6,171.644,6.687,1.005292,0.987335,1.014673,1.452670,1.426731,1.458091
ldc2,15,17,padded,cpp-approved-execution,6,118.093,6.013,1.450641,1.436699,1.477514,1.000000,1.000000,1.000000
ldc2,15,17,repeated-source,original,6,165.175,11.072,1.000000,1.000000,1.000000,1.371566,1.354788,1.379116
ldc2,15,17,repeated-source,vector16safe,6,165.126,12.430,0.992916,0.980125,1.007038,1.379676,1.366209,1.385165
ldc2,15,17,repeated-source,vector16store,6,166.634,12.493,0.988665,0.979769,1.000583,1.379633,1.378313,1.398545
ldc2,15,17,repeated-source,cpp-approved-execution,6,120.428,12.520,1.371566,1.354788,1.379116,1.000000,1.000000,1.000000
ldc2,15,17,universal,original,6,821.595,8.773,1.000000,1.000000,1.000000,4.996118,4.935057,5.031269
ldc2,15,17,universal,vector16safe,6,823.541,10.040,1.004784,0.983225,1.017977,4.948162,4.923810,5.117106
ldc2,15,17,universal,vector16store,6,828.113,7.929,1.001249,0.975627,1.036372,4.950454,4.836415,5.156959
ldc2,15,17,universal,cpp-approved-execution,6,164.981,9.493,4.996118,4.935057,5.031269,1.000000,1.000000,1.000000
ldc2,15,128,contiguous,original,6,690.809,13.411,1.000000,1.000000,1.000000,3.300793,3.280142,3.367273
ldc2,15,128,contiguous,vector16safe,6,726.471,19.130,0.988349,0.905894,1.019824,3.349722,3.293893,3.627586
ldc2,15,128,contiguous,vector16store,6,773.897,9.406,0.892631,0.858071,0.984678,3.726865,3.364261,3.825455
ldc2,15,128,contiguous,cpp-approved-execution,6,210.294,12.937,3.300793,3.280142,3.367273,1.000000,1.000000,1.000000
ldc2,15,128,negative-both,original,6,1055.515,10.519,1.000000,1.000000,1.000000,1.201912,1.145110,1.234987
ldc2,15,128,negative-both,vector16safe,6,1068.750,14.241,0.994883,0.931964,0.996299,1.213365,1.205929,1.240209
ldc2,15,128,negative-both,vector16store,6,1091.912,13.805,0.981678,0.938370,0.997890,1.239276,1.152208,1.280985
ldc2,15,128,negative-both,cpp-approved-execution,6,880.147,12.364,1.201912,1.145110,1.234987,1.000000,1.000000,1.000000
ldc2,15,128,negative-source,original,6,1059.559,12.838,1.000000,1.000000,1.000000,1.206934,1.201122,1.256108
ldc2,15,128,negative-source,vector16safe,6,1050.368,12.531,0.997335,0.993511,1.014286,1.209378,1.202724,1.242550
ldc2,15,128,negative-source,vector16store,6,1056.985,13.148,0.994106,0.984430,1.022572,1.210100,1.208600,1.234204
ldc2,15,128,negative-source,cpp-approved-execution,6,858.456,13.276,1.206934,1.201122,1.256108,1.000000,1.000000,1.000000
ldc2,15,128,padded,original,6,778.309,12.659,1.000000,1.000000,1.000000,0.897415,0.884010,0.901528
ldc2,15,128,padded,vector16safe,6,776.838,18.363,1.000510,0.949787,1.004730,0.896859,0.884010,0.943775
ldc2,15,128,padded,vector16store,6,780.147,14.703,1.000000,0.979705,1.001942,0.897829,0.884010,0.920204
ldc2,15,128,padded,cpp-approved-execution,6,866.176,12.903,0.897415,0.884010,0.901528,1.000000,1.000000,1.000000
ldc2,15,128,repeated-source,original,6,791.544,9.475,1.000000,1.000000,1.000000,0.913990,0.877451,0.949545
ldc2,15,128,repeated-source,vector16safe,6,779.412,8.679,1.016045,0.999070,1.069897,0.887135,0.877470,0.932143
ldc2,15,128,repeated-source,vector16store,6,786.029,6.642,1.001904,0.983099,1.042688,0.900581,0.876634,0.931250
ldc2,15,128,repeated-source,cpp-approved-execution,6,877.574,12.149,0.913990,0.877451,0.949545,1.000000,1.000000,1.000000
ldc2,15,128,universal,original,6,5645.588,10.107,1.000000,1.000000,1.000000,4.720277,4.624690,4.771463
ldc2,15,128,universal,vector16safe,6,5662.868,9.297,1.010197,0.981179,1.017746,4.690312,4.625313,4.718863
ldc2,15,128,universal,vector16store,6,5657.353,8.604,1.006158,0.984418,1.019398,4.698086,4.624060,4.739420
ldc2,15,128,universal,cpp-approved-execution,6,1200.735,9.308,4.720277,4.624690,4.771463,1.000000,1.000000,1.000000
ldc2,16,1,contiguous,original,6,30.676,9.232,1.000000,1.000000,1.000000,5.033249,4.974895,5.231760
ldc2,16,1,contiguous,vector16safe,6,30.493,8.647,1.009025,0.983457,1.029576,4.988232,4.964286,5.081545
ldc2,16,1,contiguous,vector16store,6,31.140,9.173,0.987697,0.980214,1.011618,5.091825,5.075314,5.171674
ldc2,16,1,contiguous,cpp-approved-execution,6,6.116,10.379,5.033249,4.974895,5.231760,1.000000,1.000000,1.000000
ldc2,16,1,negative-both,original,6,33.972,8.193,1.000000,1.000000,1.000000,4.567732,4.506711,4.656958
ldc2,16,1,negative-both,vector16safe,6,34.253,8.767,0.997032,0.978166,1.017458,4.578385,4.520134,4.757282
ldc2,16,1,negative-both,vector16store,6,34.448,8.292,0.977091,0.964824,1.006998,4.625397,4.614094,4.736508
ldc2,16,1,negative-both,cpp-approved-execution,6,7.410,5.601,4.567732,4.506711,4.656958,1.000000,1.000000,1.000000
ldc2,16,1,negative-source,original,6,33.667,10.370,1.000000,1.000000,1.000000,4.512666,4.399329,4.624161
ldc2,16,1,negative-source,vector16safe,6,33.875,5.838,0.993882,0.973274,1.020744,4.521505,4.434783,4.667785
ldc2,16,1,negative-source,vector16store,6,34.595,8.116,0.967742,0.954148,0.988522,4.653212,4.610738,4.718213
ldc2,16,1,negative-source,cpp-approved-execution,6,7.373,10.265,4.512666,4.399329,4.624161,1.000000,1.000000,1.000000
ldc2,16,1,padded,original,6,30.273,10.806,1.000000,1.000000,1.000000,4.030728,3.989933,4.189003
ldc2,16,1,padded,vector16safe,6,29.285,11.255,1.004502,1.003033,1.043621,3.983867,3.973154,4.068729
ldc2,16,1,padded,vector16store,6,30.493,8.887,0.990485,0.947410,1.020113,4.117070,4.055215,4.211409
ldc2,16,1,padded,cpp-approved-execution,6,7.361,11.609,4.030728,3.989933,4.189003,1.000000,1.000000,1.000000
ldc2,16,1,repeated-source,original,6,30.469,7.853,1.000000,1.000000,1.000000,4.048936,3.989933,4.174497
ldc2,16,1,repeated-source,vector16safe,6,30.042,7.964,1.003735,1.003190,1.024712,4.033728,3.976510,4.088525
ldc2,16,1,repeated-source,vector16store,6,30.383,7.955,0.982707,0.977361,1.026403,4.074555,4.063758,4.186885
ldc2,16,1,repeated-source,cpp-approved-execution,6,7.361,7.960,4.048936,3.989933,4.174497,1.000000,1.000000,1.000000
ldc2,16,1,universal,original,6,103.845,11.191,1.000000,1.000000,1.000000,7.959815,7.838403,8.076067
ldc2,16,1,universal,vector16safe,6,103.687,7.841,1.008907,0.982134,1.040027,7.914021,7.724382,8.074570
ldc2,16,1,universal,vector16store,6,104.248,7.518,0.991915,0.971032,1.014729,8.019424,7.913043,8.140900
ldc2,16,1,universal,cpp-approved-execution,6,13.000,10.329,7.959815,7.838403,8.076067,1.000000,1.000000,1.000000
ldc2,16,17,contiguous,original,6,80.218,14.628,1.000000,1.000000,1.000000,2.534721,2.483766,2.736301
ldc2,16,17,contiguous,vector16safe,6,73.520,9.040,1.079756,1.054993,1.166423,2.348384,2.258462,2.366438
ldc2,16,17,contiguous,vector16store,6,73.728,12.676,1.066583,1.055172,1.149640,2.369572,2.353896,2.382456
ldc2,16,17,contiguous,cpp-approved-execution,6,31.153,13.333,2.534721,2.483766,2.736301,1.000000,1.000000,1.000000
ldc2,16,17,negative-both,original,6,209.969,8.952,1.000000,1.000000,1.000000,3.437567,3.410394,3.470187
ldc2,16,17,negative-both,vector16safe,6,210.903,7.632,0.996149,0.973900,1.001475,3.463422,3.433775,3.501792
ldc2,16,17,negative-both,vector16store,6,210.540,11.591,0.991227,0.962587,1.013766,3.456818,3.367550,3.590381
ldc2,16,17,negative-both,cpp-approved-execution,6,60.955,7.836,3.437567,3.410394,3.470187,1.000000,1.000000,1.000000
ldc2,16,17,negative-source,original,6,210.800,6.059,1.000000,1.000000,1.000000,3.488886,3.414336,3.529813
ldc2,16,17,negative-source,vector16safe,6,212.876,10.098,0.987403,0.968750,1.012455,3.536106,3.453405,3.544850
ldc2,16,17,negative-source,vector16store,6,212.357,8.313,0.992154,0.981900,1.008269,3.486975,3.467742,3.569930
ldc2,16,17,negative-source,cpp-approved-execution,6,60.177,7.593,3.488886,3.414336,3.529813,1.000000,1.000000,1.000000
ldc2,16,17,padded,original,6,124.455,8.427,1.000000,1.000000,1.000000,2.060186,2.021002,2.076661
ldc2,16,17,padded,vector16safe,6,124.663,10.912,0.993226,0.977344,1.000870,2.066268,2.059140,2.091062
ldc2,16,17,padded,vector16store,6,125.701,21.148,0.987749,0.885977,1.000821,2.078563,2.064081,2.281099
ldc2,16,17,padded,cpp-approved-execution,6,60.177,10.526,2.060186,2.021002,2.076661,1.000000,1.000000,1.000000
ldc2,16,17,repeated-source,original,6,117.497,7.954,1.000000,1.000000,1.000000,1.926765,1.897010,1.932119
ldc2,16,17,repeated-source,vector16safe,6,118.432,9.382,1.001397,0.966977,1.006381,1.921995,1.917832,1.961794
ldc2,16,17,repeated-source,vector16store,6,119.159,7.407,0.991913,0.981943,0.998289,1.937121,1.931741,1.945092
ldc2,16,17,repeated-source,cpp-approved-execution,6,61.630,7.751,1.926765,1.897010,1.932119,1.000000,1.000000,1.000000
ldc2,16,17,universal,original,6,877.882,9.321,1.000000,1.000000,1.000000,5.026473,4.807995,5.111794
ldc2,16,17,universal,vector16safe,6,872.222,8.596,1.018924,1.006252,1.030992,4.920002,4.775901,5.077534
ldc2,16,17,universal,vector16store,6,866.511,9.383,1.009143,0.999883,1.026997,4.968989,4.808559,5.018750
ldc2,16,17,universal,cpp-approved-execution,6,174.922,9.142,5.026473,4.807995,5.111794,1.000000,1.000000,1.000000
ldc2,16,128,contiguous,original,6,399.609,10.166,1.000000,1.000000,1.000000,1.795839,1.785965,1.942446
ldc2,16,128,contiguous,vector16safe,6,364.453,12.004,1.082214,1.069307,1.179039,1.659424,1.647482,1.672185
ldc2,16,128,contiguous,vector16store,6,364.844,11.777,1.076836,1.060870,1.173913,1.661837,1.654676,1.697417
ldc2,16,128,contiguous,cpp-approved-execution,6,219.922,11.012,1.795839,1.785965,1.942446,1.000000,1.000000,1.000000
ldc2,16,128,negative-both,original,6,1025.391,8.610,1.000000,1.000000,1.000000,2.375861,2.299817,2.384348
ldc2,16,128,negative-both,vector16safe,6,1028.516,7.748,0.998894,0.969931,1.001461,2.378990,2.371115,2.380952
ldc2,16,128,negative-both,vector16store,6,1045.312,7.474,0.998885,0.937407,1.002926,2.379054,2.377391,2.453382
ldc2,16,128,negative-both,cpp-approved-execution,6,432.812,7.581,2.375861,2.299817,2.384348,1.000000,1.000000,1.000000
ldc2,16,128,negative-source,original,6,1025.391,7.771,1.000000,1.000000,1.000000,2.376103,2.357143,2.392157
ldc2,16,128,negative-source,vector16safe,6,1029.297,8.880,0.997242,0.986282,1.002990,2.380863,2.375458,2.408696
ldc2,16,128,negative-source,vector16store,6,1030.469,7.733,0.997794,0.991525,1.000746,2.379547,2.377289,2.390374
ldc2,16,128,negative-source,cpp-approved-execution,6,432.422,7.588,2.376103,2.357143,2.392157,1.000000,1.000000,1.000000
ldc2,16,128,padded,original,6,442.188,14.311,1.000000,1.000000,1.000000,1.021914,1.019469,1.050336
ldc2,16,128,padded,vector16safe,6,441.797,15.031,1.002661,0.996815,1.003683,1.019700,1.015929,1.053691
ldc2,16,128,padded,vector16store,6,443.359,8.634,1.000000,0.980216,1.053872,1.021914,0.996644,1.043152
ldc2,16,128,padded,cpp-approved-execution,6,433.203,11.362,1.021914,1.019469,1.050336,1.000000,1.000000,1.000000
ldc2,16,128,repeated-source,original,6,435.547,10.942,1.000000,1.000000,1.000000,1.006286,1.005348,1.010152
ldc2,16,128,repeated-source,vector16safe,6,432.812,10.469,1.005273,1.003656,1.008446,1.001784,1.000000,1.001876
ldc2,16,128,repeated-source,vector16store,6,450.391,10.234,1.002756,0.933673,1.005199,1.005285,1.001736,1.076923
ldc2,16,128,repeated-source,cpp-approved-execution,6,432.422,10.479,1.006286,1.005348,1.010152,1.000000,1.000000,1.000000
ldc2,16,128,universal,original,6,5986.719,10.479,1.000000,1.000000,1.000000,4.733134,4.632081,4.758288
ldc2,16,128,universal,vector16safe,6,5981.641,10.762,0.997870,0.986578,1.005649,4.727138,4.664524,4.801688
ldc2,16,128,universal,vector16store,6,5958.984,10.488,1.005238,0.977829,1.010367,4.709900,4.665810,4.737110
ldc2,16,128,universal,cpp-approved-execution,6,1262.891,9.094,4.733134,4.632081,4.758288,1.000000,1.000000,1.000000
ldc2,17,1,contiguous,original,6,31.079,7.070,1.000000,1.000000,1.000000,4.744832,4.632184,4.835821
ldc2,17,1,contiguous,vector16safe,6,30.884,5.296,1.005212,0.982927,1.024506,4.720228,4.712644,4.733577
ldc2,17,1,contiguous,vector16store,6,31.677,5.318,0.977731,0.955731,0.999229,4.846743,4.839552,4.873134
ldc2,17,1,contiguous,cpp-approved-execution,6,6.543,4.851,4.744832,4.632184,4.835821,1.000000,1.000000,1.000000
ldc2,17,1,negative-both,original,6,35.229,12.197,1.000000,1.000000,1.000000,4.302300,4.295129,4.504425
ldc2,17,1,negative-both,vector16safe,6,34.460,10.485,1.013145,1.008070,1.036523,4.262360,4.148485,4.371681
ldc2,17,1,negative-both,vector16store,6,35.181,10.548,0.992439,0.974045,1.038799,4.348698,4.139394,4.469027
ldc2,17,1,negative-both,cpp-approved-execution,6,8.167,10.463,4.302300,4.295129,4.504425,1.000000,1.000000,1.000000
ldc2,17,1,negative-source,original,6,35.205,13.800,1.000000,1.000000,1.000000,4.302136,4.232759,4.535817
ldc2,17,1,negative-source,vector16safe,6,34.888,8.817,1.009933,0.991404,1.057448,4.265686,4.175287,4.335404
ldc2,17,1,negative-source,vector16store,6,35.657,11.503,0.988018,0.964005,1.009566,4.359626,4.347826,4.492837
ldc2,17,1,negative-source,cpp-approved-execution,6,8.179,8.060,4.302136,4.232759,4.535817,1.000000,1.000000,1.000000
ldc2,17,1,padded,original,6,31.018,8.737,1.000000,1.000000,1.000000,3.843939,3.810811,3.950000
ldc2,17,1,padded,vector16safe,6,30.957,8.438,1.003863,0.999213,1.023700,3.830932,3.793939,3.938235
ldc2,17,1,padded,vector16store,6,31.714,7.852,0.978402,0.974684,1.001496,3.926369,3.906907,4.017647
ldc2,17,1,padded,cpp-approved-execution,6,8.093,5.732,3.843939,3.810811,3.950000,1.000000,1.000000,1.000000
ldc2,17,1,repeated-source,original,6,31.506,13.096,1.000000,1.000000,1.000000,3.883430,3.757764,4.021084
ldc2,17,1,repeated-source,vector16safe,6,30.664,10.589,1.029878,0.982143,1.048213,3.824534,3.763380,3.909639
ldc2,17,1,repeated-source,vector16store,6,31.689,13.328,0.985522,0.955012,1.022709,3.931677,3.920588,4.003012
ldc2,17,1,repeated-source,cpp-approved-execution,6,7.983,12.538,3.883430,3.757764,4.021084,1.000000,1.000000,1.000000
ldc2,17,1,universal,original,6,108.044,10.485,1.000000,1.000000,1.000000,7.909033,7.758497,8.005217
ldc2,17,1,universal,vector16safe,6,108.264,10.328,0.997170,0.985458,1.010295,7.908262,7.824859,8.022609
ldc2,17,1,universal,vector16store,6,108.679,9.457,0.995452,0.989054,1.012093,7.897344,7.844365,8.010638
ldc2,17,1,universal,cpp-approved-execution,6,13.708,7.836,7.909033,7.758497,8.005217,1.000000,1.000000,1.000000
ldc2,17,17,contiguous,original,6,97.133,8.400,1.000000,1.000000,1.000000,2.933114,2.826230,3.048611
ldc2,17,17,contiguous,vector16safe,6,91.235,9.789,1.070162,1.052503,1.121328,2.716747,2.657627,2.832787
ldc2,17,17,contiguous,vector16store,6,92.282,10.036,1.054156,1.041225,1.119898,2.732906,2.704918,2.845902
ldc2,17,17,contiguous,cpp-approved-execution,6,33.572,7.882,2.933114,2.826230,3.048611,1.000000,1.000000,1.000000
ldc2,17,17,negative-both,original,6,216.428,10.036,1.000000,1.000000,1.000000,2.720602,2.574026,2.782303
ldc2,17,17,negative-both,vector16safe,6,211.907,7.544,1.007757,0.987041,1.023684,2.720950,2.583117,2.739645
ldc2,17,17,negative-both,vector16store,6,213.727,9.440,1.000936,0.976508,1.021534,2.711391,2.616883,2.771067
ldc2,17,17,negative-both,cpp-approved-execution,6,78.445,13.212,2.720602,2.574026,2.782303,1.000000,1.000000,1.000000
ldc2,17,17,negative-source,original,6,213.175,10.447,1.000000,1.000000,1.000000,2.737856,2.668831,2.795094
ldc2,17,17,negative-source,vector16safe,6,212.679,13.634,1.007586,0.977710,1.033806,2.719822,2.646465,2.756983
ldc2,17,17,negative-source,vector16store,6,214.884,17.445,1.006936,0.943526,1.027642,2.736562,2.662338,2.828571
ldc2,17,17,negative-source,cpp-approved-execution,6,77.674,13.343,2.737856,2.668831,2.795094,1.000000,1.000000,1.000000
ldc2,17,17,padded,original,6,155.843,11.885,1.000000,1.000000,1.000000,2.015690,1.986994,2.054734
ldc2,17,17,padded,vector16safe,6,140.904,7.121,1.103387,1.074367,1.139656,1.814744,1.785333,1.869822
ldc2,17,17,padded,vector16store,6,142.062,9.856,1.093838,1.083520,1.114767,1.838611,1.828000,1.845288
ldc2,17,17,padded,cpp-approved-execution,6,77.343,10.549,2.015690,1.986994,2.054734,1.000000,1.000000,1.000000
ldc2,17,17,repeated-source,original,6,150.000,6.027,1.000000,1.000000,1.000000,1.933959,1.900433,1.951185
ldc2,17,17,repeated-source,vector16safe,6,134.234,6.735,1.121435,1.102300,1.142041,1.708186,1.701299,1.759019
ldc2,17,17,repeated-source,vector16store,6,134.950,5.556,1.111515,1.103175,1.132794,1.721978,1.720058,1.764791
ldc2,17,17,repeated-source,cpp-approved-execution,6,77.453,5.409,1.933959,1.900433,1.951185,1.000000,1.000000,1.000000
ldc2,17,17,universal,original,6,968.633,15.400,1.000000,1.000000,1.000000,5.242398,4.863765,5.506151
ldc2,17,17,universal,vector16safe,6,962.238,13.979,0.999643,0.981410,1.051593,5.224874,4.889203,5.481547
ldc2,17,17,universal,vector16store,6,958.379,15.956,1.007151,0.981717,1.045193,5.113290,4.811758,5.596814
ldc2,17,17,universal,cpp-approved-execution,6,184.068,10.602,5.242398,4.863765,5.506151,1.000000,1.000000,1.000000
ldc2,17,128,contiguous,original,6,525.000,13.651,1.000000,1.000000,1.000000,2.269868,2.254545,2.445230
ldc2,17,128,contiguous,vector16safe,6,491.667,5.593,1.069509,1.065109,1.153333,2.122017,2.116364,2.128114
ldc2,17,128,contiguous,vector16store,6,491.250,5.937,1.067815,1.065292,1.147595,2.124321,2.116364,2.130742
ldc2,17,128,contiguous,cpp-approved-execution,6,231.667,5.755,2.269868,2.254545,2.445230,1.000000,1.000000,1.000000
ldc2,17,128,negative-both,original,6,1097.917,9.791,1.000000,1.000000,1.000000,1.927925,1.891892,1.994143
ldc2,17,128,negative-both,vector16safe,6,1093.750,5.638,0.989961,0.972973,1.024060,1.945868,1.944444,1.952924
ldc2,17,128,negative-both,vector16store,6,1110.833,5.626,0.988930,0.967742,1.013869,1.949510,1.944444,1.997072
ldc2,17,128,negative-both,cpp-approved-execution,6,562.083,5.486,1.927925,1.891892,1.994143,1.000000,1.000000,1.000000
ldc2,17,128,negative-source,original,6,1080.000,14.660,1.000000,1.000000,1.000000,1.940760,1.904558,2.012658
ldc2,17,128,negative-source,vector16safe,6,1082.083,13.015,0.997686,0.978054,0.998604,1.947493,1.944615,2.015471
ldc2,17,128,negative-source,vector16store,6,1095.833,12.928,0.987372,0.973780,0.995825,1.953066,1.949231,2.021097
ldc2,17,128,negative-source,cpp-approved-execution,6,555.833,9.145,1.940760,1.904558,2.012658,1.000000,1.000000,1.000000
ldc2,17,128,padded,original,6,689.167,7.618,1.000000,1.000000,1.000000,1.224920,1.224163,1.226940
ldc2,17,128,padded,vector16safe,6,570.833,7.737,1.205415,1.177515,1.210682,1.016612,1.012012,1.040000
ldc2,17,128,padded,vector16store,6,571.667,7.872,1.203326,1.201399,1.205755,1.018016,1.016517,1.019971
ldc2,17,128,padded,cpp-approved-execution,6,562.083,7.561,1.224920,1.224163,1.226940,1.000000,1.000000,1.000000
ldc2,17,128,repeated-source,original,6,690.417,7.604,1.000000,1.000000,1.000000,1.211717,1.207386,1.213980
ldc2,17,128,repeated-source,vector16safe,6,572.917,8.291,1.207697,1.200565,1.210445,1.003641,1.001427,1.010511
ldc2,17,128,repeated-source,vector16store,6,572.083,7.866,1.206354,1.202263,1.208807,1.004392,1.002853,1.006006
ldc2,17,128,repeated-source,cpp-approved-execution,6,569.583,7.901,1.211717,1.207386,1.213980,1.000000,1.000000,1.000000
ldc2,17,128,universal,original,6,6436.667,8.726,1.000000,1.000000,1.000000,4.801896,4.721080,4.865515
ldc2,17,128,universal,vector16safe,6,6336.250,9.772,1.004837,0.978821,1.024818,4.758138,4.706863,4.863855
ldc2,17,128,universal,vector16store,6,6489.167,8.501,0.993374,0.959731,1.024020,4.785775,4.746988,5.046154
ldc2,17,128,universal,cpp-approved-execution,6,1325.417,9.054,4.801896,4.721080,4.865515,1.000000,1.000000,1.000000
ldc2,23,1,contiguous,original,6,32.776,7.151,1.000000,1.000000,1.000000,3.399062,3.263923,3.412048
ldc2,23,1,contiguous,vector16safe,6,32.947,8.892,0.999741,0.986823,1.027671,3.355867,3.307506,3.424096
ldc2,23,1,contiguous,vector16store,6,33.936,9.065,0.972182,0.957386,0.999253,3.442602,3.409201,3.527711
ldc2,23,1,contiguous,cpp-approved-execution,6,9.827,5.714,3.399062,3.263923,3.412048,1.000000,1.000000,1.000000
ldc2,23,1,negative-both,original,6,36.438,7.772,1.000000,1.000000,1.000000,3.449752,3.363426,3.462754
ldc2,23,1,negative-both,vector16safe,6,37.219,5.379,0.988060,0.964807,1.009003,3.486299,3.410088,3.503563
ldc2,23,1,negative-both,vector16store,6,37.415,5.808,0.974187,0.970886,0.994297,3.542180,3.451389,3.566591
ldc2,23,1,negative-both,cpp-approved-execution,6,10.681,8.000,3.449752,3.363426,3.462754,1.000000,1.000000,1.000000
ldc2,23,1,negative-source,original,6,36.877,9.004,1.000000,1.000000,1.000000,3.465021,3.453682,3.541568
ldc2,23,1,negative-source,vector16safe,6,36.865,8.212,0.995907,0.987734,1.015668,3.486359,3.471616,3.496629
ldc2,23,1,negative-source,vector16store,6,37.756,7.630,0.976133,0.959736,0.994000,3.553482,3.532751,3.609005
ldc2,23,1,negative-source,cpp-approved-execution,6,10.559,8.555,3.465021,3.453682,3.541568,1.000000,1.000000,1.000000
ldc2,23,1,padded,original,6,33.325,8.791,1.000000,1.000000,1.000000,3.129995,3.097387,3.207207
ldc2,23,1,padded,vector16safe,6,33.105,7.522,1.004745,1.003077,1.036154,3.092296,3.087886,3.136465
ldc2,23,1,padded,vector16store,6,33.923,7.485,0.978644,0.963092,1.009929,3.176911,3.168981,3.226966
ldc2,23,1,padded,cpp-approved-execution,6,10.693,5.936,3.129995,3.097387,3.207207,1.000000,1.000000,1.000000
ldc2,23,1,repeated-source,original,6,33.142,10.092,1.000000,1.000000,1.000000,3.116241,3.097324,3.175676
ldc2,23,1,repeated-source,vector16safe,6,32.666,10.538,1.006762,1.002845,1.022305,3.084428,3.077859,3.166667
ldc2,23,1,repeated-source,vector16store,6,33.545,10.699,0.981073,0.973085,0.999273,3.173216,3.122685,3.263514
ldc2,23,1,repeated-source,cpp-approved-execution,6,10.571,7.621,3.116241,3.097324,3.175676,1.000000,1.000000,1.000000
ldc2,23,1,universal,original,6,123.413,5.242,1.000000,1.000000,1.000000,7.278343,7.218440,7.427720
ldc2,23,1,universal,vector16safe,6,122.864,5.981,1.005002,0.999215,1.014753,7.227008,7.191860,7.371088
ldc2,23,1,universal,vector16store,6,123.071,5.971,1.002986,0.999018,1.017124,7.237766,7.181686,7.393443
ldc2,23,1,universal,cpp-approved-execution,6,17.004,7.897,7.278343,7.218440,7.427720,1.000000,1.000000,1.000000
ldc2,23,17,contiguous,original,6,129.104,7.630,1.000000,1.000000,1.000000,2.777513,2.750831,2.811321
ldc2,23,17,contiguous,vector16safe,6,126.716,7.892,1.006418,1.002242,1.033939,2.749836,2.696078,2.805031
ldc2,23,17,contiguous,vector16store,6,129.104,7.630,1.001136,0.998829,1.003597,2.770962,2.747508,2.808176
ldc2,23,17,contiguous,cpp-approved-execution,6,46.493,5.778,2.777513,2.750831,2.811321,1.000000,1.000000,1.000000
ldc2,23,17,negative-both,original,6,261.269,6.512,1.000000,1.000000,1.000000,2.149309,2.108592,2.186503
ldc2,23,17,negative-both,vector16safe,6,251.791,8.358,1.033382,1.007986,1.045838,2.093795,2.046683,2.108592
ldc2,23,17,negative-both,vector16store,6,258.060,8.733,1.013272,0.972482,1.037081,2.129731,2.090909,2.168258
ldc2,23,17,negative-both,cpp-approved-execution,6,121.567,7.735,2.149309,2.108592,2.186503,1.000000,1.000000,1.000000
ldc2,23,17,negative-source,original,6,256.567,6.166,1.000000,1.000000,1.000000,2.136666,2.106748,2.163095
ldc2,23,17,negative-source,vector16safe,6,255.522,4.673,1.013654,1.002921,1.036509,2.100613,2.086124,2.129723
ldc2,23,17,negative-source,vector16store,6,256.045,6.004,1.013514,1.001163,1.026946,2.106239,2.100613,2.114610
ldc2,23,17,negative-source,cpp-approved-execution,6,121.642,5.644,2.136666,2.106748,2.163095,1.000000,1.000000,1.000000
ldc2,23,17,padded,original,6,182.537,5.805,1.000000,1.000000,1.000000,1.506927,1.500595,1.534398
ldc2,23,17,padded,vector16safe,6,183.731,6.418,0.991144,0.987529,0.996808,1.520781,1.514863,1.539312
ldc2,23,17,padded,vector16store,6,181.866,14.362,0.995424,0.921455,1.011336,1.513854,1.511335,1.636905
ldc2,23,17,padded,cpp-approved-execution,6,120.000,5.846,1.506927,1.500595,1.534398,1.000000,1.000000,1.000000
ldc2,23,17,repeated-source,original,6,177.090,5.141,1.000000,1.000000,1.000000,1.439557,1.433692,1.442065
ldc2,23,17,repeated-source,vector16safe,6,177.761,5.709,0.996118,0.986842,1.000871,1.444953,1.438596,1.452808
ldc2,23,17,repeated-source,vector16store,6,178.134,6.871,0.993657,0.986088,1.004386,1.446301,1.435768,1.461722
ldc2,23,17,repeated-source,cpp-approved-execution,6,123.209,5.451,1.439557,1.433692,1.442065,1.000000,1.000000,1.000000
ldc2,23,17,universal,original,6,1208.955,10.432,1.000000,1.000000,1.000000,4.932481,4.847489,4.974859
ldc2,23,17,universal,vector16safe,6,1220.299,9.760,1.005028,0.975835,1.005921,4.914535,4.822508,5.098052
ldc2,23,17,universal,vector16store,6,1205.970,8.750,1.000903,0.980793,1.024104,4.883479,4.783315,5.072282
ldc2,23,17,universal,cpp-approved-execution,6,245.448,11.858,4.932481,4.847489,4.974859,1.000000,1.000000,1.000000
ldc2,23,128,contiguous,original,6,883.708,10.553,1.000000,1.000000,1.000000,2.787395,2.491409,2.876364
ldc2,23,128,contiguous,vector16safe,6,838.202,10.054,1.043078,0.996178,1.114085,2.650097,2.467354,2.723636
ldc2,23,128,contiguous,vector16store,6,850.000,5.684,1.029423,0.918885,1.074967,2.712034,2.648936,2.725979
ldc2,23,128,contiguous,cpp-approved-execution,6,316.292,5.684,2.787395,2.491409,2.876364,1.000000,1.000000,1.000000
ldc2,23,128,negative-both,original,6,1398.876,7.229,1.000000,1.000000,1.000000,1.541138,1.525593,1.585000
ldc2,23,128,negative-both,vector16safe,6,1375.843,5.308,1.007527,0.997483,1.035948,1.529744,1.529197,1.533001
ldc2,23,128,negative-both,vector16store,6,1376.966,9.466,0.996287,0.976336,1.035948,1.532927,1.530000,1.593674
ldc2,23,128,negative-both,cpp-approved-execution,6,899.438,5.372,1.541138,1.525593,1.585000,1.000000,1.000000,1.000000
ldc2,23,128,negative-source,original,6,1358.989,6.366,1.000000,1.000000,1.000000,1.526587,1.522236,1.541463
ldc2,23,128,negative-source,vector16safe,6,1377.528,9.788,0.996274,0.962681,0.999211,1.533504,1.529487,1.601220
ldc2,23,128,negative-source,vector16store,6,1358.989,6.284,0.997169,0.995812,1.005569,1.531010,1.517154,1.539394
ldc2,23,128,negative-source,cpp-approved-execution,6,891.573,5.671,1.526587,1.522236,1.541463,1.000000,1.000000,1.000000
ldc2,23,128,padded,original,6,902.809,18.917,1.000000,1.000000,1.000000,1.010617,0.841220,1.086801
ldc2,23,128,padded,vector16safe,6,892.697,7.552,1.020762,0.978177,1.129790,0.984041,0.838065,0.998718
ldc2,23,128,padded,vector16store,6,888.764,10.493,1.020348,0.997506,1.089392,0.984535,0.843323,0.997622
ldc2,23,128,padded,cpp-approved-execution,6,901.685,23.676,1.010617,0.841220,1.086801,1.000000,1.000000,1.000000
ldc2,23,128,repeated-source,original,6,891.011,13.115,1.000000,1.000000,1.000000,0.976720,0.965000,1.103846
ldc2,23,128,repeated-source,vector16safe,6,878.652,7.417,1.010756,0.930120,1.115285,0.979227,0.963415,1.037500
ldc2,23,128,repeated-source,vector16store,6,868.539,7.245,1.002656,0.996241,1.115285,0.969757,0.965000,0.989744
ldc2,23,128,repeated-source,cpp-approved-execution,6,898.315,5.253,0.976720,0.965000,1.103846,1.000000,1.000000,1.000000
ldc2,23,128,universal,original,6,8730.899,8.674,1.000000,1.000000,1.000000,4.856240,4.797801,4.948308
ldc2,23,128,universal,vector16safe,6,8758.989,12.815,1.000889,0.956920,1.027139,4.868052,4.728192,5.171077
ldc2,23,128,universal,vector16store,6,8733.708,12.453,1.008464,0.978581,1.031552,4.814094,4.707965,5.056615
ldc2,23,128,universal,cpp-approved-execution,6,1801.685,8.232,4.856240,4.797801,4.948308,1.000000,1.000000,1.000000
ldc2,31,1,contiguous,original,6,33.948,5.394,1.000000,1.000000,1.000000,2.890188,2.887295,2.963283
ldc2,31,1,contiguous,vector16safe,6,33.801,5.850,1.006431,1.001460,1.008289,2.870771,2.866091,2.958963
ldc2,31,1,contiguous,vector16store,6,34.485,6.513,0.981080,0.971134,0.989193,2.949742,2.922105,3.000000
ldc2,31,1,contiguous,cpp-approved-execution,6,11.743,5.405,2.890188,2.887295,2.963283,1.000000,1.000000,1.000000
ldc2,31,1,negative-both,original,6,39.270,5.782,1.000000,1.000000,1.000000,3.156792,3.121272,3.366397
ldc2,31,1,negative-both,vector16safe,6,39.221,5.291,0.995439,0.988058,1.009864,3.151120,3.143411,3.370445
ldc2,31,1,negative-both,vector16store,6,39.929,11.678,0.980011,0.935847,0.996350,3.206632,3.178926,3.597166
ldc2,31,1,negative-both,cpp-approved-execution,6,12.280,7.356,3.156792,3.121272,3.366397,1.000000,1.000000,1.000000
ldc2,31,1,negative-source,original,6,39.880,9.611,1.000000,1.000000,1.000000,3.123336,3.059642,3.280464
ldc2,31,1,negative-source,vector16safe,6,40.125,5.598,0.996397,0.975285,1.018619,3.138137,3.058140,3.220503
ldc2,31,1,negative-source,vector16store,6,40.588,6.797,0.984320,0.970366,1.007724,3.175106,3.112403,3.255319
ldc2,31,1,negative-source,cpp-approved-execution,6,12.610,5.615,3.123336,3.059642,3.280464,1.000000,1.000000,1.000000
ldc2,31,1,padded,original,6,34.924,9.997,1.000000,1.000000,1.000000,2.696520,2.658491,2.724528
ldc2,31,1,padded,vector16safe,6,34.229,8.916,1.006751,1.004615,1.032166,2.643640,2.631086,2.688679
ldc2,31,1,padded,vector16store,6,35.059,17.618,0.992305,0.902085,1.004871,2.708311,2.696226,2.981168
ldc2,31,1,padded,cpp-approved-execution,6,12.939,8.113,2.696520,2.658491,2.724528,1.000000,1.000000,1.000000
ldc2,31,1,repeated-source,original,6,34.045,7.458,1.000000,1.000000,1.000000,2.660994,2.411565,2.720077
ldc2,31,1,repeated-source,vector16safe,6,33.777,4.698,1.009026,0.961229,1.019461,2.645860,2.379252,2.717694
ldc2,31,1,repeated-source,vector16store,6,34.680,8.941,0.979981,0.951678,0.983310,2.712979,2.534014,2.768340
ldc2,31,1,repeated-source,cpp-approved-execution,6,12.646,16.409,2.660994,2.411565,2.720077,1.000000,1.000000,1.000000
ldc2,31,1,universal,original,6,148.010,7.852,1.000000,1.000000,1.000000,6.779080,6.745671,6.866822
ldc2,31,1,universal,vector16safe,6,146.082,7.153,1.006381,0.984260,1.028624,6.703352,6.674860,6.976636
ldc2,31,1,universal,vector16store,6,148.340,6.880,0.991935,0.969518,1.004124,6.871844,6.773184,6.969484
ldc2,31,1,universal,cpp-approved-execution,6,21.851,8.045,6.779080,6.745671,6.866822,1.000000,1.000000,1.000000
ldc2,31,17,contiguous,original,6,152.314,19.683,1.000000,1.000000,1.000000,2.463777,2.419872,2.783871
ldc2,31,17,contiguous,vector16safe,6,160.161,6.910,0.956240,0.932432,1.072050,2.608676,2.448718,2.638889
ldc2,31,17,contiguous,vector16store,6,158.350,6.099,0.951065,0.932099,1.091024,2.568570,2.495177,2.645833
ldc2,31,17,contiguous,cpp-approved-execution,6,62.374,7.742,2.463777,2.419872,2.783871,1.000000,1.000000,1.000000
ldc2,31,17,negative-both,original,6,305.231,18.985,1.000000,1.000000,1.000000,1.954089,1.942356,2.125000
ldc2,31,17,negative-both,vector16safe,6,296.982,17.344,1.025494,1.011636,1.039571,1.914435,1.868421,2.055000
ldc2,31,17,negative-both,vector16store,6,301.811,12.133,1.015103,1.011089,1.080737,1.923934,1.920844,1.966250
ldc2,31,17,negative-both,cpp-approved-execution,6,156.640,10.148,1.954089,1.942356,2.125000,1.000000,1.000000,1.000000
ldc2,31,17,negative-source,original,6,309.457,7.932,1.000000,1.000000,1.000000,1.955063,1.943347,1.994859
ldc2,31,17,negative-source,vector16safe,6,300.704,5.487,1.020145,1.013746,1.039518,1.916727,1.874390,1.922879
ldc2,31,17,negative-source,vector16store,6,301.710,7.736,1.014322,1.010966,1.045118,1.924501,1.908740,1.928928
ldc2,31,17,negative-source,cpp-approved-execution,6,156.539,7.841,1.955063,1.943347,1.994859,1.000000,1.000000,1.000000
ldc2,31,17,padded,original,6,204.527,7.870,1.000000,1.000000,1.000000,1.317282,1.298718,1.360614
ldc2,31,17,padded,vector16safe,6,204.527,9.149,1.001973,0.992537,1.018646,1.307841,1.297436,1.370844
ldc2,31,17,padded,vector16store,6,204.829,7.859,1.000000,0.993301,1.021113,1.306804,1.304054,1.336317
ldc2,31,17,padded,cpp-approved-execution,6,156.740,5.392,1.317282,1.298718,1.360614,1.000000,1.000000,1.000000
ldc2,31,17,repeated-source,original,6,197.787,6.205,1.000000,1.000000,1.000000,1.248602,1.240300,1.257822
ldc2,31,17,repeated-source,vector16safe,6,198.793,12.854,0.998446,0.937500,1.000000,1.252852,1.245059,1.341677
ldc2,31,17,repeated-source,vector16store,6,199.195,5.051,0.995008,0.987448,1.004119,1.255467,1.245307,1.264442
ldc2,31,17,repeated-source,cpp-approved-execution,6,158.753,5.450,1.248602,1.240300,1.257822,1.000000,1.000000,1.000000
ldc2,31,17,universal,original,6,1638.632,6.655,1.000000,1.000000,1.000000,4.988520,4.938788,5.214606
ldc2,31,17,universal,vector16safe,6,1633.199,6.788,1.008124,0.995741,1.027016,4.926603,4.808869,5.224215
ldc2,31,17,universal,vector16store,6,1640.040,4.257,1.001807,0.985374,1.034656,4.941571,4.837678,5.262012
ldc2,31,17,universal,cpp-approved-execution,6,326.459,7.827,4.988520,4.938788,5.214606,1.000000,1.000000,1.000000
ldc2,31,128,contiguous,original,6,946.212,7.366,1.000000,1.000000,1.000000,2.258397,2.171930,2.437037
ldc2,31,128,contiguous,vector16safe,6,946.970,6.400,1.013059,0.963077,1.064725,2.281535,2.140351,2.288889
ldc2,31,128,contiguous,vector16store,6,959.848,7.735,0.999996,0.949387,1.037855,2.285199,2.233333,2.348148
ldc2,31,128,contiguous,cpp-approved-execution,6,419.697,5.415,2.258397,2.171930,2.437037,1.000000,1.000000,1.000000
ldc2,31,128,negative-both,original,6,1734.091,7.165,1.000000,1.000000,1.000000,1.492081,1.428755,1.518424
ldc2,31,128,negative-both,vector16safe,6,1707.576,5.679,1.013923,1.009466,1.031952,1.469846,1.409499,1.472557
ldc2,31,128,negative-both,vector16store,6,1710.606,5.846,1.013012,0.988475,1.032844,1.471969,1.410783,1.510040
ldc2,31,128,negative-both,cpp-approved-execution,6,1171.212,5.692,1.492081,1.428755,1.518424,1.000000,1.000000,1.000000
ldc2,31,128,negative-source,original,6,1762.121,4.987,1.000000,1.000000,1.000000,1.500853,1.487959,1.563418
ldc2,31,128,negative-source,vector16safe,6,1731.818,12.336,1.009499,0.936342,1.064545,1.486305,1.467681,1.617992
ldc2,31,128,negative-source,vector16store,6,1711.364,3.099,1.013103,0.988485,1.040889,1.487638,1.467681,1.509358
ldc2,31,128,negative-source,cpp-approved-execution,6,1162.121,5.346,1.500853,1.487959,1.563418,1.000000,1.000000,1.000000
ldc2,31,128,padded,original,6,987.121,12.586,1.000000,1.000000,1.000000,0.845806,0.837327,0.901015
ldc2,31,128,padded,vector16safe,6,990.909,7.951,1.000799,0.984917,1.042584,0.840909,0.838588,0.864213
ldc2,31,128,padded,vector16store,6,978.030,5.577,1.006976,0.998410,1.072508,0.840077,0.838588,0.840909
ldc2,31,128,padded,cpp-approved-execution,6,1164.394,5.856,0.845806,0.837327,0.901015,1.000000,1.000000,1.000000
ldc2,31,128,repeated-source,original,6,1025.000,19.660,1.000000,1.000000,1.000000,0.861687,0.837357,0.974587
ldc2,31,128,repeated-source,vector16safe,6,1040.152,13.693,0.960813,0.915436,1.132939,0.888688,0.831004,0.919753
ldc2,31,128,repeated-source,vector16store,6,995.455,11.111,1.021918,0.998536,1.169207,0.836425,0.833545,0.849873
ldc2,31,128,repeated-source,cpp-approved-execution,6,1192.424,10.292,0.861687,0.837357,0.974587,1.000000,1.000000,1.000000
ldc2,31,128,universal,original,6,11737.121,10.366,1.000000,1.000000,1.000000,4.871291,4.836097,5.026230
ldc2,31,128,universal,vector16safe,6,11696.970,7.345,1.008957,0.981373,1.028169,4.896750,4.828037,4.942876
ldc2,31,128,universal,vector16store,6,11697.727,9.300,1.005544,1.001045,1.015445,4.842371,4.809949,5.020984
ldc2,31,128,universal,cpp-approved-execution,6,2403.788,7.753,4.871291,4.836097,5.026230,1.000000,1.000000,1.000000
ldc2,32,1,contiguous,original,6,32.288,5.369,1.000000,1.000000,1.000000,4.292892,4.271845,4.525597
ldc2,32,1,contiguous,vector16safe,6,32.056,5.331,1.003128,0.999243,1.012195,4.279512,4.245955,4.484642
ldc2,32,1,contiguous,vector16store,6,32.776,7.523,0.973606,0.954023,1.000000,4.405729,4.398058,4.525597
ldc2,32,1,contiguous,cpp-approved-execution,6,7.446,5.246,4.292892,4.271845,4.525597,1.000000,1.000000,1.000000
ldc2,32,1,negative-both,original,6,39.685,10.028,1.000000,1.000000,1.000000,4.322595,4.204724,4.341207
ldc2,32,1,negative-both,vector16safe,6,39.856,7.841,0.996679,0.973873,1.024266,4.334658,4.221024,4.437681
ldc2,32,1,negative-both,vector16store,6,41.138,8.487,0.976011,0.944019,0.995655,4.436286,4.342318,4.504348
ldc2,32,1,negative-both,cpp-approved-execution,6,9.290,9.724,4.322595,4.204724,4.341207,1.000000,1.000000,1.000000
ldc2,32,1,negative-source,original,6,40.222,7.344,1.000000,1.000000,1.000000,4.311890,3.761446,4.334211
ldc2,32,1,negative-source,vector16safe,6,40.405,5.619,0.995351,0.993969,1.016314,4.284832,3.778313,4.355263
ldc2,32,1,negative-source,vector16store,6,41.077,4.814,0.979217,0.971980,0.998812,4.361568,3.869880,4.423684
ldc2,32,1,negative-source,cpp-approved-execution,6,9.436,11.384,4.311890,3.761446,4.334211,1.000000,1.000000,1.000000
ldc2,32,1,padded,original,6,32.153,10.554,1.000000,1.000000,1.000000,3.469445,3.443350,3.548649
ldc2,32,1,padded,vector16safe,6,31.860,5.977,0.999622,0.977484,1.024176,3.470793,3.362069,3.558011
ldc2,32,1,padded,vector16store,6,32.788,7.372,0.974002,0.971324,1.005032,3.567549,3.426108,3.583784
ldc2,32,1,padded,cpp-approved-execution,6,9.180,11.702,3.469445,3.443350,3.548649,1.000000,1.000000,1.000000
ldc2,32,1,repeated-source,original,6,32.202,87.566,1.000000,1.000000,1.000000,3.535629,3.469816,3.688946
ldc2,32,1,repeated-source,vector16safe,6,31.934,96.024,1.011645,0.973387,1.084656,3.468212,3.401028,3.620438
ldc2,32,1,repeated-source,vector16store,6,32.898,65.529,0.989942,0.966292,1.118110,3.570491,3.151825,3.614731
ldc2,32,1,repeated-source,cpp-approved-execution,6,9.180,88.298,3.535629,3.469816,3.688946,1.000000,1.000000,1.000000
ldc2,32,1,universal,original,6,150.403,4.740,1.000000,1.000000,1.000000,5.536845,5.454710,5.736493
ldc2,32,1,universal,vector16safe,6,150.610,6.808,0.993191,0.985450,1.016630,5.587288,5.471416,5.653420
ldc2,32,1,universal,vector16store,6,151.367,8.258,0.988725,0.973200,1.028377,5.585851,5.458223,5.724584
ldc2,32,1,universal,cpp-approved-execution,6,27.356,7.675,5.536845,5.454710,5.736493,1.000000,1.000000,1.000000
ldc2,32,17,contiguous,original,6,104.990,6.733,1.000000,1.000000,1.000000,1.685593,1.663333,1.750000
ldc2,32,17,contiguous,vector16safe,6,101.663,7.157,1.035854,1.030242,1.041126,1.622827,1.609121,1.698630
ldc2,32,17,contiguous,vector16store,6,101.975,7.339,1.029644,1.028056,1.038877,1.627844,1.616667,1.698630
ldc2,32,17,contiguous,cpp-approved-execution,6,61.538,7.770,1.685593,1.663333,1.750000,1.000000,1.000000,1.000000
ldc2,32,17,negative-both,original,6,308.836,6.193,1.000000,1.000000,1.000000,3.247265,3.161491,3.268793
ldc2,32,17,negative-both,vector16safe,6,307.588,9.733,1.012797,0.993976,1.030891,3.189535,3.170843,3.269147
ldc2,32,17,negative-both,vector16store,6,309.044,9.889,1.010762,0.976967,1.017112,3.217789,3.192797,3.295405
ldc2,32,17,negative-both,cpp-approved-execution,6,95.010,9.628,3.247265,3.161491,3.268793,1.000000,1.000000,1.000000
ldc2,32,17,negative-source,original,6,315.385,4.746,1.000000,1.000000,1.000000,3.293634,3.236674,3.391499
ldc2,32,17,negative-source,vector16safe,6,305.301,7.286,1.020360,0.994141,1.038356,3.236595,3.205689,3.285057
ldc2,32,17,negative-source,vector16store,6,307.900,8.103,1.024041,1.001337,1.047516,3.205532,3.193103,3.273523
ldc2,32,17,negative-source,cpp-approved-execution,6,95.218,7.642,3.293634,3.236674,3.391499,1.000000,1.000000,1.000000
ldc2,32,17,padded,original,6,154.990,7.109,1.000000,1.000000,1.000000,1.613786,1.586517,1.647702
ldc2,32,17,padded,vector16safe,6,154.054,6.883,1.005323,1.000000,1.012346,1.603876,1.586517,1.638950
ldc2,32,17,padded,vector16store,6,154.574,6.456,1.000021,0.992968,1.006684,1.613786,1.597753,1.636761
ldc2,32,17,padded,cpp-approved-execution,6,95.010,5.908,1.613786,1.586517,1.647702,1.000000,1.000000,1.000000
ldc2,32,17,repeated-source,original,6,149.064,8.229,1.000000,1.000000,1.000000,1.530282,1.528090,1.547974
ldc2,32,17,repeated-source,vector16safe,6,148.129,7.158,1.008670,1.002797,1.016807,1.519669,1.514607,1.532258
ldc2,32,17,repeated-source,vector16store,6,148.960,7.537,1.002240,1.000000,1.011142,1.527719,1.523305,1.532258
ldc2,32,17,repeated-source,cpp-approved-execution,6,97.505,8.102,1.530282,1.528090,1.547974,1.000000,1.000000,1.000000
ldc2,32,17,universal,original,6,1688.669,7.990,1.000000,1.000000,1.000000,4.987539,4.733211,5.031688
ldc2,32,17,universal,vector16safe,6,1672.869,9.520,1.010691,1.001818,1.018126,4.919711,4.683761,5.015805
ldc2,32,17,universal,vector16store,6,1679.834,8.614,1.010860,0.981392,1.017499,4.941978,4.822955,4.973860
ldc2,32,17,universal,cpp-approved-execution,6,340.956,7.744,4.987539,4.733211,5.031688,1.000000,1.000000,1.000000
ldc2,32,128,contiguous,original,6,597.656,5.490,1.000000,1.000000,1.000000,1.374966,1.369963,1.383212
ldc2,32,128,contiguous,vector16safe,6,575.000,5.707,1.038839,1.032086,1.046961,1.321756,1.318681,1.335714
ldc2,32,128,contiguous,vector16store,6,575.781,5.699,1.037163,1.033149,1.041667,1.326767,1.318681,1.332143
ldc2,32,128,contiguous,cpp-approved-execution,6,432.812,5.054,1.374966,1.369963,1.383212,1.000000,1.000000,1.000000
ldc2,32,128,negative-both,original,6,1765.625,5.752,1.000000,1.000000,1.000000,2.545045,2.539171,2.557047
ldc2,32,128,negative-both,vector16safe,6,1738.281,5.843,1.015928,1.013369,1.026954,2.504622,2.489933,2.510067
ldc2,32,128,negative-both,vector16store,6,1739.062,5.840,1.015274,1.012467,1.022361,2.506757,2.501119,2.512304
ldc2,32,128,negative-both,cpp-approved-execution,6,693.750,5.631,2.545045,2.539171,2.557047,1.000000,1.000000,1.000000
ldc2,32,128,negative-source,original,6,1748.438,9.205,1.000000,1.000000,1.000000,2.530315,2.488739,2.565315
ldc2,32,128,negative-source,vector16safe,6,1739.844,8.352,1.002699,0.992812,1.022442,2.510572,2.506757,2.534831
ldc2,32,128,negative-source,vector16store,6,1740.625,9.695,1.000023,0.992812,1.021525,2.511699,2.506757,2.574324
ldc2,32,128,negative-source,cpp-approved-execution,6,693.750,7.432,2.530315,2.488739,2.565315,1.000000,1.000000,1.000000
ldc2,32,128,padded,original,6,685.938,5.695,1.000000,1.000000,1.000000,0.984340,0.982063,0.986900
ldc2,32,128,padded,vector16safe,6,678.906,5.754,1.002313,1.000000,1.018605,0.981835,0.964126,0.984716
ldc2,32,128,padded,vector16store,6,690.625,11.765,0.979717,0.943633,1.004684,1.003691,0.981609,1.045852
ldc2,32,128,padded,cpp-approved-execution,6,697.656,5.375,0.984340,0.982063,0.986900,1.000000,1.000000,1.000000
ldc2,32,128,repeated-source,original,6,662.500,10.613,1.000000,1.000000,1.000000,0.941405,0.939189,0.944444
ldc2,32,128,repeated-source,vector16safe,6,655.469,7.390,1.012840,1.000000,1.036697,0.929891,0.906445,0.943694
ldc2,32,128,repeated-source,vector16store,6,710.156,11.661,0.921787,0.892544,1.013453,1.023322,0.927235,1.053118
ldc2,32,128,repeated-source,cpp-approved-execution,6,702.344,10.679,0.941405,0.939189,0.944444,1.000000,1.000000,1.000000
ldc2,32,128,universal,original,6,12185.938,11.014,1.000000,1.000000,1.000000,4.871190,4.792184,5.031310
ldc2,32,128,universal,vector16safe,6,11913.281,10.925,1.012440,0.986344,1.039564,4.820174,4.609801,4.948543
ldc2,32,128,universal,vector16store,6,12122.656,9.551,1.001438,0.980326,1.033168,4.892173,4.638337,4.995527
ldc2,32,128,universal,cpp-approved-execution,6,2490.625,10.665,4.871190,4.792184,5.031310,1.000000,1.000000,1.000000
ldc2,33,1,contiguous,original,6,32.812,8.557,1.000000,1.000000,1.000000,4.171959,4.023952,4.228916
ldc2,33,1,contiguous,vector16safe,6,32.739,5.518,1.007069,0.965185,1.024070,4.145552,3.988024,4.285714
ldc2,33,1,contiguous,vector16store,6,33.594,8.212,0.977042,0.967603,0.986060,4.241005,4.158683,4.343373
ldc2,33,1,contiguous,cpp-approved-execution,6,7.947,8.295,4.171959,4.023952,4.228916,1.000000,1.000000,1.000000
ldc2,33,1,negative-both,original,6,41.016,11.369,1.000000,1.000000,1.000000,3.967643,3.960199,4.080092
ldc2,33,1,negative-both,vector16safe,6,40.710,8.516,0.996146,0.988820,1.028641,3.994153,3.879433,4.009153
ldc2,33,1,negative-both,vector16store,6,41.187,12.922,0.972831,0.959118,0.998817,4.073812,3.981087,4.254005
ldc2,33,1,negative-both,cpp-approved-execution,6,10.327,8.274,3.967643,3.960199,4.080092,1.000000,1.000000,1.000000
ldc2,33,1,negative-source,original,6,40.967,17.878,1.000000,1.000000,1.000000,4.002450,3.964539,4.186253
ldc2,33,1,negative-source,vector16safe,6,41.125,13.654,1.005886,0.995848,1.054160,3.974949,3.902500,4.080189
ldc2,33,1,negative-source,vector16store,6,41.895,19.172,0.982911,0.972769,0.997487,4.072966,3.980000,4.259424
ldc2,33,1,negative-source,cpp-approved-execution,6,10.291,12.100,4.002450,3.964539,4.186253,1.000000,1.000000,1.000000
ldc2,33,1,padded,original,6,33.093,8.558,1.000000,1.000000,1.000000,3.266704,3.214118,3.341404
ldc2,33,1,padded,vector16safe,6,32.935,13.047,1.005161,0.975745,1.026835,3.261913,3.183417,3.312349
ldc2,33,1,padded,vector16store,6,33.716,11.731,0.978960,0.950067,0.987518,3.354720,3.294118,3.401937
ldc2,33,1,padded,cpp-approved-execution,6,10.071,10.667,3.266704,3.214118,3.341404,1.000000,1.000000,1.000000
ldc2,33,1,repeated-source,original,6,33.350,9.370,1.000000,1.000000,1.000000,3.243499,3.222222,3.283410
ldc2,33,1,repeated-source,vector16safe,6,33.337,7.909,1.003657,0.997804,1.014957,3.228132,3.223881,3.236407
ldc2,33,1,repeated-source,vector16store,6,34.058,7.814,0.977266,0.971090,0.990271,3.312063,3.288416,3.355721
ldc2,33,1,repeated-source,cpp-approved-execution,6,10.327,7.565,3.243499,3.222222,3.283410,1.000000,1.000000,1.000000
ldc2,33,1,universal,original,6,153.796,10.429,1.000000,1.000000,1.000000,6.703279,5.617153,6.733759
ldc2,33,1,universal,vector16safe,6,152.856,9.072,1.004526,0.989455,1.011785,6.673087,5.551724,6.803812
ldc2,33,1,universal,vector16store,6,157.007,6.920,0.991895,0.934630,1.009662,6.708812,5.630100,7.202915
ldc2,33,1,universal,cpp-approved-execution,6,23.572,24.754,6.703279,5.617153,6.733759,1.000000,1.000000,1.000000
ldc2,33,17,contiguous,original,6,129.229,10.771,1.000000,1.000000,1.000000,1.949036,1.847134,2.033898
ldc2,33,17,contiguous,vector16safe,6,117.559,11.111,1.103769,1.092391,1.113244,1.773988,1.659236,1.850847
ldc2,33,17,contiguous,vector16store,6,117.452,12.944,1.100782,1.085859,1.108987,1.769132,1.665605,1.857627
ldc2,33,17,contiguous,cpp-approved-execution,6,66.809,10.577,1.949036,1.847134,2.033898,1.000000,1.000000,1.000000
ldc2,33,17,negative-both,original,6,321.520,12.321,1.000000,1.000000,1.000000,2.884342,2.757634,2.936937
ldc2,33,17,negative-both,vector16safe,6,315.310,10.458,1.022666,1.013708,1.037556,2.827752,2.704198,2.842205
ldc2,33,17,negative-both,vector16store,6,322.698,16.058,1.013596,0.856043,1.038878,2.827962,2.818713,3.221374
ldc2,33,17,negative-both,cpp-approved-execution,6,112.634,7.985,2.884342,2.757634,2.936937,1.000000,1.000000,1.000000
ldc2,33,17,negative-source,original,6,329.122,11.581,1.000000,1.000000,1.000000,2.884853,2.739130,2.970750
ldc2,33,17,negative-source,vector16safe,6,323.555,11.118,1.022168,0.989078,1.027181,2.822289,2.769376,2.892139
ldc2,33,17,negative-source,vector16store,6,325.375,11.451,1.015176,0.989754,1.020305,2.835561,2.767486,2.925046
ldc2,33,17,negative-source,cpp-approved-execution,6,115.525,10.009,2.884853,2.739130,2.970750,1.000000,1.000000,1.000000
ldc2,33,17,padded,original,6,185.546,10.964,1.000000,1.000000,1.000000,1.619195,1.617375,1.633094
ldc2,33,17,padded,vector16safe,6,172.591,10.670,1.073386,1.063183,1.079245,1.512458,1.500000,1.521257
ldc2,33,17,padded,vector16store,6,173.019,10.767,1.071681,1.068376,1.075188,1.513110,1.505660,1.521583
ldc2,33,17,padded,cpp-approved-execution,6,114.561,10.093,1.619195,1.617375,1.633094,1.000000,1.000000,1.000000
ldc2,33,17,repeated-source,original,6,179.336,6.209,1.000000,1.000000,1.000000,1.553704,1.539961,1.564639
ldc2,33,17,repeated-source,vector16safe,6,166.595,4.756,1.076232,1.061828,1.083763,1.445370,1.436464,1.450292
ldc2,33,17,repeated-source,vector16store,6,166.702,4.753,1.077020,1.063257,1.080873,1.443519,1.436464,1.448669
ldc2,33,17,repeated-source,cpp-approved-execution,6,115.632,5.556,1.553704,1.539961,1.564639,1.000000,1.000000,1.000000
ldc2,33,17,universal,original,6,1717.987,7.927,1.000000,1.000000,1.000000,4.943722,4.902529,5.085583
ldc2,33,17,universal,vector16safe,6,1710.600,8.950,1.003130,0.976898,1.016447,4.923316,4.899267,5.062982
ldc2,33,17,universal,vector16store,6,1705.246,7.823,1.002744,0.990639,1.008887,4.925208,4.859346,5.133641
ldc2,33,17,universal,cpp-approved-execution,6,348.929,10.371,4.943722,4.902529,5.085583,1.000000,1.000000,1.000000
ldc2,33,128,contiguous,original,6,783.065,8.239,1.000000,1.000000,1.000000,1.754075,1.751880,1.763066
ldc2,33,128,contiguous,vector16safe,6,691.935,8.159,1.134911,1.128736,1.137079,1.548244,1.541353,1.553571
ldc2,33,128,contiguous,vector16store,6,691.129,7.701,1.133351,1.131336,1.139640,1.547038,1.545113,1.550000
ldc2,33,128,contiguous,cpp-approved-execution,6,445.968,7.595,1.754075,1.751880,1.763066,1.000000,1.000000,1.000000
ldc2,33,128,negative-both,original,6,1829.839,5.641,1.000000,1.000000,1.000000,2.213450,2.210526,2.262295
ldc2,33,128,negative-both,vector16safe,6,1805.645,5.270,1.013839,1.004468,1.015652,2.183236,2.178030,2.238000
ldc2,33,128,negative-both,vector16store,6,1807.258,7.586,1.012743,1.003571,1.034677,2.185830,2.181287,2.240000
ldc2,33,128,negative-both,cpp-approved-execution,6,827.419,7.797,2.213450,2.210526,2.262295,1.000000,1.000000,1.000000
ldc2,33,128,negative-source,original,6,1831.452,10.128,1.000000,1.000000,1.000000,2.215400,2.212476,2.258000
ldc2,33,128,negative-source,vector16safe,6,1807.258,7.854,1.013635,0.989671,1.027298,2.186520,2.183236,2.237395
ldc2,33,128,negative-source,vector16store,6,1808.871,9.808,1.013380,1.010686,1.032937,2.186487,2.184061,2.189084
ldc2,33,128,negative-source,cpp-approved-execution,6,827.419,9.942,2.215400,2.212476,2.258000,1.000000,1.000000,1.000000
ldc2,33,128,padded,original,6,876.613,6.256,1.000000,1.000000,1.000000,1.060214,1.058000,1.095331
ldc2,33,128,padded,vector16safe,6,769.355,5.241,1.127731,1.125265,1.163223,0.940820,0.938000,0.942000
ldc2,33,128,padded,vector16store,6,770.161,4.817,1.126912,1.123142,1.163223,0.941817,0.939163,0.942116
ldc2,33,128,padded,cpp-approved-execution,6,817.742,5.128,1.060214,1.058000,1.095331,1.000000,1.000000,1.000000
ldc2,33,128,repeated-source,original,6,868.548,7.799,1.000000,1.000000,1.000000,1.049931,1.048733,1.076023
ldc2,33,128,repeated-source,vector16safe,6,770.161,7.330,1.127818,1.127615,1.132924,0.930328,0.927894,0.953216
ldc2,33,128,repeated-source,vector16store,6,769.355,7.338,1.127207,1.125275,1.130612,0.931101,0.929791,0.955166
ldc2,33,128,repeated-source,cpp-approved-execution,6,827.419,7.602,1.049931,1.048733,1.076023,1.000000,1.000000,1.000000
ldc2,33,128,universal,original,6,12436.290,10.739,1.000000,1.000000,1.000000,4.859616,4.739239,4.992523
ldc2,33,128,universal,vector16safe,6,12513.710,12.129,0.992220,0.978441,1.029922,4.863440,4.809684,5.042368
ldc2,33,128,universal,vector16store,6,12451.613,9.391,1.005882,0.993072,1.030210,4.813597,4.768248,4.906542
ldc2,33,128,universal,cpp-approved-execution,6,2585.484,9.919,4.859616,4.739239,4.992523,1.000000,1.000000,1.000000
ldc2,47,1,contiguous,original,6,36.060,10.494,1.000000,1.000000,1.000000,2.755964,2.712302,2.798113
ldc2,47,1,contiguous,vector16safe,6,35.352,8.978,1.008763,0.988575,1.037789,2.697610,2.694444,2.802260
ldc2,47,1,contiguous,vector16store,6,36.243,9.027,0.980030,0.969281,1.016700,2.776689,2.751838,2.886792
ldc2,47,1,contiguous,cpp-approved-execution,6,12.952,7.540,2.755964,2.712302,2.798113,1.000000,1.000000,1.000000
ldc2,47,1,negative-both,original,6,46.240,5.913,1.000000,1.000000,1.000000,3.076299,3.068071,3.125806
ldc2,47,1,negative-both,vector16safe,6,46.008,7.217,0.997139,0.991619,1.018270,3.094010,3.021104,3.138710
ldc2,47,1,negative-both,vector16store,6,47.107,7.722,0.980679,0.955141,0.995095,3.135637,3.125000,3.220779
ldc2,47,1,negative-both,cpp-approved-execution,6,15.039,5.682,3.076299,3.068071,3.125806,1.000000,1.000000,1.000000
ldc2,47,1,negative-source,original,6,46.277,11.870,1.000000,1.000000,1.000000,3.074944,2.996840,3.280389
ldc2,47,1,negative-source,vector16safe,6,46.533,5.771,0.993648,0.991667,1.061353,3.091647,3.018957,3.106796
ldc2,47,1,negative-source,vector16store,6,47.168,6.677,0.980356,0.965886,1.047619,3.134525,3.102686,3.138225
ldc2,47,1,negative-source,cpp-approved-execution,6,15.051,7.786,3.074944,2.996840,3.280389,1.000000,1.000000,1.000000
ldc2,47,1,padded,original,6,36.047,10.159,1.000000,1.000000,1.000000,2.396275,2.392220,2.458671
ldc2,47,1,padded,vector16safe,6,35.779,8.325,1.006819,0.998650,1.035495,2.381640,2.374392,2.398058
ldc2,47,1,padded,vector16store,6,36.853,7.685,0.977305,0.965877,1.003307,2.450327,2.447326,2.514886
ldc2,47,1,padded,cpp-approved-execution,6,15.051,7.624,2.396275,2.392220,2.458671,1.000000,1.000000,1.000000
ldc2,47,1,repeated-source,original,6,36.072,8.799,1.000000,1.000000,1.000000,2.413675,2.393841,2.478964
ldc2,47,1,repeated-source,vector16safe,6,35.779,16.923,1.013497,0.955112,1.045859,2.380992,2.317949,2.595469
ldc2,47,1,repeated-source,vector16store,6,36.780,8.032,0.976119,0.939049,1.011251,2.471304,2.434360,2.552137
ldc2,47,1,repeated-source,cpp-approved-execution,6,15.063,5.348,2.413675,2.393841,2.478964,1.000000,1.000000,1.000000
ldc2,47,1,universal,original,6,196.106,8.914,1.000000,1.000000,1.000000,6.235005,6.204082,6.448518
ldc2,47,1,universal,vector16safe,6,195.093,8.497,1.004403,0.988291,1.023524,6.202005,6.195141,6.405469
ldc2,47,1,universal,vector16store,6,195.679,8.210,1.001706,1.000265,1.007311,6.229870,6.191523,6.401716
ldc2,47,1,universal,cpp-approved-execution,6,31.201,7.590,6.235005,6.204082,6.448518,1.000000,1.000000,1.000000
ldc2,47,17,contiguous,original,6,182.927,6.667,1.000000,1.000000,1.000000,1.966900,1.946372,1.977346
ldc2,47,17,contiguous,vector16safe,6,187.195,5.700,0.976175,0.975248,0.991961,2.015177,1.962145,2.025890
ldc2,47,17,contiguous,vector16store,6,187.805,7.630,0.974001,0.965571,0.976351,2.020206,2.012903,2.027304
ldc2,47,17,contiguous,cpp-approved-execution,6,92.988,7.869,1.966900,1.946372,1.977346,1.000000,1.000000,1.000000
ldc2,47,17,negative-both,original,6,417.988,11.816,1.000000,1.000000,1.000000,2.127369,2.097674,2.264331
ldc2,47,17,negative-both,vector16safe,6,410.518,11.511,1.007059,0.997860,1.059613,2.114137,2.080620,2.153610
ldc2,47,17,negative-both,vector16store,6,410.213,12.114,1.009667,0.992199,1.083841,2.088975,2.083721,2.165899
ldc2,47,17,negative-both,cpp-approved-execution,6,196.646,8.372,2.127369,2.097674,2.264331,1.000000,1.000000,1.000000
ldc2,47,17,negative-source,original,6,414.787,10.217,1.000000,1.000000,1.000000,2.143815,2.112228,2.225755
ldc2,47,17,negative-source,vector16safe,6,401.372,8.507,1.021409,1.012039,1.043219,2.098144,2.083994,2.133545
ldc2,47,17,negative-source,vector16store,6,409.909,10.115,1.008828,0.993506,1.014993,2.138609,2.093802,2.201908
ldc2,47,17,negative-source,cpp-approved-execution,6,191.616,7.796,2.143815,2.112228,2.225755,1.000000,1.000000,1.000000
ldc2,47,17,padded,original,6,246.189,7.430,1.000000,1.000000,1.000000,1.268009,1.264706,1.271357
ldc2,47,17,padded,vector16safe,6,247.104,8.020,0.994949,0.960145,1.023810,1.274981,1.235294,1.318471
ldc2,47,17,padded,vector16store,6,248.628,10.423,0.990820,0.964933,1.020161,1.278606,1.244582,1.316879
ldc2,47,17,padded,cpp-approved-execution,6,194.055,7.698,1.268009,1.264706,1.271357,1.000000,1.000000,1.000000
ldc2,47,17,repeated-source,original,6,240.244,13.959,1.000000,1.000000,1.000000,1.237559,1.224806,1.280543
ldc2,47,17,repeated-source,vector16safe,6,236.280,40.387,1.021260,0.824272,1.030683,1.201278,1.197227,1.553544
ldc2,47,17,repeated-source,vector16store,6,232.927,39.791,1.022061,0.826680,1.041060,1.206642,1.198450,1.549020
ldc2,47,17,repeated-source,cpp-approved-execution,6,194.207,10.361,1.237559,1.224806,1.280543,1.000000,1.000000,1.000000
ldc2,47,17,universal,original,6,2462.043,8.235,1.000000,1.000000,1.000000,4.972556,4.942596,5.061111
ldc2,47,17,universal,vector16safe,6,2424.543,7.432,1.008248,1.000369,1.031414,4.940491,4.816154,5.022222
ldc2,47,17,universal,vector16store,6,2433.994,8.643,1.007973,0.949380,1.026672,4.939147,4.925077,5.206132
ldc2,47,17,universal,cpp-approved-execution,6,493.140,8.470,4.972556,4.942596,5.061111,1.000000,1.000000,1.000000
ldc2,47,128,contiguous,original,6,1126.744,13.003,1.000000,1.000000,1.000000,1.750916,1.741007,1.804054
ldc2,47,128,contiguous,vector16safe,6,1162.791,14.200,0.969972,0.960432,0.979381,1.802974,1.801444,1.878378
ldc2,47,128,contiguous,vector16store,6,1160.465,9.218,0.971516,0.955769,1.003759,1.802626,1.797297,1.830986
ldc2,47,128,contiguous,cpp-approved-execution,6,645.349,9.730,1.750916,1.741007,1.804054,1.000000,1.000000,1.000000
ldc2,47,128,negative-both,original,6,2461.628,5.385,1.000000,1.000000,1.000000,1.723800,1.570162,1.767123
ldc2,47,128,negative-both,vector16safe,6,2465.116,8.019,0.996248,0.971664,1.022795,1.727876,1.615953,1.767521
ldc2,47,128,negative-both,vector16store,6,2467.442,8.294,0.996714,0.967243,0.998115,1.728109,1.623338,1.770548
ldc2,47,128,negative-both,cpp-approved-execution,6,1427.907,15.147,1.723800,1.570162,1.767123,1.000000,1.000000,1.000000
ldc2,47,128,negative-source,original,6,2400.000,5.039,1.000000,1.000000,1.000000,1.722871,1.720000,1.743333
ldc2,47,128,negative-source,vector16safe,6,2409.302,8.784,0.996186,0.957328,1.019250,1.728108,1.690068,1.799666
ldc2,47,128,negative-source,vector16store,6,2415.116,5.200,0.995237,0.987560,1.005769,1.731245,1.727740,1.744574
ldc2,47,128,negative-source,cpp-approved-execution,6,1394.186,5.004,1.722871,1.720000,1.743333,1.000000,1.000000,1.000000
ldc2,47,128,padded,original,6,1287.209,7.227,1.000000,1.000000,1.000000,0.915052,0.879675,0.942105
ldc2,47,128,padded,vector16safe,6,1277.907,5.641,1.024886,0.967800,1.036900,0.902354,0.872786,0.926316
ldc2,47,128,padded,vector16store,6,1259.302,8.680,1.029144,1.013109,1.061265,0.885889,0.868293,0.894137
ldc2,47,128,padded,cpp-approved-execution,6,1429.070,9.276,0.915052,0.879675,0.942105,1.000000,1.000000,1.000000
ldc2,47,128,repeated-source,original,6,1272.093,7.678,1.000000,1.000000,1.000000,0.893606,0.890879,0.896989
ldc2,47,128,repeated-source,vector16safe,6,1318.605,9.347,0.974571,0.930272,1.003546,0.917344,0.893155,0.957655
ldc2,47,128,repeated-source,vector16store,6,1263.953,10.304,1.000601,0.933447,1.038603,0.895939,0.863192,0.954397
ldc2,47,128,repeated-source,cpp-approved-execution,6,1427.907,7.492,0.893606,0.890879,0.896989,1.000000,1.000000,1.000000
ldc2,47,128,universal,original,6,17779.070,7.678,1.000000,1.000000,1.000000,4.889824,4.718301,4.964946
ldc2,47,128,universal,vector16safe,6,17708.140,6.842,1.004786,0.999487,1.012839,4.866039,4.658493,4.967495
ldc2,47,128,universal,vector16store,6,17520.930,5.734,1.009522,0.992659,1.022626,4.838995,4.657297,4.963671
ldc2,47,128,universal,cpp-approved-execution,6,3602.326,11.620,4.889824,4.718301,4.964946,1.000000,1.000000,1.000000
ldc2,63,1,contiguous,original,6,37.769,10.472,1.000000,1.000000,1.000000,2.628224,2.611018,2.648506
ldc2,63,1,contiguous,vector16safe,6,37.769,7.757,1.006558,0.980550,1.009032,2.619219,2.587646,2.686486
ldc2,63,1,contiguous,vector16store,6,38.281,7.143,0.982868,0.970139,1.003088,2.674557,2.623987,2.715315
ldc2,63,1,contiguous,cpp-approved-execution,6,14.429,10.491,2.628224,2.611018,2.648506,1.000000,1.000000,1.000000
ldc2,63,1,negative-both,original,6,52.112,8.995,1.000000,1.000000,1.000000,3.045505,3.000000,3.142045
ldc2,63,1,negative-both,vector16safe,6,52.307,11.062,0.994873,0.958821,1.032680,3.051921,3.042614,3.203898
ldc2,63,1,negative-both,vector16store,6,52.881,8.033,0.980181,0.971090,1.017479,3.098011,3.049798,3.163418
ldc2,63,1,negative-both,cpp-approved-execution,6,17.163,10.811,3.045505,3.000000,3.142045,1.000000,1.000000,1.000000
ldc2,63,1,negative-source,original,6,52.356,22.663,1.000000,1.000000,1.000000,3.053308,3.036550,3.595170
ldc2,63,1,negative-source,vector16safe,6,52.441,6.518,0.994586,0.979875,1.136507,3.064631,3.042674,3.163352
ldc2,63,1,negative-source,vector16store,6,53.052,4.694,0.983208,0.972883,1.148367,3.108665,3.085349,3.151424
ldc2,63,1,negative-source,cpp-approved-execution,6,17.175,5.259,3.053308,3.036550,3.595170,1.000000,1.000000,1.000000
ldc2,63,1,padded,original,6,38.379,4.517,1.000000,1.000000,1.000000,2.231341,2.190612,2.284858
ldc2,63,1,padded,vector16safe,6,38.440,6.859,1.006015,0.980892,1.030403,2.232835,2.152205,2.246088
ldc2,63,1,padded,vector16store,6,39.148,5.426,0.988589,0.951204,0.996252,2.276085,2.226174,2.307346
ldc2,63,1,padded,cpp-approved-execution,6,17.163,7.966,2.231341,2.190612,2.284858,1.000000,1.000000,1.000000
ldc2,63,1,repeated-source,original,6,38.293,10.073,1.000000,1.000000,1.000000,2.214056,2.152924,2.327007
ldc2,63,1,repeated-source,vector16safe,6,37.976,7.072,0.997143,0.958088,1.030519,2.225300,2.190612,2.318248
ldc2,63,1,repeated-source,vector16store,6,38.208,8.498,0.982571,0.963768,1.017308,2.233635,2.217391,2.353285
ldc2,63,1,repeated-source,cpp-approved-execution,6,16.943,7.349,2.214056,2.152924,2.327007,1.000000,1.000000,1.000000
ldc2,63,1,universal,original,6,250.647,8.007,1.000000,1.000000,1.000000,6.131536,5.517497,6.258368
ldc2,63,1,universal,vector16safe,6,249.756,8.328,1.003709,0.985697,1.013498,6.108953,5.597561,6.199060
ldc2,63,1,universal,vector16store,6,248.291,9.469,1.013610,1.000988,1.022879,6.073910,5.428950,6.211979
ldc2,63,1,universal,cpp-approved-execution,6,41.467,18.487,6.131536,5.517497,6.258368,1.000000,1.000000,1.000000
ldc2,63,17,contiguous,original,6,207.787,8.087,1.000000,1.000000,1.000000,1.727273,1.702797,1.772109
ldc2,63,17,contiguous,vector16safe,6,202.664,6.673,1.028611,1.022449,1.039920,1.672494,1.660839,1.704082
ldc2,63,17,contiguous,vector16store,6,207.787,5.128,1.011055,0.951830,1.035785,1.714028,1.676871,1.814685
ldc2,63,17,contiguous,cpp-approved-execution,6,120.492,6.463,1.727273,1.702797,1.772109,1.000000,1.000000,1.000000
ldc2,63,17,negative-both,original,6,505.533,21.240,1.000000,1.000000,1.000000,2.203344,2.085616,2.461938
ldc2,63,17,negative-both,vector16safe,6,507.787,12.349,1.009098,0.983845,1.092934,2.185742,2.119863,2.252595
ldc2,63,17,negative-both,vector16store,6,509.426,9.976,1.007836,0.955294,1.118711,2.188384,2.183219,2.200692
ldc2,63,17,negative-both,cpp-approved-execution,6,232.787,10.387,2.203344,2.085616,2.461938,1.000000,1.000000,1.000000
ldc2,63,17,negative-source,original,6,502.049,13.306,1.000000,1.000000,1.000000,2.186862,2.158756,2.241935
ldc2,63,17,negative-source,vector16safe,6,490.369,12.453,1.010307,1.001652,1.046531,2.171823,2.122083,2.187037
ldc2,63,17,negative-source,vector16store,6,497.746,10.704,1.002462,0.998354,1.030478,2.180287,2.103110,2.211849
ldc2,63,17,negative-source,cpp-approved-execution,6,228.279,14.542,2.186862,2.158756,2.241935,1.000000,1.000000,1.000000
ldc2,63,17,padded,original,6,271.107,9.826,1.000000,1.000000,1.000000,1.163795,1.161121,1.214411
ldc2,63,17,padded,vector16safe,6,272.131,8.133,0.999264,0.986607,1.034431,1.169422,1.161710,1.195423
ldc2,63,17,padded,vector16store,6,282.992,10.427,0.970018,0.935860,1.019549,1.224556,1.169145,1.242754
ldc2,63,17,padded,cpp-approved-execution,6,232.582,5.815,1.163795,1.161121,1.214411,1.000000,1.000000,1.000000
ldc2,63,17,repeated-source,original,6,261.680,13.782,1.000000,1.000000,1.000000,1.131041,1.125442,1.195876
ldc2,63,17,repeated-source,vector16safe,6,266.598,13.836,0.988923,0.980000,0.995090,1.148279,1.135688,1.204467
ldc2,63,17,repeated-source,vector16store,6,263.320,20.856,0.993774,0.935484,1.004658,1.135802,1.132509,1.278351
ldc2,63,17,repeated-source,cpp-approved-execution,6,232.172,7.767,1.131041,1.125442,1.195876,1.000000,1.000000,1.000000
ldc2,63,17,universal,original,6,3312.910,10.763,1.000000,1.000000,1.000000,5.145489,5.110345,5.382316
ldc2,63,17,universal,vector16safe,6,3292.213,9.312,1.006334,0.996848,1.017436,5.136741,5.097806,5.290076
ldc2,63,17,universal,vector16store,6,3330.123,8.639,0.995728,0.949825,1.011050,5.175353,5.137304,5.407307
ldc2,63,17,universal,cpp-approved-execution,6,640.779,9.914,5.145489,5.110345,5.382316,1.000000,1.000000,1.000000
ldc2,63,128,contiguous,original,6,1335.938,11.696,1.000000,1.000000,1.000000,1.338710,1.329154,1.343465
ldc2,63,128,contiguous,vector16safe,6,1309.375,13.365,1.026576,1.013187,1.030303,1.306181,1.299674,1.318841
ldc2,63,128,contiguous,vector16store,6,1325.000,12.736,1.016398,0.986047,1.032020,1.319619,1.297125,1.347962
ldc2,63,128,contiguous,cpp-approved-execution,6,1000.000,11.875,1.338710,1.329154,1.343465,1.000000,1.000000,1.000000
ldc2,63,128,negative-both,original,6,3185.938,12.653,1.000000,1.000000,1.000000,1.903616,1.880074,2.057361
ldc2,63,128,negative-both,vector16safe,6,3115.625,9.529,1.003359,0.999020,1.076000,1.882311,1.875472,1.918969
ldc2,63,128,negative-both,vector16store,6,3120.312,10.816,0.999510,0.994313,1.072782,1.883099,1.875472,1.942910
ldc2,63,128,negative-both,cpp-approved-execution,6,1645.312,7.597,1.903616,1.880074,2.057361,1.000000,1.000000,1.000000
ldc2,63,128,negative-source,original,6,3153.125,5.352,1.000000,1.000000,1.000000,1.884684,1.881356,1.922642
ldc2,63,128,negative-source,vector16safe,6,3118.750,5.311,0.999510,0.997942,1.023092,1.885417,1.879245,1.887379
ldc2,63,128,negative-source,vector16store,6,3117.188,8.321,0.998971,0.971537,1.023092,1.886341,1.879245,1.941068
ldc2,63,128,negative-source,cpp-approved-execution,6,1657.812,5.278,1.884684,1.881356,1.922642,1.000000,1.000000,1.000000
ldc2,63,128,padded,original,6,1406.250,10.222,1.000000,1.000000,1.000000,0.850662,0.842718,0.852273
ldc2,63,128,padded,vector16safe,6,1434.375,8.497,0.980392,0.978261,0.995798,0.868231,0.850000,0.869565
ldc2,63,128,padded,vector16store,6,1407.812,14.206,0.998891,0.963415,1.011655,0.852412,0.833010,0.878571
ldc2,63,128,padded,cpp-approved-execution,6,1651.562,10.785,0.850662,0.842718,0.852273,1.000000,1.000000,1.000000
ldc2,63,128,repeated-source,original,6,1450.000,18.534,1.000000,1.000000,1.000000,0.856866,0.828299,0.869903
ldc2,63,128,repeated-source,vector16safe,6,1450.000,11.207,1.006880,0.981289,1.080913,0.851650,0.766296,0.865314
ldc2,63,128,repeated-source,vector16store,6,1451.562,12.917,1.011625,0.959315,1.072016,0.847020,0.772655,0.906796
ldc2,63,128,repeated-source,cpp-approved-execution,6,1692.188,23.269,0.856866,0.828299,0.869903,1.000000,1.000000,1.000000
ldc2,63,128,universal,original,6,24317.188,5.192,1.000000,1.000000,1.000000,5.115350,4.998110,5.259959
ldc2,63,128,universal,vector16safe,6,24215.625,3.781,1.002978,0.992616,1.009481,5.104772,4.963453,5.270327
ldc2,63,128,universal,vector16store,6,24076.562,7.372,1.008242,1.003606,1.032883,5.081031,4.972905,5.095144
ldc2,63,128,universal,cpp-approved-execution,6,4746.875,9.743,5.115350,4.998110,5.259959,1.000000,1.000000,1.000000
ldc2,64,1,contiguous,original,6,35.352,10.359,1.000000,1.000000,1.000000,3.366045,3.354115,3.444181
ldc2,64,1,contiguous,vector16safe,6,34.607,13.616,1.006627,0.984512,1.024011,3.362508,3.304348,3.421659
ldc2,64,1,contiguous,vector16store,6,35.852,11.645,0.973222,0.957181,1.000000,3.462138,3.438903,3.515366
ldc2,64,1,contiguous,cpp-approved-execution,6,10.303,10.190,3.366045,3.354115,3.444181,1.000000,1.000000,1.000000
ldc2,64,1,negative-both,original,6,51.184,11.209,1.000000,1.000000,1.000000,3.707358,3.701571,3.819757
ldc2,64,1,negative-both,vector16safe,6,52.014,9.012,0.995366,0.974142,1.015200,3.726467,3.716912,3.805009
ldc2,64,1,negative-both,vector16store,6,52.612,7.935,0.983922,0.960148,1.011938,3.777179,3.753676,3.860465
ldc2,64,1,negative-both,cpp-approved-execution,6,13.818,8.127,3.707358,3.701571,3.819757,1.000000,1.000000,1.000000
ldc2,64,1,negative-source,original,6,51.807,10.085,1.000000,1.000000,1.000000,3.713809,3.706564,3.788909
ldc2,64,1,negative-source,vector16safe,6,51.978,9.723,0.995081,0.986816,0.998591,3.734160,3.715532,3.808587
ldc2,64,1,negative-source,vector16store,6,52.844,12.289,0.979117,0.957810,0.983387,3.789962,3.773124,3.888307
ldc2,64,1,negative-source,cpp-approved-execution,6,13.818,9.894,3.713809,3.706564,3.788909,1.000000,1.000000,1.000000
ldc2,64,1,padded,original,6,35.449,9.711,1.000000,1.000000,1.000000,2.534904,2.532819,2.592857
ldc2,64,1,padded,vector16safe,6,35.059,9.749,1.004884,0.998478,1.014675,2.533573,2.514834,2.555357
ldc2,64,1,padded,vector16store,6,35.449,10.193,0.977463,0.975151,1.001378,2.596605,2.532286,2.598604
ldc2,64,1,padded,cpp-approved-execution,6,13.831,9.709,2.534904,2.532819,2.592857,1.000000,1.000000,1.000000
ldc2,64,1,repeated-source,original,6,35.413,7.308,1.000000,1.000000,1.000000,2.572330,2.533088,2.595104
ldc2,64,1,repeated-source,vector16safe,6,34.790,8.070,1.017241,0.999320,1.039216,2.533385,2.492147,2.556522
ldc2,64,1,repeated-source,vector16store,6,36.194,7.555,0.977586,0.966447,0.997312,2.621371,2.596859,2.651601
ldc2,64,1,repeated-source,cpp-approved-execution,6,13.806,7.781,2.572330,2.533088,2.595104,1.000000,1.000000,1.000000
ldc2,64,1,universal,original,6,252.515,7.754,1.000000,1.000000,1.000000,6.056105,5.266345,6.152237
ldc2,64,1,universal,vector16safe,6,252.417,9.508,1.001653,0.961828,1.013073,6.013041,5.475348,6.085997
ldc2,64,1,universal,vector16store,6,252.722,8.888,0.999168,0.977033,1.008765,6.042350,5.390139,6.104415
ldc2,64,1,universal,cpp-approved-execution,6,42.004,16.797,6.056105,5.266345,6.152237,1.000000,1.000000,1.000000
ldc2,64,17,contiguous,original,6,180.833,7.373,1.000000,1.000000,1.000000,1.486301,1.480144,1.508532
ldc2,64,17,contiguous,vector16safe,6,180.833,6.912,1.002350,0.995402,1.004619,1.486740,1.478417,1.505119
ldc2,64,17,contiguous,vector16store,6,181.250,7.126,0.998853,0.992736,1.002433,1.492063,1.478417,1.508532
ldc2,64,17,contiguous,cpp-approved-execution,6,121.667,5.479,1.486301,1.480144,1.508532,1.000000,1.000000,1.000000
ldc2,64,17,negative-both,original,6,517.083,6.285,1.000000,1.000000,1.000000,3.087459,3.051980,3.133333
ldc2,64,17,negative-both,vector16safe,6,511.250,9.046,1.015030,1.002400,1.031607,3.037231,3.036458,3.048780
ldc2,64,17,negative-both,vector16store,6,512.292,9.679,1.013749,0.995234,1.030702,3.045586,3.037129,3.070732
ldc2,64,17,negative-both,cpp-approved-execution,6,168.333,8.663,3.087459,3.051980,3.133333,1.000000,1.000000,1.000000
ldc2,64,17,negative-source,original,6,508.542,7.456,1.000000,1.000000,1.000000,3.070891,3.058376,3.180203
ldc2,64,17,negative-source,vector16safe,6,500.417,5.079,1.004654,0.967527,1.042465,3.049492,2.972772,3.177249
ldc2,64,17,negative-source,vector16store,6,501.042,5.489,1.005066,0.968333,1.042429,3.051371,2.977723,3.174603
ldc2,64,17,negative-source,cpp-approved-execution,6,164.167,6.599,3.070891,3.058376,3.180203,1.000000,1.000000,1.000000
ldc2,64,17,padded,original,6,224.167,4.647,1.000000,1.000000,1.000000,1.367147,1.362963,1.376289
ldc2,64,17,padded,vector16safe,6,223.958,5.395,1.000906,0.994413,1.020873,1.365457,1.337563,1.384021
ldc2,64,17,padded,vector16store,6,225.417,4.991,0.997292,0.988889,1.007491,1.371841,1.355330,1.391753
ldc2,64,17,padded,cpp-approved-execution,6,164.167,5.330,1.367147,1.362963,1.376289,1.000000,1.000000,1.000000
ldc2,64,17,repeated-source,original,6,221.875,7.700,1.000000,1.000000,1.000000,1.316578,1.306878,1.321782
ldc2,64,17,repeated-source,vector16safe,6,221.250,7.533,1.001881,0.997980,1.005639,1.311552,1.308642,1.324257
ldc2,64,17,repeated-source,vector16store,6,222.083,8.068,1.000936,0.988827,1.001876,1.318913,1.306878,1.325926
ldc2,64,17,repeated-source,cpp-approved-execution,6,168.333,6.683,1.316578,1.306878,1.321782,1.000000,1.000000,1.000000
ldc2,64,17,universal,original,6,3387.292,9.041,1.000000,1.000000,1.000000,5.137903,5.063990,5.233758
ldc2,64,17,universal,vector16safe,6,3382.083,9.573,1.003898,0.968206,1.037510,5.117975,4.912348,5.333111
ldc2,64,17,universal,vector16store,6,3382.917,6.306,1.004980,0.996051,1.026045,5.112340,4.978887,5.180892
ldc2,64,17,universal,cpp-approved-execution,6,658.958,9.548,5.137903,5.063990,5.233758,1.000000,1.000000,1.000000
ldc2,64,128,contiguous,original,6,1110.938,6.751,1.000000,1.000000,1.000000,1.092495,1.083333,1.106250
ldc2,64,128,contiguous,vector16safe,6,1104.688,6.789,0.998615,0.994429,1.017241,1.092950,1.083333,1.097859
ldc2,64,128,contiguous,vector16store,6,1104.688,7.072,0.998630,0.997207,1.014327,1.091936,1.086310,1.097264
ldc2,64,128,contiguous,cpp-approved-execution,6,1010.938,7.728,1.092495,1.083333,1.106250,1.000000,1.000000,1.000000
ldc2,64,128,negative-both,original,6,3143.750,5.070,1.000000,1.000000,1.000000,2.630066,2.618321,2.692308
ldc2,64,128,negative-both,vector16safe,6,3143.750,9.742,1.000511,0.975355,1.024033,2.629077,2.625654,2.684478
ldc2,64,128,negative-both,vector16store,6,3137.500,7.470,1.001506,0.999030,1.025105,2.627323,2.554707,2.630102
ldc2,64,128,negative-both,cpp-approved-execution,6,1195.312,7.582,2.630066,2.618321,2.692308,1.000000,1.000000,1.000000
ldc2,64,128,negative-source,original,6,3143.750,5.368,1.000000,1.000000,1.000000,2.624329,2.612987,2.635417
ldc2,64,128,negative-source,vector16safe,6,3137.500,6.175,1.000498,0.994106,1.002991,2.624010,2.605195,2.651042
ldc2,64,128,negative-source,vector16store,6,3142.188,5.172,1.000498,1.000000,1.003968,2.623198,2.610390,2.626632
ldc2,64,128,negative-source,cpp-approved-execution,6,1198.438,5.215,2.624329,2.612987,2.635417,1.000000,1.000000,1.000000
ldc2,64,128,padded,original,6,1156.250,14.595,1.000000,1.000000,1.000000,0.984982,0.978667,0.997567
ldc2,64,128,padded,vector16safe,6,1148.438,14.694,1.001366,0.997326,1.008130,0.982749,0.976000,0.997567
ldc2,64,128,padded,vector16store,6,1160.938,13.190,1.001332,0.958225,1.010870,0.985424,0.983471,1.021333
ldc2,64,128,padded,cpp-approved-execution,6,1168.750,12.834,0.984982,0.978667,0.997567,1.000000,1.000000,1.000000
ldc2,64,128,repeated-source,original,6,1167.188,9.906,1.000000,1.000000,1.000000,0.949875,0.927318,0.984334
ldc2,64,128,repeated-source,vector16safe,6,1164.062,10.201,1.002653,1.000000,1.002933,0.948622,0.924812,0.981723
ldc2,64,128,repeated-source,vector16store,6,1165.625,10.188,1.001323,1.000000,1.002933,0.948622,0.924812,0.984334
ldc2,64,128,repeated-source,cpp-approved-execution,6,1221.875,9.719,0.949875,0.927318,0.984334,1.000000,1.000000,1.000000
ldc2,64,128,universal,original,6,24960.938,9.515,1.000000,1.000000,1.000000,5.112601,5.092288,5.217065
ldc2,64,128,universal,vector16safe,6,24653.125,9.000,1.016994,0.984460,1.031166,5.055596,4.969027,5.199741
ldc2,64,128,universal,vector16store,6,24803.125,12.234,1.010570,0.982584,1.031166,5.057641,5.005057,5.282294
ldc2,64,128,universal,cpp-approved-execution,6,4887.500,7.801,5.112601,5.092288,5.217065,1.000000,1.000000,1.000000
ldc2,65,1,contiguous,original,6,35.938,7.867,1.000000,1.000000,1.000000,3.260603,3.255814,3.299320
ldc2,65,1,contiguous,vector16safe,6,36.434,7.897,1.000002,0.982970,1.002147,3.260482,3.248837,3.333333
ldc2,65,1,contiguous,vector16store,6,37.165,10.477,0.975886,0.962000,1.028655,3.341054,3.165116,3.401361
ldc2,65,1,contiguous,cpp-approved-execution,6,10.938,7.937,3.260603,3.255814,3.299320,1.000000,1.000000,1.000000
ldc2,65,1,negative-both,original,6,52.716,16.843,1.000000,1.000000,1.000000,3.539539,3.488487,3.904448
ldc2,65,1,negative-both,vector16safe,6,52.889,13.787,1.000387,0.994374,1.032230,3.533674,3.475694,3.782537
ldc2,65,1,negative-both,vector16store,6,53.609,14.249,0.984485,0.981036,1.005515,3.588138,3.555921,3.883031
ldc2,65,1,negative-both,cpp-approved-execution,6,15.055,5.272,3.539539,3.488487,3.904448,1.000000,1.000000,1.000000
ldc2,65,1,negative-source,original,6,52.741,10.063,1.000000,1.000000,1.000000,3.498353,3.418941,3.602369
ldc2,65,1,negative-source,vector16safe,6,53.336,10.695,0.991267,0.974828,0.996449,3.518122,3.451839,3.659898
ldc2,65,1,negative-source,vector16store,6,53.534,11.073,0.982439,0.962060,1.010441,3.556952,3.502627,3.634740
ldc2,65,1,negative-source,cpp-approved-execution,6,15.055,8.567,3.498353,3.418941,3.602369,1.000000,1.000000,1.000000
ldc2,65,1,padded,original,6,36.892,10.017,1.000000,1.000000,1.000000,2.433158,2.430605,2.495881
ldc2,65,1,padded,vector16safe,6,36.843,9.626,1.001396,0.990648,1.012212,2.441462,2.404568,2.472131
ldc2,65,1,padded,vector16store,6,37.475,9.662,0.977902,0.955913,1.000661,2.496297,2.460033,2.542705
ldc2,65,1,padded,cpp-approved-execution,6,15.092,8.381,2.433158,2.430605,2.495881,1.000000,1.000000,1.000000
ldc2,65,1,repeated-source,original,6,36.062,10.179,1.000000,1.000000,1.000000,2.429882,2.370558,2.474048
ldc2,65,1,repeated-source,vector16safe,6,35.888,10.228,1.002090,0.981408,1.019971,2.423203,2.404399,2.468852
ldc2,65,1,repeated-source,vector16store,6,36.930,10.343,0.978121,0.954360,0.997211,2.482763,2.475410,2.541872
ldc2,65,1,repeated-source,cpp-approved-execution,6,14.881,10.500,2.429882,2.370558,2.474048,1.000000,1.000000,1.000000
ldc2,65,1,universal,original,6,255.432,10.224,1.000000,1.000000,1.000000,6.077844,5.532488,6.226744
ldc2,65,1,universal,vector16safe,6,256.052,10.248,1.002957,0.986902,1.009196,6.047791,5.525612,6.178488
ldc2,65,1,universal,vector16store,6,255.952,6.231,0.994333,0.966957,1.007526,6.090412,5.569466,6.293006
ldc2,65,1,universal,cpp-approved-execution,6,42.572,17.827,6.077844,5.532488,6.226744,1.000000,1.000000,1.000000
ldc2,65,17,contiguous,original,6,189.873,10.667,1.000000,1.000000,1.000000,1.552705,1.486755,1.571429
ldc2,65,17,contiguous,vector16safe,6,182.278,10.185,1.035921,1.030660,1.055814,1.483788,1.437086,1.514286
ldc2,65,17,contiguous,vector16store,6,183.755,8.955,1.030238,1.024096,1.041850,1.500977,1.443709,1.515679
ldc2,65,17,contiguous,cpp-approved-execution,6,122.363,8.276,1.552705,1.486755,1.571429,1.000000,1.000000,1.000000
ldc2,65,17,negative-both,original,6,529.958,19.904,1.000000,1.000000,1.000000,2.771691,2.719409,3.025974
ldc2,65,17,negative-both,vector16safe,6,517.722,11.980,1.011128,1.010152,1.123794,2.709205,2.689873,2.756264
ldc2,65,17,negative-both,vector16store,6,521.941,19.402,1.011866,1.008607,1.105138,2.732789,2.696203,2.881988
ldc2,65,17,negative-both,cpp-approved-execution,6,190.084,13.319,2.771691,2.719409,3.025974,1.000000,1.000000,1.000000
ldc2,65,17,negative-source,original,6,515.823,6.953,1.000000,1.000000,1.000000,2.730643,2.717105,2.848131
ldc2,65,17,negative-source,vector16safe,6,509.283,10.771,1.011845,0.975000,1.015319,2.722208,2.682648,2.810748
ldc2,65,17,negative-source,vector16store,6,507.173,9.983,1.004233,0.977129,1.061847,2.726243,2.682243,2.780702
ldc2,65,17,negative-source,cpp-approved-execution,6,187.342,7.658,2.730643,2.717105,2.848131,1.000000,1.000000,1.000000
ldc2,65,17,padded,original,6,250.633,8.586,1.000000,1.000000,1.000000,1.297412,1.269147,1.327511
ldc2,65,17,padded,vector16safe,6,235.232,9.148,1.060599,1.045956,1.070423,1.225552,1.196937,1.240175
ldc2,65,17,padded,vector16store,6,238.397,8.319,1.054888,1.032028,1.070423,1.232359,1.218029,1.240175
ldc2,65,17,padded,cpp-approved-execution,6,193.038,9.617,1.297412,1.269147,1.327511,1.000000,1.000000,1.000000
ldc2,65,17,repeated-source,original,6,242.616,9.913,1.000000,1.000000,1.000000,1.260107,1.247289,1.265403
ldc2,65,17,repeated-source,vector16safe,6,229.536,8.640,1.061630,1.055046,1.074545,1.187357,1.165254,1.192560
ldc2,65,17,repeated-source,vector16store,6,229.958,8.624,1.058255,1.053114,1.072595,1.192901,1.167373,1.194748
ldc2,65,17,repeated-source,cpp-approved-execution,6,193.038,10.929,1.260107,1.247289,1.265403,1.000000,1.000000,1.000000
ldc2,65,17,universal,original,6,3468.354,12.737,1.000000,1.000000,1.000000,5.149130,5.083907,5.456859
ldc2,65,17,universal,vector16safe,6,3416.456,14.610,1.009756,0.997957,1.051407,5.083576,5.046963,5.468032
ldc2,65,17,universal,vector16store,6,3412.025,11.352,1.013919,1.001552,1.026812,5.122909,4.951158,5.369336
ldc2,65,17,universal,cpp-approved-execution,6,673.840,6.825,5.149130,5.083907,5.456859,1.000000,1.000000,1.000000
ldc2,65,128,contiguous,original,6,1195.161,7.827,1.000000,1.000000,1.000000,1.153847,1.148607,1.161491
ldc2,65,128,contiguous,vector16safe,6,1148.387,7.303,1.043316,1.039216,1.047619,1.105823,1.102484,1.108696
ldc2,65,128,contiguous,vector16store,6,1143.548,7.334,1.044725,1.041420,1.046703,1.105479,1.099071,1.114907
ldc2,65,128,contiguous,cpp-approved-execution,6,1038.710,7.453,1.153847,1.148607,1.161491,1.000000,1.000000,1.000000
ldc2,65,128,negative-both,original,6,3248.387,9.434,1.000000,1.000000,1.000000,2.426235,2.397647,2.458629
ldc2,65,128,negative-both,vector16safe,6,3245.161,10.835,1.001059,0.987654,1.005888,2.422514,2.402353,2.489362
ldc2,65,128,negative-both,vector16store,6,3243.548,8.553,1.001498,1.000000,1.008729,2.424359,2.395294,2.437352
ldc2,65,128,negative-both,cpp-approved-execution,6,1338.710,8.434,2.426235,2.397647,2.458629,1.000000,1.000000,1.000000
ldc2,65,128,negative-source,original,6,3164.516,9.378,1.000000,1.000000,1.000000,2.418272,2.416880,2.453012
ldc2,65,128,negative-source,vector16safe,6,3162.903,9.791,1.000000,0.997062,1.001081,2.418440,2.415144,2.460241
ldc2,65,128,negative-source,vector16store,6,3166.129,9.781,0.999509,0.998039,1.002165,2.419460,2.412533,2.457831
ldc2,65,128,negative-source,cpp-approved-execution,6,1308.065,9.371,2.418272,2.416880,2.453012,1.000000,1.000000,1.000000
ldc2,65,128,padded,original,6,1259.677,7.170,1.000000,1.000000,1.000000,0.962017,0.959799,0.982885
ldc2,65,128,padded,vector16safe,6,1191.935,7.307,1.055873,1.055096,1.069149,0.911772,0.909548,0.919315
ldc2,65,128,padded,vector16store,6,1190.323,7.317,1.058091,1.052356,1.069149,0.913236,0.907035,0.919315
ldc2,65,128,padded,cpp-approved-execution,6,1301.613,7.187,0.962017,0.959799,0.982885,1.000000,1.000000,1.000000
ldc2,65,128,repeated-source,original,6,1270.968,7.868,1.000000,1.000000,1.000000,0.953406,0.940230,0.972292
ldc2,65,128,repeated-source,vector16safe,6,1179.032,12.312,1.080736,1.038071,1.102857,0.883208,0.878788,0.905747
ldc2,65,128,repeated-source,vector16store,6,1177.419,10.411,1.079189,1.054124,1.084881,0.884822,0.878788,0.904282
ldc2,65,128,repeated-source,cpp-approved-execution,6,1330.645,9.212,0.953406,0.940230,0.972292,1.000000,1.000000,1.000000
ldc2,65,128,universal,original,6,25390.323,8.614,1.000000,1.000000,1.000000,5.093798,4.989796,5.303430
ldc2,65,128,universal,vector16safe,6,25466.129,8.069,1.008134,0.985142,1.014511,5.065466,4.996589,5.227573
ldc2,65,128,universal,vector16store,6,25190.323,8.580,1.007790,0.997323,1.018654,5.031761,4.998714,5.260554
ldc2,65,128,universal,cpp-approved-execution,6,4953.226,8.206,5.093798,4.989796,5.303430,1.000000,1.000000,1.000000
ldc2,95,1,contiguous,original,6,41.066,9.620,1.000000,1.000000,1.000000,2.342217,2.233546,2.420382
ldc2,95,1,contiguous,vector16safe,6,40.939,12.129,0.989627,0.964407,1.035682,2.366738,2.214437,2.458599
ldc2,95,1,contiguous,vector16store,6,41.265,17.830,0.977361,0.874040,1.015138,2.397539,2.369427,2.640974
ldc2,95,1,contiguous,cpp-approved-execution,6,17.180,6.329,2.342217,2.233546,2.420382,1.000000,1.000000,1.000000
ldc2,95,1,negative-both,original,6,63.012,5.349,1.000000,1.000000,1.000000,3.010059,2.972927,3.057627
ldc2,95,1,negative-both,vector16safe,6,63.211,5.275,1.005088,0.993778,1.020871,2.994028,2.983986,2.998305
ldc2,95,1,negative-both,vector16store,6,63.954,6.517,0.992316,0.971792,1.011223,3.031899,3.012456,3.059222
ldc2,95,1,negative-both,cpp-approved-execution,6,21.113,4.979,3.010059,2.972927,3.057627,1.000000,1.000000,1.000000
ldc2,95,1,negative-source,original,6,63.664,6.092,1.000000,1.000000,1.000000,2.977376,2.971235,3.001692
ldc2,95,1,negative-source,vector16safe,6,64.027,8.661,0.996602,0.970702,1.006643,2.995767,2.957143,3.060914
ldc2,95,1,negative-source,vector16store,6,64.679,8.574,0.981590,0.979456,1.006035,3.027469,2.958929,3.062606
ldc2,95,1,negative-source,cpp-approved-execution,6,21.385,5.254,2.977376,2.971235,3.001692,1.000000,1.000000,1.000000
ldc2,95,1,padded,original,6,41.609,8.537,1.000000,1.000000,1.000000,1.937544,1.912500,1.965201
ldc2,95,1,padded,vector16safe,6,41.700,8.953,0.986835,0.967480,1.011535,1.974650,1.910169,1.983165
ldc2,95,1,padded,vector16store,6,42.461,9.560,0.976318,0.958818,0.984404,1.987152,1.974790,2.023569
ldc2,95,1,padded,cpp-approved-execution,6,21.457,9.966,1.937544,1.912500,1.965201,1.000000,1.000000,1.000000
ldc2,95,1,repeated-source,original,6,41.990,10.531,1.000000,1.000000,1.000000,1.946702,1.914783,2.015652
ldc2,95,1,repeated-source,vector16safe,6,41.664,9.917,0.989375,0.956560,1.020264,1.971848,1.923729,2.040000
ldc2,95,1,repeated-source,vector16store,6,42.515,10.571,0.972556,0.897311,1.000000,2.014303,2.000000,2.133913
ldc2,95,1,repeated-source,cpp-approved-execution,6,20.859,10.252,1.946702,1.914783,2.015652,1.000000,1.000000,1.000000
ldc2,95,1,universal,original,6,348.369,5.369,1.000000,1.000000,1.000000,5.407244,5.250684,5.448819
ldc2,95,1,universal,vector16safe,6,343.422,10.786,1.014544,0.980132,1.037205,5.315593,5.224959,5.468404
ldc2,95,1,universal,vector16store,6,347.427,6.197,1.005716,0.988100,1.011246,5.351972,5.232622,5.490909
ldc2,95,1,universal,cpp-approved-execution,6,64.607,7.798,5.407244,5.250684,5.448819,1.000000,1.000000,1.000000
ldc2,95,17,contiguous,original,6,277.160,7.350,1.000000,1.000000,1.000000,1.543317,1.505017,1.561837
ldc2,95,17,contiguous,vector16safe,6,262.963,7.042,1.057103,1.034483,1.076923,1.454849,1.434483,1.477032
ldc2,95,17,contiguous,vector16store,6,266.049,6.961,1.041021,1.002342,1.076923,1.476949,1.434483,1.552727
ldc2,95,17,contiguous,cpp-approved-execution,6,181.790,8.489,1.543317,1.505017,1.561837,1.000000,1.000000,1.000000
ldc2,95,17,negative-both,original,6,691.667,25.524,1.000000,1.000000,1.000000,2.333333,2.330561,2.595010
ldc2,95,17,negative-both,vector16safe,6,688.580,25.190,1.005072,1.003472,1.008203,2.321541,2.318376,2.573896
ldc2,95,17,negative-both,vector16store,6,688.889,26.165,1.003168,0.994836,1.004713,2.324920,2.321663,2.596929
ldc2,95,17,negative-both,cpp-approved-execution,6,296.605,13.319,2.333333,2.330561,2.595010,1.000000,1.000000,1.000000
ldc2,95,17,negative-source,original,6,692.284,14.267,1.000000,1.000000,1.000000,2.354046,2.275053,2.483806
ldc2,95,17,negative-source,vector16safe,6,690.123,10.018,1.013726,1.001787,1.046036,2.314612,2.262260,2.374494
ldc2,95,17,negative-source,vector16store,6,685.494,9.995,1.010041,0.998165,1.045145,2.316624,2.266525,2.379913
ldc2,95,17,negative-source,cpp-approved-execution,6,296.605,7.908,2.354046,2.275053,2.483806,1.000000,1.000000,1.000000
ldc2,95,17,padded,original,6,322.222,6.322,1.000000,1.000000,1.000000,1.081026,1.079167,1.086694
ldc2,95,17,padded,vector16safe,6,320.062,5.400,1.009863,1.000000,1.020833,1.069631,1.064516,1.080412
ldc2,95,17,padded,vector16store,6,320.370,5.588,1.009580,1.001912,1.018904,1.070760,1.066532,1.078351
ldc2,95,17,padded,cpp-approved-execution,6,298.148,5.797,1.081026,1.079167,1.086694,1.000000,1.000000,1.000000
ldc2,95,17,repeated-source,original,6,314.198,11.788,1.000000,1.000000,1.000000,1.060417,1.056795,1.092184
ldc2,95,17,repeated-source,vector16safe,6,311.420,7.730,1.011108,1.007921,1.052124,1.047397,1.038076,1.052083
ldc2,95,17,repeated-source,vector16store,6,312.346,8.300,1.007128,1.003945,1.042065,1.051397,1.047917,1.056250
ldc2,95,17,repeated-source,cpp-approved-execution,6,296.296,8.750,1.060417,1.056795,1.092184,1.000000,1.000000,1.000000
ldc2,95,17,universal,original,6,4919.136,11.181,1.000000,1.000000,1.000000,4.700569,4.564671,4.853730
ldc2,95,17,universal,vector16safe,6,4893.210,8.376,1.007492,1.002114,1.035044,4.663392,4.530539,4.733574
ldc2,95,17,universal,vector16store,6,4886.111,10.625,1.007224,1.003422,1.012768,4.655526,4.549102,4.792541
ldc2,95,17,universal,cpp-approved-execution,6,1045.062,7.797,4.700569,4.564671,4.853730,1.000000,1.000000,1.000000
ldc2,95,128,contiguous,original,6,1809.524,13.421,1.000000,1.000000,1.000000,1.205908,1.182390,1.275229
ldc2,95,128,contiguous,vector16safe,6,1795.238,9.814,1.021070,1.007874,1.066496,1.177037,1.164634,1.198113
ldc2,95,128,contiguous,vector16store,6,1795.238,8.223,1.015779,1.007874,1.091623,1.177411,1.168196,1.198113
ldc2,95,128,contiguous,cpp-approved-execution,6,1514.286,8.491,1.205908,1.182390,1.275229,1.000000,1.000000,1.000000
ldc2,95,128,negative-both,original,6,4528.571,41.009,1.000000,1.000000,1.000000,2.102870,2.087558,2.597194
ldc2,95,128,negative-both,vector16safe,6,4478.571,7.124,1.001577,0.990436,1.387580,2.092854,1.871743,2.122768
ldc2,95,128,negative-both,vector16store,6,4492.857,7.313,1.001050,1.000000,1.361345,2.087676,1.907816,2.125000
ldc2,95,128,negative-both,cpp-approved-execution,6,2135.714,14.493,2.102870,2.087558,2.597194,1.000000,1.000000,1.000000
ldc2,95,128,negative-source,original,6,4476.190,7.766,1.000000,1.000000,1.000000,2.090090,2.087558,2.092105
ldc2,95,128,negative-source,vector16safe,6,4476.190,7.340,1.000015,0.997797,1.003155,2.088875,2.085526,2.092342
ldc2,95,128,negative-source,vector16store,6,4485.714,10.722,0.999475,0.972195,1.001049,2.090001,2.087558,2.151709
ldc2,95,128,negative-source,cpp-approved-execution,6,2142.857,7.556,2.090090,2.087558,2.092105,1.000000,1.000000,1.000000
ldc2,95,128,padded,original,6,1792.857,11.952,1.000000,1.000000,1.000000,0.847209,0.844944,0.856846
ldc2,95,128,padded,vector16safe,6,1807.143,10.540,1.007966,0.971576,1.022277,0.841098,0.838174,0.869663
ldc2,95,128,padded,vector16store,6,1783.333,9.613,1.006684,0.984694,1.029925,0.841678,0.831950,0.859649
ldc2,95,128,padded,cpp-approved-execution,6,2119.048,10.787,0.847209,0.844944,0.856846,1.000000,1.000000,1.000000
ldc2,95,128,repeated-source,original,6,1871.429,8.651,1.000000,1.000000,1.000000,0.844781,0.838912,0.848936
ldc2,95,128,repeated-source,vector16safe,6,1864.286,7.407,1.008826,0.986559,1.013587,0.837406,0.830544,0.859122
ldc2,95,128,repeated-source,vector16store,6,1845.238,8.258,1.010206,1.005038,1.018041,0.832788,0.830544,0.844681
ldc2,95,128,repeated-source,cpp-approved-execution,6,2216.667,9.667,0.844781,0.838912,0.848936,1.000000,1.000000,1.000000
ldc2,95,128,universal,original,6,36000.000,11.005,1.000000,1.000000,1.000000,4.684507,4.622072,4.989684
ldc2,95,128,universal,vector16safe,6,35230.952,11.367,1.009124,1.007450,1.048503,4.645663,4.572133,4.758865
ldc2,95,128,universal,vector16store,6,35407.143,11.391,1.008455,1.005938,1.027409,4.652801,4.498767,4.883301
ldc2,95,128,universal,cpp-approved-execution,6,7554.762,10.148,4.684507,4.622072,4.989684,1.000000,1.000000,1.000000
ldc2,127,1,contiguous,original,6,43.169,7.969,1.000000,1.000000,1.000000,2.168905,2.153086,2.203791
ldc2,127,1,contiguous,vector16safe,6,44.574,330.435,0.984242,0.218686,1.020856,2.191124,2.158768,9.919192
ldc2,127,1,contiguous,vector16store,6,43.435,7.139,0.994452,0.984199,1.019737,2.179137,2.161137,2.187654
ldc2,127,1,contiguous,cpp-approved-execution,6,19.913,7.543,2.168905,2.153086,2.203791,1.000000,1.000000,1.000000
ldc2,127,1,negative-both,original,6,73.377,15.451,1.000000,1.000000,1.000000,2.940714,2.936735,3.127103
ldc2,127,1,negative-both,vector16safe,6,74.540,7.475,0.996331,0.972365,1.071749,2.950610,2.917757,3.021359
ldc2,127,1,negative-both,vector16store,6,74.467,10.020,0.988412,0.983106,1.038485,2.977981,2.966135,3.011215
ldc2,127,1,negative-both,cpp-approved-execution,6,24.952,8.738,2.940714,2.936735,3.127103,1.000000,1.000000,1.000000
ldc2,127,1,negative-source,original,6,73.740,10.841,1.000000,1.000000,1.000000,2.947506,2.936735,3.085714
ldc2,127,1,negative-source,vector16safe,6,72.190,10.403,0.998731,0.995159,1.042759,2.952783,2.947977,3.030303
ldc2,127,1,negative-source,vector16store,6,72.771,8.056,0.990635,0.986667,1.036326,2.974235,2.967347,2.982955
ldc2,127,1,negative-source,cpp-approved-execution,6,24.443,7.532,2.947506,2.936735,3.085714,1.000000,1.000000,1.000000
ldc2,127,1,padded,original,6,43.362,8.045,1.000000,1.000000,1.000000,1.783030,1.756144,1.797495
ldc2,127,1,padded,vector16safe,6,43.556,6.785,0.998740,0.980791,1.015301,1.795369,1.729679,1.814286
ldc2,127,1,padded,vector16store,6,43.847,9.724,0.989021,0.977895,0.998929,1.800569,1.795841,1.804082
ldc2,127,1,padded,cpp-approved-execution,6,24.322,9.960,1.783030,1.756144,1.797495,1.000000,1.000000,1.000000
ldc2,127,1,repeated-source,original,6,44.767,10.173,1.000000,1.000000,1.000000,1.802991,1.780876,1.838835
ldc2,127,1,repeated-source,vector16safe,6,44.840,9.833,0.992879,0.982418,1.014640,1.811980,1.782197,1.858252
ldc2,127,1,repeated-source,vector16store,6,44.574,7.717,0.996859,0.970655,1.015784,1.811352,1.801512,1.853556
ldc2,127,1,repeated-source,cpp-approved-execution,6,24.637,10.029,1.802991,1.780876,1.838835,1.000000,1.000000,1.000000
ldc2,127,1,universal,original,6,434.060,7.311,1.000000,1.000000,1.000000,5.235089,5.085407,5.260460
ldc2,127,1,universal,vector16safe,6,438.517,8.585,0.995906,0.981015,1.006416,5.241491,5.094431,5.294638
ldc2,127,1,universal,vector16store,6,439.147,7.811,0.991464,0.982609,1.001097,5.250904,5.114819,5.353565
ldc2,127,1,universal,cpp-approved-execution,6,83.236,6.752,5.235089,5.085407,5.260460,1.000000,1.000000,1.000000
ldc2,127,17,contiguous,original,6,329.339,6.524,1.000000,1.000000,1.000000,1.420856,1.397924,1.441176
ldc2,127,17,contiguous,vector16safe,6,327.273,8.081,1.007400,1.004975,1.028871,1.401048,1.391003,1.430108
ldc2,127,17,contiguous,vector16store,6,330.165,8.010,1.006141,0.985366,1.028871,1.410023,1.397059,1.433692
ldc2,127,17,contiguous,cpp-approved-execution,6,230.992,7.871,1.420856,1.397924,1.441176,1.000000,1.000000,1.000000
ldc2,127,17,negative-both,original,6,907.025,6.196,1.000000,1.000000,1.000000,2.349610,2.340426,2.377880
ldc2,127,17,negative-both,vector16safe,6,902.893,7.414,1.004577,1.002890,1.017751,2.334869,2.325532,2.359914
ldc2,127,17,negative-both,vector16store,6,909.504,9.178,0.997795,0.982975,1.016749,2.353378,2.331915,2.400862
ldc2,127,17,negative-both,cpp-approved-execution,6,385.124,7.725,2.349610,2.340426,2.377880,1.000000,1.000000,1.000000
ldc2,127,17,negative-source,original,6,886.364,12.587,1.000000,1.000000,1.000000,2.378641,2.343318,2.520788
ldc2,127,17,negative-source,vector16safe,6,872.314,7.579,1.004847,0.990263,1.078652,2.349404,2.277083,2.390830
ldc2,127,17,negative-source,vector16store,6,874.793,7.747,1.002406,0.998179,1.074627,2.347024,2.281250,2.397380
ldc2,127,17,negative-source,cpp-approved-execution,6,372.727,10.865,2.378641,2.343318,2.520788,1.000000,1.000000,1.000000
ldc2,127,17,padded,original,6,376.033,7.912,1.000000,1.000000,1.000000,1.008650,1.006726,1.016241
ldc2,127,17,padded,vector16safe,6,376.446,7.903,0.998889,0.995434,1.002165,1.011244,1.008753,1.016241
ldc2,127,17,padded,vector16store,6,377.686,8.096,0.995444,0.993534,0.997778,1.015137,1.008969,1.020882
ldc2,127,17,padded,cpp-approved-execution,6,373.140,8.195,1.008650,1.006726,1.016241,1.000000,1.000000,1.000000
ldc2,127,17,repeated-source,original,6,366.116,7.901,1.000000,1.000000,1.000000,0.997748,0.995381,0.997859
ldc2,127,17,repeated-source,vector16safe,6,365.289,7.919,1.002262,1.000000,1.002326,0.995495,0.993072,0.997802
ldc2,127,17,repeated-source,vector16store,6,366.942,7.207,0.997778,0.995381,1.002151,1.000000,0.995495,1.000000
ldc2,127,17,repeated-source,cpp-approved-execution,6,367.355,7.649,0.997748,0.995381,0.997859,1.000000,1.000000,1.000000
ldc2,127,17,universal,original,6,6421.488,8.752,1.000000,1.000000,1.000000,4.724838,4.633983,4.808727
ldc2,127,17,universal,vector16safe,6,6369.008,8.396,1.006781,0.983456,1.025913,4.709700,4.605787,4.767484
ldc2,127,17,universal,vector16store,6,6469.835,7.945,1.004954,0.970164,1.017115,4.707487,4.655435,4.776492
ldc2,127,17,universal,cpp-approved-execution,6,1364.050,6.301,4.724838,4.633983,4.808727,1.000000,1.000000,1.000000
ldc2,127,128,contiguous,original,6,2253.125,9.986,1.000000,1.000000,1.000000,1.144411,1.127726,1.193651
ldc2,127,128,contiguous,vector16safe,6,2246.875,10.014,1.002740,1.000000,1.022857,1.141677,1.124611,1.193651
ldc2,127,128,contiguous,vector16store,6,2246.875,10.014,1.002740,1.000000,1.022857,1.141677,1.124611,1.193651
ldc2,127,128,contiguous,cpp-approved-execution,6,1965.625,7.949,1.144411,1.127726,1.193651,1.000000,1.000000,1.000000
ldc2,127,128,negative-both,original,6,5800.000,6.358,1.000000,1.000000,1.000000,2.201678,2.194581,2.254157
ldc2,127,128,negative-both,vector16safe,6,5871.875,7.770,0.998948,0.965696,1.002250,2.204054,2.189655,2.285036
ldc2,127,128,negative-both,vector16store,6,5796.875,6.577,1.000527,0.993583,1.022629,2.202892,2.187192,2.220903
ldc2,127,128,negative-both,cpp-approved-execution,6,2631.250,6.176,2.201678,2.194581,2.254157,1.000000,1.000000,1.000000
ldc2,127,128,negative-source,original,6,5846.875,5.452,1.000000,1.000000,1.000000,2.204398,2.196126,2.265509
ldc2,127,128,negative-source,vector16safe,6,5850.000,7.585,0.999462,0.993776,1.022396,2.207530,2.187067,2.221198
ldc2,127,128,negative-source,vector16store,6,5853.125,7.902,0.999981,0.996781,1.030474,2.203539,2.196305,2.211982
ldc2,127,128,negative-source,cpp-approved-execution,6,2650.000,7.311,2.204398,2.196126,2.265509,1.000000,1.000000,1.000000
ldc2,127,128,padded,original,6,2246.875,4.451,1.000000,1.000000,1.000000,0.859027,0.856481,0.864486
ldc2,127,128,padded,vector16safe,6,2256.250,5.263,0.997203,0.989305,1.010929,0.862607,0.855140,0.865854
ldc2,127,128,padded,vector16store,6,2253.125,6.380,0.997226,0.981432,1.000000,0.861417,0.856481,0.880841
ldc2,127,128,padded,cpp-approved-execution,6,2621.875,5.244,0.859027,0.856481,0.864486,1.000000,1.000000,1.000000
ldc2,127,128,repeated-source,original,6,2265.625,9.931,1.000000,1.000000,1.000000,0.848853,0.830144,0.870455
ldc2,127,128,repeated-source,vector16safe,6,2256.250,7.479,1.004167,0.977465,1.029570,0.848106,0.827751,0.850356
ldc2,127,128,repeated-source,vector16store,6,2265.625,7.724,0.998660,0.974719,1.000000,0.851245,0.847727,0.870455
ldc2,127,128,repeated-source,cpp-approved-execution,6,2656.250,5.176,0.848853,0.830144,0.870455,1.000000,1.000000,1.000000
ldc2,127,128,universal,original,6,47162.500,7.978,1.000000,1.000000,1.000000,4.767854,4.629841,5.112694
ldc2,127,128,universal,vector16safe,6,46778.125,10.756,1.003635,0.983553,1.029913,4.698049,4.618701,5.198187
ldc2,127,128,universal,vector16store,6,46793.750,9.443,1.002847,0.990932,1.030769,4.696714,4.605343,5.130829
ldc2,127,128,universal,cpp-approved-execution,6,9762.500,7.106,4.767854,4.629841,5.112694,1.000000,1.000000,1.000000
ldc2,128,1,contiguous,original,6,40.112,6.573,1.000000,1.000000,1.000000,2.436087,2.425595,2.463343
ldc2,128,1,contiguous,vector16safe,6,40.259,7.520,1.001235,0.975845,1.008526,2.439090,2.407625,2.493976
ldc2,128,1,contiguous,vector16store,6,40.234,9.345,0.989623,0.980660,1.032419,2.463401,2.351906,2.511429
ldc2,128,1,contiguous,cpp-approved-execution,6,16.528,5.318,2.436087,2.425595,2.463343,1.000000,1.000000,1.000000
ldc2,128,1,negative-both,original,6,74.072,7.185,1.000000,1.000000,1.000000,3.323799,3.284116,3.377828
ldc2,128,1,negative-both,vector16safe,6,73.364,10.449,1.004414,0.960098,1.014266,3.305956,3.293065,3.451271
ldc2,128,1,negative-both,vector16store,6,73.877,6.147,0.996822,0.988552,1.004563,3.331492,3.322148,3.364253
ldc2,128,1,negative-both,cpp-approved-execution,6,22.192,6.821,3.323799,3.284116,3.377828,1.000000,1.000000,1.000000
ldc2,128,1,negative-source,original,6,74.023,8.377,1.000000,1.000000,1.000000,3.347457,3.344519,3.447826
ldc2,128,1,negative-source,vector16safe,6,74.414,11.352,0.991611,0.966484,0.998701,3.373728,3.355120,3.567391
ldc2,128,1,negative-source,vector16store,6,75.000,8.073,0.985854,0.980230,0.988778,3.404622,3.382550,3.486957
ldc2,128,1,negative-source,cpp-approved-execution,6,22.119,5.298,3.347457,3.344519,3.447826,1.000000,1.000000,1.000000
ldc2,128,1,padded,original,6,40.649,7.808,1.000000,1.000000,1.000000,1.900615,1.837156,1.933036
ldc2,128,1,padded,vector16safe,6,40.381,5.200,1.006613,0.997509,1.023641,1.888004,1.841743,1.890380
ldc2,128,1,padded,vector16store,6,41.260,5.089,0.985198,0.960432,1.009324,1.917321,1.869266,1.957746
ldc2,128,1,padded,cpp-approved-execution,6,21.387,5.023,1.900615,1.837156,1.933036,1.000000,1.000000,1.000000
ldc2,128,1,repeated-source,original,6,40.820,10.167,1.000000,1.000000,1.000000,1.892932,1.880734,1.909283
ldc2,128,1,repeated-source,vector16safe,6,40.918,10.143,0.997749,0.996466,0.998791,1.897196,1.885321,1.913502
ldc2,128,1,repeated-source,vector16store,6,41.602,7.277,0.982587,0.979167,1.008919,1.926266,1.892405,1.932886
ldc2,128,1,repeated-source,cpp-approved-execution,6,21.558,8.607,1.892932,1.880734,1.909283,1.000000,1.000000,1.000000
ldc2,128,1,universal,original,6,438.110,7.478,1.000000,1.000000,1.000000,5.252098,5.123995,5.362566
ldc2,128,1,universal,vector16safe,6,439.380,7.379,0.995837,0.988820,1.003977,5.302798,5.134328,5.381989
ldc2,128,1,universal,vector16store,6,436.377,7.989,1.000588,0.993659,1.009614,5.254472,5.075201,5.386926
ldc2,128,1,universal,cpp-approved-execution,6,82.935,7.772,5.252098,5.123995,5.362566,1.000000,1.000000,1.000000
ldc2,128,17,contiguous,original,6,316.250,10.540,1.000000,1.000000,1.000000,1.347515,1.337931,1.374570
ldc2,128,17,contiguous,vector16safe,6,316.667,9.474,1.000000,0.997361,1.010101,1.348535,1.341379,1.360825
ldc2,128,17,contiguous,vector16store,6,316.250,8.432,0.998715,0.997230,1.017812,1.349635,1.341379,1.352313
ldc2,128,17,contiguous,cpp-approved-execution,6,234.167,8.541,1.347515,1.337931,1.374570,1.000000,1.000000,1.000000
ldc2,128,17,negative-both,original,6,888.750,7.595,1.000000,1.000000,1.000000,2.847790,2.796703,2.862637
ldc2,128,17,negative-both,vector16safe,6,885.833,7.526,1.005715,1.000000,1.033866,2.834251,2.768229,2.846154
ldc2,128,17,negative-both,vector16store,6,885.417,5.835,1.003763,0.983575,1.005792,2.844780,2.834225,2.849351
ldc2,128,17,negative-both,cpp-approved-execution,6,312.083,5.607,2.847790,2.796703,2.862637,1.000000,1.000000,1.000000
ldc2,128,17,negative-source,original,6,875.833,5.804,1.000000,1.000000,1.000000,2.839312,2.835106,2.842697
ldc2,128,17,negative-source,vector16safe,6,874.583,5.241,1.001423,1.000000,1.009407,2.835142,2.812169,2.838356
ldc2,128,17,negative-source,vector16store,6,877.500,7.882,1.000000,0.973516,1.000940,2.841896,2.837333,2.912234
ldc2,128,17,negative-source,cpp-approved-execution,6,308.333,5.946,2.839312,2.835106,2.842697,1.000000,1.000000,1.000000
ldc2,128,17,padded,original,6,366.250,7.509,1.000000,1.000000,1.000000,1.172325,1.170667,1.176471
ldc2,128,17,padded,vector16safe,6,366.250,8.191,1.000000,0.988962,1.022727,1.173586,1.145833,1.185864
ldc2,128,17,padded,vector16store,6,367.500,7.029,0.997698,0.995465,1.011236,1.175608,1.158854,1.179144
ldc2,128,17,padded,cpp-approved-execution,6,312.083,7.477,1.172325,1.170667,1.176471,1.000000,1.000000,1.000000
ldc2,128,17,repeated-source,original,6,358.333,7.442,1.000000,1.000000,1.000000,1.149533,1.145833,1.150685
ldc2,128,17,repeated-source,vector16safe,6,356.667,9.813,1.002336,0.995381,1.025126,1.145109,1.117978,1.154667
ldc2,128,17,repeated-source,vector16store,6,357.500,7.692,1.000000,0.993088,1.002331,1.147748,1.146067,1.157333
ldc2,128,17,repeated-source,cpp-approved-execution,6,311.667,7.487,1.149533,1.145833,1.150685,1.000000,1.000000,1.000000
ldc2,128,17,universal,original,6,6667.500,8.536,1.000000,1.000000,1.000000,4.788164,4.700118,4.822581
ldc2,128,17,universal,vector16safe,6,6567.917,10.785,1.008406,0.967319,1.027622,4.728625,4.692951,4.858914
ldc2,128,17,universal,vector16store,6,6540.833,7.848,1.015920,1.007720,1.026185,4.702535,4.624557,4.772463
ldc2,128,17,universal,cpp-approved-execution,6,1393.750,9.387,4.788164,4.700118,4.822581,1.000000,1.000000,1.000000
ldc2,128,128,contiguous,original,6,2118.750,10.619,1.000000,1.000000,1.000000,1.067063,1.055046,1.125392
ldc2,128,128,contiguous,vector16safe,6,2128.125,7.048,0.998529,0.994135,1.049708,1.067581,1.061162,1.072555
ldc2,128,128,contiguous,vector16store,6,2150.000,10.465,0.998529,0.974138,1.000000,1.071446,1.064725,1.125392
ldc2,128,128,contiguous,cpp-approved-execution,6,1987.500,7.862,1.067063,1.055046,1.125392,1.000000,1.000000,1.000000
ldc2,128,128,negative-both,original,6,5903.125,4.764,1.000000,1.000000,1.000000,2.657857,2.626404,2.674487
ldc2,128,128,negative-both,vector16safe,6,5918.750,5.174,0.998931,0.995740,1.001098,2.663417,2.637640,2.671554
ldc2,128,128,negative-both,vector16store,6,5909.375,5.182,0.998434,0.997819,1.002198,2.663421,2.626404,2.670391
ldc2,128,128,negative-both,cpp-approved-execution,6,2231.250,5.322,2.657857,2.626404,2.674487,1.000000,1.000000,1.000000
ldc2,128,128,negative-source,original,6,5843.750,4.171,1.000000,1.000000,1.000000,2.660030,2.531915,2.669516
ldc2,128,128,negative-source,vector16safe,6,5831.250,6.538,1.000536,0.979424,1.004287,2.657048,2.545205,2.667614
ldc2,128,128,negative-source,vector16store,6,5834.375,24.210,1.001608,0.837291,1.002195,2.657048,2.542466,3.023936
ldc2,128,128,negative-source,cpp-approved-execution,6,2196.875,9.388,2.660030,2.531915,2.669516,1.000000,1.000000,1.000000
ldc2,128,128,padded,original,6,2153.125,5.225,1.000000,1.000000,1.000000,0.979651,0.963483,0.983333
ldc2,128,128,padded,vector16safe,6,2156.250,5.217,0.998547,0.988571,1.000000,0.981500,0.966292,0.983333
ldc2,128,128,padded,vector16store,6,2156.250,4.928,0.998559,0.997050,1.002833,0.980074,0.966292,0.982955
ldc2,128,128,padded,cpp-approved-execution,6,2212.500,4.802,0.979651,0.963483,0.983333,1.000000,1.000000,1.000000
ldc2,128,128,repeated-source,original,6,2137.500,9.357,1.000000,1.000000,1.000000,0.963936,0.938235,0.980392
ldc2,128,128,repeated-source,vector16safe,6,2150.000,9.302,0.997113,0.977273,1.008646,0.969511,0.941176,0.985994
ldc2,128,128,repeated-source,vector16store,6,2137.500,9.357,1.000000,0.996875,1.008646,0.965309,0.941176,0.974212
ldc2,128,128,repeated-source,cpp-approved-execution,6,2206.250,6.799,0.963936,0.938235,0.980392,1.000000,1.000000,1.000000
ldc2,128,128,universal,original,6,48518.750,8.669,1.000000,1.000000,1.000000,4.704020,4.637552,4.870000
ldc2,128,128,universal,vector16safe,6,47309.375,10.067,1.000409,0.985851,1.033909,4.689558,4.658267,4.734460
ldc2,128,128,universal,vector16store,6,47503.125,10.118,1.009714,0.988291,1.032683,4.686974,4.616777,4.758125
ldc2,128,128,universal,cpp-approved-execution,6,10084.375,10.660,4.704020,4.637552,4.870000,1.000000,1.000000,1.000000
ldc2,129,1,contiguous,original,6,41.437,9.620,1.000000,1.000000,1.000000,2.430110,2.382436,2.556231
ldc2,129,1,contiguous,vector16safe,6,41.339,7.857,1.001190,0.978643,1.027512,2.427860,2.368272,2.553191
ldc2,129,1,contiguous,vector16store,6,42.421,9.397,0.984411,0.967779,1.033170,2.470471,2.456897,2.478754
ldc2,129,1,contiguous,cpp-approved-execution,6,17.249,9.130,2.430110,2.382436,2.556231,1.000000,1.000000,1.000000
ldc2,129,1,negative-both,original,6,74.803,5.132,1.000000,1.000000,1.000000,3.225903,3.212944,3.236897
ldc2,129,1,negative-both,vector16safe,6,75.049,4.984,0.997053,0.992903,0.998005,3.235158,3.227468,3.253863
ldc2,129,1,negative-both,vector16store,6,75.664,5.528,0.989336,0.982759,0.991651,3.264334,3.248927,3.269316
ldc2,129,1,negative-both,cpp-approved-execution,6,23.204,5.514,3.225903,3.212944,3.236897,1.000000,1.000000,1.000000
ldc2,129,1,negative-source,original,6,75.960,9.070,1.000000,1.000000,1.000000,3.265784,3.226244,3.329764
ldc2,129,1,negative-source,vector16safe,6,75.714,7.995,1.003214,0.996506,1.022517,3.241765,3.237500,3.280514
ldc2,129,1,negative-source,vector16store,6,76.353,7.799,0.998386,0.986564,1.013789,3.272485,3.254167,3.331906
ldc2,129,1,negative-source,cpp-approved-execution,6,23.105,8.094,3.265784,3.226244,3.329764,1.000000,1.000000,1.000000
ldc2,129,1,padded,original,6,44.488,8.296,1.000000,1.000000,1.000000,1.928161,1.919255,1.946237
ldc2,129,1,padded,vector16safe,6,44.094,8.482,1.001132,1.000000,1.010045,1.926753,1.919255,1.926882
ldc2,129,1,padded,vector16store,6,44.808,8.567,0.985363,0.983957,0.993414,1.956989,1.950311,1.960168
ldc2,129,1,padded,cpp-approved-execution,6,22.884,8.817,1.928161,1.919255,1.946237,1.000000,1.000000,1.000000
ldc2,129,1,repeated-source,original,6,43.553,10.282,1.000000,1.000000,1.000000,1.851393,1.846473,1.901288
ldc2,129,1,repeated-source,vector16safe,6,43.332,20.216,1.002271,0.895372,1.007964,1.866613,1.843096,2.062241
ldc2,129,1,repeated-source,vector16store,6,44.168,7.131,0.985531,0.956886,0.989989,1.881676,1.865145,1.932870
ldc2,129,1,repeated-source,cpp-approved-execution,6,23.474,10.482,1.851393,1.846473,1.901288,1.000000,1.000000,1.000000
ldc2,129,1,universal,original,6,445.940,10.142,1.000000,1.000000,1.000000,5.272083,5.262285,5.360778
ldc2,129,1,universal,vector16safe,6,447.958,8.349,1.001988,0.973814,1.026607,5.256254,5.221841,5.403789
ldc2,129,1,universal,vector16store,6,441.683,8.100,1.008037,0.982317,1.033680,5.244883,5.096774,5.357016
ldc2,129,1,universal,cpp-approved-execution,6,84.203,8.533,5.272083,5.262285,5.360778,1.000000,1.000000,1.000000
ldc2,129,17,contiguous,original,6,328.992,4.087,1.000000,1.000000,1.000000,1.353776,1.347518,1.375000
ldc2,129,17,contiguous,vector16safe,6,328.992,4.087,0.997465,0.976982,1.002558,1.354671,1.351064,1.386525
ldc2,129,17,contiguous,vector16store,6,328.992,3.576,1.000000,0.976982,1.002532,1.354671,1.351064,1.386525
ldc2,129,17,contiguous,cpp-approved-execution,6,242.437,2.773,1.353776,1.347518,1.375000,1.000000,1.000000,1.000000
ldc2,129,17,negative-both,original,6,907.143,7.874,1.000000,1.000000,1.000000,2.711823,2.689394,2.736077
ldc2,129,17,negative-both,vector16safe,6,907.563,7.037,1.000470,0.997137,1.005484,2.708065,2.686869,2.722078
ldc2,129,17,negative-both,vector16store,6,910.084,7.756,1.000898,0.991833,1.006233,2.708128,2.691919,2.727041
ldc2,129,17,negative-both,cpp-approved-execution,6,336.975,6.983,2.711823,2.689394,2.736077,1.000000,1.000000,1.000000
ldc2,129,17,negative-source,original,6,900.420,6.906,1.000000,1.000000,1.000000,2.718293,2.686717,2.774684
ldc2,129,17,negative-source,vector16safe,6,898.739,7.387,1.002329,0.976212,1.008443,2.710797,2.676692,2.788265
ldc2,129,17,negative-source,vector16store,6,900.000,7.470,1.000467,0.999067,1.004916,2.713242,2.684211,2.777215
ldc2,129,17,negative-source,cpp-approved-execution,6,332.353,6.574,2.718293,2.686717,2.774684,1.000000,1.000000,1.000000
ldc2,129,17,padded,original,6,371.008,4.983,1.000000,1.000000,1.000000,1.113496,1.105528,1.130102
ldc2,129,17,padded,vector16safe,6,370.588,4.762,1.000000,0.997680,1.002268,1.112234,1.108040,1.127551
ldc2,129,17,padded,vector16store,6,372.269,4.740,0.997711,0.995475,1.000000,1.117278,1.110553,1.130102
ldc2,129,17,padded,cpp-approved-execution,6,333.193,5.801,1.113496,1.105528,1.130102,1.000000,1.000000,1.000000
ldc2,129,17,repeated-source,original,6,364.706,10.829,1.000000,1.000000,1.000000,1.097347,1.040767,1.116915
ldc2,129,17,repeated-source,vector16safe,6,363.445,12.948,1.002399,0.949672,1.004630,1.094797,1.092391,1.116915
ldc2,129,17,repeated-source,vector16store,6,364.706,12.212,0.998889,0.953846,1.002309,1.097344,1.091127,1.119403
ldc2,129,17,repeated-source,cpp-approved-execution,6,332.353,13.401,1.097347,1.040767,1.116915,1.000000,1.000000,1.000000
ldc2,129,17,universal,original,6,6781.092,10.509,1.000000,1.000000,1.000000,4.810435,4.738195,4.954382
ldc2,129,17,universal,vector16safe,6,6642.017,10.564,1.011540,1.001516,1.046378,4.745615,4.607443,4.909964
ldc2,129,17,universal,vector16store,6,6767.227,10.418,1.007648,0.981186,1.050621,4.796573,4.588836,4.915966
ldc2,129,17,universal,cpp-approved-execution,6,1400.840,9.118,4.810435,4.738195,4.954382,1.000000,1.000000,1.000000
ldc2,129,128,contiguous,original,6,2200.000,12.121,1.000000,1.000000,1.000000,1.081093,1.064309,1.139373
ldc2,129,128,contiguous,vector16safe,6,2200.000,12.121,1.000000,1.000000,1.065147,1.074187,1.064309,1.089457
ldc2,129,128,contiguous,vector16store,6,2200.000,11.818,1.001471,1.000000,1.044728,1.078771,1.064103,1.090592
ldc2,129,128,contiguous,cpp-approved-execution,6,2053.333,11.039,1.081093,1.064309,1.139373,1.000000,1.000000,1.000000
ldc2,129,128,negative-both,original,6,6043.333,5.185,1.000000,1.000000,1.000000,2.493169,2.383202,2.545723
ldc2,129,128,negative-both,vector16safe,6,5936.667,5.053,1.000000,0.992152,1.024803,2.474368,2.352785,2.545723
ldc2,129,128,negative-both,vector16store,6,6056.667,45.019,1.000000,0.696302,1.001160,2.514556,2.383202,3.590395
ldc2,129,128,negative-both,cpp-approved-execution,6,2406.667,11.634,2.493169,2.383202,2.545723,1.000000,1.000000,1.000000
ldc2,129,128,negative-source,original,6,5993.333,81.313,1.000000,1.000000,1.000000,2.506347,2.434426,2.831909
ldc2,129,128,negative-source,vector16safe,6,6003.333,88.395,1.001699,0.960928,1.066524,2.535579,2.428962,2.655271
ldc2,129,128,negative-source,vector16store,6,5996.667,84.603,1.000552,0.975824,1.113102,2.535482,2.434426,2.544160
ldc2,129,128,negative-source,cpp-approved-execution,6,2386.667,86.592,2.506347,2.434426,2.831909,1.000000,1.000000,1.000000
ldc2,129,128,padded,original,6,2163.333,7.088,1.000000,1.000000,1.000000,0.937142,0.934844,0.945714
ldc2,129,128,padded,vector16safe,6,2183.333,10.076,0.996917,0.953079,1.003096,0.940581,0.936170,0.982709
ldc2,129,128,padded,vector16store,6,2160.000,7.099,1.000000,0.996979,1.003096,0.937138,0.936170,0.945714
ldc2,129,128,padded,cpp-approved-execution,6,2306.667,6.936,0.937142,0.934844,0.945714,1.000000,1.000000,1.000000
ldc2,129,128,repeated-source,original,6,2243.333,9.510,1.000000,1.000000,1.000000,0.925718,0.834975,0.928375
ldc2,129,128,repeated-source,vector16safe,6,2246.667,8.605,0.998516,0.974138,1.017751,0.927464,0.857143,0.946588
ldc2,129,128,repeated-source,vector16store,6,2243.333,8.321,1.000000,0.979104,1.017751,0.925718,0.837438,0.946328
ldc2,129,128,repeated-source,cpp-approved-execution,6,2420.000,19.008,0.925718,0.834975,0.928375,1.000000,1.000000,1.000000
ldc2,129,128,universal,original,6,49483.333,9.013,1.000000,1.000000,1.000000,4.761029,4.714873,4.910865
ldc2,129,128,universal,vector16safe,6,49146.667,6.810,1.005538,0.996523,1.023041,4.757334,4.695625,4.800260
ldc2,129,128,universal,vector16store,6,48820.000,7.360,1.000261,0.991639,1.038239,4.742398,4.674065,4.819767
ldc2,129,128,universal,cpp-approved-execution,6,10286.667,7.647,4.761029,4.714873,4.910865,1.000000,1.000000,1.000000
ldc2,255,1,contiguous,original,6,59.387,14.578,1.000000,1.000000,1.000000,1.798230,1.783862,1.842697
ldc2,255,1,contiguous,vector16safe,6,59.922,19.968,0.989083,0.942529,0.991883,1.818078,1.806452,1.955056
ldc2,255,1,contiguous,vector16store,6,60.117,8.576,0.986581,0.983845,1.080725,1.817598,1.705056,1.825959
ldc2,255,1,contiguous,cpp-approved-execution,6,33.074,12.059,1.798230,1.783862,1.842697,1.000000,1.000000,1.000000
ldc2,255,1,negative-both,original,6,122.422,7.867,1.000000,1.000000,1.000000,2.868457,2.800915,2.933941
ldc2,255,1,negative-both,vector16safe,6,122.665,7.851,0.997996,0.976077,0.999204,2.872011,2.868597,2.938497
ldc2,255,1,negative-both,vector16store,6,122.763,8.558,0.994716,0.969889,1.019033,2.885717,2.808463,2.968109
ldc2,255,1,negative-both,cpp-approved-execution,6,42.558,7.771,2.868457,2.800915,2.933941,1.000000,1.000000,1.000000
ldc2,255,1,negative-source,original,6,121.887,7.741,1.000000,1.000000,1.000000,2.862857,2.792771,2.874142
ldc2,255,1,negative-source,vector16safe,6,122.130,7.646,0.997513,0.996025,1.000797,2.869714,2.800000,2.878719
ldc2,255,1,negative-source,vector16store,6,122.617,7.933,0.993826,0.990521,0.995246,2.883295,2.809639,2.890411
ldc2,255,1,negative-source,cpp-approved-execution,6,42.510,5.263,2.862857,2.792771,2.874142,1.000000,1.000000,1.000000
ldc2,255,1,padded,original,6,60.846,10.392,1.000000,1.000000,1.000000,1.463949,1.430206,1.504695
ldc2,255,1,padded,vector16safe,6,61.770,20.157,0.985041,0.903846,1.014241,1.482525,1.450801,1.621381
ldc2,255,1,padded,vector16store,6,61.722,18.282,0.984610,0.915160,1.009449,1.489750,1.439359,1.601336
ldc2,255,1,padded,cpp-approved-execution,6,42.023,10.185,1.463949,1.430206,1.504695,1.000000,1.000000,1.000000
ldc2,255,1,repeated-source,original,6,61.965,7.535,1.000000,1.000000,1.000000,1.462146,1.430804,1.466819
ldc2,255,1,repeated-source,vector16safe,6,62.014,7.686,0.988003,0.987302,1.004702,1.469414,1.448661,1.482838
ldc2,255,1,repeated-source,vector16store,6,63.035,7.716,0.983872,0.978395,0.989198,1.484629,1.455357,1.488263
ldc2,255,1,repeated-source,cpp-approved-execution,6,42.510,9.840,1.462146,1.430804,1.466819,1.000000,1.000000,1.000000
ldc2,255,1,universal,original,6,822.519,22.861,1.000000,1.000000,1.000000,5.127373,5.113801,5.911017
ldc2,255,1,universal,vector16safe,6,819.747,23.021,1.004843,0.998941,1.008252,5.107121,5.077110,5.888015
ldc2,255,1,universal,vector16store,6,827.189,23.237,1.000584,0.987724,1.005650,5.150499,5.096859,5.910412
ldc2,255,1,universal,cpp-approved-execution,6,160.554,7.513,5.127373,5.113801,5.911017,1.000000,1.000000,1.000000
ldc2,255,17,contiguous,original,6,613.333,7.609,1.000000,1.000000,1.000000,1.311681,1.309609,1.314286
ldc2,255,17,contiguous,vector16safe,6,614.167,7.870,1.000000,0.983740,1.000000,1.313393,1.309609,1.332130
ldc2,255,17,contiguous,vector16store,6,612.500,7.891,1.000000,0.994521,1.002725,1.313393,1.306050,1.317690
ldc2,255,17,contiguous,cpp-approved-execution,6,467.500,7.487,1.311681,1.309609,1.314286,1.000000,1.000000,1.000000
ldc2,255,17,negative-both,original,6,1695.833,5.995,1.000000,1.000000,1.000000,2.533345,2.526055,2.587786
ldc2,255,17,negative-both,vector16safe,6,1693.333,11.319,1.001477,0.983575,1.050000,2.529988,2.408377,2.582697
ldc2,255,17,negative-both,vector16store,6,1697.500,8.542,0.999020,0.975096,1.004032,2.559402,2.524173,2.600000
ldc2,255,17,negative-both,cpp-approved-execution,6,662.500,5.786,2.533345,2.526055,2.587786,1.000000,1.000000,1.000000
ldc2,255,17,negative-source,original,6,1653.333,9.980,1.000000,1.000000,1.000000,2.524020,2.505051,2.537859
ldc2,255,17,negative-source,vector16safe,6,1670.833,9.875,1.001487,0.958580,1.002176,2.518805,2.500000,2.647520
ldc2,255,17,negative-source,vector16store,6,1658.333,13.769,0.998503,0.954813,1.001087,2.528040,2.502525,2.657963
ldc2,255,17,negative-source,cpp-approved-execution,6,656.667,9.898,2.524020,2.505051,2.537859,1.000000,1.000000,1.000000
ldc2,255,17,padded,original,6,660.000,7.323,1.000000,1.000000,1.000000,1.007915,1.000000,1.015625
ldc2,255,17,padded,vector16safe,6,660.000,7.576,1.000000,0.994987,1.005051,1.007915,1.000000,1.013021
ldc2,255,17,padded,vector16store,6,655.833,7.370,1.000000,0.997481,1.020619,1.007896,0.987277,1.015625
ldc2,255,17,padded,cpp-approved-execution,6,655.000,7.634,1.007915,1.000000,1.015625,1.000000,1.000000,1.000000
ldc2,255,17,repeated-source,original,6,663.333,7.789,1.000000,1.000000,1.000000,0.997422,0.990408,1.002545
ldc2,255,17,repeated-source,vector16safe,6,662.500,7.799,1.001244,1.000000,1.002558,0.995050,0.990408,1.000000
ldc2,255,17,repeated-source,vector16store,6,663.333,8.040,1.000000,0.997585,1.000000,0.997422,0.992806,1.002545
ldc2,255,17,repeated-source,cpp-approved-execution,6,664.167,8.532,0.997422,0.990408,1.002545,1.000000,1.000000,1.000000
ldc2,255,17,universal,original,6,12862.500,9.990,1.000000,1.000000,1.000000,4.867676,4.756458,4.993773
ldc2,255,17,universal,vector16safe,6,12863.333,10.352,1.005632,0.986802,1.014556,4.820084,4.763223,4.946451
ldc2,255,17,universal,vector16store,6,12846.667,10.612,1.003999,0.992370,1.013512,4.805351,4.747232,4.967621
ldc2,255,17,universal,cpp-approved-execution,6,2675.833,8.658,4.867676,4.756458,4.993773,1.000000,1.000000,1.000000
ldc2,255,128,contiguous,original,6,4356.250,8.895,1.000000,1.000000,1.000000,1.082569,1.061093,1.117647
ldc2,255,128,contiguous,vector16safe,6,4362.500,7.450,1.000000,0.988024,1.011299,1.078262,1.070336,1.114551
ldc2,255,128,contiguous,vector16store,6,4362.500,6.877,0.998563,0.969101,1.046377,1.070553,1.067524,1.133758
ldc2,255,128,contiguous,cpp-approved-execution,6,4050.000,4.938,1.082569,1.061093,1.117647,1.000000,1.000000,1.000000
ldc2,255,128,negative-both,original,6,11393.750,5.595,1.000000,1.000000,1.000000,2.378092,2.359694,2.417553
ldc2,255,128,negative-both,vector16safe,6,11450.000,7.096,0.998312,0.964931,1.001101,2.396549,2.373984,2.463351
ldc2,255,128,negative-both,vector16store,6,11406.250,6.466,0.998882,0.990364,1.000000,2.382426,2.371274,2.417553
ldc2,255,128,negative-both,cpp-approved-execution,6,4762.500,6.037,2.378092,2.359694,2.417553,1.000000,1.000000,1.000000
ldc2,255,128,negative-source,original,6,11531.250,7.371,1.000000,1.000000,1.000000,2.385891,2.318408,2.415344
ldc2,255,128,negative-source,vector16safe,6,11525.000,7.592,1.000542,0.998935,1.002195,2.384896,2.318408,2.410053
ldc2,255,128,negative-source,vector16store,6,11500.000,6.739,1.001079,1.000000,1.021786,2.373266,2.315920,2.415344
ldc2,255,128,negative-source,cpp-approved-execution,6,4856.250,9.781,2.385891,2.318408,2.415344,1.000000,1.000000,1.000000
ldc2,255,128,padded,original,6,4337.500,9.510,1.000000,1.000000,1.000000,0.918473,0.914667,0.927649
ldc2,255,128,padded,vector16safe,6,4343.750,9.784,0.998611,0.997151,1.000000,0.919785,0.914667,0.930233
ldc2,255,128,padded,vector16store,6,4343.750,8.921,1.000000,0.997101,1.005602,0.918473,0.912000,0.924084
ldc2,255,128,padded,cpp-approved-execution,6,4731.250,8.454,0.918473,0.914667,0.927649,1.000000,1.000000,1.000000
ldc2,255,128,repeated-source,original,6,4362.500,7.450,1.000000,1.000000,1.000000,0.919986,0.911357,0.934211
ldc2,255,128,repeated-source,vector16safe,6,4343.750,5.468,1.001433,0.996970,1.023055,0.918313,0.913158,0.918919
ldc2,255,128,repeated-source,vector16store,6,4337.500,6.052,1.001441,0.996970,1.023055,0.915892,0.913158,0.923684
ldc2,255,128,repeated-source,cpp-approved-execution,6,4743.750,5.007,0.919986,0.911357,0.934211,1.000000,1.000000,1.000000
ldc2,255,128,universal,original,6,93831.250,10.751,1.000000,1.000000,1.000000,4.837626,4.817808,4.855108
ldc2,255,128,universal,vector16safe,6,93762.500,9.319,1.007924,0.985636,1.021363,4.788899,4.753560,4.907963
ldc2,255,128,universal,vector16store,6,92431.250,7.776,1.006487,0.999035,1.034296,4.798170,4.694118,4.842457
ldc2,255,128,universal,cpp-approved-execution,6,19375.000,10.000,4.837626,4.817808,4.855108,1.000000,1.000000,1.000000
ldc2,256,1,contiguous,original,6,55.176,6.549,1.000000,1.000000,1.000000,1.942219,1.937500,1.965278
ldc2,256,1,contiguous,vector16safe,6,54.883,7.117,1.000064,0.994652,1.007117,1.946840,1.941818,1.951389
ldc2,256,1,contiguous,vector16store,6,55.420,6.520,0.985358,0.983456,0.996479,1.969121,1.966102,1.978182
ldc2,256,1,contiguous,cpp-approved-execution,6,28.125,6.944,1.942219,1.937500,1.965278,1.000000,1.000000,1.000000
ldc2,256,1,negative-both,original,6,121.631,8.350,1.000000,1.000000,1.000000,3.094410,3.091153,3.111386
ldc2,256,1,negative-both,vector16safe,6,121.924,7.609,0.997597,0.995892,1.003994,3.101807,3.099010,3.104592
ldc2,256,1,negative-both,vector16store,6,121.631,8.912,0.990612,0.981377,1.016340,3.122057,3.044776,3.150510
ldc2,256,1,negative-both,cpp-approved-execution,6,39.307,7.702,3.094410,3.091153,3.111386,1.000000,1.000000,1.000000
ldc2,256,1,negative-source,original,6,119.043,10.008,1.000000,1.000000,1.000000,3.103130,3.026810,3.109415
ldc2,256,1,negative-source,vector16safe,6,119.385,9.243,0.994681,0.975799,1.000000,3.113229,3.101877,3.159204
ldc2,256,1,negative-source,vector16store,6,120.166,9.346,0.990683,0.989414,1.013799,3.124639,3.058981,3.135204
ldc2,256,1,negative-source,cpp-approved-execution,6,38.330,7.643,3.103130,3.026810,3.109415,1.000000,1.000000,1.000000
ldc2,256,1,padded,original,6,57.275,10.230,1.000000,1.000000,1.000000,1.496830,1.494505,1.540816
ldc2,256,1,padded,vector16safe,6,57.471,10.025,0.996602,0.994783,0.998347,1.501276,1.498759,1.543367
ldc2,256,1,padded,vector16store,6,58.105,11.765,0.985913,0.982818,1.003690,1.519509,1.489011,1.553571
ldc2,256,1,padded,cpp-approved-execution,6,38.281,9.949,1.496830,1.494505,1.540816,1.000000,1.000000,1.000000
ldc2,256,1,repeated-source,original,6,58.887,5.307,1.000000,1.000000,1.000000,1.496216,1.493797,1.498759
ldc2,256,1,repeated-source,vector16safe,6,59.131,5.450,0.995787,0.995041,0.996700,1.501929,1.500000,1.506203
ldc2,256,1,repeated-source,vector16store,6,59.814,5.224,0.983687,0.982818,0.985318,1.519851,1.517327,1.523573
ldc2,256,1,repeated-source,cpp-approved-execution,6,39.355,5.459,1.496216,1.493797,1.498759,1.000000,1.000000,1.000000
ldc2,256,1,universal,original,6,821.387,8.429,1.000000,1.000000,1.000000,5.100908,5.073112,5.148058
ldc2,256,1,universal,vector16safe,6,818.701,8.314,1.003280,0.997690,1.014132,5.093476,5.002417,5.151699
ldc2,256,1,universal,vector16store,6,817.041,7.781,1.004884,0.999881,1.024652,5.086491,4.951057,5.098361
ldc2,256,1,universal,cpp-approved-execution,6,160.938,7.828,5.100908,5.073112,5.148058,1.000000,1.000000,1.000000
ldc2,256,17,contiguous,original,6,613.333,5.978,1.000000,1.000000,1.000000,1.282230,1.279412,1.289199
ldc2,256,17,contiguous,vector16safe,6,612.500,5.986,0.998652,0.997135,1.048433,1.282169,1.222997,1.292683
ldc2,256,17,contiguous,vector16store,6,613.333,5.435,1.001355,0.997135,1.045455,1.282659,1.226481,1.286713
ldc2,256,17,contiguous,cpp-approved-execution,6,478.333,5.575,1.282230,1.279412,1.289199,1.000000,1.000000,1.000000
ldc2,256,17,negative-both,original,6,1661.667,5.817,1.000000,1.000000,1.000000,2.799416,2.758713,2.873199
ldc2,256,17,negative-both,vector16safe,6,1655.000,6.344,1.003059,0.998060,1.005040,2.790880,2.764075,2.858790
ldc2,256,17,negative-both,vector16store,6,1655.833,6.744,1.003059,0.994203,1.004028,2.790880,2.774799,2.861671
ldc2,256,17,negative-both,cpp-approved-execution,6,585.833,7.397,2.799416,2.758713,2.873199,1.000000,1.000000,1.000000
ldc2,256,17,negative-source,original,6,1666.667,7.900,1.000000,1.000000,1.000000,2.807000,2.777159,2.879656
ldc2,256,17,negative-source,vector16safe,6,1635.833,7.641,1.007025,1.004028,1.036082,2.779370,2.766017,2.792717
ldc2,256,17,negative-source,vector16store,6,1661.667,9.729,1.003134,0.985294,1.028896,2.786708,2.768802,2.922636
ldc2,256,17,negative-source,cpp-approved-execution,6,588.333,7.649,2.807000,2.777159,2.879656,1.000000,1.000000,1.000000
ldc2,256,17,padded,original,6,640.000,10.156,1.000000,1.000000,1.000000,1.088828,1.075209,1.093151
ldc2,256,17,padded,vector16safe,6,642.500,11.933,0.998715,0.950739,1.002513,1.090660,1.086592,1.130919
ldc2,256,17,padded,vector16store,6,645.000,9.561,0.998715,0.969543,1.002597,1.089874,1.072423,1.122507
ldc2,256,17,padded,cpp-approved-execution,6,590.833,9.873,1.088828,1.075209,1.093151,1.000000,1.000000,1.000000
ldc2,256,17,repeated-source,original,6,655.000,23.664,1.000000,1.000000,1.000000,1.074816,0.923868,1.100840
ldc2,256,17,repeated-source,vector16safe,6,654.167,12.739,1.001276,0.978552,1.105911,1.072886,0.835391,1.098039
ldc2,256,17,repeated-source,vector16store,6,647.500,13.127,1.002513,0.978552,1.097800,1.075279,0.841564,1.084848
ldc2,256,17,repeated-source,cpp-approved-execution,6,603.333,43.094,1.074816,0.923868,1.100840,1.000000,1.000000,1.000000
ldc2,256,17,universal,original,6,12975.833,8.606,1.000000,1.000000,1.000000,4.862607,4.829167,5.065684
ldc2,256,17,universal,vector16safe,6,12902.500,11.561,1.002461,0.988667,1.033785,4.873634,4.796652,4.961146
ldc2,256,17,universal,vector16store,6,12945.000,9.424,1.005597,0.997695,1.033502,4.837078,4.788690,4.973248
ldc2,256,17,universal,cpp-approved-execution,6,2650.833,11.820,4.862607,4.829167,5.065684,1.000000,1.000000,1.000000
ldc2,256,128,contiguous,original,6,4162.500,44.144,1.000000,1.000000,1.000000,1.043461,0.886756,1.091772
ldc2,256,128,contiguous,vector16safe,6,4212.500,40.059,0.996925,0.973451,1.024390,1.049843,0.865643,1.094937
ldc2,256,128,contiguous,vector16store,6,4162.500,51.351,1.000000,0.950617,1.023739,1.043461,0.932821,1.067742
ldc2,256,128,contiguous,cpp-approved-execution,6,3956.250,68.878,1.043461,0.886756,1.091772,1.000000,1.000000,1.000000
ldc2,256,128,negative-both,original,6,11606.250,86.160,1.000000,1.000000,1.000000,2.630351,2.572222,3.178241
ldc2,256,128,negative-both,vector16safe,6,11612.500,69.322,1.001083,0.997845,1.333010,2.609751,2.384259,2.753623
ldc2,256,128,negative-both,vector16store,6,11950.000,106.695,0.999429,0.883439,1.185665,2.663044,2.603933,3.434783
ldc2,256,128,negative-both,cpp-approved-execution,6,4475.000,60.335,2.630351,2.572222,3.178241,1.000000,1.000000,1.000000
ldc2,256,128,negative-source,original,6,11562.500,27.351,1.000000,1.000000,1.000000,2.587418,2.532609,3.157303
ldc2,256,128,negative-source,vector16safe,6,11618.750,7.208,0.998929,0.975427,1.221739,2.605574,2.538043,2.655488
ldc2,256,128,negative-source,vector16store,6,11631.250,12.896,1.000000,0.975427,1.135354,2.617552,2.548913,2.780899
ldc2,256,128,negative-source,cpp-approved-execution,6,4456.250,11.220,2.587418,2.532609,3.157303,1.000000,1.000000,1.000000
ldc2,256,128,padded,original,6,4243.750,8.247,1.000000,1.000000,1.000000,0.989782,0.966667,0.994030
ldc2,256,128,padded,vector16safe,6,4243.750,7.069,1.000000,0.988636,1.011236,0.986699,0.977778,0.994030
ldc2,256,128,padded,vector16store,6,4237.500,10.029,1.000000,0.950820,1.002985,0.990155,0.985163,1.016667
ldc2,256,128,padded,cpp-approved-execution,6,4287.500,8.163,0.989782,0.966667,0.994030,1.000000,1.000000,1.000000
ldc2,256,128,repeated-source,original,6,4193.750,30.700,1.000000,1.000000,1.000000,0.982116,0.956938,0.988406
ldc2,256,128,repeated-source,vector16safe,6,4187.500,33.433,1.000000,0.978923,1.017812,0.983259,0.940191,0.986143
ldc2,256,128,repeated-source,vector16store,6,4187.500,68.060,0.998489,0.769797,1.005900,0.984747,0.982090,1.254042
ldc2,256,128,repeated-source,cpp-approved-execution,6,4256.250,33.186,0.982116,0.956938,0.988406,1.000000,1.000000,1.000000
ldc2,256,128,universal,original,6,94093.750,30.847,1.000000,1.000000,1.000000,4.776070,4.082465,4.864937
ldc2,256,128,universal,vector16safe,6,93431.250,14.516,1.008091,1.005826,1.158660,4.742635,3.523438,4.827013
ldc2,256,128,universal,vector16store,6,93281.250,16.322,1.010440,0.992400,1.141228,4.735036,3.577257,4.902196
ldc2,256,128,universal,cpp-approved-execution,6,19700.000,53.236,4.776070,4.082465,4.864937,1.000000,1.000000,1.000000
ldc2,257,1,contiguous,original,6,67.598,79.768,1.000000,1.000000,1.000000,1.693615,1.509383,2.726287
ldc2,257,1,contiguous,vector16safe,6,68.775,71.846,0.999138,0.931481,1.073403,1.692123,1.406166,2.926829
ldc2,257,1,contiguous,vector16store,6,61.961,109.494,0.990567,0.883830,1.468613,1.715244,1.696793,1.856369
ldc2,257,1,contiguous,cpp-approved-execution,6,34.902,114.326,1.693615,1.509383,2.726287,1.000000,1.000000,1.000000
ldc2,257,1,negative-both,original,6,125.980,110.661,1.000000,1.000000,1.000000,3.036756,2.995516,3.252577
ldc2,257,1,negative-both,vector16safe,6,128.824,101.522,0.943752,0.908844,1.016923,3.220167,3.155340,3.295964
ldc2,257,1,negative-both,vector16store,6,124.951,103.648,0.998042,0.964451,1.053386,3.054390,2.991031,3.140777
ldc2,257,1,negative-both,cpp-approved-execution,6,40.392,100.000,3.036756,2.995516,3.252577,1.000000,1.000000,1.000000
ldc2,257,1,negative-source,original,6,123.824,134.442,1.000000,1.000000,1.000000,3.117682,3.031496,3.711258
ldc2,257,1,negative-source,vector16safe,6,127.010,118.873,0.952428,0.896431,1.033186,3.221439,3.150485,3.592053
ldc2,257,1,negative-source,vector16store,6,121.667,114.102,1.004704,0.892683,1.110143,3.053541,3.041262,3.534483
ldc2,257,1,negative-source,cpp-approved-execution,6,39.608,96.782,3.117682,3.031496,3.711258,1.000000,1.000000,1.000000
ldc2,257,1,padded,original,6,58.725,98.831,1.000000,1.000000,1.000000,1.504396,1.500000,1.553134
ldc2,257,1,padded,vector16safe,6,58.725,108.848,1.002706,0.905775,1.006689,1.498691,1.491272,1.661616
ldc2,257,1,padded,vector16store,6,59.510,105.107,0.989884,0.957179,0.995050,1.517720,1.511222,1.622616
ldc2,257,1,padded,cpp-approved-execution,6,39.069,92.848,1.504396,1.500000,1.553134,1.000000,1.000000,1.000000
ldc2,257,1,repeated-source,original,6,60.441,50.122,1.000000,1.000000,1.000000,1.496933,1.458629,1.587387
ldc2,257,1,repeated-source,vector16safe,6,60.539,64.291,1.002489,0.910124,1.003425,1.496147,1.453901,1.744144
ldc2,257,1,repeated-source,vector16store,6,61.225,50.280,0.986693,0.985459,0.995200,1.515594,1.479905,1.610811
ldc2,257,1,repeated-source,cpp-approved-execution,6,40.637,41.978,1.496933,1.458629,1.587387,1.000000,1.000000,1.000000
ldc2,257,1,universal,original,6,818.873,17.863,1.000000,1.000000,1.000000,5.116445,5.024081,5.348783
ldc2,257,1,universal,vector16safe,6,823.725,27.731,0.999172,0.896189,1.018872,5.147070,5.028517,5.861547
ldc2,257,1,universal,vector16store,6,827.500,21.800,1.002393,0.941311,1.035674,5.127576,4.949303,5.580570
ldc2,257,1,universal,cpp-approved-execution,6,160.049,12.435,5.116445,5.024081,5.348783,1.000000,1.000000,1.000000
ldc2,257,17,contiguous,original,6,619.167,8.883,1.000000,1.000000,1.000000,1.291506,1.275748,1.322695
ldc2,257,17,contiguous,vector16safe,6,614.167,12.754,1.009720,0.984615,1.023324,1.289959,1.256410,1.301418
ldc2,257,17,contiguous,vector16store,6,615.000,10.298,1.001305,0.987147,1.014205,1.290868,1.284722,1.304965
ldc2,257,17,contiguous,cpp-approved-execution,6,475.000,9.825,1.291506,1.275748,1.322695,1.000000,1.000000,1.000000
ldc2,257,17,negative-both,original,6,1716.667,46.019,1.000000,1.000000,1.000000,2.769126,2.591985,2.935096
ldc2,257,17,negative-both,vector16safe,6,1669.167,22.866,1.028449,1.000000,1.376209,2.733555,1.883424,2.831731
ldc2,257,17,negative-both,vector16store,6,1709.167,41.053,1.004146,0.997076,1.037929,2.770515,2.497268,2.925481
ldc2,257,17,negative-both,cpp-approved-execution,6,610.000,55.191,2.769126,2.591985,2.935096,1.000000,1.000000,1.000000
ldc2,257,17,negative-source,original,6,1646.667,51.923,1.000000,1.000000,1.000000,2.736779,2.685567,3.146288
ldc2,257,17,negative-source,vector16safe,6,1667.500,43.978,0.976229,0.936208,1.034458,2.806643,2.745205,3.041485
ldc2,257,17,negative-source,vector16store,6,1665.833,88.944,0.982747,0.783578,1.005263,2.769053,2.711340,4.015284
ldc2,257,17,negative-source,cpp-approved-execution,6,601.667,32.687,2.736779,2.685567,3.146288,1.000000,1.000000,1.000000
ldc2,257,17,padded,original,6,650.833,10.755,1.000000,1.000000,1.000000,1.068638,1.067847,1.072000
ldc2,257,17,padded,vector16safe,6,650.833,10.499,1.000000,0.997245,1.002564,1.069980,1.065574,1.072000
ldc2,257,17,padded,vector16store,6,652.500,10.217,0.998656,0.994898,1.002481,1.071398,1.066138,1.073973
ldc2,257,17,padded,cpp-approved-execution,6,609.167,10.670,1.068638,1.067847,1.072000,1.000000,1.000000,1.000000
ldc2,257,17,repeated-source,original,6,662.500,25.912,1.000000,1.000000,1.000000,1.053121,0.923529,1.061333
ldc2,257,17,repeated-source,vector16safe,6,662.500,27.170,1.000000,0.976134,1.000000,1.053121,0.933333,1.061333
ldc2,257,17,repeated-source,vector16store,6,663.333,26.633,0.997484,0.989496,1.000000,1.055777,0.933333,1.063218
ldc2,257,17,repeated-source,cpp-approved-execution,6,627.500,43.028,1.053121,0.923529,1.061333,1.000000,1.000000,1.000000
ldc2,257,17,universal,original,6,13218.333,26.504,1.000000,1.000000,1.000000,4.895505,4.478342,4.909765
ldc2,257,17,universal,vector16safe,6,13233.333,67.909,1.001197,0.745985,1.029170,4.885236,4.754662,6.003260
ldc2,257,17,universal,vector16store,6,13127.500,64.166,1.000464,0.762611,1.007855,4.898841,4.846447,5.872380
ldc2,257,17,universal,cpp-approved-execution,6,2695.000,37.910,4.895505,4.478342,4.909765,1.000000,1.000000,1.000000
ldc2,257,128,contiguous,original,6,4262.500,56.305,1.000000,1.000000,1.000000,1.052425,1.009146,1.087065
ldc2,257,128,contiguous,vector16safe,6,4193.750,62.593,0.991067,0.968401,1.045045,1.040788,1.024390,1.114428
ldc2,257,128,contiguous,vector16store,6,4187.500,87.761,0.996983,0.832268,1.041916,1.043972,1.024390,1.274949
ldc2,257,128,contiguous,cpp-approved-execution,6,4068.750,53.456,1.052425,1.009146,1.087065,1.000000,1.000000,1.000000
ldc2,257,128,negative-both,original,6,12137.500,32.338,1.000000,1.000000,1.000000,2.531280,2.257511,3.405172
ldc2,257,128,negative-both,vector16safe,6,11618.750,19.365,0.998378,0.975364,1.313747,2.530270,2.302575,2.681682
ldc2,257,128,negative-both,vector16store,6,12043.750,29.683,0.999427,0.908463,1.106443,2.543626,2.384988,3.077586
ldc2,257,128,negative-both,cpp-approved-execution,6,4587.500,36.240,2.531280,2.257511,3.405172,1.000000,1.000000,1.000000
ldc2,257,128,negative-source,original,6,11675.000,14.882,1.000000,1.000000,1.000000,2.512450,2.346535,2.657754
ldc2,257,128,negative-source,vector16safe,6,11712.500,24.333,0.996812,0.918669,1.003341,2.512547,2.455446,2.893048
ldc2,257,128,negative-source,vector16store,6,11700.000,15.278,1.000057,0.995680,1.004459,2.512116,2.341584,2.665775
ldc2,257,128,negative-source,cpp-approved-execution,6,4675.000,19.519,2.512450,2.346535,2.657754,1.000000,1.000000,1.000000
ldc2,257,128,padded,original,6,4306.250,20.610,1.000000,1.000000,1.000000,0.973180,0.965015,1.005450
ldc2,257,128,padded,vector16safe,6,4318.750,22.287,0.997023,0.981383,1.000000,0.976006,0.967930,1.024523
ldc2,257,128,padded,vector16store,6,4306.250,13.353,1.000055,0.993994,1.066116,0.971055,0.923664,0.975000
ldc2,257,128,padded,cpp-approved-execution,6,4425.000,18.927,0.973180,0.965015,1.005450,1.000000,1.000000,1.000000
ldc2,257,128,repeated-source,original,6,4275.000,76.023,1.000000,1.000000,1.000000,0.963729,0.955810,0.972603
ldc2,257,128,repeated-source,vector16safe,6,4281.250,52.847,1.000000,0.917313,1.156436,0.963781,0.826514,1.060274
ldc2,257,128,repeated-source,vector16store,6,4268.750,73.499,1.000000,0.910256,1.015652,0.963781,0.941080,1.068493
ldc2,257,128,repeated-source,cpp-approved-execution,6,4425.000,77.684,0.963729,0.955810,0.972603,1.000000,1.000000,1.000000
ldc2,257,128,universal,original,6,96550.000,13.141,1.000000,1.000000,1.000000,4.852694,4.716157,5.113693
ldc2,257,128,universal,vector16safe,6,95906.250,10.740,1.010401,0.974981,1.055217,4.824032,4.780702,4.849936
ldc2,257,128,universal,vector16store,6,97431.250,32.998,1.006902,0.821095,1.017625,4.918823,4.783835,5.850728
ldc2,257,128,universal,cpp-approved-execution,6,19925.000,11.167,4.852694,4.716157,5.113693,1.000000,1.000000,1.000000
ldc2,511,1,contiguous,original,6,94.444,52.012,1.000000,1.000000,1.000000,1.467668,1.452769,1.545455
ldc2,511,1,contiguous,vector16safe,6,92.788,36.345,0.997877,0.991684,1.122186,1.462637,1.317797,1.481928
ldc2,511,1,contiguous,vector16store,6,93.177,56.904,0.995645,0.969444,1.064795,1.461788,1.451411,1.525424
ldc2,511,1,contiguous,cpp-approved-execution,6,63.353,50.769,1.467668,1.452769,1.545455,1.000000,1.000000,1.000000
ldc2,511,1,negative-both,original,6,222.222,51.842,1.000000,1.000000,1.000000,2.911879,2.729412,2.918367
ldc2,511,1,negative-both,vector16safe,6,222.612,46.497,0.998689,0.996317,1.038363,2.918223,2.628571,2.920716
ldc2,511,1,negative-both,vector16store,6,223.489,47.274,0.996689,0.990451,1.028499,2.926424,2.653782,2.938776
ldc2,511,1,negative-both,cpp-approved-execution,6,76.316,61.558,2.911879,2.729412,2.918367,1.000000,1.000000,1.000000
ldc2,511,1,negative-source,original,6,219.883,12.145,1.000000,1.000000,1.000000,2.917277,2.908163,2.954301
ldc2,511,1,negative-source,vector16safe,6,222.320,14.029,0.998110,0.972973,1.004570,2.929470,2.910714,2.994778
ldc2,511,1,negative-source,vector16store,6,220.370,12.295,0.996914,0.994037,1.008257,2.926918,2.913265,2.942356
ldc2,511,1,negative-source,cpp-approved-execution,6,75.439,11.628,2.917277,2.908163,2.954301,1.000000,1.000000,1.000000
ldc2,511,1,padded,original,6,93.567,17.708,1.000000,1.000000,1.000000,1.244664,1.224181,1.286747
ldc2,511,1,padded,vector16safe,6,94.055,15.130,0.993788,0.989518,1.017143,1.255409,1.231738,1.265060
ldc2,511,1,padded,vector16store,6,94.055,14.508,0.993849,0.991597,1.022989,1.254094,1.229219,1.286082
ldc2,511,1,padded,cpp-approved-execution,6,75.536,14.194,1.244664,1.224181,1.286747,1.000000,1.000000,1.000000
ldc2,511,1,repeated-source,original,6,97.758,9.771,1.000000,1.000000,1.000000,1.261325,1.230952,1.268473
ldc2,511,1,repeated-source,vector16safe,6,98.148,10.129,0.994035,0.990421,1.000000,1.268508,1.242857,1.269542
ldc2,511,1,repeated-source,vector16store,6,98.733,9.279,0.993836,0.990020,1.012320,1.269124,1.235714,1.274809
ldc2,511,1,repeated-source,cpp-approved-execution,6,77.485,12.327,1.261325,1.230952,1.268473,1.000000,1.000000,1.000000
ldc2,511,1,universal,original,6,1605.556,48.358,1.000000,1.000000,1.000000,5.036168,4.843624,6.079340
ldc2,511,1,universal,vector16safe,6,1569.103,60.004,1.001678,0.934059,1.051081,4.999512,4.852279,6.508520
ldc2,511,1,universal,vector16store,6,1584.113,36.682,1.012632,0.989835,1.096102,5.019437,4.744951,5.546326
ldc2,511,1,universal,cpp-approved-execution,6,317.057,24.162,5.036168,4.843624,6.079340,1.000000,1.000000,1.000000
ldc2,511,17,contiguous,original,6,1230.000,34.146,1.000000,1.000000,1.000000,1.106701,1.085890,1.133956
ldc2,511,17,contiguous,vector16safe,6,1215.000,13.717,1.000000,0.994872,1.242667,1.091400,0.886525,1.133956
ldc2,511,17,contiguous,vector16store,6,1215.000,24.966,1.002669,1.000000,1.081206,1.092892,1.018913,1.130841
ldc2,511,17,contiguous,cpp-approved-execution,6,1101.667,33.888,1.106701,1.085890,1.133956,1.000000,1.000000,1.000000
ldc2,511,17,negative-both,original,6,3376.667,140.573,1.000000,1.000000,1.000000,2.705393,2.576826,3.116866
ldc2,511,17,negative-both,vector16safe,6,3383.333,118.227,1.000931,0.895013,1.104991,2.729286,2.688654,2.879093
ldc2,511,17,negative-both,vector16store,6,3356.667,122.939,1.002992,0.966006,1.086071,2.695062,2.667506,2.869854
ldc2,511,17,negative-both,cpp-approved-execution,6,1245.000,110.040,2.705393,2.576826,3.116866,1.000000,1.000000,1.000000
ldc2,511,17,negative-source,original,6,3241.667,9.563,1.000000,1.000000,1.000000,2.711302,2.690608,2.717877
ldc2,511,17,negative-source,vector16safe,6,3235.000,9.892,1.002577,0.977867,1.005411,2.700459,2.685083,2.776536
ldc2,511,17,negative-source,vector16store,6,3240.000,10.082,1.001543,1.000000,1.005411,2.702729,2.685083,2.715084
ldc2,511,17,negative-source,cpp-approved-execution,6,1195.000,10.042,2.711302,2.690608,2.717877,1.000000,1.000000,1.000000
ldc2,511,17,padded,original,6,1226.667,39.674,1.000000,1.000000,1.000000,1.008613,0.912313,1.026954
ldc2,511,17,padded,vector16safe,6,1221.667,43.383,1.000000,0.974104,1.024194,1.008613,0.936567,1.018767
ldc2,511,17,padded,vector16store,6,1233.333,37.027,1.000000,0.986842,1.018750,1.008613,0.895522,1.026954
ldc2,511,17,padded,cpp-approved-execution,6,1213.333,53.846,1.008613,0.912313,1.026954,1.000000,1.000000,1.000000
ldc2,511,17,repeated-source,original,6,1270.000,188.976,1.000000,1.000000,1.000000,1.005421,0.980282,1.241685
ldc2,511,17,repeated-source,vector16safe,6,1268.333,226.281,1.000000,0.877568,1.085271,1.005421,0.997409,1.353726
ldc2,511,17,repeated-source,vector16store,6,1268.333,217.608,1.000000,0.901266,1.174004,1.005564,0.997409,1.318131
ldc2,511,17,repeated-source,cpp-approved-execution,6,1266.667,143.158,1.005421,0.980282,1.241685,1.000000,1.000000,1.000000
ldc2,511,17,universal,original,6,26716.667,52.364,1.000000,1.000000,1.000000,4.937531,4.405699,5.246124
ldc2,511,17,universal,vector16safe,6,26445.000,56.558,1.003918,0.976400,1.031712,4.964811,4.512186,5.096253
ldc2,511,17,universal,vector16store,6,26425.000,63.778,1.013396,0.937151,1.045981,4.985235,4.701162,5.114412
ldc2,511,17,universal,cpp-approved-execution,6,5290.000,72.905,4.937531,4.405699,5.246124,1.000000,1.000000,1.000000
ldc2,511,128,contiguous,original,6,9000.000,10.000,1.000000,1.000000,1.000000,1.025371,1.018466,1.047753
ldc2,511,128,contiguous,vector16safe,6,8968.750,8.780,1.002826,0.998636,1.018466,1.023944,1.000000,1.033708
ldc2,511,128,contiguous,vector16store,6,9062.500,14.483,1.004235,0.930502,1.016349,1.025253,1.009943,1.102128
ldc2,511,128,contiguous,cpp-approved-execution,6,8806.250,7.665,1.025371,1.018466,1.047753,1.000000,1.000000,1.000000
ldc2,511,128,negative-both,original,6,24531.250,7.439,1.000000,1.000000,1.000000,2.469597,2.343675,2.657480
ldc2,511,128,negative-both,vector16safe,6,23906.250,4.392,1.008758,0.998939,1.071996,2.454854,2.332936,2.525097
ldc2,511,128,negative-both,vector16store,6,23993.750,11.357,1.006461,0.935684,1.076555,2.474278,2.431525,2.519104
ldc2,511,128,negative-both,cpp-approved-execution,6,9693.750,10.187,2.469597,2.343675,2.657480,1.000000,1.000000,1.000000
ldc2,511,128,negative-source,original,6,23950.000,5.793,1.000000,1.000000,1.000000,2.473517,2.110994,2.553360
ldc2,511,128,negative-source,vector16safe,6,23800.000,9.821,1.002356,0.965201,1.007439,2.463078,2.187104,2.534914
ldc2,511,128,negative-source,vector16store,6,24212.500,6.660,1.001062,0.942346,1.017320,2.494458,2.075053,2.623207
ldc2,511,128,negative-source,cpp-approved-execution,6,9625.000,24.286,2.473517,2.110994,2.553360,1.000000,1.000000,1.000000
ldc2,511,128,padded,original,6,9062.500,61.931,1.000000,1.000000,1.000000,0.960800,0.906469,1.004167
ldc2,511,128,padded,vector16safe,6,9043.750,65.238,0.999142,0.997222,1.043290,0.960801,0.908028,0.964286
ldc2,511,128,padded,vector16store,6,9025.000,59.141,1.001377,0.998626,1.043290,0.959784,0.872954,0.962963
ldc2,511,128,padded,cpp-approved-execution,6,9393.750,74.917,0.960800,0.906469,1.004167,1.000000,1.000000,1.000000
ldc2,511,128,repeated-source,original,6,8312.500,5.414,1.000000,1.000000,1.000000,0.957463,0.910959,0.959596
ldc2,511,128,repeated-source,vector16safe,6,8312.500,13.835,1.000000,0.925926,1.001506,0.958905,0.909589,1.032787
ldc2,511,128,repeated-source,vector16store,6,8312.500,5.564,1.000000,0.998496,1.000000,0.958183,0.910959,0.959596
ldc2,511,128,repeated-source,cpp-approved-execution,6,8675.000,5.620,0.957463,0.910959,0.959596,1.000000,1.000000,1.000000
ldc2,511,128,universal,original,6,187875.000,9.747,1.000000,1.000000,1.000000,4.861781,4.731854,4.928479
ldc2,511,128,universal,vector16safe,6,187062.500,11.801,1.005618,0.988840,1.008548,4.838198,4.696355,4.974876
ldc2,511,128,universal,vector16store,6,185675.000,28.080,1.005007,0.859295,1.024970,4.837527,4.663391,5.724876
ldc2,511,128,universal,cpp-approved-execution,6,38862.500,8.942,4.861781,4.731854,4.928479,1.000000,1.000000,1.000000
ldc2,512,1,contiguous,original,6,86.621,11.499,1.000000,1.000000,1.000000,1.558254,1.541667,1.668990
ldc2,512,1,contiguous,vector16safe,6,86.719,8.108,1.011521,0.997748,1.078829,1.547038,1.538194,1.552980
ldc2,512,1,contiguous,vector16store,6,87.500,7.812,1.001257,0.988839,1.069196,1.560976,1.555160,1.562914
ldc2,512,1,contiguous,cpp-approved-execution,6,56.055,7.317,1.558254,1.541667,1.668990,1.000000,1.000000,1.000000
ldc2,512,1,negative-both,original,6,209.863,13.588,1.000000,1.000000,1.000000,3.043466,3.036620,3.128000
ldc2,512,1,negative-both,vector16safe,6,210.254,10.497,0.999051,0.997087,1.028947,3.043669,3.039437,3.077364
ldc2,512,1,negative-both,vector16store,6,209.961,10.977,0.997288,0.993230,1.020888,3.053981,3.050296,3.064000
ldc2,512,1,negative-both,cpp-approved-execution,6,68.750,10.795,3.043466,3.036620,3.128000,1.000000,1.000000,1.000000
ldc2,512,1,negative-source,original,6,209.668,7.639,1.000000,1.000000,1.000000,3.038462,3.030055,3.070028
ldc2,512,1,negative-source,vector16safe,6,211.133,7.956,0.997088,0.987985,1.008280,3.045633,3.042254,3.082621
ldc2,512,1,negative-source,vector16store,6,211.035,10.088,0.993518,0.971954,1.006428,3.060784,3.050420,3.117486
ldc2,512,1,negative-source,cpp-approved-execution,6,68.945,7.932,3.038462,3.030055,3.070028,1.000000,1.000000,1.000000
ldc2,512,1,padded,original,6,85.938,12.045,1.000000,1.000000,1.000000,1.286643,1.268012,1.321839
ldc2,512,1,padded,vector16safe,6,86.328,10.407,1.009281,0.995475,1.038375,1.273775,1.272000,1.277286
ldc2,512,1,padded,vector16store,6,86.914,10.562,1.004045,0.988764,1.024499,1.282544,1.280236,1.290230
ldc2,512,1,padded,cpp-approved-execution,6,67.773,10.663,1.286643,1.268012,1.321839,1.000000,1.000000,1.000000
ldc2,512,1,repeated-source,original,6,87.891,15.333,1.000000,1.000000,1.000000,1.280777,1.265130,1.322917
ldc2,512,1,repeated-source,vector16safe,6,88.184,10.410,1.009119,0.995465,1.043121,1.270658,1.268012,1.273239
ldc2,512,1,repeated-source,vector16store,6,88.770,10.341,1.000089,0.986517,1.032520,1.281470,1.277333,1.282421
ldc2,512,1,repeated-source,cpp-approved-execution,6,69.336,10.423,1.280777,1.265130,1.322917,1.000000,1.000000,1.000000
ldc2,512,1,universal,original,6,1494.531,18.610,1.000000,1.000000,1.000000,5.036937,4.998042,5.413192
ldc2,512,1,universal,vector16safe,6,1507.715,13.498,1.005915,0.978628,1.050350,5.021438,4.945822,5.258412
ldc2,512,1,universal,vector16store,6,1498.828,14.204,1.005711,0.984804,1.042296,5.013061,4.861619,5.225437
ldc2,512,1,universal,cpp-approved-execution,6,297.168,10.384,5.036937,4.998042,5.413192,1.000000,1.000000,1.000000
ldc2,512,17,contiguous,original,6,1138.333,8.492,1.000000,1.000000,1.000000,1.078267,1.072327,1.093656
ldc2,512,17,contiguous,vector16safe,6,1141.667,8.467,1.000000,0.994169,1.011173,1.079731,1.074194,1.081571
ldc2,512,17,contiguous,vector16store,6,1138.333,8.492,0.997161,0.997006,1.022599,1.076565,1.069486,1.083582
ldc2,512,17,contiguous,cpp-approved-execution,6,1058.333,8.189,1.078267,1.072327,1.093656,1.000000,1.000000,1.000000
ldc2,512,17,negative-both,original,6,3151.667,13.326,1.000000,1.000000,1.000000,2.819295,2.814024,2.822630
ldc2,512,17,negative-both,vector16safe,6,3151.667,13.009,1.000542,0.978791,1.003828,2.813226,2.809140,2.883792
ldc2,512,17,negative-both,vector16store,6,3150.000,13.333,1.001006,1.000000,1.003024,2.815614,2.810198,2.820896
ldc2,512,17,negative-both,cpp-approved-execution,6,1118.333,13.413,2.819295,2.814024,2.822630,1.000000,1.000000,1.000000
ldc2,512,17,negative-source,original,6,3156.667,8.025,1.000000,1.000000,1.000000,2.852131,2.849003,2.923754
ldc2,512,17,negative-source,vector16safe,6,3150.000,7.725,1.002563,1.000000,1.023614,2.846386,2.840456,2.856305
ldc2,512,17,negative-source,vector16store,6,3190.000,7.732,1.002118,0.977296,1.027835,2.845480,2.840456,2.918675
ldc2,512,17,negative-source,cpp-approved-execution,6,1106.667,8.133,2.852131,2.849003,2.923754,1.000000,1.000000,1.000000
ldc2,512,17,padded,original,6,1170.000,7.407,1.000000,1.000000,1.000000,1.048338,1.043860,1.052632
ldc2,512,17,padded,vector16safe,6,1171.667,7.681,1.000000,0.997191,1.002950,1.048524,1.040936,1.050147
ldc2,512,17,padded,vector16store,6,1165.000,7.725,1.000000,0.997207,1.008523,1.048338,1.038348,1.049536
ldc2,512,17,padded,cpp-approved-execution,6,1116.667,7.761,1.048338,1.043860,1.052632,1.000000,1.000000,1.000000
ldc2,512,17,repeated-source,original,6,1216.667,43.836,1.000000,1.000000,1.000000,1.041675,0.932605,1.068249
ldc2,512,17,repeated-source,vector16safe,6,1216.667,42.192,1.000000,0.997375,1.011858,1.043045,0.921676,1.068249
ldc2,512,17,repeated-source,vector16store,6,1218.333,41.313,1.000000,0.997230,1.017893,1.042803,0.916211,1.068249
ldc2,512,17,repeated-source,cpp-approved-execution,6,1168.333,62.482,1.041675,0.932605,1.068249,1.000000,1.000000,1.000000
ldc2,512,17,universal,original,6,26121.667,12.467,1.000000,1.000000,1.000000,4.969956,4.810792,5.021916
ldc2,512,17,universal,vector16safe,6,25610.000,9.853,1.011318,0.984072,1.027716,4.910289,4.690696,5.005693
ldc2,512,17,universal,vector16store,6,25443.333,9.433,1.010628,0.984347,1.041288,4.902534,4.660505,4.981025
ldc2,512,17,universal,cpp-approved-execution,6,5270.000,10.057,4.969956,4.810792,5.021916,1.000000,1.000000,1.000000
ldc2,512,128,contiguous,original,6,8587.500,24.163,1.000000,1.000000,1.000000,1.009666,0.758152,1.020710
ldc2,512,128,contiguous,vector16safe,6,8581.250,18.063,1.000000,1.000000,1.052830,1.009016,0.720109,1.020710
ldc2,512,128,contiguous,vector16store,6,8581.250,10.488,1.001453,0.979592,1.128032,1.011792,0.672101,1.030030
ldc2,512,128,contiguous,cpp-approved-execution,6,8462.500,64.845,1.009666,0.758152,1.020710,1.000000,1.000000,1.000000
ldc2,512,128,negative-both,original,6,23206.250,5.279,1.000000,1.000000,1.000000,2.561127,2.530831,2.582069
ldc2,512,128,negative-both,vector16safe,6,23225.000,5.221,1.000265,0.992051,1.005860,2.553806,2.529491,2.602759
ldc2,512,128,negative-both,vector16store,6,23237.500,6.079,1.000000,0.983710,1.004790,2.555163,2.530831,2.624828
ldc2,512,128,negative-both,cpp-approved-execution,6,9056.250,6.487,2.561127,2.530831,2.582069,1.000000,1.000000,1.000000
ldc2,512,128,negative-source,original,6,23700.000,5.063,1.000000,1.000000,1.000000,2.569917,2.352217,2.670799
ldc2,512,128,negative-source,vector16safe,6,23537.500,10.568,1.000007,0.932353,1.018667,2.551779,2.309113,2.779292
ldc2,512,128,negative-source,vector16store,6,23793.750,10.875,1.000271,0.928711,1.014666,2.551107,2.432266,2.790191
ldc2,512,128,negative-source,cpp-approved-execution,6,9125.000,12.740,2.569917,2.352217,2.670799,1.000000,1.000000,1.000000
ldc2,512,128,padded,original,6,8862.500,9.591,1.000000,1.000000,1.000000,0.992209,0.960544,1.003989
ldc2,512,128,padded,vector16safe,6,8893.750,5.481,1.001408,0.990182,1.042818,0.989371,0.962766,0.993036
ldc2,512,128,padded,vector16store,6,8906.250,8.000,0.999300,0.950202,1.014785,0.993602,0.989362,1.010884
ldc2,512,128,padded,cpp-approved-execution,6,8975.000,8.357,0.992209,0.960544,1.003989,1.000000,1.000000,1.000000
ldc2,512,128,repeated-source,original,6,8268.750,11.036,1.000000,1.000000,1.000000,0.997708,0.944595,1.000000
ldc2,512,128,repeated-source,vector16safe,6,8256.250,10.598,1.001515,1.000000,1.005755,0.997670,0.939189,0.998527
ldc2,512,128,repeated-source,vector16store,6,8262.500,32.224,1.000000,0.834129,1.001600,0.999225,0.995223,1.132432
ldc2,512,128,repeated-source,cpp-approved-execution,6,8268.750,16.931,0.997708,0.944595,1.000000,1.000000,1.000000,1.000000
ldc2,512,128,universal,original,6,186331.250,10.418,1.000000,1.000000,1.000000,4.883657,4.795575,4.924042
ldc2,512,128,universal,vector16safe,6,184606.250,10.868,1.006734,1.002901,1.016005,4.848611,4.756197,4.888610
ldc2,512,128,universal,vector16store,6,183931.250,13.028,1.010340,0.964081,1.038505,4.793574,4.726388,5.107499
ldc2,512,128,universal,cpp-approved-execution,6,38343.750,9.976,4.883657,4.795575,4.924042,1.000000,1.000000,1.000000
ldc2,513,1,contiguous,original,6,87.084,7.416,1.000000,1.000000,1.000000,1.529617,1.528571,1.531561
ldc2,513,1,contiguous,vector16safe,6,86.888,7.207,1.002198,1.000000,1.002283,1.527186,1.525424,1.528571
ldc2,513,1,contiguous,vector16store,6,87.769,7.358,0.991184,0.990741,0.993534,1.543206,1.538983,1.544850
ldc2,513,1,contiguous,cpp-approved-execution,6,56.947,7.216,1.529617,1.528571,1.531561,1.000000,1.000000,1.000000
ldc2,513,1,negative-both,original,6,219.863,5.696,1.000000,1.000000,1.000000,3.006579,3.000000,3.076923
ldc2,513,1,negative-both,vector16safe,6,217.515,8.277,1.000000,0.976109,1.022482,3.004054,3.000000,3.084211
ldc2,513,1,negative-both,vector16store,6,218.200,7.892,0.996875,0.993902,1.020646,3.016441,3.010811,3.021053
ldc2,513,1,negative-both,cpp-approved-execution,6,72.407,7.838,3.006579,3.000000,3.076923,1.000000,1.000000,1.000000
ldc2,513,1,negative-source,original,6,216.928,9.653,1.000000,1.000000,1.000000,3.004065,2.997305,3.084011
ldc2,513,1,negative-source,vector16safe,6,216.928,5.503,0.999550,0.977251,1.023381,3.008108,3.000000,3.075802
ldc2,513,1,negative-source,vector16store,6,217.319,5.223,0.996416,0.972642,1.024302,3.012159,3.008130,3.090379
ldc2,513,1,negative-source,cpp-approved-execution,6,72.211,7.588,3.004065,2.997305,3.084011,1.000000,1.000000,1.000000
ldc2,513,1,padded,original,6,87.867,7.350,1.000000,1.000000,1.000000,1.273778,1.249307,1.275000
ldc2,513,1,padded,vector16safe,6,88.552,7.735,1.001092,0.978308,1.002294,1.272222,1.271137,1.277008
ldc2,513,1,padded,vector16store,6,88.258,7.317,0.993258,0.990698,0.997788,1.283066,1.252078,1.286111
ldc2,513,1,padded,cpp-approved-execution,6,69.569,7.314,1.273778,1.249307,1.275000,1.000000,1.000000,1.000000
ldc2,513,1,repeated-source,original,6,94.129,10.395,1.000000,1.000000,1.000000,1.269287,1.269129,1.271795
ldc2,513,1,repeated-source,vector16safe,6,93.933,10.417,1.002052,1.000000,1.002247,1.268468,1.266491,1.269444
ldc2,513,1,repeated-source,vector16store,6,94.716,8.471,0.991753,0.989177,1.010183,1.279683,1.258974,1.283333
ldc2,513,1,repeated-source,cpp-approved-execution,6,74.168,10.290,1.269287,1.269129,1.271795,1.000000,1.000000,1.000000
ldc2,513,1,universal,original,6,1563.209,9.652,1.000000,1.000000,1.000000,5.045591,4.915783,5.144781
ldc2,513,1,universal,vector16safe,6,1563.503,10.489,1.001637,0.992917,1.018893,5.056836,4.854675,5.140067
ldc2,513,1,universal,vector16store,6,1559.589,9.047,1.007900,0.992611,1.015529,5.047766,4.868996,5.113131
ldc2,513,1,universal,cpp-approved-execution,6,313.601,12.106,5.045591,4.915783,5.144781,1.000000,1.000000,1.000000
ldc2,513,17,contiguous,original,6,1160.000,8.046,1.000000,1.000000,1.000000,1.077411,1.073955,1.080597
ldc2,513,17,contiguous,vector16safe,6,1165.000,7.725,0.998507,0.972376,1.002770,1.078114,1.076220,1.107034
ldc2,513,17,contiguous,vector16store,6,1156.667,8.357,1.000000,0.997167,1.005698,1.076926,1.070122,1.083582
ldc2,513,17,contiguous,cpp-approved-execution,6,1076.667,7.430,1.077411,1.073955,1.080597,1.000000,1.000000,1.000000
ldc2,513,17,negative-both,original,6,3248.333,7.901,1.000000,1.000000,1.000000,2.818991,2.737752,2.887283
ldc2,513,17,negative-both,vector16safe,6,3201.667,7.808,1.002587,1.001054,1.027778,2.808470,2.734870,2.816024
ldc2,513,17,negative-both,vector16store,6,3243.333,7.708,1.002006,1.001054,1.004892,2.808891,2.734870,2.881503
ldc2,513,17,negative-both,cpp-approved-execution,6,1155.000,7.792,2.818991,2.737752,2.887283,1.000000,1.000000,1.000000
ldc2,513,17,negative-source,original,6,3261.667,16.965,1.000000,1.000000,1.000000,2.868550,2.824207,3.010989
ldc2,513,17,negative-source,vector16safe,6,3250.000,30.051,1.003591,0.899098,1.025862,2.830536,2.815562,3.348901
ldc2,513,17,negative-source,vector16store,6,3250.000,22.256,1.003158,0.958880,1.028078,2.833129,2.812680,3.140110
ldc2,513,17,negative-source,cpp-approved-execution,6,1150.000,10.725,2.868550,2.824207,3.010989,1.000000,1.000000,1.000000
ldc2,513,17,padded,original,6,1191.667,7.552,1.000000,1.000000,1.000000,1.036762,1.017045,1.038806
ldc2,513,17,padded,vector16safe,6,1188.333,7.574,1.000000,1.000000,1.005618,1.036762,1.011364,1.038806
ldc2,513,17,padded,vector16store,6,1188.333,7.574,1.000000,1.000000,1.013889,1.034245,1.011364,1.038806
ldc2,513,17,padded,cpp-approved-execution,6,1163.333,7.450,1.036762,1.017045,1.038806,1.000000,1.000000,1.000000
ldc2,513,17,repeated-source,original,6,1191.667,8.392,1.000000,1.000000,1.000000,1.031751,1.023256,1.058172
ldc2,513,17,repeated-source,vector16safe,6,1191.667,5.594,1.000000,0.997167,1.026882,1.031751,1.026163,1.033241
ldc2,513,17,repeated-source,vector16store,6,1191.667,10.070,1.000000,0.997167,1.050595,1.030471,0.982456,1.032164
ldc2,513,17,repeated-source,cpp-approved-execution,6,1158.333,5.468,1.031751,1.023256,1.058172,1.000000,1.000000,1.000000
ldc2,513,17,universal,original,6,25103.333,9.534,1.000000,1.000000,1.000000,4.940811,4.638626,4.989348
ldc2,513,17,universal,vector16safe,6,25286.667,8.054,1.004286,0.984806,1.018156,4.907584,4.621445,5.019231
ldc2,513,17,universal,vector16store,6,25311.667,10.562,1.002969,0.972375,1.014012,4.918399,4.629739,5.075083
ldc2,513,17,universal,cpp-approved-execution,6,5071.667,14.525,4.940811,4.638626,4.989348,1.000000,1.000000,1.000000
ldc2,513,128,contiguous,original,6,8543.750,6.145,1.000000,1.000000,1.000000,1.005205,0.997110,1.033435
ldc2,513,128,contiguous,vector16safe,6,8481.250,5.601,1.000778,0.998476,1.016442,1.004453,0.998555,1.016717
ldc2,513,128,contiguous,vector16store,6,8456.250,5.322,1.002266,1.000000,1.041348,1.001458,0.992401,1.004386
ldc2,513,128,contiguous,cpp-approved-execution,6,8425.000,5.638,1.005205,0.997110,1.033435,1.000000,1.000000,1.000000
ldc2,513,128,negative-both,original,6,23300.000,7.296,1.000000,1.000000,1.000000,2.547164,2.537634,2.608345
ldc2,513,128,negative-both,vector16safe,6,23281.250,7.409,1.000808,1.000000,1.001667,2.544354,2.534946,2.608345
ldc2,513,128,negative-both,vector16store,6,23281.250,7.463,1.000821,0.999484,1.001667,2.543662,2.533602,2.609690
ldc2,513,128,negative-both,cpp-approved-execution,6,9106.250,4.942,2.547164,2.537634,2.608345,1.000000,1.000000,1.000000
ldc2,513,128,negative-source,original,6,23350.000,5.139,1.000000,1.000000,1.000000,2.557926,2.543624,2.567935
ldc2,513,128,negative-source,vector16safe,6,23331.250,9.108,1.001098,0.960854,1.001586,2.555084,2.539597,2.672554
ldc2,513,128,negative-source,vector16store,6,23337.500,6.963,1.000549,0.980290,1.002646,2.556799,2.536913,2.619565
ldc2,513,128,negative-source,cpp-approved-execution,6,9125.000,5.753,2.557926,2.543624,2.567935,1.000000,1.000000,1.000000
ldc2,513,128,padded,original,6,8762.500,12.553,1.000000,1.000000,1.000000,0.992168,0.988113,1.056101
ldc2,513,128,padded,vector16safe,6,8781.250,7.260,0.998594,0.997135,1.057584,0.993596,0.988113,0.998597
ldc2,513,128,padded,vector16store,6,8756.250,16.702,0.999249,0.961686,1.001418,0.992763,0.989599,1.098177
ldc2,513,128,padded,cpp-approved-execution,6,8831.250,6.794,0.992168,0.988113,1.056101,1.000000,1.000000,1.000000
ldc2,513,128,repeated-source,original,6,8050.000,4.969,1.000000,1.000000,1.000000,0.986207,0.984663,1.009404
ldc2,513,128,repeated-source,vector16safe,6,8050.000,5.280,1.000000,0.998519,1.001560,0.986372,0.983129,1.009404
ldc2,513,128,repeated-source,vector16store,6,8050.000,6.988,0.999259,0.998447,1.022222,0.987151,0.984663,0.988024
ldc2,513,128,repeated-source,cpp-approved-execution,6,8156.250,7.050,0.986207,0.984663,1.009404,1.000000,1.000000,1.000000
ldc2,513,128,universal,original,6,180418.750,12.035,1.000000,1.000000,1.000000,4.885846,4.802911,4.993763
ldc2,513,128,universal,vector16safe,6,180675.000,9.029,1.001237,0.987536,1.016297,4.910827,4.725894,4.977832
ldc2,513,128,universal,vector16store,6,180762.500,9.785,1.007998,0.977203,1.021186,4.875693,4.708308,5.000693
ldc2,513,128,universal,cpp-approved-execution,6,36687.500,14.037,4.885846,4.802911,4.993763,1.000000,1.000000,1.000000
ldc2,2048,1,contiguous,original,6,275.000,4.545,1.000000,1.000000,1.000000,1.328358,1.328302,1.333333
ldc2,2048,1,contiguous,vector16safe,6,275.781,4.816,0.997199,0.997167,1.000000,1.332089,1.332075,1.333333
ldc2,2048,1,contiguous,vector16store,6,275.781,4.816,0.997167,0.994475,0.997230,1.332089,1.332075,1.337209
ldc2,2048,1,contiguous,cpp-approved-execution,6,207.031,4.906,1.328358,1.328302,1.333333,1.000000,1.000000,1.000000
ldc2,2048,1,negative-both,original,6,740.625,8.544,1.000000,1.000000,1.000000,2.769461,2.756164,2.835329
ldc2,2048,1,negative-both,vector16safe,6,741.797,8.320,0.998933,0.997897,1.000995,2.772455,2.753425,2.838323
ldc2,2048,1,negative-both,vector16store,6,733.594,11.076,0.998409,0.976699,1.022678,2.773952,2.764535,2.821918
ldc2,2048,1,negative-both,cpp-approved-execution,6,264.844,9.145,2.769461,2.756164,2.835329,1.000000,1.000000,1.000000
ldc2,2048,1,negative-source,original,6,741.016,8.118,1.000000,1.000000,1.000000,2.769913,2.766467,2.776204
ldc2,2048,1,negative-source,vector16safe,6,732.422,10.560,0.999474,0.978044,1.024865,2.769783,2.704678,2.838527
ldc2,2048,1,negative-source,vector16store,6,732.812,9.382,0.998394,0.986908,1.023758,2.771067,2.707602,2.813031
ldc2,2048,1,negative-source,cpp-approved-execution,6,267.578,7.883,2.769913,2.766467,2.776204,1.000000,1.000000,1.000000
ldc2,2048,1,padded,original,6,278.516,4.769,1.000000,1.000000,1.000000,1.079755,1.075802,1.080838
ldc2,2048,1,padded,vector16safe,6,279.297,5.035,0.997202,0.975676,1.000000,1.081710,1.075802,1.107784
ldc2,2048,1,padded,vector16store,6,278.906,5.042,0.997167,0.973046,1.000000,1.082822,1.077612,1.110778
ldc2,2048,1,padded,cpp-approved-execution,6,257.812,5.152,1.079755,1.075802,1.080838,1.000000,1.000000,1.000000
ldc2,2048,1,repeated-source,original,6,295.703,7.662,1.000000,1.000000,1.000000,1.079751,1.077844,1.099150
ldc2,2048,1,repeated-source,vector16safe,6,293.750,7.713,0.997367,0.997230,1.015707,1.082012,1.080838,1.083333
ldc2,2048,1,repeated-source,vector16store,6,293.750,7.447,0.996023,0.994475,1.018373,1.083583,1.079320,1.084795
ldc2,2048,1,repeated-source,cpp-approved-execution,6,271.484,7.482,1.079751,1.077844,1.099150,1.000000,1.000000,1.000000
ldc2,2048,1,universal,original,6,5887.500,11.797,1.000000,1.000000,1.000000,4.973348,4.810142,5.024177
ldc2,2048,1,universal,vector16safe,6,5845.312,11.922,1.003217,1.001080,1.015061,4.947427,4.803066,4.992429
ldc2,2048,1,universal,vector16store,6,5884.375,12.825,1.005008,0.997733,1.012396,4.935633,4.803066,5.035594
ldc2,2048,1,universal,cpp-approved-execution,6,1182.031,16.061,4.973348,4.810142,5.024177,1.000000,1.000000,1.000000
ldc2,2048,17,contiguous,original,6,4362.500,10.029,1.000000,1.000000,1.000000,1.040237,1.014620,1.053571
ldc2,2048,17,contiguous,vector16safe,6,4356.250,10.043,0.995904,0.994135,1.005764,1.040838,1.017544,1.059524
ldc2,2048,17,contiguous,vector16store,6,4362.500,8.596,0.995858,0.976945,1.011594,1.044606,1.014620,1.059524
ldc2,2048,17,contiguous,cpp-approved-execution,6,4200.000,9.226,1.040237,1.014620,1.053571,1.000000,1.000000,1.000000
ldc2,2048,17,negative-both,original,6,11731.250,11.188,1.000000,1.000000,1.000000,2.668091,2.627507,2.823204
ldc2,2048,17,negative-both,vector16safe,6,11731.250,4.901,1.000000,0.998933,1.061267,2.664868,2.627507,2.671309
ldc2,2048,17,negative-both,vector16store,6,11737.500,8.733,0.999467,0.998911,1.022000,2.670412,2.630372,2.762431
ldc2,2048,17,negative-both,cpp-approved-execution,6,4412.500,3.683,2.668091,2.627507,2.823204,1.000000,1.000000,1.000000
ldc2,2048,17,negative-source,original,6,11762.500,4.782,1.000000,1.000000,1.000000,2.641075,2.613889,2.681564
ldc2,2048,17,negative-source,vector16safe,6,11756.250,4.678,1.000522,0.998908,1.001066,2.641115,2.613889,2.681564
ldc2,2048,17,negative-source,vector16store,6,11762.500,4.782,1.000002,0.998908,1.001066,2.641115,2.616667,2.684358
ldc2,2048,17,negative-source,cpp-approved-execution,6,4475.000,3.911,2.641075,2.613889,2.681564,1.000000,1.000000,1.000000
ldc2,2048,17,padded,original,6,4431.250,7.898,1.000000,1.000000,1.000000,1.002829,0.986413,1.005682
ldc2,2048,17,padded,vector16safe,6,4437.500,9.577,0.998592,0.981081,1.002833,1.004138,1.002793,1.005988
ldc2,2048,17,padded,vector16store,6,4431.250,7.616,1.000000,1.000000,1.002762,1.002829,0.983696,1.005682
ldc2,2048,17,padded,cpp-approved-execution,6,4418.750,9.618,1.002829,0.986413,1.005682,1.000000,1.000000,1.000000
ldc2,2048,17,repeated-source,original,6,4375.000,7.143,1.000000,1.000000,1.000000,1.007276,0.986450,1.011905
ldc2,2048,17,repeated-source,vector16safe,6,4381.250,7.133,1.000000,0.997126,1.000000,1.008456,0.989160,1.011905
ldc2,2048,17,repeated-source,vector16store,6,4381.250,8.274,0.998563,0.991848,1.002950,1.008837,0.986450,1.019391
ldc2,2048,17,repeated-source,cpp-approved-execution,6,4343.750,9.496,1.007276,0.986450,1.011905,1.000000,1.000000,1.000000
ldc2,2048,17,universal,original,6,95643.750,10.103,1.000000,1.000000,1.000000,4.959934,4.928707,5.049811
ldc2,2048,17,universal,vector16safe,6,95231.250,10.015,1.006885,1.002812,1.009038,4.922185,4.901577,5.015132
ldc2,2048,17,universal,vector16store,6,96175.000,10.827,1.008160,0.977044,1.011786,4.927989,4.871293,5.077483
ldc2,2048,17,universal,cpp-approved-execution,6,19343.750,10.275,4.959934,4.928707,5.049811,1.000000,1.000000,1.000000
ldc2,2048,128,contiguous,original,6,34900.000,8.524,1.000000,1.000000,1.000000,0.992138,0.988323,0.999284
ldc2,2048,128,contiguous,vector16safe,6,34718.750,7.129,1.002527,0.994843,1.008926,0.989037,0.979830,0.997795
ldc2,2048,128,contiguous,vector16store,6,34668.750,7.355,1.005178,1.000361,1.015199,0.988032,0.980691,0.991055
ldc2,2048,128,contiguous,cpp-approved-execution,6,35131.250,8.219,0.992138,0.988323,0.999284,1.000000,1.000000,1.000000
ldc2,2048,128,negative-both,original,6,89868.750,10.571,1.000000,1.000000,1.000000,2.413048,2.221162,2.458160
ldc2,2048,128,negative-both,vector16safe,6,89906.250,11.679,1.001129,0.993534,1.013858,2.413215,2.235617,2.451245
ldc2,2048,128,negative-both,vector16store,6,90062.500,10.368,1.000002,0.997334,1.009564,2.414883,2.217115,2.464730
ldc2,2048,128,negative-both,cpp-approved-execution,6,36781.250,19.269,2.413048,2.221162,2.458160,1.000000,1.000000,1.000000
ldc2,2048,128,negative-source,original,6,89875.000,6.245,1.000000,1.000000,1.000000,2.451700,2.429693,2.467731
ldc2,2048,128,negative-source,vector16safe,6,89918.750,11.010,0.998914,0.963059,1.008378,2.465183,2.435104,2.522891
ldc2,2048,128,negative-source,vector16store,6,90412.500,6.650,0.998106,0.980043,1.015860,2.459156,2.391759,2.510494
ldc2,2048,128,negative-source,cpp-approved-execution,6,36575.000,7.348,2.451700,2.429693,2.467731,1.000000,1.000000,1.000000
ldc2,2048,128,padded,original,6,35775.000,20.126,1.000000,1.000000,1.000000,0.985452,0.973244,1.015133
ldc2,2048,128,padded,vector16safe,6,35837.500,17.370,0.998281,0.989777,1.015446,0.985980,0.976254,1.000668
ldc2,2048,128,padded,vector16store,6,35668.750,16.296,1.000178,0.989777,1.025905,0.985805,0.967559,0.995657
ldc2,2048,128,padded,cpp-approved-execution,6,36537.500,15.771,0.985452,0.973244,1.015133,1.000000,1.000000,1.000000
ldc2,2048,128,repeated-source,original,6,32725.000,18.755,1.000000,1.000000,1.000000,1.003990,0.998069,1.101664
ldc2,2048,128,repeated-source,vector16safe,6,32900.000,5.091,1.000781,0.986965,1.149057,1.003397,0.958755,1.011680
ldc2,2048,128,repeated-source,vector16store,6,32825.000,6.169,1.005736,0.985863,1.134501,0.998630,0.971056,1.012811
ldc2,2048,128,repeated-source,cpp-approved-execution,6,32775.000,8.924,1.003990,0.998069,1.101664,1.000000,1.000000,1.000000
ldc2,2048,128,universal,original,6,745725.000,10.926,1.000000,1.000000,1.000000,4.914556,4.614387,5.211238
ldc2,2048,128,universal,vector16safe,6,735981.250,10.340,1.015758,0.958048,1.040521,4.874249,4.784309,5.021456
ldc2,2048,128,universal,vector16store,6,738762.500,7.863,1.017090,0.999661,1.043515,4.870739,4.547904,5.039735
ldc2,2048,128,universal,cpp-approved-execution,6,150256.250,9.858,4.914556,4.614387,5.211238,1.000000,1.000000,1.000000
ldc2,2048,512,contiguous,original,6,141612.500,13.205,1.000000,1.000000,1.000000,0.988000,0.820714,1.009194
ldc2,2048,512,contiguous,vector16safe,6,141618.750,12.966,0.996895,0.983466,1.016744,0.992683,0.822162,1.004305
ldc2,2048,512,contiguous,vector16store,6,140275.000,31.750,1.002449,0.859477,1.014575,0.984584,0.954899,0.994696
ldc2,2048,512,contiguous,cpp-approved-execution,6,141837.500,36.045,0.988000,0.820714,1.009194,1.000000,1.000000,1.000000
ldc2,2048,512,negative-both,original,6,378062.500,20.817,1.000000,1.000000,1.000000,2.339704,2.176301,2.497122
ldc2,2048,512,negative-both,vector16safe,6,382087.500,17.408,0.998087,0.945959,1.049211,2.321677,2.150238,2.639780
ldc2,2048,512,negative-both,vector16store,6,386468.750,32.027,0.998276,0.791545,1.039910,2.343717,2.169470,3.154744
ldc2,2048,512,negative-both,cpp-approved-execution,6,161250.000,26.450,2.339704,2.176301,2.497122,1.000000,1.000000,1.000000
ldc2,2048,512,negative-source,original,6,363743.750,22.196,1.000000,1.000000,1.000000,2.386447,2.187984,2.512950
ldc2,2048,512,negative-source,vector16safe,6,367612.500,9.555,0.999556,0.935485,1.146298,2.367390,2.172945,2.620652
ldc2,2048,512,negative-source,vector16store,6,379437.500,21.107,0.995690,0.907155,1.029817,2.398425,2.368297,2.604064
ldc2,2048,512,negative-source,cpp-approved-execution,6,152356.250,15.679,2.386447,2.187984,2.512950,1.000000,1.000000,1.000000
ldc2,2048,512,padded,original,6,141481.250,20.003,1.000000,1.000000,1.000000,0.983245,0.965659,0.987587
ldc2,2048,512,padded,vector16safe,6,141625.000,31.059,0.998986,0.915239,1.003973,0.984752,0.979915,1.055090
ldc2,2048,512,padded,vector16store,6,143256.250,15.820,1.002165,0.968861,1.035989,0.981153,0.932114,1.018538
ldc2,2048,512,padded,cpp-approved-execution,6,143675.000,22.011,0.983245,0.965659,0.987587,1.000000,1.000000,1.000000
ldc2,2048,512,repeated-source,original,6,133306.250,17.028,1.000000,1.000000,1.000000,0.987939,0.950995,1.017887
ldc2,2048,512,repeated-source,vector16safe,6,133131.250,13.070,1.000635,0.971088,1.017045,0.990730,0.935057,1.032106
ldc2,2048,512,repeated-source,vector16store,6,133250.000,15.460,1.000413,0.978170,1.021289,0.995309,0.931171,1.023975
ldc2,2048,512,repeated-source,cpp-approved-execution,6,133218.750,23.054,0.987939,0.950995,1.017887,1.000000,1.000000,1.000000
ldc2,2048,512,universal,original,6,3056006.250,5.998,1.000000,1.000000,1.000000,4.283054,3.386838,4.562192
ldc2,2048,512,universal,vector16safe,6,3058056.250,8.481,0.998966,0.980626,1.004319,4.266256,3.453749,4.560496
ldc2,2048,512,universal,vector16store,6,3065306.250,9.449,0.993488,0.973125,1.006056,4.280537,3.480373,4.569072
ldc2,2048,512,universal,cpp-approved-execution,6,708256.250,38.507,4.283054,3.386838,4.562192,1.000000,1.000000,1.000000
