compiler,width,height,layout,form,processes,ns_per_call,process_spread_pct,original_over_form_median,original_over_form_min,original_over_form_max,form_over_cpp_median,form_over_cpp_min,form_over_cpp_max
dmd,1,1,contiguous,original,6,52.185,4.257,1.000000,1.000000,1.000000,13.790323,13.645161,14.141026
dmd,1,1,contiguous,vector16safe,6,53.381,1.601,0.974472,0.957919,1.012391,14.106452,13.967949,14.258065
dmd,1,1,contiguous,vector16store,6,54.773,6.998,0.948294,0.883090,0.985702,14.474194,14.346154,15.451613
dmd,1,1,contiguous,cpp-approved-execution,6,3.784,0.645,13.790323,13.645161,14.141026,1.000000,1.000000,1.000000
dmd,1,1,negative-both,original,6,52.466,7.445,1.000000,1.000000,1.000000,12.141243,11.870787,12.769663
dmd,1,1,negative-both,vector16safe,6,53.345,3.112,0.976428,0.961230,1.040751,12.302260,12.269663,12.677966
dmd,1,1,negative-both,vector16store,6,55.334,5.647,0.939282,0.890285,1.005752,12.802260,12.696629,13.491525
dmd,1,1,negative-both,cpp-approved-execution,6,4.321,0.565,12.141243,11.870787,12.769663,1.000000,1.000000,1.000000
dmd,1,1,negative-source,original,6,51.904,5.786,1.000000,1.000000,1.000000,12.011299,11.903955,12.528090
dmd,1,1,negative-source,vector16safe,6,53.284,4.444,0.975231,0.965628,0.993548,12.330508,12.259887,12.735955
dmd,1,1,negative-source,vector16store,6,54.736,1.517,0.949936,0.929832,0.993761,12.641243,12.606742,12.802260
dmd,1,1,negative-source,cpp-approved-execution,6,4.321,0.565,12.011299,11.903955,12.528090,1.000000,1.000000,1.000000
dmd,1,1,padded,original,6,51.843,7.959,1.000000,1.000000,1.000000,11.991478,11.848315,12.797753
dmd,1,1,padded,vector16safe,6,53.210,0.734,0.972522,0.963454,1.048320,12.295769,12.207865,12.338983
dmd,1,1,padded,vector16store,6,54.639,18.409,0.947053,0.798259,1.020609,12.644068,12.528090,14.842697
dmd,1,1,padded,cpp-approved-execution,6,4.333,0.563,11.991478,11.848315,12.797753,1.000000,1.000000,1.000000
dmd,1,1,repeated-source,original,6,51.953,1.269,1.000000,1.000000,1.000000,12.022599,11.938202,12.158192
dmd,1,1,repeated-source,vector16safe,6,53.271,0.779,0.975477,0.969877,0.987156,12.313559,12.282486,12.355932
dmd,1,1,repeated-source,vector16store,6,55.444,10.304,0.939309,0.851362,0.946766,12.830508,12.779661,14.022472
dmd,1,1,repeated-source,cpp-approved-execution,6,4.321,0.565,12.022599,11.938202,12.158192,1.000000,1.000000,1.000000
dmd,1,1,universal,original,6,132.288,4.060,1.000000,1.000000,1.000000,40.654135,40.398496,42.052632
dmd,1,1,universal,vector16safe,6,134.167,4.822,0.983895,0.954013,1.024967,41.319549,40.353383,42.345865
dmd,1,1,universal,vector16store,6,131.226,6.549,1.005027,0.948327,1.044055,40.413534,40.278195,42.604478
dmd,1,1,universal,cpp-approved-execution,6,3.247,0.752,40.654135,40.398496,42.052632,1.000000,1.000000,1.000000
dmd,1,17,contiguous,original,6,67.700,1.154,1.000000,1.000000,1.000000,13.840000,13.800000,13.960000
dmd,1,17,contiguous,vector16safe,6,74.121,4.249,0.914574,0.880801,0.923179,15.142500,15.085000,15.730000
dmd,1,17,contiguous,vector16store,6,154.272,11.030,0.439944,0.402650,0.451864,31.545746,30.850000,34.335000
dmd,1,17,contiguous,cpp-approved-execution,6,4.883,0.500,13.840000,13.800000,13.960000,1.000000,1.000000,1.000000
dmd,1,17,negative-both,original,6,147.327,4.955,1.000000,1.000000,1.000000,4.814815,4.436900,5.020113
dmd,1,17,negative-both,vector16safe,6,157.849,4.563,0.935879,0.920993,0.945492,5.148966,4.698155,5.358809
dmd,1,17,negative-both,vector16store,6,227.148,4.912,0.643649,0.641324,0.653771,7.483494,6.826568,7.797265
dmd,1,17,negative-both,cpp-approved-execution,6,30.371,9.084,4.814815,4.436900,5.020113,1.000000,1.000000,1.000000
dmd,1,17,negative-source,original,6,147.876,6.389,1.000000,1.000000,1.000000,4.876812,4.863234,5.174578
dmd,1,17,negative-source,vector16safe,6,154.150,4.276,0.964553,0.933158,0.990858,5.083736,5.048309,5.261464
dmd,1,17,negative-source,vector16store,6,230.188,4.126,0.653822,0.626945,0.670419,7.591385,7.450081,7.757039
dmd,1,17,negative-source,cpp-approved-execution,6,30.322,0.081,4.876812,4.863234,5.174578,1.000000,1.000000,1.000000
dmd,1,17,padded,original,6,142.163,8.501,1.000000,1.000000,1.000000,4.688406,4.572808,4.971038
dmd,1,17,padded,vector16safe,6,151.245,7.861,0.944435,0.885220,0.970427,4.987923,4.846216,5.234111
dmd,1,17,padded,vector16store,6,219.482,3.982,0.648988,0.614022,0.677522,7.238325,7.165056,7.447305
dmd,1,17,padded,cpp-approved-execution,6,30.322,0.081,4.688406,4.572808,4.971038,1.000000,1.000000,1.000000
dmd,1,17,repeated-source,original,6,145.667,5.263,1.000000,1.000000,1.000000,4.800077,4.789220,5.038616
dmd,1,17,repeated-source,vector16safe,6,149.512,6.695,0.978099,0.919382,1.017381,4.926806,4.879324,5.209171
dmd,1,17,repeated-source,vector16store,6,224.646,5.760,0.650947,0.629761,0.680096,7.405633,7.310789,7.731295
dmd,1,17,repeated-source,cpp-approved-execution,6,30.347,0.161,4.800077,4.789220,5.038616,1.000000,1.000000,1.000000
dmd,1,17,universal,original,6,272.510,2.607,1.000000,1.000000,1.000000,13.987469,13.802253,14.184211
dmd,1,17,universal,vector16safe,6,279.089,7.847,0.972176,0.925151,1.005539,14.325188,14.010013,15.151629
dmd,1,17,universal,vector16store,6,286.719,21.875,0.951404,0.810756,1.002494,14.707598,14.052566,17.289474
dmd,1,17,universal,cpp-approved-execution,6,19.482,0.125,13.987469,13.802253,14.184211,1.000000,1.000000,1.000000
dmd,1,128,contiguous,original,6,185.205,2.663,1.000000,1.000000,1.000000,15.172000,15.132000,15.536000
dmd,1,128,contiguous,vector16safe,6,201.538,6.881,0.924414,0.877930,0.942609,16.510000,16.100000,17.236000
dmd,1,128,contiguous,vector16store,6,752.588,7.338,0.246654,0.230418,0.253525,61.652000,61.148000,65.672000
dmd,1,128,contiguous,cpp-approved-execution,6,12.207,0.000,15.172000,15.132000,15.536000,1.000000,1.000000,1.000000
dmd,1,128,negative-both,original,6,270.288,2.258,1.000000,1.000000,1.000000,1.220640,1.204570,1.257419
dmd,1,128,negative-both,vector16safe,6,280.273,2.526,0.961682,0.944482,0.975652,1.276360,1.259723,1.300135
dmd,1,128,negative-both,vector16store,6,797.144,4.141,0.337706,0.329665,0.349151,3.628095,3.561713,3.675963
dmd,1,128,negative-both,cpp-approved-execution,6,220.874,2.321,1.220640,1.204570,1.257419,1.000000,1.000000,1.000000
dmd,1,128,negative-source,original,6,268.945,4.412,1.000000,1.000000,1.000000,1.200045,1.173069,1.223388
dmd,1,128,negative-source,vector16safe,6,281.104,26.924,0.952763,0.760178,1.000000,1.256844,1.223388,1.579329
dmd,1,128,negative-source,vector16store,6,795.728,7.916,0.336684,0.327481,0.341916,3.558557,3.511301,3.703363
dmd,1,128,negative-source,cpp-approved-execution,6,223.657,3.952,1.200045,1.173069,1.223388,1.000000,1.000000,1.000000
dmd,1,128,padded,original,6,262.109,3.335,1.000000,1.000000,1.000000,1.173904,1.142796,1.230180
dmd,1,128,padded,vector16safe,6,275.195,25.000,0.953379,0.761946,0.985541,1.235048,1.198766,1.520165
dmd,1,128,padded,vector16store,6,782.959,12.666,0.337305,0.311792,0.359531,3.504804,3.421622,3.665248
dmd,1,128,padded,cpp-approved-execution,6,223.584,5.656,1.173904,1.142796,1.230180,1.000000,1.000000,1.000000
dmd,1,128,repeated-source,original,6,264.160,2.329,1.000000,1.000000,1.000000,1.189945,1.159872,1.217196
dmd,1,128,repeated-source,vector16safe,6,279.126,5.545,0.948313,0.894552,0.955114,1.260838,1.224973,1.345929
dmd,1,128,repeated-source,vector16store,6,799.121,6.685,0.329346,0.316329,0.341624,3.600516,3.475647,3.708727
dmd,1,128,repeated-source,cpp-approved-execution,6,222.363,5.314,1.189945,1.159872,1.217196,1.000000,1.000000,1.000000
dmd,1,128,universal,original,6,1235.400,5.656,1.000000,1.000000,1.000000,8.680773,8.080780,8.874563
dmd,1,128,universal,vector16safe,6,1226.587,4.506,1.006659,0.987259,1.013023,8.640835,7.986691,8.860936
dmd,1,128,universal,vector16store,6,1224.683,6.786,0.999470,0.988416,1.025220,8.679595,8.175487,8.907407
dmd,1,128,universal,cpp-approved-execution,6,140.283,12.844,8.680773,8.080780,8.874563,1.000000,1.000000,1.000000
dmd,7,1,contiguous,original,6,56.445,7.483,1.000000,1.000000,1.000000,10.409910,9.424490,11.157658
dmd,7,1,contiguous,vector16safe,6,58.130,1.008,0.972848,0.962886,1.043387,10.700450,9.787755,10.779279
dmd,7,1,contiguous,vector16store,6,57.568,1.060,0.979397,0.973098,1.050466,10.612613,9.665306,10.716216
dmd,7,1,contiguous,cpp-approved-execution,6,5.420,10.360,10.409910,9.424490,11.157658,1.000000,1.000000,1.000000
dmd,7,1,negative-both,original,6,56.384,5.845,1.000000,1.000000,1.000000,9.744726,9.734177,10.303797
dmd,7,1,negative-both,vector16safe,6,58.215,1.258,0.968535,0.960581,1.025189,10.061181,10.042194,10.211864
dmd,7,1,negative-both,vector16store,6,57.776,1.056,0.976105,0.970243,1.022613,9.985232,9.970464,10.110169
dmd,7,1,negative-both,cpp-approved-execution,6,5.786,0.422,9.744726,9.734177,10.303797,1.000000,1.000000,1.000000
dmd,7,1,negative-source,original,6,56.213,5.603,1.000000,1.000000,1.000000,9.715190,9.700422,10.244726
dmd,7,1,negative-source,vector16safe,6,58.215,1.887,0.965597,0.955803,1.018029,10.061181,10.025316,10.215190
dmd,7,1,negative-source,vector16store,6,57.581,0.636,0.976459,0.973328,1.030123,9.951477,9.915612,9.978903
dmd,7,1,negative-source,cpp-approved-execution,6,5.786,0.000,9.715190,9.700422,10.244726,1.000000,1.000000,1.000000
dmd,7,1,padded,original,6,56.140,5.175,1.000000,1.000000,1.000000,9.702532,9.683544,10.185654
dmd,7,1,padded,vector16safe,6,58.105,1.555,0.965995,0.963881,1.015566,10.042194,10.029536,10.185654
dmd,7,1,padded,vector16store,6,58.215,7.423,0.971066,0.905325,1.023749,10.061181,9.949367,10.696203
dmd,7,1,padded,cpp-approved-execution,6,5.786,0.000,9.702532,9.683544,10.185654,1.000000,1.000000,1.000000
dmd,7,1,repeated-source,original,6,56.201,0.695,1.000000,1.000000,1.000000,9.713080,9.675105,9.742616
dmd,7,1,repeated-source,vector16safe,6,58.179,7.260,0.965749,0.901691,0.968868,10.054852,10.000000,10.729958
dmd,7,1,repeated-source,vector16store,6,57.654,7.495,0.973109,0.909881,0.980467,9.964135,9.928270,10.675105
dmd,7,1,repeated-source,cpp-approved-execution,6,5.786,0.000,9.713080,9.675105,9.742616,1.000000,1.000000,1.000000
dmd,7,1,universal,original,6,190.918,2.801,1.000000,1.000000,1.000000,28.180155,27.845324,28.633094
dmd,7,1,universal,vector16safe,6,194.714,2.921,0.984882,0.968351,0.993088,28.740514,28.446043,29.205036
dmd,7,1,universal,vector16store,6,193.530,2.952,0.986885,0.950866,1.005177,28.553171,28.442446,29.284173
dmd,7,1,universal,cpp-approved-execution,6,6.787,0.360,28.180155,27.845324,28.633094,1.000000,1.000000,1.000000
dmd,7,17,contiguous,original,6,116.440,5.577,1.000000,1.000000,1.000000,8.604027,8.597315,9.077181
dmd,7,17,contiguous,vector16safe,6,127.679,16.895,0.912345,0.782529,0.966417,9.434564,9.392617,10.986577
dmd,7,17,contiguous,vector16store,6,149.342,6.477,0.795740,0.764092,0.818705,11.035235,10.536913,11.251678
dmd,7,17,contiguous,cpp-approved-execution,6,13.533,0.000,8.604027,8.597315,9.077181,1.000000,1.000000,1.000000
dmd,7,17,negative-both,original,6,203.928,18.417,1.000000,1.000000,1.000000,3.813660,3.611915,4.297458
dmd,7,17,negative-both,vector16safe,6,225.931,7.337,0.930048,0.841062,1.012176,4.223221,4.042373,4.333333
dmd,7,17,negative-both,vector16store,6,227.157,8.996,0.919367,0.806691,1.018887,4.229995,4.094468,4.477447
dmd,7,17,negative-both,cpp-approved-execution,6,53.497,0.849,3.813660,3.611915,4.297458,1.000000,1.000000,1.000000
dmd,7,17,negative-source,original,6,218.460,7.421,1.000000,1.000000,1.000000,4.072380,3.822581,4.194562
dmd,7,17,negative-source,vector16safe,6,212.875,11.136,0.991821,0.936574,1.075365,3.991064,3.900595,4.351489
dmd,7,17,negative-source,vector16store,6,223.683,2.903,0.977999,0.914354,0.998364,4.181702,3.943548,4.266610
dmd,7,17,negative-source,cpp-approved-execution,6,53.406,5.612,4.072380,3.822581,4.194562,1.000000,1.000000,1.000000
dmd,7,17,padded,original,6,191.076,7.225,1.000000,1.000000,1.000000,3.576275,3.202299,3.805957
dmd,7,17,padded,vector16safe,6,218.529,7.003,0.886428,0.829948,0.938313,4.016625,3.614559,4.206809
dmd,7,17,padded,vector16store,6,219.437,4.781,0.875913,0.834267,0.929730,4.074468,3.672031,4.204584
dmd,7,17,padded,cpp-approved-execution,6,53.429,11.050,3.576275,3.202299,3.805957,1.000000,1.000000,1.000000
dmd,7,17,repeated-source,original,6,198.547,12.214,1.000000,1.000000,1.000000,3.717707,3.494037,3.945532
dmd,7,17,repeated-source,vector16safe,6,215.009,4.752,0.930368,0.877644,0.960232,4.022515,3.920784,4.108936
dmd,7,17,repeated-source,vector16store,6,221.980,3.805,0.894444,0.825684,0.941702,4.156461,4.073254,4.231687
dmd,7,17,repeated-source,cpp-approved-execution,6,53.361,0.255,3.717707,3.494037,3.945532,1.000000,1.000000,1.000000
dmd,7,17,universal,original,6,1137.193,2.700,1.000000,1.000000,1.000000,15.409846,15.106880,15.531653
dmd,7,17,universal,vector16safe,6,1128.792,7.716,0.996929,0.949929,1.007523,15.296000,15.162162,16.350338
dmd,7,17,universal,vector16store,6,1131.880,8.983,0.997688,0.935756,1.022870,15.337846,15.184388,16.550369
dmd,7,17,universal,cpp-approved-execution,6,73.842,0.185,15.409846,15.106880,15.531653,1.000000,1.000000,1.000000
dmd,7,128,contiguous,original,6,572.260,0.479,1.000000,1.000000,1.000000,8.272277,8.146341,8.297030
dmd,7,128,contiguous,vector16safe,6,614.726,2.173,0.931198,0.911475,0.935790,8.873762,8.785366,9.059406
dmd,7,128,contiguous,vector16store,6,751.712,2.232,0.761677,0.743979,0.763902,10.858911,10.824390,11.099010
dmd,7,128,contiguous,cpp-approved-execution,6,69.178,1.485,8.272277,8.146341,8.297030,1.000000,1.000000,1.000000
dmd,7,128,negative-both,original,6,614.726,24.401,1.000000,1.000000,1.000000,1.593435,1.578249,1.977758
dmd,7,128,negative-both,vector16safe,6,689.897,0.894,0.889935,0.882789,1.109281,1.787933,1.782918,1.792705
dmd,7,128,negative-both,vector16store,6,832.705,4.072,0.739316,0.714858,0.923940,2.158481,2.120248,2.211692
dmd,7,128,negative-both,cpp-approved-execution,6,385.788,0.710,1.593435,1.578249,1.977758,1.000000,1.000000,1.000000
dmd,7,128,negative-source,original,6,618.493,5.039,1.000000,1.000000,1.000000,1.609626,1.595365,1.669033
dmd,7,128,negative-source,vector16safe,6,690.068,14.293,0.893717,0.817826,0.904218,1.795900,1.785271,2.040816
dmd,7,128,negative-source,vector16store,6,830.993,14.259,0.745666,0.684498,0.749794,2.162656,2.131322,2.438332
dmd,7,128,negative-source,cpp-approved-execution,6,384.247,0.446,1.609626,1.595365,1.669033,1.000000,1.000000,1.000000
dmd,7,128,padded,original,6,613.185,1.396,1.000000,1.000000,1.000000,1.593409,1.586821,1.603908
dmd,7,128,padded,vector16safe,6,689.726,8.292,0.884558,0.829582,0.894527,1.794210,1.786856,1.933393
dmd,7,128,padded,vector16store,6,827.911,1.903,0.743414,0.730217,0.754071,2.150799,2.126998,2.174688
dmd,7,128,padded,cpp-approved-execution,6,384.418,0.356,1.593409,1.586821,1.603908,1.000000,1.000000,1.000000
dmd,7,128,repeated-source,original,6,610.274,1.796,1.000000,1.000000,1.000000,1.580487,1.567616,1.597507
dmd,7,128,repeated-source,vector16safe,6,686.815,0.548,0.888113,0.878170,0.895210,1.782376,1.779255,1.790739
dmd,7,128,repeated-source,vector16store,6,826.199,11.772,0.736171,0.663684,0.747189,2.147752,2.125887,2.379769
dmd,7,128,repeated-source,cpp-approved-execution,6,384.760,0.445,1.580487,1.567616,1.597507,1.000000,1.000000,1.000000
dmd,7,128,universal,original,6,7777.740,5.006,1.000000,1.000000,1.000000,13.561377,11.819200,14.224465
dmd,7,128,universal,vector16safe,6,7698.288,5.748,1.004018,0.969892,1.033507,13.599366,11.846933,14.108905
dmd,7,128,universal,vector16store,6,7699.486,4.630,1.005703,0.990684,1.016808,13.566197,11.813867,14.184709
dmd,7,128,universal,cpp-approved-execution,6,566.438,14.510,13.561377,11.819200,14.224465,1.000000,1.000000,1.000000
dmd,15,1,contiguous,original,6,58.960,0.580,1.000000,1.000000,1.000000,8.878676,8.845588,8.897059
dmd,15,1,contiguous,vector16safe,6,62.134,5.187,0.947289,0.905350,0.949666,9.356618,9.341912,9.827206
dmd,15,1,contiguous,vector16store,6,61.292,5.457,0.961177,0.917330,0.968000,9.229779,9.191176,9.694853
dmd,15,1,contiguous,cpp-approved-execution,6,6.641,0.000,8.878676,8.845588,8.897059,1.000000,1.000000,1.000000
dmd,15,1,negative-both,original,6,59.058,2.067,1.000000,1.000000,1.000000,8.399306,8.368056,8.541667
dmd,15,1,negative-both,vector16safe,6,62.268,3.803,0.951004,0.914611,0.955711,8.855903,8.812500,9.149306
dmd,15,1,negative-both,vector16store,6,61.267,5.579,0.970547,0.917047,0.975030,8.713542,8.638889,9.125000
dmd,15,1,negative-both,cpp-approved-execution,6,7.031,0.000,8.399306,8.368056,8.541667,1.000000,1.000000,1.000000
dmd,15,1,negative-source,original,6,58.899,9.824,1.000000,1.000000,1.000000,8.376736,8.335640,9.187500
dmd,15,1,negative-source,vector16safe,6,62.195,9.146,0.946418,0.941516,1.041732,8.835069,8.809028,9.618056
dmd,15,1,negative-source,vector16store,6,60.681,0.483,0.971216,0.966306,1.066505,8.625000,8.598616,8.656250
dmd,15,1,negative-source,cpp-approved-execution,6,7.031,0.347,8.376736,8.335640,9.187500,1.000000,1.000000,1.000000
dmd,15,1,padded,original,6,58.850,0.871,1.000000,1.000000,1.000000,8.369792,8.357639,8.430556
dmd,15,1,padded,vector16safe,6,62.390,3.091,0.943204,0.920611,0.949922,8.873264,8.822917,9.097222
dmd,15,1,padded,vector16store,6,60.864,4.653,0.966473,0.932412,0.968248,8.656250,8.638889,9.041667
dmd,15,1,padded,cpp-approved-execution,6,7.031,0.000,8.369792,8.357639,8.430556,1.000000,1.000000,1.000000
dmd,15,1,repeated-source,original,6,58.862,1.452,1.000000,1.000000,1.000000,8.371528,8.340278,8.461806
dmd,15,1,repeated-source,vector16safe,6,63.416,9.086,0.931694,0.868516,0.955906,9.019097,8.819444,9.638889
dmd,15,1,repeated-source,vector16store,6,60.938,2.083,0.966481,0.947161,0.975492,8.666667,8.625000,8.805556
dmd,15,1,repeated-source,cpp-approved-execution,6,7.031,0.000,8.371528,8.340278,8.461806,1.000000,1.000000,1.000000
dmd,15,1,universal,original,6,258.862,3.329,1.000000,1.000000,1.000000,23.277636,23.032967,23.808791
dmd,15,1,universal,vector16safe,6,261.694,2.500,0.986761,0.970048,1.009129,23.558242,23.331868,23.920879
dmd,15,1,universal,vector16store,6,261.609,3.948,0.988363,0.967824,1.018331,23.550549,23.250549,24.127193
dmd,15,1,universal,cpp-approved-execution,6,11.108,0.220,23.277636,23.032967,23.808791,1.000000,1.000000,1.000000
dmd,15,17,contiguous,original,6,191.634,8.020,1.000000,1.000000,1.000000,8.032653,7.735178,8.608163
dmd,15,17,contiguous,vector16safe,6,203.745,7.257,0.936801,0.898328,1.023290,8.463265,8.328063,9.032653
dmd,15,17,contiguous,vector16store,6,219.261,9.760,0.870576,0.794548,0.938167,9.193878,8.897233,10.032653
dmd,15,17,contiguous,cpp-approved-execution,6,23.833,3.265,8.032653,7.735178,8.608163,1.000000,1.000000,1.000000
dmd,15,17,negative-both,original,6,267.121,20.320,1.000000,1.000000,1.000000,3.627477,3.508587,4.240106
dmd,15,17,negative-both,vector16safe,6,283.074,1.306,0.941988,0.905249,1.105988,3.844122,3.825627,3.875826
dmd,15,17,negative-both,vector16store,6,296.304,10.932,0.894265,0.825774,1.072764,4.023778,3.952507,4.397622
dmd,15,17,negative-both,cpp-approved-execution,6,73.638,0.132,3.627477,3.508587,4.240106,1.000000,1.000000,1.000000
dmd,15,17,negative-source,original,6,273.298,19.185,1.000000,1.000000,1.000000,3.708844,3.108324,4.265172
dmd,15,17,negative-source,vector16safe,6,282.928,19.288,0.940639,0.924185,1.023159,3.839611,3.293044,4.550132
dmd,15,17,negative-source,vector16store,6,296.498,6.365,0.925917,0.847637,1.060000,4.010556,3.667047,4.072655
dmd,15,17,negative-source,cpp-approved-execution,6,73.687,15.842,3.708844,3.108324,4.265172,1.000000,1.000000,1.000000
dmd,15,17,padded,original,6,268.628,20.605,1.000000,1.000000,1.000000,3.647952,3.540291,4.291942
dmd,15,17,padded,vector16safe,6,280.058,15.630,0.959355,0.818593,1.119959,3.803170,3.782034,4.376486
dmd,15,17,padded,vector16store,6,293.969,1.291,0.913625,0.889803,1.082278,3.992074,3.964333,4.015852
dmd,15,17,padded,cpp-approved-execution,6,73.638,0.000,3.647952,3.540291,4.291942,1.000000,1.000000,1.000000
dmd,15,17,repeated-source,original,6,260.846,18.124,1.000000,1.000000,1.000000,3.539946,3.451697,4.129288
dmd,15,17,repeated-source,vector16safe,6,277.335,8.278,0.931095,0.866040,1.099403,3.766182,3.718016,4.067282
dmd,15,17,repeated-source,vector16store,6,293.823,13.839,0.893404,0.878989,0.921673,3.979524,3.926893,4.480211
dmd,15,17,repeated-source,cpp-approved-execution,6,73.687,1.188,3.539946,3.451697,4.129288,1.000000,1.000000,1.000000
dmd,15,17,universal,original,6,2261.527,3.854,1.000000,1.000000,1.000000,15.082806,14.037782,15.580729
dmd,15,17,universal,vector16safe,6,2270.282,6.320,0.995737,0.977295,1.019922,15.149952,14.129799,15.942708
dmd,15,17,universal,vector16store,6,2296.352,4.287,0.991532,0.974780,1.009542,15.204922,14.400975,15.757812
dmd,15,17,universal,cpp-approved-execution,6,149.854,6.816,15.082806,14.037782,15.580729,1.000000,1.000000,1.000000
dmd,15,128,contiguous,original,6,1127.941,22.686,1.000000,1.000000,1.000000,7.446602,7.436893,9.126214
dmd,15,128,contiguous,vector16safe,6,1169.118,44.277,0.963849,0.669429,1.183134,7.718447,7.713592,11.131068
dmd,15,128,contiguous,vector16store,6,1308.088,20.854,0.863010,0.858744,0.875640,8.635922,8.621359,10.422330
dmd,15,128,contiguous,cpp-approved-execution,6,151.471,0.000,7.446602,7.436893,9.126214,1.000000,1.000000,1.000000
dmd,15,128,negative-both,original,6,1180.147,1.308,1.000000,1.000000,1.000000,2.187160,2.124503,2.203552
dmd,15,128,negative-both,vector16safe,6,1260.294,33.606,0.938447,0.701054,0.943008,2.333554,2.268874,3.120548
dmd,15,128,negative-both,vector16store,6,1394.118,2.110,0.846641,0.840083,0.851007,2.586301,2.519205,2.595687
dmd,15,128,negative-both,cpp-approved-execution,6,538.971,3.411,2.187160,2.124503,2.203552,1.000000,1.000000,1.000000
dmd,15,128,negative-source,original,6,1177.206,1.624,1.000000,1.000000,1.000000,2.187671,2.180575,2.210670
dmd,15,128,negative-source,vector16safe,6,1257.721,2.222,0.936308,0.931570,0.941176,2.338271,2.330137,2.349727
dmd,15,128,negative-source,vector16store,6,1394.485,1.529,0.844317,0.843323,0.849632,2.589726,2.585499,2.601915
dmd,15,128,negative-source,cpp-approved-execution,6,537.500,1.642,2.187671,2.180575,2.210670,1.000000,1.000000,1.000000
dmd,15,128,padded,original,6,1180.882,1.308,1.000000,1.000000,1.000000,2.177919,2.138114,2.208219
dmd,15,128,padded,vector16safe,6,1259.559,36.135,0.936525,0.690517,0.942139,2.338812,2.277556,3.152174
dmd,15,128,padded,vector16store,6,1395.588,13.330,0.846166,0.743111,0.849236,2.592749,2.533865,2.928865
dmd,15,128,padded,cpp-approved-execution,6,537.500,3.146,2.177919,2.138114,2.208219,1.000000,1.000000,1.000000
dmd,15,128,repeated-source,original,6,1161.765,0.253,1.000000,1.000000,1.000000,2.162329,2.161423,2.167123
dmd,15,128,repeated-source,vector16safe,6,1241.544,0.237,0.936000,0.933176,0.936649,2.312799,2.309166,2.316438
dmd,15,128,repeated-source,vector16store,6,1381.618,14.902,0.840341,0.733860,0.843033,2.572603,2.565753,2.945280
dmd,15,128,repeated-source,cpp-approved-execution,6,536.765,0.137,2.162329,2.161423,2.167123,1.000000,1.000000,1.000000
dmd,15,128,universal,original,6,16188.971,3.384,1.000000,1.000000,1.000000,14.310678,14.156697,14.593649
dmd,15,128,universal,vector16safe,6,16301.838,6.148,0.991218,0.974341,1.002788,14.401157,14.140442,14.977965
dmd,15,128,universal,vector16store,6,16265.074,3.680,0.995638,0.982336,1.006422,14.368601,14.174902,14.687541
dmd,15,128,universal,cpp-approved-execution,6,1131.250,0.650,14.310678,14.156697,14.593649,1.000000,1.000000,1.000000
dmd,16,1,contiguous,original,6,59.290,1.647,1.000000,1.000000,1.000000,13.720339,13.677966,13.903955
dmd,16,1,contiguous,vector16safe,6,70.679,1.278,0.841332,0.831959,0.848036,16.355932,16.237288,16.446328
dmd,16,1,contiguous,vector16store,6,57.288,0.980,1.034948,1.024958,1.049467,13.257062,13.225989,13.355932
dmd,16,1,contiguous,cpp-approved-execution,6,4.321,0.000,13.720339,13.677966,13.903955,1.000000,1.000000,1.000000
dmd,16,1,negative-both,original,6,59.521,7.629,1.000000,1.000000,1.000000,12.920424,12.888889,13.909574
dmd,16,1,negative-both,vector16safe,6,70.337,2.638,0.846061,0.826884,0.910198,15.287234,15.265957,15.587302
dmd,16,1,negative-both,vector16store,6,57.471,0.977,1.034622,1.027415,1.111347,12.502660,12.439153,12.544974
dmd,16,1,negative-both,cpp-approved-execution,6,4.602,0.531,12.920424,12.888889,13.909574,1.000000,1.000000,1.000000
dmd,16,1,negative-source,original,6,59.741,2.656,1.000000,1.000000,1.000000,12.947090,12.835979,13.228723
dmd,16,1,negative-source,vector16safe,6,71.729,10.041,0.829575,0.786030,0.861276,15.572231,15.248677,16.829787
dmd,16,1,negative-source,vector16store,6,57.434,0.510,1.041725,1.029711,1.055603,12.482804,12.402116,12.531915
dmd,16,1,negative-source,cpp-approved-execution,6,4.602,0.531,12.947090,12.835979,13.228723,1.000000,1.000000,1.000000
dmd,16,1,padded,original,6,59.363,1.686,1.000000,1.000000,1.000000,12.899218,12.830688,13.117021
dmd,16,1,padded,vector16safe,6,70.789,81.186,0.838947,0.464293,0.849425,15.341270,15.179894,27.634921
dmd,16,1,padded,vector16store,6,57.373,1.191,1.033141,1.021474,1.049808,12.452381,12.417989,12.632979
dmd,16,1,padded,cpp-approved-execution,6,4.614,0.529,12.899218,12.830688,13.117021,1.000000,1.000000,1.000000
dmd,16,1,repeated-source,original,6,59.216,0.536,1.000000,1.000000,1.000000,12.888298,12.830688,12.946809
dmd,16,1,repeated-source,vector16safe,6,70.483,3.360,0.840847,0.817661,0.843554,15.340426,15.265957,15.698413
dmd,16,1,repeated-source,vector16store,6,57.373,0.723,1.033191,1.027153,1.034556,12.484043,12.407407,12.558511
dmd,16,1,repeated-source,cpp-approved-execution,6,4.590,0.532,12.888298,12.830688,12.946809,1.000000,1.000000,1.000000
dmd,16,1,universal,original,6,265.991,6.966,1.000000,1.000000,1.000000,23.379828,22.568134,24.729614
dmd,16,1,universal,vector16safe,6,270.691,3.184,0.983198,0.951560,1.043935,23.702911,22.976939,24.062232
dmd,16,1,universal,vector16store,6,269.348,2.429,0.992853,0.969995,1.040433,23.418455,22.865828,23.866953
dmd,16,1,universal,cpp-approved-execution,6,11.377,2.361,23.379828,22.568134,24.729614,1.000000,1.000000,1.000000
dmd,16,17,contiguous,original,6,200.104,33.316,1.000000,1.000000,1.000000,8.932558,6.297386,11.833333
dmd,16,17,contiguous,vector16safe,6,322.845,19.942,0.624217,0.520533,0.784290,14.372093,10.114379,17.102326
dmd,16,17,contiguous,vector16store,6,130.997,1.189,1.523801,1.510655,2.036653,5.826023,4.150327,5.893023
dmd,16,17,contiguous,cpp-approved-execution,6,22.378,42.227,8.932558,6.297386,11.833333,1.000000,1.000000,1.000000
dmd,16,17,negative-both,original,6,276.324,20.556,1.000000,1.000000,1.000000,8.434273,8.357595,10.088608
dmd,16,17,negative-both,vector16safe,6,409.294,13.218,0.678314,0.637130,0.744686,12.493048,12.243671,13.892405
dmd,16,17,negative-both,vector16store,6,211.994,8.474,1.306978,1.217051,1.446461,6.470695,6.427215,6.974684
dmd,16,17,negative-both,cpp-approved-execution,6,32.814,0.316,8.434273,8.357595,10.088608,1.000000,1.000000,1.000000
dmd,16,17,negative-source,original,6,274.559,17.209,1.000000,1.000000,1.000000,8.367089,8.279365,9.693038
dmd,16,17,negative-source,vector16safe,6,418.120,18.229,0.674049,0.579501,0.713653,12.742089,12.165079,14.449367
dmd,16,17,negative-source,vector16store,6,210.228,1.235,1.308588,1.287266,1.502944,6.416822,6.370253,6.449367
dmd,16,17,negative-source,cpp-approved-execution,6,32.814,0.316,8.367089,8.279365,9.693038,1.000000,1.000000,1.000000
dmd,16,17,padded,original,6,271.028,2.261,1.000000,1.000000,1.000000,8.259494,8.164557,8.351266
dmd,16,17,padded,vector16safe,6,411.890,18.833,0.658025,0.564675,0.688854,12.552215,12.094937,14.458861
dmd,16,17,padded,vector16store,6,208.048,6.339,1.303487,1.214118,1.317524,6.340190,6.322785,6.724684
dmd,16,17,padded,cpp-approved-execution,6,32.814,0.000,8.259494,8.164557,8.351266,1.000000,1.000000,1.000000
dmd,16,17,repeated-source,original,6,268.276,17.031,1.000000,1.000000,1.000000,8.175633,8.132911,9.525316
dmd,16,17,repeated-source,vector16safe,6,399.688,12.860,0.677735,0.603319,0.746501,12.180380,11.971519,13.537975
dmd,16,17,repeated-source,vector16store,6,205.711,0.808,1.306118,1.297980,1.510286,6.268987,6.256329,6.306962
dmd,16,17,repeated-source,cpp-approved-execution,6,32.814,0.000,8.175633,8.132911,9.525316,1.000000,1.000000,1.000000
dmd,16,17,universal,original,6,2407.684,8.833,1.000000,1.000000,1.000000,15.112535,14.125152,16.350294
dmd,16,17,universal,vector16safe,6,2423.676,9.447,1.001311,0.984711,1.006048,15.030426,14.344471,16.418787
dmd,16,17,universal,vector16store,6,2402.129,7.643,1.003861,1.001465,1.017537,15.019321,14.104496,16.068493
dmd,16,17,universal,cpp-approved-execution,6,158.982,7.707,15.112535,14.125152,16.350294,1.000000,1.000000,1.000000
dmd,16,128,contiguous,original,6,1195.703,0.196,1.000000,1.000000,1.000000,7.147196,6.740088,7.158879
dmd,16,128,contiguous,vector16safe,6,2048.828,5.071,0.583429,0.558394,0.587649,12.186916,12.013825,12.378505
dmd,16,128,contiguous,vector16store,6,644.531,11.273,1.855065,1.668484,1.859223,3.855140,3.797235,4.182243
dmd,16,128,contiguous,cpp-approved-execution,6,167.188,6.075,7.147196,6.740088,7.158879,1.000000,1.000000,1.000000
dmd,16,128,negative-both,original,6,1244.922,56.542,1.000000,1.000000,1.000000,5.340604,5.069620,8.286667
dmd,16,128,negative-both,vector16safe,6,2238.281,4.014,0.560548,0.537288,0.845003,9.583684,9.047468,9.806667
dmd,16,128,negative-both,vector16store,6,733.984,7.664,1.708062,1.654564,2.483516,3.120805,3.000000,3.336667
dmd,16,128,negative-both,cpp-approved-execution,6,233.594,6.355,5.340604,5.069620,8.286667,1.000000,1.000000,1.000000
dmd,16,128,negative-source,original,6,1248.438,1.314,1.000000,1.000000,1.000000,5.320609,5.066038,5.420339
dmd,16,128,negative-source,vector16safe,6,2219.531,8.166,0.562974,0.541440,0.589602,9.497809,8.937107,9.780731
dmd,16,128,negative-source,vector16store,6,730.469,1.711,1.708123,1.702875,1.717672,3.115220,2.968553,3.166102
dmd,16,128,negative-source,cpp-approved-execution,6,233.984,7.679,5.320609,5.066038,5.420339,1.000000,1.000000,1.000000
dmd,16,128,padded,original,6,1248.047,0.876,1.000000,1.000000,1.000000,5.314509,5.194175,5.388514
dmd,16,128,padded,vector16safe,6,2219.141,13.554,0.561706,0.498447,0.564039,9.533032,9.369637,10.420712
dmd,16,128,padded,vector16store,6,735.938,3.609,1.702761,1.653846,1.717672,3.120237,3.051780,3.217391
dmd,16,128,padded,cpp-approved-execution,6,234.766,4.326,5.314509,5.194175,5.388514,1.000000,1.000000,1.000000
dmd,16,128,repeated-source,original,6,1232.422,0.824,1.000000,1.000000,1.000000,5.347458,5.338983,5.383051
dmd,16,128,repeated-source,vector16safe,6,2221.484,5.451,0.554073,0.531355,0.561722,9.638983,9.528814,10.054237
dmd,16,128,repeated-source,vector16store,6,718.359,2.828,1.718410,1.671975,1.720524,3.116949,3.105085,3.193220
dmd,16,128,repeated-source,cpp-approved-execution,6,230.469,0.000,5.347458,5.338983,5.383051,1.000000,1.000000,1.000000
dmd,16,128,universal,original,6,17502.344,3.125,1.000000,1.000000,1.000000,14.604279,14.325551,14.866275
dmd,16,128,universal,vector16safe,6,17243.750,4.055,1.009316,1.003823,1.033078,14.412225,14.143600,14.782779
dmd,16,128,universal,vector16store,6,17655.078,6.523,0.998066,0.946567,1.023253,14.755683,14.251621,15.286832
dmd,16,128,universal,cpp-approved-execution,6,1200.000,0.846,14.604279,14.325551,14.866275,1.000000,1.000000,1.000000
dmd,17,1,contiguous,original,6,59.631,1.351,1.000000,1.000000,1.000000,12.212500,12.175000,12.340000
dmd,17,1,contiguous,vector16safe,6,72.534,8.819,0.822394,0.766164,0.842608,14.855000,14.620000,15.930000
dmd,17,1,contiguous,vector16store,6,57.800,10.898,1.034519,0.934891,1.040034,11.837500,11.765000,13.055000
dmd,17,1,contiguous,cpp-approved-execution,6,4.883,0.000,12.212500,12.175000,12.340000,1.000000,1.000000,1.000000
dmd,17,1,negative-both,original,6,59.839,5.549,1.000000,1.000000,1.000000,11.616114,11.587678,12.232227
dmd,17,1,negative-both,vector16safe,6,71.448,9.260,0.836665,0.814196,0.845119,13.869668,13.739336,15.023697
dmd,17,1,negative-both,vector16store,6,58.032,0.926,1.031166,1.025534,1.090410,11.265403,11.218009,11.322275
dmd,17,1,negative-both,cpp-approved-execution,6,5.151,0.000,11.616114,11.587678,12.232227,1.000000,1.000000,1.000000
dmd,17,1,negative-source,original,6,60.095,3.209,1.000000,1.000000,1.000000,11.665877,11.545024,11.919431
dmd,17,1,negative-source,vector16safe,6,71.973,4.037,0.833969,0.802896,0.851676,13.971564,13.838863,14.402844
dmd,17,1,negative-source,vector16store,6,57.751,1.649,1.041063,1.023431,1.062975,11.210900,11.142180,11.327014
dmd,17,1,negative-source,cpp-approved-execution,6,5.151,0.000,11.665877,11.545024,11.919431,1.000000,1.000000,1.000000
dmd,17,1,padded,original,6,59.631,1.105,1.000000,1.000000,1.000000,11.575829,11.559242,11.687204
dmd,17,1,padded,vector16safe,6,71.558,3.480,0.834618,0.808074,0.841926,13.890995,13.838863,14.322275
dmd,17,1,padded,vector16store,6,57.739,5.835,1.033426,0.980723,1.042706,11.208531,11.146919,11.800948
dmd,17,1,padded,cpp-approved-execution,6,5.151,0.000,11.575829,11.559242,11.687204,1.000000,1.000000,1.000000
dmd,17,1,repeated-source,original,6,59.802,0.939,1.000000,1.000000,1.000000,11.609005,11.554502,11.663507
dmd,17,1,repeated-source,vector16safe,6,72.681,71.347,0.822968,0.484018,0.842430,14.109005,13.805687,23.872038
dmd,17,1,repeated-source,vector16store,6,57.739,4.101,1.036764,0.994290,1.044124,11.208531,11.161137,11.620853
dmd,17,1,repeated-source,cpp-approved-execution,6,5.151,0.000,11.609005,11.554502,11.663507,1.000000,1.000000,1.000000
dmd,17,1,universal,original,6,274.146,7.240,1.000000,1.000000,1.000000,22.480449,22.346693,23.928000
dmd,17,1,universal,vector16safe,6,283.179,3.224,0.978247,0.944040,1.024227,23.198000,22.876000,23.671343
dmd,17,1,universal,vector16store,6,277.942,4.743,0.988289,0.971300,1.010644,22.791858,22.596000,23.676000
dmd,17,1,universal,cpp-approved-execution,6,12.207,0.200,22.480449,22.346693,23.928000,1.000000,1.000000,1.000000
dmd,17,17,contiguous,original,6,208.434,0.582,1.000000,1.000000,1.000000,8.632420,8.607306,8.657534
dmd,17,17,contiguous,vector16safe,6,336.770,30.283,0.620117,0.484864,0.634040,13.947489,13.575342,17.799087
dmd,17,17,contiguous,vector16store,6,138.975,3.491,1.497421,1.456221,1.505957,5.755708,5.744292,5.945205
dmd,17,17,contiguous,cpp-approved-execution,6,24.146,0.000,8.632420,8.607306,8.657534,1.000000,1.000000,1.000000
dmd,17,17,negative-both,original,6,284.399,9.459,1.000000,1.000000,1.000000,6.648196,6.590206,7.219072
dmd,17,17,negative-both,vector16safe,6,435.171,22.042,0.651112,0.554982,0.674686,10.172680,9.842784,12.085052
dmd,17,17,negative-both,vector16store,6,216.483,9.829,1.309657,1.302185,1.315816,5.060567,5.046392,5.543814
dmd,17,17,negative-both,cpp-approved-execution,6,42.778,0.000,6.648196,6.590206,7.219072,1.000000,1.000000,1.000000
dmd,17,17,negative-source,original,6,283.297,16.034,1.000000,1.000000,1.000000,6.622423,6.605670,7.667526
dmd,17,17,negative-source,vector16safe,6,418.467,23.054,0.675932,0.609434,0.690099,9.782216,9.605670,11.860825
dmd,17,17,negative-source,vector16store,6,214.884,0.718,1.318952,1.313715,1.533505,5.023196,5.000000,5.036082
dmd,17,17,negative-source,cpp-approved-execution,6,42.778,0.000,6.622423,6.605670,7.667526,1.000000,1.000000,1.000000
dmd,17,17,padded,original,6,282.690,9.555,1.000000,1.000000,1.000000,6.608247,6.564433,7.195876
dmd,17,17,padded,vector16safe,6,418.192,32.323,0.685177,0.528224,0.730890,9.775773,9.350515,12.510309
dmd,17,17,padded,vector16store,6,212.514,1.141,1.326496,1.318252,1.448884,4.967784,4.956186,5.012887
dmd,17,17,padded,cpp-approved-execution,6,42.778,0.000,6.608247,6.564433,7.195876,1.000000,1.000000,1.000000
dmd,17,17,repeated-source,original,6,278.280,26.228,1.000000,1.000000,1.000000,6.505155,6.466495,8.151671
dmd,17,17,repeated-source,vector16safe,6,408.820,25.998,0.683258,0.545474,0.702948,9.556701,9.445876,11.930412
dmd,17,17,repeated-source,vector16store,6,210.309,4.771,1.322503,1.268207,1.652423,4.916237,4.896907,5.131443
dmd,17,17,repeated-source,cpp-approved-execution,6,42.778,0.258,6.505155,6.466495,8.151671,1.000000,1.000000,1.000000
dmd,17,17,universal,original,6,2547.960,8.568,1.000000,1.000000,1.000000,15.164049,15.051940,16.342970
dmd,17,17,universal,vector16safe,6,2537.541,1.277,1.002416,0.997308,1.070632,15.133935,15.070773,15.264783
dmd,17,17,universal,vector16store,6,2549.890,3.814,0.997396,0.982725,1.076005,15.200464,15.044108,15.614474
dmd,17,17,universal,cpp-approved-execution,6,167.751,0.460,15.164049,15.051940,16.342970,1.000000,1.000000,1.000000
dmd,17,128,contiguous,original,6,1265.833,0.329,1.000000,1.000000,1.000000,7.110388,6.873303,7.242857
dmd,17,128,contiguous,vector16safe,6,2226.667,7.298,0.568493,0.555190,0.597009,12.437320,11.985849,12.829384
dmd,17,128,contiguous,vector16store,6,714.167,3.501,1.772372,1.724490,1.784291,4.025713,3.859729,4.200000
dmd,17,128,contiguous,cpp-approved-execution,6,177.917,5.152,7.110388,6.873303,7.242857,1.000000,1.000000,1.000000
dmd,17,128,negative-both,original,6,1328.333,5.207,1.000000,1.000000,1.000000,4.200548,4.093506,4.412234
dmd,17,128,negative-both,vector16safe,6,2258.333,10.406,0.586952,0.545455,0.624859,7.122427,6.942559,8.024590
dmd,17,128,negative-both,vector16store,6,777.500,7.717,1.704725,1.611504,1.799349,2.464096,2.387013,2.677596
dmd,17,128,negative-both,cpp-approved-execution,6,316.250,5.007,4.200548,4.093506,4.412234,1.000000,1.000000,1.000000
dmd,17,128,negative-source,original,6,1329.167,18.558,1.000000,1.000000,1.000000,4.155142,3.990000,4.936842
dmd,17,128,negative-source,vector16safe,6,2274.167,14.071,0.598089,0.519908,0.666904,7.056691,6.772959,8.147453
dmd,17,128,negative-source,vector16store,6,772.083,7.663,1.712079,1.617021,2.048035,2.445631,2.387179,2.467500
dmd,17,128,negative-source,cpp-approved-execution,6,320.833,7.013,4.155142,3.990000,4.936842,1.000000,1.000000,1.000000
dmd,17,128,padded,original,6,1324.583,1.447,1.000000,1.000000,1.000000,4.156461,4.116580,4.308743
dmd,17,128,padded,vector16safe,6,2255.000,5.876,0.588246,0.558677,0.599322,7.139851,6.909326,7.562842
dmd,17,128,padded,vector16store,6,767.500,1.520,1.721031,1.712284,1.733915,2.417293,2.404145,2.497268
dmd,17,128,padded,cpp-approved-execution,6,317.500,5.249,4.156461,4.116580,4.308743,1.000000,1.000000,1.000000
dmd,17,128,repeated-source,original,6,1302.917,0.895,1.000000,1.000000,1.000000,4.214286,4.199461,4.237197
dmd,17,128,repeated-source,vector16safe,6,2283.333,9.380,0.570625,0.542768,0.597556,7.385445,7.059299,7.752022
dmd,17,128,repeated-source,vector16store,6,753.750,0.332,1.729535,1.717751,1.737017,2.438005,2.436658,2.444744
dmd,17,128,repeated-source,cpp-approved-execution,6,309.167,0.000,4.214286,4.199461,4.237197,1.000000,1.000000,1.000000
dmd,17,128,universal,original,6,18644.583,7.889,1.000000,1.000000,1.000000,14.608721,14.357984,15.533421
dmd,17,128,universal,vector16safe,6,18532.500,5.643,1.013305,0.988180,1.062340,14.526113,14.270288,15.101506
dmd,17,128,universal,vector16store,6,18476.250,4.077,1.009102,1.000274,1.055293,14.487716,14.354058,14.955468
dmd,17,128,universal,cpp-approved-execution,6,1272.500,0.655,14.608721,14.357984,15.533421,1.000000,1.000000,1.000000
dmd,23,1,contiguous,original,6,62.048,2.518,1.000000,1.000000,1.000000,9.171480,9.100719,9.357401
dmd,23,1,contiguous,vector16safe,6,78.467,9.863,0.786603,0.758692,0.850394,11.602888,10.985612,12.148014
dmd,23,1,contiguous,vector16store,6,59.778,14.621,1.033510,0.924394,1.059689,8.835740,8.805755,10.086331
dmd,23,1,contiguous,cpp-approved-execution,6,6.763,0.361,9.171480,9.100719,9.357401,1.000000,1.000000,1.000000
dmd,23,1,negative-both,original,6,62.402,1.761,1.000000,1.000000,1.000000,8.859591,8.812500,8.968750
dmd,23,1,negative-both,vector16safe,6,75.940,4.437,0.824616,0.798113,0.842810,10.800347,10.625000,11.065744
dmd,23,1,negative-both,vector16store,6,60.278,6.075,1.031639,0.988501,1.043107,8.572917,8.508651,9.059028
dmd,23,1,negative-both,cpp-approved-execution,6,7.031,0.347,8.859591,8.812500,8.968750,1.000000,1.000000,1.000000
dmd,23,1,negative-source,original,6,62.231,14.241,1.000000,1.000000,1.000000,8.850694,8.767361,9.993080
dmd,23,1,negative-source,vector16safe,6,76.025,10.918,0.831668,0.801968,0.893359,10.812500,10.607639,11.747405
dmd,23,1,negative-source,vector16store,6,61.926,5.480,1.024009,0.976053,1.142041,8.807292,8.506944,8.989583
dmd,23,1,negative-source,cpp-approved-execution,6,7.031,0.347,8.850694,8.767361,9.993080,1.000000,1.000000,1.000000
dmd,23,1,padded,original,6,63.147,18.674,1.000000,1.000000,1.000000,8.959811,8.750865,10.408304
dmd,23,1,padded,vector16safe,6,75.940,17.039,0.833067,0.823817,0.862516,10.781388,10.564014,12.397924
dmd,23,1,padded,vector16store,6,60.852,5.376,1.052721,0.982497,1.163186,8.639652,8.505190,8.948097
dmd,23,1,padded,cpp-approved-execution,6,7.043,0.347,8.959811,8.750865,10.408304,1.000000,1.000000,1.000000
dmd,23,1,repeated-source,original,6,62.024,4.566,1.000000,1.000000,1.000000,8.821181,8.763889,9.166667
dmd,23,1,repeated-source,vector16safe,6,75.244,3.796,0.825174,0.805520,0.828105,10.701389,10.663194,11.069444
dmd,23,1,repeated-source,vector16store,6,60.376,5.944,1.028060,0.977316,1.056423,8.586806,8.520833,9.031250
dmd,23,1,repeated-source,cpp-approved-execution,6,7.031,0.000,8.821181,8.763889,9.166667,1.000000,1.000000,1.000000
dmd,23,1,universal,original,6,323.511,6.256,1.000000,1.000000,1.000000,20.966772,20.791139,22.067930
dmd,23,1,universal,vector16safe,6,327.747,2.235,0.983256,0.972947,1.047151,21.224517,21.074250,21.582278
dmd,23,1,universal,vector16store,6,325.989,3.662,0.989639,0.963747,1.050064,21.127373,21.015798,21.788310
dmd,23,1,universal,cpp-approved-execution,6,15.442,0.158,20.966772,20.791139,22.067930,1.000000,1.000000,1.000000
dmd,23,17,contiguous,original,6,264.925,1.014,1.000000,1.000000,1.000000,8.068182,8.022727,8.104545
dmd,23,17,contiguous,vector16safe,6,376.866,27.762,0.702073,0.558759,0.714056,11.477273,11.318182,14.504545
dmd,23,17,contiguous,vector16store,6,194.030,0.231,1.365913,1.357692,1.371538,5.909091,5.900000,5.913636
dmd,23,17,contiguous,cpp-approved-execution,6,32.836,0.000,8.068182,8.022727,8.104545,1.000000,1.000000,1.000000
dmd,23,17,negative-both,original,6,348.507,22.270,1.000000,1.000000,1.000000,4.698189,4.565392,5.589178
dmd,23,17,negative-both,vector16safe,6,462.463,3.582,0.750504,0.736041,0.893624,6.221822,6.128773,6.352113
dmd,23,17,negative-both,vector16store,6,272.015,1.262,1.283307,1.243969,1.519891,3.667002,3.645875,3.677355
dmd,23,17,negative-both,cpp-approved-execution,6,74.179,0.402,4.698189,4.565392,5.589178,1.000000,1.000000,1.000000
dmd,23,17,negative-source,original,6,340.672,6.922,1.000000,1.000000,1.000000,4.592555,4.583501,4.901408
dmd,23,17,negative-source,vector16safe,6,452.463,3.167,0.754249,0.740045,0.812542,6.099598,6.022133,6.215292
dmd,23,17,negative-source,vector16store,6,270.448,6.788,1.263164,1.184511,1.345113,3.645875,3.623742,3.871227
dmd,23,17,negative-source,cpp-approved-execution,6,74.179,0.000,4.592555,4.583501,4.901408,1.000000,1.000000,1.000000
dmd,23,17,padded,original,6,342.015,12.437,1.000000,1.000000,1.000000,4.610664,4.555332,5.128773
dmd,23,17,padded,vector16safe,6,450.746,1.722,0.763830,0.745562,0.846844,6.076459,6.016097,6.120724
dmd,23,17,padded,vector16store,6,268.433,0.834,1.274824,1.259878,1.414539,3.618712,3.601610,3.631791
dmd,23,17,padded,cpp-approved-execution,6,74.179,0.000,4.610664,4.555332,5.128773,1.000000,1.000000,1.000000
dmd,23,17,repeated-source,original,6,336.045,8.350,1.000000,1.000000,1.000000,4.530181,4.507042,4.875502
dmd,23,17,repeated-source,vector16safe,6,446.343,4.213,0.752811,0.727449,0.810955,6.011054,5.969819,6.223340
dmd,23,17,repeated-source,vector16store,6,265.522,1.461,1.269020,1.256310,1.351893,3.579477,3.561368,3.606426
dmd,23,17,repeated-source,cpp-approved-execution,6,74.179,0.201,4.530181,4.507042,4.875502,1.000000,1.000000,1.000000
dmd,23,17,universal,original,6,3401.343,5.160,1.000000,1.000000,1.000000,15.248765,15.058706,15.938926
dmd,23,17,universal,vector16safe,6,3446.791,7.396,0.992121,0.968242,1.015392,15.499079,15.035357,16.239786
dmd,23,17,universal,vector16store,6,3448.731,4.246,0.986852,0.964218,1.032520,15.486960,15.118079,15.762000
dmd,23,17,universal,cpp-approved-execution,6,222.687,0.737,15.248765,15.058706,15.938926,1.000000,1.000000,1.000000
dmd,23,128,contiguous,original,6,1756.180,29.687,1.000000,1.000000,1.000000,7.531796,7.157895,9.116279
dmd,23,128,contiguous,vector16safe,6,2516.292,4.331,0.711983,0.656716,0.896615,10.728984,10.167442,11.004831
dmd,23,128,contiguous,vector16store,6,1134.270,0.495,1.545076,1.481188,1.938675,4.830144,4.702326,4.875000
dmd,23,128,contiguous,cpp-approved-execution,6,234.831,3.828,7.531796,7.157895,9.116279,1.000000,1.000000,1.000000
dmd,23,128,negative-both,original,6,2025.843,10.926,1.000000,1.000000,1.000000,3.612000,3.265720,3.660569
dmd,23,128,negative-both,vector16safe,6,2602.247,2.116,0.778761,0.693966,0.792014,4.670593,4.557114,4.705882
dmd,23,128,negative-both,vector16store,6,1207.303,11.447,1.667663,1.514581,1.682495,2.167272,2.148000,2.400810
dmd,23,128,negative-both,cpp-approved-execution,6,557.865,1.611,3.612000,3.265720,3.660569,1.000000,1.000000,1.000000
dmd,23,128,negative-source,original,6,2027.528,22.056,1.000000,1.000000,1.000000,3.649269,3.114688,3.899800
dmd,23,128,negative-source,vector16safe,6,2602.809,3.022,0.779839,0.667241,0.857647,4.681170,4.547094,4.734818
dmd,23,128,negative-source,vector16store,6,1198.876,0.469,1.694366,1.449438,1.822097,2.150358,2.140281,2.169388
dmd,23,128,negative-source,cpp-approved-execution,6,556.742,1.816,3.649269,3.114688,3.899800,1.000000,1.000000,1.000000
dmd,23,128,padded,original,6,2023.034,14.496,1.000000,1.000000,1.000000,3.632797,3.129555,3.668024
dmd,23,128,padded,vector16safe,6,2601.685,2.462,0.775594,0.667242,0.789128,4.697254,4.608081,4.712831
dmd,23,128,padded,vector16store,6,1197.753,1.032,1.683337,1.451643,1.694262,2.158418,2.146881,2.164969
dmd,23,128,padded,cpp-approved-execution,6,555.618,1.213,3.632797,3.129555,3.668024,1.000000,1.000000,1.000000
dmd,23,128,repeated-source,original,6,1720.787,17.564,1.000000,1.000000,1.000000,3.177386,3.078629,3.726141
dmd,23,128,repeated-source,vector16safe,6,2635.955,6.095,0.658137,0.629204,0.777489,4.832988,4.627016,5.058091
dmd,23,128,repeated-source,vector16store,6,1175.281,5.067,1.468075,1.454286,1.717017,2.165975,2.116935,2.219067
dmd,23,128,repeated-source,cpp-approved-execution,6,541.573,2.905,3.177386,3.078629,3.726141,1.000000,1.000000,1.000000
dmd,23,128,universal,original,6,25135.955,8.475,1.000000,1.000000,1.000000,14.685358,13.556092,15.813582
dmd,23,128,universal,vector16safe,6,24706.180,5.012,1.006674,0.981362,1.045101,14.605437,13.153197,15.232713
dmd,23,128,universal,vector16store,6,24717.978,5.655,1.010334,0.995411,1.029473,14.627013,13.235223,15.360852
dmd,23,128,universal,cpp-approved-execution,6,1690.449,10.369,14.685358,13.556092,15.813582,1.000000,1.000000,1.000000
dmd,31,1,contiguous,original,6,64.844,0.866,1.000000,1.000000,1.000000,8.122324,8.100917,8.171254
dmd,31,1,contiguous,vector16safe,6,78.735,5.395,0.825579,0.783960,0.830165,9.862385,9.801223,10.333333
dmd,31,1,contiguous,vector16store,6,65.613,3.684,0.987534,0.954660,0.997015,8.218654,8.195719,8.498471
dmd,31,1,contiguous,cpp-approved-execution,6,7.983,0.000,8.122324,8.100917,8.171254,1.000000,1.000000,1.000000
dmd,31,1,negative-both,original,6,65.771,21.047,1.000000,1.000000,1.000000,7.923529,7.802941,9.470588
dmd,31,1,negative-both,vector16safe,6,79.053,3.057,0.832644,0.820854,0.971929,9.523529,9.452941,9.744118
dmd,31,1,negative-both,vector16store,6,65.942,4.665,0.983701,0.955642,1.196137,7.944118,7.917647,8.288235
dmd,31,1,negative-both,cpp-approved-execution,6,8.301,0.000,7.923529,7.802941,9.470588,1.000000,1.000000,1.000000
dmd,31,1,negative-source,original,6,64.990,4.057,1.000000,1.000000,1.000000,7.829412,7.814706,8.132353
dmd,31,1,negative-source,vector16safe,6,79.114,6.295,0.823576,0.792548,0.829907,9.530882,9.441176,10.041176
dmd,31,1,negative-source,vector16store,6,66.650,4.835,0.980061,0.944543,1.018791,8.029412,7.885294,8.273529
dmd,31,1,negative-source,cpp-approved-execution,6,8.301,0.000,7.829412,7.814706,8.132353,1.000000,1.000000,1.000000
dmd,31,1,padded,original,6,65.881,17.380,1.000000,1.000000,1.000000,7.936765,7.838235,9.217647
dmd,31,1,padded,vector16safe,6,78.589,3.075,0.831943,0.822785,0.973594,9.467647,9.397059,9.688235
dmd,31,1,padded,vector16store,6,65.747,4.493,0.999785,0.989610,1.133234,7.920588,7.897059,8.252941
dmd,31,1,padded,cpp-approved-execution,6,8.301,0.000,7.936765,7.838235,9.217647,1.000000,1.000000,1.000000
dmd,31,1,repeated-source,original,6,67.004,17.198,1.000000,1.000000,1.000000,8.072059,7.782353,9.170588
dmd,31,1,repeated-source,vector16safe,6,83.118,130.768,0.819001,0.346787,0.906941,10.013235,9.423529,22.517647
dmd,31,1,repeated-source,vector16store,6,66.931,15.138,1.000121,0.932561,1.078061,8.063235,7.876471,9.097059
dmd,31,1,repeated-source,cpp-approved-execution,6,8.301,0.000,8.072059,7.782353,9.170588,1.000000,1.000000,1.000000
dmd,31,1,universal,original,6,401.404,9.154,1.000000,1.000000,1.000000,19.492072,19.104389,20.889680
dmd,31,1,universal,vector16safe,6,395.374,2.803,1.019186,1.000746,1.076209,19.210558,18.919336,19.434834
dmd,31,1,universal,vector16store,6,390.894,4.085,1.021269,1.007633,1.087581,18.981611,18.881376,19.657177
dmd,31,1,universal,cpp-approved-execution,6,20.581,0.119,19.492072,19.104389,20.889680,1.000000,1.000000,1.000000
dmd,31,17,contiguous,original,6,349.698,1.438,1.000000,1.000000,1.000000,7.990847,7.532468,8.119816
dmd,31,17,contiguous,vector16safe,6,454.728,16.062,0.770459,0.674419,0.788014,10.414747,10.169725,11.168831
dmd,31,17,contiguous,vector16store,6,267.907,0.451,1.306046,1.300150,1.323817,6.128736,5.766234,6.133641
dmd,31,17,contiguous,cpp-approved-execution,6,43.763,6.437,7.990847,7.532468,8.119816,1.000000,1.000000,1.000000
dmd,31,17,negative-both,original,6,428.471,23.996,1.000000,1.000000,1.000000,4.476744,4.384774,5.497881
dmd,31,17,negative-both,vector16safe,6,527.666,7.207,0.812806,0.757914,1.001544,5.550249,5.366255,5.877378
dmd,31,17,negative-both,vector16store,6,344.266,10.871,1.243879,1.115996,1.524677,3.606349,3.534979,3.991543
dmd,31,17,negative-both,cpp-approved-execution,6,95.171,2.960,4.476744,4.384774,5.497881,1.000000,1.000000,1.000000
dmd,31,17,negative-source,original,6,417.103,21.418,1.000000,1.000000,1.000000,4.387302,4.366525,5.307203
dmd,31,17,negative-source,vector16safe,6,523.441,4.497,0.796848,0.766171,0.957935,5.507415,5.439746,5.699153
dmd,31,17,negative-source,vector16store,6,342.052,1.765,1.216371,1.204295,1.477005,3.601695,3.581395,3.642706
dmd,31,17,negative-source,cpp-approved-execution,6,94.970,0.212,4.387302,4.366525,5.307203,1.000000,1.000000,1.000000
dmd,31,17,padded,original,6,413.380,1.509,1.000000,1.000000,1.000000,4.343552,4.298097,4.363636
dmd,31,17,padded,vector16safe,6,521.026,2.433,0.793047,0.775067,0.799922,5.474630,5.431290,5.564482
dmd,31,17,padded,vector16store,6,340.241,1.242,1.213464,1.200118,1.218991,3.575053,3.562368,3.606765
dmd,31,17,padded,cpp-approved-execution,6,95.171,0.000,4.343552,4.298097,4.363636,1.000000,1.000000,1.000000
dmd,31,17,repeated-source,original,6,411.871,33.610,1.000000,1.000000,1.000000,4.332287,4.298097,5.744186
dmd,31,17,repeated-source,vector16safe,6,520.825,4.172,0.793412,0.756525,1.048630,5.478307,5.441860,5.682203
dmd,31,17,repeated-source,vector16store,6,341.147,7.196,1.211973,1.126940,1.602950,3.588365,3.556025,3.813953
dmd,31,17,repeated-source,cpp-approved-execution,6,95.171,0.211,4.332287,4.298097,5.744186,1.000000,1.000000,1.000000
dmd,31,17,universal,original,6,4510.262,3.560,1.000000,1.000000,1.000000,15.116433,15.052525,15.589899
dmd,31,17,universal,vector16safe,6,4523.642,4.630,1.002240,0.989212,1.019542,15.144862,14.962213,15.632997
dmd,31,17,universal,vector16store,6,4566.298,3.032,0.996451,0.986191,1.006215,15.296781,15.060729,15.493603
dmd,31,17,universal,cpp-approved-execution,6,298.592,0.270,15.116433,15.052525,15.589899,1.000000,1.000000,1.000000
dmd,31,128,contiguous,original,6,2339.394,29.469,1.000000,1.000000,1.000000,7.369970,7.347619,9.559809
dmd,31,128,contiguous,vector16safe,6,3023.485,20.646,0.775880,0.751338,0.832500,9.525074,9.466667,11.483254
dmd,31,128,contiguous,vector16store,6,1691.667,2.060,1.383065,1.382274,1.755712,5.329380,5.309524,5.444976
dmd,31,128,contiguous,cpp-approved-execution,6,317.424,0.477,7.369970,7.347619,9.559809,1.000000,1.000000,1.000000
dmd,31,128,negative-both,original,6,2369.697,0.192,1.000000,1.000000,1.000000,3.276730,3.240166,3.296842
dmd,31,128,negative-both,vector16safe,6,3407.576,9.560,0.695006,0.676610,0.744995,4.714885,4.379958,4.859244
dmd,31,128,negative-both,vector16store,6,1765.152,0.601,1.343643,1.335897,1.344206,2.440372,2.412008,2.452632
dmd,31,128,negative-both,cpp-approved-execution,6,722.727,1.677,3.276730,3.240166,3.296842,1.000000,1.000000,1.000000
dmd,31,128,negative-source,original,6,2370.455,0.256,1.000000,1.000000,1.000000,3.270921,3.236025,3.298947
dmd,31,128,negative-source,vector16safe,6,3216.667,8.290,0.736964,0.692512,0.752042,4.451139,4.335417,4.721757
dmd,31,128,negative-source,vector16store,6,1762.879,0.430,1.345080,1.341631,1.350862,2.433054,2.412008,2.442105
dmd,31,128,negative-source,cpp-approved-execution,6,724.242,1.674,3.270921,3.236025,3.298947,1.000000,1.000000,1.000000
dmd,31,128,padded,original,6,2365.909,0.320,1.000000,1.000000,1.000000,3.256520,3.227743,3.302326
dmd,31,128,padded,vector16safe,6,3170.455,3.297,0.745986,0.729818,0.752771,4.379641,4.293996,4.460888
dmd,31,128,padded,vector16store,6,1758.333,0.431,1.345409,1.342808,1.348276,2.423358,2.397516,2.450317
dmd,31,128,padded,cpp-approved-execution,6,726.515,2.086,3.256520,3.227743,3.302326,1.000000,1.000000,1.000000
dmd,31,128,repeated-source,original,6,2361.364,1.219,1.000000,1.000000,1.000000,3.347685,3.345494,3.387931
dmd,31,128,repeated-source,vector16safe,6,3190.909,10.209,0.740076,0.683539,0.757532,4.535741,4.416309,4.896552
dmd,31,128,repeated-source,vector16store,6,1752.273,0.951,1.347169,1.343426,1.354783,2.489776,2.480687,2.502155
dmd,31,128,repeated-source,cpp-approved-execution,6,703.788,1.076,3.347685,3.345494,3.387931,1.000000,1.000000,1.000000
dmd,31,128,universal,original,6,33217.424,5.246,1.000000,1.000000,1.000000,14.798183,14.703378,15.469953
dmd,31,128,universal,vector16safe,6,33763.636,5.726,0.993676,0.961598,1.001692,15.056757,14.758435,15.629980
dmd,31,128,universal,vector16store,6,33417.424,11.077,0.994612,0.945173,1.009523,14.897333,14.727703,16.367319
dmd,31,128,universal,cpp-approved-execution,6,2243.939,0.135,14.798183,14.703378,15.469953,1.000000,1.000000,1.000000
dmd,32,1,contiguous,original,6,65.295,4.711,1.000000,1.000000,1.000000,12.047297,12.036036,12.603604
dmd,32,1,contiguous,vector16safe,6,85.144,4.244,0.766316,0.739828,0.805180,15.709459,15.608108,16.274775
dmd,32,1,contiguous,vector16store,6,59.436,0.575,1.099713,1.093252,1.150967,10.966216,10.950450,11.013514
dmd,32,1,contiguous,cpp-approved-execution,6,5.420,0.000,12.047297,12.036036,12.603604,1.000000,1.000000,1.000000
dmd,32,1,negative-both,original,6,65.405,2.202,1.000000,1.000000,1.000000,11.497854,11.476395,11.729614
dmd,32,1,negative-both,vector16safe,6,86.597,2.960,0.760739,0.740526,0.762769,15.223176,15.064378,15.515021
dmd,32,1,negative-both,vector16store,6,59.509,10.872,1.100041,0.992216,1.119623,10.461373,10.442060,11.579399
dmd,32,1,negative-both,cpp-approved-execution,6,5.688,0.000,11.497854,11.476395,11.729614,1.000000,1.000000,1.000000
dmd,32,1,negative-source,original,6,66.187,10.623,1.000000,1.000000,1.000000,11.635193,11.489270,12.725322
dmd,32,1,negative-source,vector16safe,6,86.011,2.725,0.769271,0.745267,0.843528,15.120172,15.004292,15.416309
dmd,32,1,negative-source,vector16store,6,59.448,0.780,1.109930,1.095336,1.217159,10.450644,10.437768,10.519313
dmd,32,1,negative-source,cpp-approved-execution,6,5.688,0.000,11.635193,11.489270,12.725322,1.000000,1.000000,1.000000
dmd,32,1,padded,original,6,65.295,6.581,1.000000,1.000000,1.000000,11.478541,11.450644,12.206009
dmd,32,1,padded,vector16safe,6,86.523,5.333,0.762401,0.738445,0.791177,15.210300,14.982833,15.793991
dmd,32,1,padded,vector16store,6,59.473,6.732,1.100173,1.036392,1.167009,10.454936,10.381974,11.085837
dmd,32,1,padded,cpp-approved-execution,6,5.688,0.000,11.478541,11.450644,12.206009,1.000000,1.000000,1.000000
dmd,32,1,repeated-source,original,6,65.198,6.853,1.000000,1.000000,1.000000,11.461373,11.442060,12.227468
dmd,32,1,repeated-source,vector16safe,6,86.572,8.996,0.752541,0.697960,0.761769,15.218884,15.042918,16.412017
dmd,32,1,repeated-source,vector16store,6,59.668,11.784,1.094246,0.979450,1.152508,10.489270,10.459227,11.695279
dmd,32,1,repeated-source,cpp-approved-execution,6,5.688,0.000,11.461373,11.442060,12.227468,1.000000,1.000000,1.000000
dmd,32,1,universal,original,6,409.045,6.058,1.000000,1.000000,1.000000,20.395053,19.137572,21.307786
dmd,32,1,universal,vector16safe,6,407.788,3.898,1.004536,0.983283,1.028660,20.189781,19.404624,20.714112
dmd,32,1,universal,vector16store,6,404.321,4.372,1.011513,0.988403,1.032250,20.139294,19.092486,20.684915
dmd,32,1,universal,cpp-approved-execution,6,20.068,5.353,20.395053,19.137572,21.307786,1.000000,1.000000,1.000000
dmd,32,17,contiguous,original,6,353.534,36.225,1.000000,1.000000,1.000000,8.335784,8.166667,11.186275
dmd,32,17,contiguous,vector16safe,6,576.611,7.788,0.612571,0.562186,0.822046,13.595588,13.563725,14.622549
dmd,32,17,contiguous,vector16store,6,180.769,0.345,1.955738,1.910550,2.626007,4.262255,4.259804,4.274510
dmd,32,17,contiguous,cpp-approved-execution,6,42.412,0.000,8.335784,8.166667,11.186275,1.000000,1.000000,1.000000
dmd,32,17,negative-both,original,6,423.805,2.257,1.000000,1.000000,1.000000,8.154000,8.092000,8.276000
dmd,32,17,negative-both,vector16safe,6,673.701,26.539,0.633855,0.512092,0.645550,12.962000,12.604000,16.044000
dmd,32,17,negative-both,vector16store,6,257.900,0.403,1.644618,1.630435,1.668548,4.962000,4.952000,4.972000
dmd,32,17,negative-both,cpp-approved-execution,6,51.975,0.000,8.154000,8.092000,8.276000,1.000000,1.000000,1.000000
dmd,32,17,negative-source,original,6,425.364,0.391,1.000000,1.000000,1.000000,8.184000,8.160000,8.192000
dmd,32,17,negative-source,vector16safe,6,667.048,8.384,0.638159,0.598065,0.649586,12.834000,12.568000,13.644000
dmd,32,17,negative-source,vector16store,6,257.380,0.565,1.651998,1.650485,1.655312,4.952000,4.932000,4.960000
dmd,32,17,negative-source,cpp-approved-execution,6,51.975,0.000,8.184000,8.160000,8.192000,1.000000,1.000000,1.000000
dmd,32,17,padded,original,6,424.324,3.185,1.000000,1.000000,1.000000,8.164000,8.079681,8.368000
dmd,32,17,padded,vector16safe,6,674.740,12.417,0.625248,0.590794,0.651052,12.955378,12.552000,14.164000
dmd,32,17,padded,vector16store,6,255.405,3.663,1.652405,1.647244,1.669388,4.910000,4.892430,5.080000
dmd,32,17,padded,cpp-approved-execution,6,51.975,0.400,8.164000,8.079681,8.368000,1.000000,1.000000,1.000000
dmd,32,17,repeated-source,original,6,421.414,1.283,1.000000,1.000000,1.000000,8.108000,8.068000,8.139442
dmd,32,17,repeated-source,vector16safe,6,659.252,10.785,0.640650,0.585147,0.654106,12.658590,12.420000,13.788000
dmd,32,17,repeated-source,vector16store,6,252.599,0.576,1.669140,1.657354,1.685644,4.860000,4.828685,4.868000
dmd,32,17,repeated-source,cpp-approved-execution,6,51.975,0.400,8.108000,8.068000,8.139442,1.000000,1.000000,1.000000
dmd,32,17,universal,original,6,4767.879,5.773,1.000000,1.000000,1.000000,15.488565,14.709091,16.047490
dmd,32,17,universal,vector16safe,6,4706.445,2.779,1.015939,0.992665,1.042013,15.310327,14.638961,15.541384
dmd,32,17,universal,vector16store,6,4722.869,6.783,1.005806,0.979419,1.032565,15.396096,14.585714,16.262195
dmd,32,17,universal,cpp-approved-execution,6,306.965,4.470,15.488565,14.709091,16.047490,1.000000,1.000000,1.000000
dmd,32,128,contiguous,original,6,2405.469,4.222,1.000000,1.000000,1.000000,7.330952,6.801843,7.338095
dmd,32,128,contiguous,vector16safe,6,3987.500,5.643,0.603610,0.548903,0.605263,12.152381,12.119048,12.391705
dmd,32,128,contiguous,vector16store,6,1028.125,3.799,2.302397,2.243161,2.346037,3.130952,3.032258,3.242857
dmd,32,128,contiguous,cpp-approved-execution,6,328.125,3.333,7.330952,6.801843,7.338095,1.000000,1.000000,1.000000
dmd,32,128,negative-both,original,6,2439.062,0.256,1.000000,1.000000,1.000000,6.147638,6.027027,6.194444
dmd,32,128,negative-both,vector16safe,6,4100.781,10.288,0.595362,0.542768,0.599386,10.353195,10.112403,11.376984
dmd,32,128,negative-both,vector16store,6,1096.094,0.855,2.225233,2.214184,2.234621,2.757874,2.706564,2.797619
dmd,32,128,negative-both,cpp-approved-execution,6,396.875,2.756,6.147638,6.027027,6.194444,1.000000,1.000000,1.000000
dmd,32,128,negative-source,original,6,2440.625,0.768,1.000000,1.000000,1.000000,6.025501,5.857678,6.136719
dmd,32,128,negative-source,vector16safe,6,4191.406,10.401,0.584319,0.540194,0.599156,10.478516,9.786517,11.057471
dmd,32,128,negative-source,vector16store,6,1094.531,2.427,2.231264,2.193820,2.243165,2.691340,2.625468,2.781250
dmd,32,128,negative-source,cpp-approved-execution,6,404.688,4.247,6.025501,5.857678,6.136719,1.000000,1.000000,1.000000
dmd,32,128,padded,original,6,2437.500,0.833,1.000000,1.000000,1.000000,5.952290,5.931559,6.140625
dmd,32,128,padded,vector16safe,6,4085.156,11.283,0.596482,0.537746,0.602299,10.082389,9.946565,11.030418
dmd,32,128,padded,vector16store,6,1092.188,1.288,2.231048,2.212766,2.258621,2.669847,2.650190,2.718750
dmd,32,128,padded,cpp-approved-execution,6,409.375,2.672,5.952290,5.931559,6.140625,1.000000,1.000000,1.000000
dmd,32,128,repeated-source,original,6,2431.250,1.350,1.000000,1.000000,1.000000,6.296330,5.996154,6.399177
dmd,32,128,repeated-source,vector16safe,6,4089.062,10.394,0.593463,0.540522,0.598156,10.721525,10.061538,11.592742
dmd,32,128,repeated-source,vector16store,6,1090.625,1.862,2.230113,2.205674,2.253945,2.815471,2.700000,2.901235
dmd,32,128,repeated-source,cpp-approved-execution,6,385.156,6.897,6.296330,5.996154,6.399177,1.000000,1.000000,1.000000
dmd,32,128,universal,original,6,34316.406,4.594,1.000000,1.000000,1.000000,14.769689,14.547715,15.287449
dmd,32,128,universal,vector16safe,6,34590.625,5.994,0.998369,0.973511,1.009473,14.875737,14.629630,15.554656
dmd,32,128,universal,vector16store,6,34480.469,5.075,1.001101,0.965350,1.009279,14.850179,14.620551,15.445344
dmd,32,128,universal,cpp-approved-execution,6,2321.875,0.471,14.769689,14.547715,15.287449,1.000000,1.000000,1.000000
dmd,33,1,contiguous,original,6,67.932,10.135,1.000000,1.000000,1.000000,11.403689,11.065574,12.221311
dmd,33,1,contiguous,vector16safe,6,87.244,15.083,0.767419,0.730703,0.796203,14.645492,14.516393,16.725410
dmd,33,1,contiguous,vector16store,6,59.912,2.037,1.133153,1.102041,1.215654,10.057377,10.004098,10.209016
dmd,33,1,contiguous,cpp-approved-execution,6,5.957,0.000,11.403689,11.065574,12.221311,1.000000,1.000000,1.000000
dmd,33,1,negative-both,original,6,65.881,13.044,1.000000,1.000000,1.000000,10.418919,10.378378,11.737452
dmd,33,1,negative-both,vector16safe,6,87.402,2.765,0.756737,0.736180,0.847505,13.822394,13.725869,14.108108
dmd,33,1,negative-both,vector16store,6,60.010,4.353,1.097395,1.056774,1.228283,9.490347,9.447876,9.861004
dmd,33,1,negative-both,cpp-approved-execution,6,6.323,0.000,10.418919,10.378378,11.737452,1.000000,1.000000,1.000000
dmd,33,1,negative-source,original,6,65.588,3.797,1.000000,1.000000,1.000000,10.372587,10.347490,10.741313
dmd,33,1,negative-source,vector16safe,6,86.987,7.859,0.759320,0.709091,0.777964,13.756757,13.571429,14.652510
dmd,33,1,negative-source,vector16store,6,59.631,1.679,1.101025,1.094578,1.121322,9.430502,9.420849,9.579151
dmd,33,1,negative-source,cpp-approved-execution,6,6.323,0.000,10.372587,10.347490,10.741313,1.000000,1.000000,1.000000
dmd,33,1,padded,original,6,65.662,11.043,1.000000,1.000000,1.000000,10.384170,10.359073,11.505792
dmd,33,1,padded,vector16safe,6,88.757,3.933,0.749587,0.725527,0.811326,14.036680,13.725869,14.277992
dmd,33,1,padded,vector16store,6,59.827,10.569,1.095094,0.992968,1.216823,9.461390,9.432432,10.432432
dmd,33,1,padded,cpp-approved-execution,6,6.323,0.000,10.384170,10.359073,11.505792,1.000000,1.000000,1.000000
dmd,33,1,repeated-source,original,6,66.479,126.441,1.000000,1.000000,1.000000,10.513514,10.444015,23.646154
dmd,33,1,repeated-source,vector16safe,6,86.621,55.891,0.772911,0.743709,1.123538,13.698842,13.471042,21.046154
dmd,33,1,repeated-source,vector16store,6,60.071,5.405,1.112519,1.093813,2.387573,9.500000,9.428571,9.903846
dmd,33,1,repeated-source,cpp-approved-execution,6,6.323,0.386,10.513514,10.444015,23.646154,1.000000,1.000000,1.000000
dmd,33,1,universal,original,6,410.754,7.483,1.000000,1.000000,1.000000,18.958850,18.863739,20.274775
dmd,33,1,universal,vector16safe,6,409.741,4.254,1.006953,0.999285,1.039372,18.910435,18.723788,19.506757
dmd,33,1,universal,vector16store,6,413.049,6.017,0.998102,0.986580,1.019742,19.063109,18.908681,20.033784
dmd,33,1,universal,cpp-approved-execution,6,21.680,0.113,18.958850,18.863739,20.274775,1.000000,1.000000,1.000000
dmd,33,17,contiguous,original,6,373.340,15.543,1.000000,1.000000,1.000000,8.576355,8.502439,9.848039
dmd,33,17,contiguous,vector16safe,6,589.079,16.140,0.633420,0.549842,0.736707,13.551724,13.297561,15.463415
dmd,33,17,contiguous,vector16store,6,185.439,0.231,2.013848,2.006928,2.319861,4.255554,4.219512,4.270936
dmd,33,17,contiguous,cpp-approved-execution,6,43.576,0.983,8.576355,8.502439,9.848039,1.000000,1.000000,1.000000
dmd,33,17,negative-both,original,6,442.827,39.507,1.000000,1.000000,1.000000,6.991525,6.856187,9.481728
dmd,33,17,negative-both,vector16safe,6,681.049,4.402,0.661373,0.633230,0.889928,10.673005,10.387960,10.915254
dmd,33,17,negative-both,vector16store,6,267.773,10.396,1.648628,1.494169,2.290530,4.235593,4.139535,4.588629
dmd,33,17,negative-both,cpp-approved-execution,6,63.169,2.034,6.991525,6.856187,9.481728,1.000000,1.000000,1.000000
dmd,33,17,negative-source,original,6,439.400,23.879,1.000000,1.000000,1.000000,6.955932,6.794613,8.116505
dmd,33,17,negative-source,vector16safe,6,668.094,2.788,0.659298,0.634791,0.798981,10.510169,10.158576,10.703704
dmd,33,17,negative-source,vector16store,6,264.882,5.740,1.657783,1.635332,1.921839,4.193220,4.154882,4.223301
dmd,33,17,negative-source,cpp-approved-execution,6,63.169,4.746,6.955932,6.794613,8.116505,1.000000,1.000000,1.000000
dmd,33,17,padded,original,6,440.578,26.294,1.000000,1.000000,1.000000,6.891525,6.647249,8.682432
dmd,33,17,padded,vector16safe,6,670.021,4.826,0.658593,0.638758,0.829567,10.439189,10.187702,10.810169
dmd,33,17,padded,vector16store,6,262.313,25.469,1.665047,1.342484,2.103110,4.145522,4.128378,4.951456
dmd,33,17,padded,cpp-approved-execution,6,63.383,6.757,6.891525,6.647249,8.682432,1.000000,1.000000,1.000000
dmd,33,17,repeated-source,original,6,433.940,13.274,1.000000,1.000000,1.000000,6.817920,6.385580,7.645485
dmd,33,17,repeated-source,vector16safe,6,660.278,1.751,0.657230,0.646889,0.741726,10.329522,9.708464,10.498316
dmd,33,17,repeated-source,vector16store,6,261.456,0.655,1.658327,1.656046,1.870704,4.090616,3.824451,4.135135
dmd,33,17,repeated-source,cpp-approved-execution,6,63.812,7.718,6.817920,6.385580,7.645485,1.000000,1.000000,1.000000
dmd,33,17,universal,original,6,4870.128,7.470,1.000000,1.000000,1.000000,15.096879,14.767442,15.885790
dmd,33,17,universal,vector16safe,6,4889.293,9.320,0.994476,0.950646,1.031874,15.158569,14.849169,16.263123
dmd,33,17,universal,vector16store,6,4870.664,2.066,0.999877,0.986604,1.044899,15.098559,14.900997,15.203187
dmd,33,17,universal,cpp-approved-execution,6,322.484,0.133,15.096879,14.767442,15.885790,1.000000,1.000000,1.000000
dmd,33,128,contiguous,original,6,2479.032,33.702,1.000000,1.000000,1.000000,7.306432,7.250000,9.780952
dmd,33,128,contiguous,vector16safe,6,4342.742,15.190,0.591919,0.561154,0.703907,12.760664,11.947619,13.895238
dmd,33,128,contiguous,vector16store,6,1061.290,3.040,2.338667,2.332322,3.038462,3.121146,3.108491,3.219048
dmd,33,128,contiguous,cpp-approved-execution,6,339.516,0.950,7.306432,7.250000,9.780952,1.000000,1.000000,1.000000
dmd,33,128,negative-both,original,6,2508.065,0.322,1.000000,1.000000,1.000000,4.936634,4.889937,5.081699
dmd,33,128,negative-both,vector16safe,6,4246.774,9.115,0.591622,0.551223,0.602867,8.453875,8.169811,8.899054
dmd,33,128,negative-both,vector16store,6,1169.355,2.345,2.144828,2.110961,2.155125,2.328723,2.279874,2.369281
dmd,33,128,negative-both,cpp-approved-execution,6,508.871,3.803,4.936634,4.889937,5.081699,1.000000,1.000000,1.000000
dmd,33,128,negative-source,original,6,2509.677,0.193,1.000000,1.000000,1.000000,4.985577,4.942857,5.115132
dmd,33,128,negative-source,vector16safe,6,4221.774,9.207,0.594320,0.552753,0.605284,8.467527,8.310897,8.964968
dmd,33,128,negative-source,vector16store,6,1166.129,2.351,2.153527,2.112619,2.161111,2.328495,2.292994,2.388158
dmd,33,128,negative-source,cpp-approved-execution,6,503.226,3.526,4.985577,4.942857,5.115132,1.000000,1.000000,1.000000
dmd,33,128,padded,original,6,2505.645,0.193,1.000000,1.000000,1.000000,5.152576,5.032362,5.162791
dmd,33,128,padded,vector16safe,6,4412.903,13.670,0.568246,0.526977,0.604353,8.968680,8.519868,9.694079
dmd,33,128,padded,vector16store,6,1158.871,1.670,2.160753,2.127397,2.165738,2.381433,2.343042,2.425249
dmd,33,128,padded,cpp-approved-execution,6,486.290,2.653,5.152576,5.032362,5.162791,1.000000,1.000000,1.000000
dmd,33,128,repeated-source,original,6,2500.806,13.995,1.000000,1.000000,1.000000,5.394793,5.201342,5.946128
dmd,33,128,repeated-source,vector16safe,6,4232.258,9.794,0.591807,0.545359,0.680277,8.998288,8.740741,9.944056
dmd,33,128,repeated-source,vector16store,6,1158.065,0.836,2.162484,2.151179,2.452778,2.484399,2.409396,2.520979
dmd,33,128,repeated-source,cpp-approved-execution,6,465.323,4.159,5.394793,5.201342,5.946128,1.000000,1.000000,1.000000
dmd,33,128,universal,original,6,36337.097,7.972,1.000000,1.000000,1.000000,14.885259,14.697270,15.708869
dmd,33,128,universal,vector16safe,6,35892.742,7.437,1.011122,0.994071,1.031704,14.810410,14.476427,15.632612
dmd,33,128,universal,vector16store,6,35847.581,6.430,1.006920,0.998450,1.051996,14.817269,13.970844,15.657414
dmd,33,128,universal,cpp-approved-execution,6,2383.871,9.134,14.885259,14.697270,15.708869,1.000000,1.000000,1.000000
dmd,47,1,contiguous,original,6,78.406,13.234,1.000000,1.000000,1.000000,8.518568,7.960212,9.087533
dmd,47,1,contiguous,vector16safe,6,97.705,101.599,0.780576,0.418499,0.831179,10.615385,10.206897,20.992042
dmd,47,1,contiguous,vector16store,6,68.127,18.599,1.080454,1.039442,1.201222,7.401857,7.366048,8.742706
dmd,47,1,contiguous,cpp-approved-execution,6,9.204,0.000,8.518568,7.960212,9.087533,1.000000,1.000000,1.000000
dmd,47,1,negative-both,original,6,74.023,103.727,1.000000,1.000000,1.000000,7.750345,5.800000,9.073964
dmd,47,1,negative-both,vector16safe,6,95.288,69.459,0.778129,0.758256,0.930663,10.016753,7.141284,10.197943
dmd,47,1,negative-both,vector16store,6,68.237,88.587,1.085769,1.070942,1.164610,7.190480,5.148624,7.791420
dmd,47,1,negative-both,cpp-approved-execution,6,9.497,74.036,7.750345,5.800000,9.073964,1.000000,1.000000,1.000000
dmd,47,1,negative-source,original,6,79.663,94.729,1.000000,1.000000,1.000000,7.969072,7.550420,9.799035
dmd,47,1,negative-source,vector16safe,6,94.519,71.187,0.835845,0.771443,0.939362,9.978093,8.037815,10.581994
dmd,47,1,negative-source,vector16store,6,68.018,83.094,1.165277,1.080157,1.287249,7.162371,5.865546,8.188103
dmd,47,1,negative-source,cpp-approved-execution,6,9.473,60.309,7.969072,7.550420,9.799035,1.000000,1.000000,1.000000
dmd,47,1,padded,original,6,73.340,95.439,1.000000,1.000000,1.000000,7.742268,7.713918,8.431655
dmd,47,1,padded,vector16safe,6,95.325,64.746,0.773324,0.765909,0.917345,10.055412,9.191367,10.085052
dmd,47,1,padded,vector16store,6,68.384,74.295,1.080844,1.040470,1.209744,7.149485,6.969784,7.451031
dmd,47,1,padded,cpp-approved-execution,6,9.473,79.124,7.742268,7.713918,8.431655,1.000000,1.000000,1.000000
dmd,47,1,repeated-source,original,6,73.401,16.431,1.000000,1.000000,1.000000,7.748711,7.693299,8.966495
dmd,47,1,repeated-source,vector16safe,6,94.727,3.969,0.784960,0.759959,0.911927,10.000000,9.791237,10.157216
dmd,47,1,repeated-source,vector16store,6,68.176,2.650,1.080904,1.070382,1.221988,7.170103,7.146907,7.337629
dmd,47,1,repeated-source,cpp-approved-execution,6,9.473,0.773,7.748711,7.693299,8.966495,1.000000,1.000000,1.000000
dmd,47,1,universal,original,6,528.162,4.035,1.000000,1.000000,1.000000,18.050414,17.828190,18.571786
dmd,47,1,universal,vector16safe,6,533.240,3.805,0.980554,0.971977,1.022660,18.216430,18.160267,18.822500
dmd,47,1,universal,vector16store,6,534.229,8.555,0.987337,0.953379,0.998602,18.250209,17.917362,19.479967
dmd,47,1,universal,cpp-approved-execution,6,29.272,0.167,18.050414,17.828190,18.571786,1.000000,1.000000,1.000000
dmd,47,17,contiguous,original,6,503.354,0.848,1.000000,1.000000,1.000000,7.975845,7.927885,7.990385
dmd,47,17,contiguous,vector16safe,6,704.421,2.597,0.714657,0.698775,0.718547,11.152174,11.096154,11.434783
dmd,47,17,contiguous,vector16store,6,314.482,0.679,1.601165,1.596321,1.605825,4.978261,4.966346,4.985507
dmd,47,17,contiguous,cpp-approved-execution,6,63.110,0.483,7.975845,7.927885,7.990385,1.000000,1.000000,1.000000
dmd,47,17,negative-both,original,6,568.445,12.443,1.000000,1.000000,1.000000,4.972000,4.917333,5.536000
dmd,47,17,negative-both,vector16safe,6,799.238,6.790,0.712519,0.678715,0.810621,6.990667,6.829333,7.304000
dmd,47,17,negative-both,vector16store,6,394.055,1.625,1.442875,1.421659,1.610551,3.446667,3.416000,3.472000
dmd,47,17,negative-both,cpp-approved-execution,6,114.329,0.000,4.972000,4.917333,5.536000,1.000000,1.000000,1.000000
dmd,47,17,negative-source,original,6,570.579,6.626,1.000000,1.000000,1.000000,4.977418,4.933333,5.264000
dmd,47,17,negative-source,vector16safe,6,781.707,7.098,0.728744,0.692533,0.768392,6.825333,6.798408,7.285333
dmd,47,17,negative-source,vector16store,6,393.445,0.775,1.454722,1.434312,1.524324,3.440000,3.413793,3.456000
dmd,47,17,negative-source,cpp-approved-execution,6,114.329,0.533,4.977418,4.933333,5.264000,1.000000,1.000000,1.000000
dmd,47,17,padded,original,6,568.445,1.770,1.000000,1.000000,1.000000,4.965348,4.920000,5.008000
dmd,47,17,padded,vector16safe,6,780.030,12.390,0.724822,0.658477,0.735317,6.822667,6.752000,7.577128
dmd,47,17,padded,vector16store,6,392.073,1.477,1.451804,1.436434,1.463757,3.427422,3.392000,3.440000
dmd,47,17,padded,cpp-approved-execution,6,114.329,0.267,4.965348,4.920000,5.008000,1.000000,1.000000,1.000000
dmd,47,17,repeated-source,original,6,566.768,13.609,1.000000,1.000000,1.000000,4.957333,4.928000,5.602667
dmd,47,17,repeated-source,vector16safe,6,779.726,7.312,0.725512,0.679590,0.824892,6.820000,6.792000,7.290667
dmd,47,17,repeated-source,vector16store,6,388.415,1.020,1.458690,1.449298,1.649137,3.397333,3.384000,3.418667
dmd,47,17,repeated-source,cpp-approved-execution,6,114.329,0.000,4.957333,4.928000,5.602667,1.000000,1.000000,1.000000
dmd,47,17,universal,original,6,6872.409,4.596,1.000000,1.000000,1.000000,15.228294,14.918188,15.597569
dmd,47,17,universal,vector16safe,6,6876.829,2.957,1.006262,0.973268,1.010740,15.245705,15.068919,15.519595
dmd,47,17,universal,vector16store,6,6860.518,2.595,1.000961,0.986585,1.014493,15.199296,15.017568,15.412162
dmd,47,17,universal,cpp-approved-execution,6,451.220,0.135,15.228294,14.918188,15.597569,1.000000,1.000000,1.000000
dmd,47,128,contiguous,original,6,3458.140,0.336,1.000000,1.000000,1.000000,7.083460,6.957944,7.169082
dmd,47,128,contiguous,vector16safe,6,5130.233,7.661,0.673617,0.631534,0.681777,10.498115,10.289720,11.258373
dmd,47,128,contiguous,vector16store,6,2054.651,1.019,1.683647,1.676802,1.690557,4.214313,4.135514,4.251208
dmd,47,128,contiguous,cpp-approved-execution,6,488.372,3.333,7.083460,6.957944,7.169082,1.000000,1.000000,1.000000
dmd,47,128,negative-both,original,6,3481.395,0.334,1.000000,1.000000,1.000000,4.025574,4.005348,4.054201
dmd,47,128,negative-both,vector16safe,6,5144.186,4.430,0.676921,0.658311,0.687930,5.952556,5.857527,6.096515
dmd,47,128,negative-both,vector16store,6,2137.209,1.415,1.628603,1.604726,1.631121,2.469086,2.459893,2.509434
dmd,47,128,negative-both,cpp-approved-execution,6,865.116,1.344,4.025574,4.005348,4.054201,1.000000,1.000000,1.000000
dmd,47,128,negative-source,original,6,3482.558,0.200,1.000000,1.000000,1.000000,3.994667,3.973475,4.040431
dmd,47,128,negative-source,vector16safe,6,5158.140,3.832,0.675034,0.660053,0.686670,5.926219,5.821333,6.048000
dmd,47,128,negative-source,vector16store,6,2137.209,0.326,1.629831,1.627174,1.634678,2.452000,2.437666,2.471698
dmd,47,128,negative-source,cpp-approved-execution,6,872.093,1.600,3.994667,3.973475,4.040431,1.000000,1.000000,1.000000
dmd,47,128,padded,original,6,3477.907,0.134,1.000000,1.000000,1.000000,3.974734,3.957672,4.037838
dmd,47,128,padded,vector16safe,6,5146.512,4.022,0.675977,0.659321,0.685321,5.914257,5.793103,6.034574
dmd,47,128,padded,vector16store,6,2132.558,0.545,1.629226,1.624321,1.633188,2.437669,2.432361,2.478378
dmd,47,128,padded,cpp-approved-execution,6,874.419,2.128,3.974734,3.957672,4.037838,1.000000,1.000000,1.000000
dmd,47,128,repeated-source,original,6,3473.256,0.201,1.000000,1.000000,1.000000,4.018817,3.991979,4.093151
dmd,47,128,repeated-source,vector16safe,6,5161.628,3.785,0.673439,0.658440,0.683753,5.993151,5.900538,6.099462
dmd,47,128,repeated-source,vector16store,6,2131.395,0.327,1.629913,1.629226,1.633479,2.465054,2.449198,2.512329
dmd,47,128,repeated-source,cpp-approved-execution,6,865.116,2.419,4.018817,3.991979,4.093151,1.000000,1.000000,1.000000
dmd,47,128,universal,original,6,50702.326,39.629,1.000000,1.000000,1.000000,15.108777,14.832294,15.997338
dmd,47,128,universal,vector16safe,6,51295.349,37.648,0.996434,0.979223,1.007647,15.285392,14.907138,15.875932
dmd,47,128,universal,vector16store,6,51575.581,74.278,0.983141,0.791981,1.002842,15.368921,14.872488,20.199148
dmd,47,128,universal,cpp-approved-execution,6,3356.977,30.204,15.108777,14.832294,15.997338,1.000000,1.000000,1.000000
dmd,63,1,contiguous,original,6,86.865,14.446,1.000000,1.000000,1.000000,8.431280,7.976303,9.216152
dmd,63,1,contiguous,vector16safe,6,109.326,43.457,0.761394,0.575611,0.868592,10.613283,10.526066,15.137441
dmd,63,1,contiguous,vector16store,6,70.105,5.711,1.239906,1.172006,1.280738,6.804502,6.793839,7.199525
dmd,63,1,contiguous,cpp-approved-execution,6,10.303,0.237,8.431280,7.976303,9.216152,1.000000,1.000000,1.000000
dmd,63,1,negative-both,original,6,81.714,1.733,1.000000,1.000000,1.000000,7.738741,7.711316,7.845266
dmd,63,1,negative-both,vector16safe,6,113.269,74.577,0.726499,0.419877,0.742515,10.714781,10.437500,18.404157
dmd,63,1,negative-both,vector16store,6,70.837,10.994,1.151304,1.055852,1.182388,6.700924,6.623557,7.360277
dmd,63,1,negative-both,cpp-approved-execution,6,10.571,0.231,7.738741,7.711316,7.845266,1.000000,1.000000,1.000000
dmd,63,1,negative-source,original,6,85.706,15.810,1.000000,1.000000,1.000000,8.116714,7.709007,9.011574
dmd,63,1,negative-source,vector16safe,6,111.572,14.595,0.750177,0.714650,0.879774,10.554273,10.243056,11.759815
dmd,63,1,negative-source,vector16store,6,71.692,4.597,1.193719,1.117135,1.303314,6.790624,6.609700,6.921478
dmd,63,1,negative-source,cpp-approved-execution,6,10.571,0.231,8.116714,7.709007,9.011574,1.000000,1.000000,1.000000
dmd,63,1,padded,original,6,84.497,7.397,1.000000,1.000000,1.000000,7.993072,7.722864,8.314088
dmd,63,1,padded,vector16safe,6,109.778,2.780,0.770591,0.731889,0.805009,10.384527,10.287037,10.551963
dmd,63,1,padded,vector16store,6,70.068,6.620,1.200304,1.095675,1.257862,6.628176,6.609700,7.048499
dmd,63,1,padded,cpp-approved-execution,6,10.571,0.231,7.993072,7.722864,8.314088,1.000000,1.000000,1.000000
dmd,63,1,repeated-source,original,6,82.410,7.732,1.000000,1.000000,1.000000,7.795612,7.695150,8.317130
dmd,63,1,repeated-source,vector16safe,6,110.229,6.179,0.746628,0.709943,0.800936,10.439243,10.295612,10.939954
dmd,63,1,repeated-source,vector16store,6,70.166,1.183,1.176541,1.161380,1.242393,6.645106,6.623557,6.702079
dmd,63,1,repeated-source,cpp-approved-execution,6,10.571,0.231,7.795612,7.695150,8.317130,1.000000,1.000000,1.000000
dmd,63,1,universal,original,6,665.564,6.052,1.000000,1.000000,1.000000,17.537111,17.291506,18.353282
dmd,63,1,universal,vector16safe,6,669.373,2.557,1.002376,0.982680,1.040533,17.637504,17.284427,17.724116
dmd,63,1,universal,vector16store,6,662.000,4.400,1.010457,0.972889,1.018410,17.448999,17.301158,18.068855
dmd,63,1,universal,cpp-approved-execution,6,37.939,0.129,17.537111,17.291506,18.353282,1.000000,1.000000,1.000000
dmd,63,17,contiguous,original,6,650.000,32.472,1.000000,1.000000,1.000000,7.242009,6.831897,9.584475
dmd,63,17,contiguous,vector16safe,6,963.934,22.194,0.673828,0.553540,0.895096,10.712329,10.159483,13.091324
dmd,63,17,contiguous,vector16store,6,364.344,1.012,1.784347,1.768116,2.358427,4.059361,3.827586,4.095890
dmd,63,17,contiguous,cpp-approved-execution,6,89.754,5.936,7.242009,6.831897,9.584475,1.000000,1.000000,1.000000
dmd,63,17,negative-both,original,6,718.443,4.621,1.000000,1.000000,1.000000,5.296073,5.208459,5.453172
dmd,63,17,negative-both,vector16safe,6,1098.156,9.069,0.650211,0.627137,0.696082,8.095166,7.634441,8.368580
dmd,63,17,negative-both,vector16store,6,440.164,0.838,1.635258,1.606710,1.685341,3.244713,3.229607,3.256798
dmd,63,17,negative-both,cpp-approved-execution,6,135.656,0.000,5.296073,5.208459,5.453172,1.000000,1.000000,1.000000
dmd,63,17,negative-source,original,6,715.369,1.661,1.000000,1.000000,1.000000,5.265470,5.072046,5.280967
dmd,63,17,negative-source,vector16safe,6,1041.803,9.402,0.683257,0.630137,0.694280,7.701679,7.305476,8.380665
dmd,63,17,negative-source,vector16store,6,437.090,4.219,1.632507,1.594203,1.650614,3.212677,3.181556,3.256098
dmd,63,17,negative-source,cpp-approved-execution,6,135.861,5.732,5.265470,5.072046,5.280967,1.000000,1.000000,1.000000
dmd,63,17,padded,original,6,714.344,1.320,1.000000,1.000000,1.000000,5.305962,5.269697,5.355623
dmd,63,17,padded,vector16safe,6,1041.598,12.670,0.688524,0.610312,0.693155,7.726027,7.686930,8.665653
dmd,63,17,padded,vector16store,6,436.680,0.845,1.640473,1.631332,1.654460,3.238602,3.221884,3.249240
dmd,63,17,padded,cpp-approved-execution,6,134.836,0.608,5.305962,5.269697,5.355623,1.000000,1.000000,1.000000
dmd,63,17,repeated-source,original,6,713.525,3.389,1.000000,1.000000,1.000000,5.306402,4.684073,5.329268
dmd,63,17,repeated-source,vector16safe,6,1070.492,8.346,0.665298,0.634253,0.698870,7.975451,6.702350,8.402439
dmd,63,17,repeated-source,vector16store,6,435.451,6.588,1.640093,1.589017,1.642857,3.231707,2.947781,3.259939
dmd,63,17,repeated-source,cpp-approved-execution,6,134.426,17.073,5.306402,4.684073,5.329268,1.000000,1.000000,1.000000
dmd,63,17,universal,original,6,9139.344,5.404,1.000000,1.000000,1.000000,15.263518,14.981507,15.796030
dmd,63,17,universal,vector16safe,6,9060.246,3.917,1.011719,0.994275,1.017699,15.136576,14.951403,15.544148
dmd,63,17,universal,vector16store,6,9071.926,5.263,0.995508,0.987940,1.042226,15.151951,15.038330,15.824897
dmd,63,17,universal,cpp-approved-execution,6,598.770,0.137,15.263518,14.981507,15.796030,1.000000,1.000000,1.000000
dmd,63,128,contiguous,original,6,4575.000,0.205,1.000000,1.000000,1.000000,6.793540,6.711009,6.818605
dmd,63,128,contiguous,vector16safe,6,6978.125,4.165,0.656068,0.632785,0.659757,10.368928,10.277778,10.605505
dmd,63,128,contiguous,vector16store,6,2431.250,1.542,1.881105,1.855513,1.884170,3.607903,3.564220,3.669767
dmd,63,128,contiguous,cpp-approved-execution,6,673.438,1.392,6.793540,6.711009,6.818605,1.000000,1.000000,1.000000
dmd,63,128,negative-both,original,6,4590.625,0.204,1.000000,1.000000,1.000000,4.480211,4.424699,4.520000
dmd,63,128,negative-both,vector16safe,6,7217.188,2.858,0.636037,0.631126,0.649713,7.022796,6.810241,7.153846
dmd,63,128,negative-both,vector16store,6,2485.938,1.257,1.847172,1.827114,1.850314,2.425313,2.391566,2.466258
dmd,63,128,negative-both,cpp-approved-execution,6,1025.000,2.134,4.480211,4.424699,4.520000,1.000000,1.000000,1.000000
dmd,63,128,negative-source,original,6,4593.750,0.204,1.000000,1.000000,1.000000,4.516140,4.506135,4.557276
dmd,63,128,negative-source,vector16safe,6,7223.438,2.899,0.635980,0.630472,0.649580,7.093558,6.941718,7.213622
dmd,63,128,negative-source,vector16store,6,2487.500,0.251,1.848618,1.845477,1.851385,2.445474,2.435583,2.464396
dmd,63,128,negative-source,cpp-approved-execution,6,1017.188,0.922,4.516140,4.506135,4.557276,1.000000,1.000000,1.000000
dmd,63,128,padded,original,6,4592.188,0.204,1.000000,1.000000,1.000000,4.518490,4.495413,4.533951
dmd,63,128,padded,vector16safe,6,7217.188,3.464,0.636315,0.626706,0.649293,7.095608,6.923547,7.234568
dmd,63,128,padded,vector16store,6,2482.812,0.378,1.848430,1.845283,1.853720,2.446168,2.425076,2.453704
dmd,63,128,padded,cpp-approved-execution,6,1015.625,0.923,4.518490,4.495413,4.533951,1.000000,1.000000,1.000000
dmd,63,128,repeated-source,original,6,4589.062,3.201,1.000000,1.000000,1.000000,4.519274,4.492401,4.698758
dmd,63,128,repeated-source,vector16safe,6,7215.625,7.882,0.635579,0.601310,0.669173,7.104550,6.957447,7.610592
dmd,63,128,repeated-source,vector16store,6,2482.812,5.538,1.848237,1.765830,1.905542,2.459771,2.432515,2.544073
dmd,63,128,repeated-source,cpp-approved-execution,6,1014.062,2.465,4.519274,4.492401,4.698758,1.000000,1.000000,1.000000
dmd,63,128,universal,original,6,67746.875,9.410,1.000000,1.000000,1.000000,15.097098,14.786556,16.279248
dmd,63,128,universal,vector16safe,6,68210.938,7.738,0.994667,0.949702,1.063122,15.163614,14.958188,16.082001
dmd,63,128,universal,vector16store,6,68521.875,6.471,1.001444,0.971055,1.028103,15.245341,14.887570,15.834262
dmd,63,128,universal,cpp-approved-execution,6,4485.938,0.766,15.097098,14.786556,16.279248,1.000000,1.000000,1.000000
dmd,64,1,contiguous,original,6,84.363,10.331,1.000000,1.000000,1.000000,10.993631,10.573248,11.673016
dmd,64,1,contiguous,vector16safe,6,117.261,3.956,0.711887,0.689226,0.775248,15.271969,15.054140,15.659236
dmd,64,1,contiguous,vector16store,6,65.527,3.726,1.286489,1.214726,1.380774,8.538217,8.444444,8.780255
dmd,64,1,contiguous,cpp-approved-execution,6,7.666,0.318,10.993631,10.573248,11.673016,1.000000,1.000000,1.000000
dmd,64,1,negative-both,original,6,81.958,12.154,1.000000,1.000000,1.000000,10.266055,10.192661,11.440367
dmd,64,1,negative-both,vector16safe,6,119.421,8.873,0.686800,0.648638,0.788741,14.958716,14.504587,15.831804
dmd,64,1,negative-both,vector16store,6,65.002,1.991,1.262508,1.240192,1.399551,8.142202,8.100917,8.262997
dmd,64,1,negative-both,cpp-approved-execution,6,7.983,0.000,10.266055,10.192661,11.440367,1.000000,1.000000,1.000000
dmd,64,1,negative-source,original,6,82.922,8.509,1.000000,1.000000,1.000000,10.359327,6.819838,11.110092
dmd,64,1,negative-source,vector16safe,6,118.787,47.169,0.697531,0.483343,0.757822,14.816514,9.787449,21.663609
dmd,64,1,negative-source,vector16store,6,66.284,4.567,1.255304,1.203644,1.341581,8.258410,5.665992,8.452599
dmd,64,1,negative-source,cpp-approved-execution,6,7.983,51.070,10.359327,6.819838,11.110092,1.000000,1.000000,1.000000
dmd,64,1,padded,original,6,87.805,9.648,1.000000,1.000000,1.000000,10.998471,10.296636,11.357798
dmd,64,1,padded,vector16safe,6,118.909,6.016,0.722671,0.692229,0.769422,14.894495,14.581040,15.477064
dmd,64,1,padded,vector16store,6,65.002,1.878,1.352324,1.244732,1.385821,8.142202,8.119266,8.272171
dmd,64,1,padded,cpp-approved-execution,6,7.983,0.000,10.998471,10.296636,11.357798,1.000000,1.000000,1.000000
dmd,64,1,repeated-source,original,6,93.298,21.091,1.000000,1.000000,1.000000,11.686544,10.211009,12.675841
dmd,64,1,repeated-source,vector16safe,6,117.090,3.691,0.796715,0.692021,0.878736,14.666667,14.425076,14.966361
dmd,64,1,repeated-source,vector16store,6,67.004,6.559,1.386864,1.229381,1.494771,8.392966,8.137615,8.688073
dmd,64,1,repeated-source,cpp-approved-execution,6,7.983,0.000,11.686544,10.211009,12.675841,1.000000,1.000000,1.000000
dmd,64,1,universal,original,6,674.390,3.693,1.000000,1.000000,1.000000,17.884269,17.369524,18.475196
dmd,64,1,universal,vector16safe,6,671.167,4.580,1.003083,0.990504,1.018218,17.860448,17.264762,18.571149
dmd,64,1,universal,vector16store,6,675.208,5.152,0.999051,0.976626,1.022062,18.058095,17.368254,18.235640
dmd,64,1,universal,cpp-approved-execution,6,37.415,2.871,17.884269,17.369524,18.475196,1.000000,1.000000,1.000000
dmd,64,17,contiguous,original,6,652.500,2.874,1.000000,1.000000,1.000000,7.260949,6.921053,7.542857
dmd,64,17,contiguous,vector16safe,6,1111.458,9.110,0.588481,0.542148,0.601367,12.465873,11.678571,13.236111
dmd,64,17,contiguous,vector16store,6,278.333,2.545,2.332560,2.316891,2.369369,3.126810,2.921053,3.185714
dmd,64,17,contiguous,cpp-approved-execution,6,90.000,8.333,7.260949,6.921053,7.542857,1.000000,1.000000,1.000000
dmd,64,17,negative-both,original,6,725.833,4.420,1.000000,1.000000,1.000000,7.707296,7.363265,7.743363
dmd,64,17,negative-both,vector16safe,6,1218.958,11.964,0.593429,0.570720,0.627015,12.874649,12.349558,13.448889
dmd,64,17,negative-both,vector16store,6,355.625,11.599,2.034582,1.902954,2.047059,3.784926,3.773333,3.869388
dmd,64,17,negative-both,cpp-approved-execution,6,93.958,8.869,7.707296,7.363265,7.743363,1.000000,1.000000,1.000000
dmd,64,17,negative-source,original,6,721.250,1.618,1.000000,1.000000,1.000000,7.726941,7.326271,7.869955
dmd,64,17,negative-source,vector16safe,6,1220.208,12.566,0.590918,0.552498,0.624778,12.858744,12.362832,13.929515
dmd,64,17,negative-source,vector16store,6,354.375,1.176,2.046104,2.022222,2.059859,3.772937,3.622881,3.820628
dmd,64,17,negative-source,cpp-approved-execution,6,93.542,5.791,7.726941,7.326271,7.869955,1.000000,1.000000,1.000000
dmd,64,17,padded,original,6,724.167,19.102,1.000000,1.000000,1.000000,7.587654,7.556522,8.956332
dmd,64,17,padded,vector16safe,6,1217.708,7.357,0.593260,0.574735,0.730153,12.818123,12.266376,13.147826
dmd,64,17,padded,vector16store,6,352.500,0.709,2.055606,2.031915,2.424350,3.690640,3.665217,3.731278
dmd,64,17,padded,cpp-approved-execution,6,95.417,1.310,7.587654,7.556522,8.956332,1.000000,1.000000,1.000000
dmd,64,17,repeated-source,original,6,718.333,0.638,1.000000,1.000000,1.000000,7.709821,7.674107,7.739910
dmd,64,17,repeated-source,vector16safe,6,1234.375,10.700,0.582421,0.554197,0.617479,13.254644,12.520179,13.879464
dmd,64,17,repeated-source,vector16store,6,349.792,0.357,2.052350,2.051190,2.061979,3.747768,3.741071,3.771300
dmd,64,17,repeated-source,cpp-approved-execution,6,93.333,0.446,7.709821,7.674107,7.739910,1.000000,1.000000,1.000000
dmd,64,17,universal,original,6,9407.500,4.837,1.000000,1.000000,1.000000,15.501474,15.037723,15.775874
dmd,64,17,universal,vector16safe,6,9323.333,5.774,1.010331,0.988597,1.020856,15.363064,14.921125,15.796436
dmd,64,17,universal,vector16store,6,9343.958,6.800,1.003214,0.969053,1.026811,15.418181,15.021948,16.012987
dmd,64,17,universal,cpp-approved-execution,6,606.042,0.894,15.501474,15.037723,15.775874,1.000000,1.000000,1.000000
dmd,64,128,contiguous,original,6,4642.188,2.289,1.000000,1.000000,1.000000,6.723982,6.634703,6.785388
dmd,64,128,contiguous,vector16safe,6,8262.500,10.779,0.555255,0.529579,0.589845,12.029722,11.407240,12.754545
dmd,64,128,contiguous,vector16store,6,1779.688,4.039,2.581155,2.516074,2.609842,2.594531,2.574661,2.674208
dmd,64,128,contiguous,cpp-approved-execution,6,685.938,0.911,6.723982,6.634703,6.785388,1.000000,1.000000,1.000000
dmd,64,128,negative-both,original,6,4662.500,0.201,1.000000,1.000000,1.000000,6.201686,5.995984,6.295359
dmd,64,128,negative-both,vector16safe,6,8390.625,8.678,0.555866,0.534001,0.582585,11.126756,10.626556,11.789030
dmd,64,128,negative-both,vector16store,6,1843.750,2.373,2.528818,2.486667,2.544369,2.465480,2.373494,2.489627
dmd,64,128,negative-both,cpp-approved-execution,6,751.562,4.990,6.201686,5.995984,6.295359,1.000000,1.000000,1.000000
dmd,64,128,negative-source,original,6,4664.062,0.335,1.000000,1.000000,1.000000,6.091897,5.948207,6.195021
dmd,64,128,negative-source,vector16safe,6,8387.500,9.165,0.555700,0.533024,0.583562,10.878852,10.471311,11.622407
dmd,64,128,negative-source,vector16store,6,1850.000,4.561,2.520293,2.430894,2.534805,2.413934,2.366534,2.500000
dmd,64,128,negative-source,cpp-approved-execution,6,765.625,4.082,6.091897,5.948207,6.195021,1.000000,1.000000,1.000000
dmd,64,128,padded,original,6,4656.250,0.134,1.000000,1.000000,1.000000,6.110742,6.032389,6.208333
dmd,64,128,padded,vector16safe,6,8420.312,9.575,0.552992,0.531384,0.585232,11.102175,10.608333,11.352227
dmd,64,128,padded,vector16store,6,1832.812,1.023,2.541348,2.525424,2.551370,2.399605,2.387755,2.445833
dmd,64,128,padded,cpp-approved-execution,6,762.500,2.869,6.110742,6.032389,6.208333,1.000000,1.000000,1.000000
dmd,64,128,repeated-source,original,6,4656.250,0.268,1.000000,1.000000,1.000000,6.258403,6.190871,6.331915
dmd,64,128,repeated-source,vector16safe,6,8384.375,12.933,0.555348,0.514701,0.586085,11.249525,10.734177,12.302128
dmd,64,128,repeated-source,vector16store,6,1828.125,0.855,2.548332,2.529711,2.551370,2.463169,2.427386,2.485106
dmd,64,128,repeated-source,cpp-approved-execution,6,743.750,2.521,6.258403,6.190871,6.331915,1.000000,1.000000,1.000000
dmd,64,128,universal,original,6,68325.000,3.485,1.000000,1.000000,1.000000,14.960557,13.894036,15.395062
dmd,64,128,universal,vector16safe,6,68985.938,3.878,0.995879,0.964923,1.017405,15.066873,14.399112,15.183128
dmd,64,128,universal,vector16store,6,69632.812,3.487,0.985938,0.964227,1.009491,15.156443,14.238579,15.491770
dmd,64,128,universal,cpp-approved-execution,6,4554.688,8.302,14.960557,13.894036,15.395062,1.000000,1.000000,1.000000
dmd,65,1,contiguous,original,6,88.628,14.244,1.000000,1.000000,1.000000,10.525230,9.811209,11.312684
dmd,65,1,contiguous,vector16safe,6,120.796,2.690,0.729834,0.683586,0.784414,14.388442,14.176991,14.478006
dmd,65,1,contiguous,vector16store,6,66.493,7.236,1.309566,1.225238,1.412003,7.920101,7.728614,8.252199
dmd,65,1,contiguous,cpp-approved-execution,6,8.408,0.885,10.525230,9.811209,11.312684,1.000000,1.000000,1.000000
dmd,65,1,negative-both,original,6,83.457,6.835,1.000000,1.000000,1.000000,9.625194,8.370647,10.243553
dmd,65,1,negative-both,vector16safe,6,118.812,3.444,0.701859,0.684093,0.752473,13.689460,11.875622,14.085960
dmd,65,1,negative-both,vector16store,6,66.195,14.575,1.258578,1.117940,1.363983,7.554441,6.718905,8.600000
dmd,65,1,negative-both,cpp-approved-execution,6,8.656,15.186,9.625194,8.370647,10.243553,1.000000,1.000000,1.000000
dmd,65,1,negative-source,original,6,87.302,16.989,1.000000,1.000000,1.000000,10.085960,9.564470,11.277937
dmd,65,1,negative-source,vector16safe,6,118.998,3.710,0.733556,0.704368,0.826717,13.747851,13.578797,14.048571
dmd,65,1,negative-source,vector16store,6,66.468,10.970,1.317416,1.275994,1.486966,7.679083,7.495702,8.314286
dmd,65,1,negative-source,cpp-approved-execution,6,8.656,0.287,10.085960,9.564470,11.277937,1.000000,1.000000,1.000000
dmd,65,1,padded,original,6,83.147,18.255,1.000000,1.000000,1.000000,9.606017,8.701571,11.245714
dmd,65,1,padded,vector16safe,6,119.072,59.779,0.696308,0.517282,0.705423,13.722063,12.528796,21.740000
dmd,65,1,padded,vector16store,6,66.667,8.408,1.265327,1.217709,1.381053,7.702006,6.913613,8.142857
dmd,65,1,padded,cpp-approved-execution,6,8.668,9.442,9.606017,8.701571,11.245714,1.000000,1.000000,1.000000
dmd,65,1,repeated-source,original,6,83.309,15.391,1.000000,1.000000,1.000000,9.559411,8.917275,10.985714
dmd,65,1,repeated-source,vector16safe,6,120.275,6.042,0.702012,0.683648,0.798546,13.799775,12.209246,14.008596
dmd,65,1,repeated-source,vector16store,6,66.369,4.970,1.267826,1.210889,1.466438,7.591691,6.549878,7.871429
dmd,65,1,repeated-source,cpp-approved-execution,6,8.681,17.714,9.559411,8.917275,10.985714,1.000000,1.000000,1.000000
dmd,65,1,universal,original,6,683.681,3.185,1.000000,1.000000,1.000000,17.524476,17.099174,17.646125
dmd,65,1,universal,vector16safe,6,699.814,5.855,0.980138,0.955630,0.989806,17.932324,17.275270,18.325493
dmd,65,1,universal,vector16store,6,684.859,9.159,0.984768,0.928132,1.021440,17.554673,17.275731,18.894469
dmd,65,1,universal,cpp-approved-execution,6,39.013,0.127,17.524476,17.099174,17.646125,1.000000,1.000000,1.000000
dmd,65,17,contiguous,original,6,690.928,7.450,1.000000,1.000000,1.000000,7.555873,7.457547,8.090909
dmd,65,17,contiguous,vector16safe,6,1151.266,8.283,0.590762,0.559915,0.652975,12.720356,12.345972,13.471429
dmd,65,17,contiguous,vector16store,6,282.278,1.943,2.434527,2.359701,2.549401,3.175784,2.968889,3.227488
dmd,65,17,contiguous,cpp-approved-execution,6,89.030,7.583,7.555873,7.457547,8.090909,1.000000,1.000000,1.000000
dmd,65,17,negative-both,original,6,767.511,6.762,1.000000,1.000000,1.000000,7.454918,7.176955,7.558704
dmd,65,17,negative-both,vector16safe,6,1252.110,7.751,0.610823,0.580366,0.656008,12.176230,11.522267,12.504098
dmd,65,17,negative-both,vector16store,6,363.713,1.972,2.118811,2.013857,2.133714,3.532787,3.516393,3.563786
dmd,65,17,negative-both,cpp-approved-execution,6,102.954,1.639,7.454918,7.176955,7.558704,1.000000,1.000000,1.000000
dmd,65,17,negative-source,original,6,772.574,21.791,1.000000,1.000000,1.000000,7.447154,7.048980,8.642276
dmd,65,17,negative-source,vector16safe,6,1225.949,7.985,0.640996,0.593063,0.703508,11.813008,11.341463,12.284553
dmd,65,17,negative-source,vector16store,6,362.869,0.930,2.124917,2.010477,2.474971,3.507126,3.487805,3.520325
dmd,65,17,negative-source,cpp-approved-execution,6,103.797,0.407,7.447154,7.048980,8.642276,1.000000,1.000000,1.000000
dmd,65,17,padded,original,6,746.835,6.328,1.000000,1.000000,1.000000,7.127878,6.678967,7.514403
dmd,65,17,padded,vector16safe,6,1204.641,11.979,0.617213,0.568114,0.655420,11.548473,10.723247,12.872428
dmd,65,17,padded,vector16store,6,360.127,2.695,2.050727,2.004678,2.143192,3.513417,3.225092,3.533058
dmd,65,17,padded,cpp-approved-execution,6,102.532,11.934,7.127878,6.678967,7.514403,1.000000,1.000000,1.000000
dmd,65,17,repeated-source,original,6,750.633,6.352,1.000000,1.000000,1.000000,7.315078,7.081633,7.586777
dmd,65,17,repeated-source,vector16safe,6,1176.160,9.112,0.630008,0.572139,0.660669,11.494822,11.315574,12.458678
dmd,65,17,repeated-source,vector16store,6,357.384,0.826,2.100354,2.026964,2.170012,3.490732,3.457143,3.504132
dmd,65,17,repeated-source,cpp-approved-execution,6,102.743,1.232,7.315078,7.081633,7.586777,1.000000,1.000000,1.000000
dmd,65,17,universal,original,6,9422.574,7.420,1.000000,1.000000,1.000000,15.269470,13.731129,16.166667
dmd,65,17,universal,vector16safe,6,9520.464,10.907,0.991445,0.953694,1.035816,15.396659,13.720524,16.583618
dmd,65,17,universal,vector16store,6,9443.882,8.882,0.995504,0.962649,1.024766,15.265188,13.810979,16.429352
dmd,65,17,universal,cpp-approved-execution,6,617.932,9.628,15.269470,13.731129,16.166667,1.000000,1.000000,1.000000
dmd,65,128,contiguous,original,6,4732.258,10.975,1.000000,1.000000,1.000000,6.839155,6.737327,7.495370
dmd,65,128,contiguous,vector16safe,6,8208.065,7.271,0.591808,0.554377,0.626883,11.725110,11.382488,12.331776
dmd,65,128,contiguous,vector16store,6,1816.129,3.375,2.596803,2.544983,2.896243,2.600476,2.582569,2.688372
dmd,65,128,contiguous,cpp-approved-execution,6,696.774,1.852,6.839155,6.737327,7.495370,1.000000,1.000000,1.000000
dmd,65,128,negative-both,original,6,5017.742,10.800,1.000000,1.000000,1.000000,6.255483,5.837945,6.650407
dmd,65,128,negative-both,vector16safe,6,8348.387,3.516,0.601815,0.560259,0.646385,10.426731,10.090909,10.582996
dmd,65,128,negative-both,vector16store,6,1916.129,2.020,2.617384,2.449420,2.754209,2.394129,2.373494,2.414634
dmd,65,128,negative-both,cpp-approved-execution,6,800.000,2.823,6.255483,5.837945,6.650407,1.000000,1.000000,1.000000
dmd,65,128,negative-source,original,6,5269.355,10.407,1.000000,1.000000,1.000000,6.600255,5.868000,6.669388
dmd,65,128,negative-source,vector16safe,6,8350.000,5.215,0.619833,0.580467,0.637037,10.543637,10.096000,10.678715
dmd,65,128,negative-source,vector16store,6,1901.613,1.018,2.770994,2.473862,2.783646,2.390244,2.365462,2.408163
dmd,65,128,negative-source,cpp-approved-execution,6,793.548,2.033,6.600255,5.868000,6.669388,1.000000,1.000000,1.000000
dmd,65,128,padded,original,6,5270.968,10.343,1.000000,1.000000,1.000000,6.648374,5.844622,6.669388
dmd,65,128,padded,vector16safe,6,8343.548,9.318,0.617244,0.578014,0.649206,10.535499,10.111554,11.223577
dmd,65,128,padded,vector16store,6,1900.000,0.509,2.771843,2.490662,2.787053,2.394309,2.346614,2.408163
dmd,65,128,padded,cpp-approved-execution,6,793.548,2.439,6.648374,5.844622,6.669388,1.000000,1.000000,1.000000
dmd,65,128,repeated-source,original,6,5267.742,16.595,1.000000,1.000000,1.000000,6.674866,6.028807,7.028340
dmd,65,128,repeated-source,vector16safe,6,8314.516,10.048,0.627584,0.570705,0.647245,10.585172,10.233871,11.263158
dmd,65,128,repeated-source,vector16store,6,1896.774,0.680,2.778062,2.483051,2.962457,2.404910,2.372470,2.427984
dmd,65,128,repeated-source,cpp-approved-execution,6,788.710,2.045,6.674866,6.028807,7.028340,1.000000,1.000000,1.000000
dmd,65,128,universal,original,6,70630.645,3.731,1.000000,1.000000,1.000000,15.152096,13.788679,15.468531
dmd,65,128,universal,vector16safe,6,71169.355,6.871,0.996576,0.961663,1.010195,15.296913,14.338365,15.459441
dmd,65,128,universal,vector16store,6,70201.613,3.920,0.998224,0.977845,1.011348,15.229181,13.633962,15.655944
dmd,65,128,universal,cpp-approved-execution,6,4611.290,11.263,15.152096,13.788679,15.468531,1.000000,1.000000,1.000000
dmd,95,1,contiguous,original,6,98.804,1.247,1.000000,1.000000,1.000000,7.924419,7.912791,8.011628
dmd,95,1,contiguous,vector16safe,6,141.591,10.700,0.698460,0.645888,0.725072,11.356105,11.049419,12.264535
dmd,95,1,contiguous,vector16store,6,75.607,10.115,1.307125,1.188646,1.323092,6.063953,6.043605,6.656977
dmd,95,1,contiguous,cpp-approved-execution,6,12.468,0.000,7.924419,7.912791,8.011628,1.000000,1.000000,1.000000
dmd,95,1,negative-both,original,6,100.000,20.152,1.000000,1.000000,1.000000,7.860399,7.758523,9.358974
dmd,95,1,negative-both,vector16safe,6,142.606,5.897,0.707262,0.665935,0.834604,11.209402,11.017045,11.650568
dmd,95,1,negative-both,vector16store,6,75.643,0.335,1.321724,1.307619,1.574030,5.945869,5.911932,5.948718
dmd,95,1,negative-both,cpp-approved-execution,6,12.722,0.285,7.860399,7.758523,9.358974,1.000000,1.000000,1.000000
dmd,95,1,negative-source,original,6,98.913,6.523,1.000000,1.000000,1.000000,7.774929,7.757835,8.264957
dmd,95,1,negative-source,vector16safe,6,144.636,6.440,0.700828,0.669529,0.713988,11.368946,10.937322,11.669516
dmd,95,1,negative-source,vector16store,6,75.426,6.247,1.312156,1.237081,1.397399,5.928775,5.914530,6.284900
dmd,95,1,negative-source,cpp-approved-execution,6,12.722,0.000,7.774929,7.757835,8.264957,1.000000,1.000000,1.000000
dmd,95,1,padded,original,6,98.931,8.207,1.000000,1.000000,1.000000,7.765309,7.724432,8.384615
dmd,95,1,padded,vector16safe,6,138.619,5.883,0.712642,0.677548,0.770621,10.896011,10.792023,11.400568
dmd,95,1,padded,vector16store,6,75.245,8.333,1.310528,1.213968,1.417630,5.913105,5.897727,6.386364
dmd,95,1,padded,cpp-approved-execution,6,12.722,0.285,7.765309,7.724432,8.384615,1.000000,1.000000,1.000000
dmd,95,1,repeated-source,original,6,101.124,25.520,1.000000,1.000000,1.000000,7.914397,7.754986,9.783476
dmd,95,1,repeated-source,vector16safe,6,139.561,40.125,0.709858,0.555556,0.894970,10.968661,10.841808,15.282051
dmd,95,1,repeated-source,vector16store,6,75.661,7.281,1.338234,1.239526,1.540601,5.940171,5.898305,6.350427
dmd,95,1,repeated-source,cpp-approved-execution,6,12.722,0.855,7.914397,7.754986,9.783476,1.000000,1.000000,1.000000
dmd,95,1,universal,original,6,943.331,4.880,1.000000,1.000000,1.000000,17.060926,16.615738,17.448525
dmd,95,1,universal,vector16safe,6,935.140,3.198,1.012547,0.986639,1.029800,16.918361,16.636066,17.177049
dmd,95,1,universal,vector16store,6,941.501,7.542,1.000390,0.960463,1.010380,17.027778,16.677377,17.961967
dmd,95,1,universal,cpp-approved-execution,6,55.274,0.066,17.060926,16.615738,17.448525,1.000000,1.000000,1.000000
dmd,95,17,contiguous,original,6,944.136,0.196,1.000000,1.000000,1.000000,7.300740,7.280952,7.325359
dmd,95,17,contiguous,vector16safe,6,1558.642,7.129,0.605668,0.591103,0.636175,12.052985,11.452381,12.368421
dmd,95,17,contiguous,vector16store,6,460.494,0.670,2.049598,2.038615,2.052279,3.560879,3.552381,3.593301
dmd,95,17,contiguous,cpp-approved-execution,6,129.321,0.477,7.300740,7.280952,7.325359,1.000000,1.000000,1.000000
dmd,95,17,negative-both,original,6,1007.407,0.735,1.000000,1.000000,1.000000,5.849462,5.838710,5.881720
dmd,95,17,negative-both,vector16safe,6,1633.333,10.884,0.617094,0.582948,0.645825,9.483871,9.057348,10.089606
dmd,95,17,negative-both,vector16store,6,536.111,1.727,1.883440,1.855353,1.892236,3.112903,3.093190,3.146953
dmd,95,17,negative-both,cpp-approved-execution,6,172.222,0.000,5.849462,5.838710,5.881720,1.000000,1.000000,1.000000
dmd,95,17,negative-source,original,6,1011.111,0.549,1.000000,1.000000,1.000000,5.870968,5.853047,5.885305
dmd,95,17,negative-source,vector16safe,6,1576.235,8.694,0.640907,0.595481,0.650158,9.152330,9.046595,9.842294
dmd,95,17,negative-source,vector16store,6,535.494,9.222,1.886270,1.733051,1.896074,3.109319,3.096774,3.383513
dmd,95,17,negative-source,cpp-approved-execution,6,172.222,0.000,5.870968,5.853047,5.885305,1.000000,1.000000,1.000000
dmd,95,17,padded,original,6,1008.025,19.167,1.000000,1.000000,1.000000,5.853047,5.832143,6.967742
dmd,95,17,padded,vector16safe,6,1651.543,28.182,0.610413,0.500916,0.770817,9.572312,9.039427,11.741935
dmd,95,17,padded,vector16store,6,533.951,8.786,1.890049,1.753205,2.247399,3.100358,3.082143,3.354839
dmd,95,17,padded,cpp-approved-execution,6,172.222,0.358,5.853047,5.832143,6.967742,1.000000,1.000000,1.000000
dmd,95,17,repeated-source,original,6,1006.481,0.920,1.000000,1.000000,1.000000,5.838710,5.746479,5.867384
dmd,95,17,repeated-source,vector16safe,6,1562.654,6.083,0.642703,0.609510,0.650377,9.035842,8.943662,9.573477
dmd,95,17,repeated-source,vector16store,6,531.790,0.696,1.891470,1.881671,1.903488,3.084229,3.045775,3.089606
dmd,95,17,repeated-source,cpp-approved-execution,6,172.222,1.792,5.838710,5.746479,5.867384,1.000000,1.000000,1.000000
dmd,95,17,universal,original,6,13595.370,7.446,1.000000,1.000000,1.000000,15.194518,15.052486,16.185083
dmd,95,17,universal,vector16safe,6,13644.753,8.306,1.001909,0.977488,1.050361,15.260406,14.933702,16.201657
dmd,95,17,universal,vector16store,6,13571.605,3.407,1.004328,0.991809,1.043734,15.178460,14.968966,15.506906
dmd,95,17,universal,cpp-approved-execution,6,893.827,0.207,15.194518,15.052486,16.185083,1.000000,1.000000,1.000000
dmd,95,128,contiguous,original,6,6797.619,0.210,1.000000,1.000000,1.000000,6.848949,6.822967,6.870192
dmd,95,128,contiguous,vector16safe,6,11192.857,10.126,0.606893,0.556898,0.613832,11.286058,11.192308,12.277512
dmd,95,128,contiguous,vector16store,6,3161.905,1.054,2.151355,2.133034,2.155354,3.182267,3.167464,3.216346
dmd,95,128,contiguous,cpp-approved-execution,6,992.857,0.480,6.848949,6.822967,6.870192,1.000000,1.000000,1.000000
dmd,95,128,negative-both,original,6,6819.048,0.349,1.000000,1.000000,1.000000,4.910818,4.821549,4.927835
dmd,95,128,negative-both,vector16safe,6,11271.429,2.704,0.604448,0.598080,0.614065,8.119969,7.898990,8.233677
dmd,95,128,negative-both,vector16store,6,3266.667,1.603,2.088196,2.061960,2.093431,2.357388,2.306397,2.384880
dmd,95,128,negative-both,cpp-approved-execution,6,1388.095,2.058,4.910818,4.821549,4.927835,1.000000,1.000000,1.000000
dmd,95,128,negative-source,original,6,6819.048,0.279,1.000000,1.000000,1.000000,5.117857,5.096085,5.125448
dmd,95,128,negative-source,vector16safe,6,11288.095,2.911,0.604563,0.598076,0.617040,8.454436,8.300000,8.569892
dmd,95,128,negative-source,vector16store,6,3219.048,0.296,2.118256,2.115214,2.121302,2.414286,2.409253,2.422939
dmd,95,128,negative-source,cpp-approved-execution,6,1333.333,0.714,5.117857,5.096085,5.125448,1.000000,1.000000,1.000000
dmd,95,128,padded,original,6,6816.667,32.623,1.000000,1.000000,1.000000,5.127240,5.063604,6.750890
dmd,95,128,padded,vector16safe,6,11280.952,2.955,0.609455,0.597744,0.793724,8.475691,8.212014,8.580645
dmd,95,128,padded,vector16store,6,3216.667,2.221,2.117691,2.078374,2.814540,2.415035,2.392226,2.478417
dmd,95,128,padded,cpp-approved-execution,6,1330.952,1.789,5.127240,5.063604,6.750890,1.000000,1.000000,1.000000
dmd,95,128,repeated-source,original,6,6821.429,15.428,1.000000,1.000000,1.000000,5.108744,5.081560,5.935252
dmd,95,128,repeated-source,vector16safe,6,11309.524,11.158,0.601708,0.553668,0.703925,8.497970,8.244681,9.217082
dmd,95,128,repeated-source,vector16store,6,3216.667,0.296,2.120562,2.113905,2.448071,2.408204,2.397163,2.428058
dmd,95,128,repeated-source,cpp-approved-execution,6,1335.714,1.426,5.108744,5.081560,5.935252,1.000000,1.000000,1.000000
dmd,95,128,universal,original,6,102026.190,7.365,1.000000,1.000000,1.000000,15.244013,15.093950,16.195590
dmd,95,128,universal,vector16safe,6,103076.190,2.818,0.995129,0.979221,1.052508,15.400930,15.113960,15.534188
dmd,95,128,universal,vector16store,6,102742.857,4.876,0.999319,0.986326,1.022680,15.351128,15.109687,15.836415
dmd,95,128,universal,cpp-approved-execution,6,6690.476,0.142,15.244013,15.093950,16.195590,1.000000,1.000000,1.000000
dmd,127,1,contiguous,original,6,116.328,1.999,1.000000,1.000000,1.000000,7.872131,7.852459,8.009836
dmd,127,1,contiguous,vector16safe,6,175.097,7.720,0.670604,0.633052,0.683867,11.849180,11.504918,12.419672
dmd,127,1,contiguous,vector16store,6,80.814,2.158,1.437481,1.421332,1.470801,5.468852,5.445902,5.563934
dmd,127,1,contiguous,cpp-approved-execution,6,14.777,0.000,7.872131,7.852459,8.009836,1.000000,1.000000,1.000000
dmd,127,1,negative-both,original,6,116.497,21.917,1.000000,1.000000,1.000000,7.731511,7.691318,9.385852
dmd,127,1,negative-both,vector16safe,6,174.055,4.676,0.668716,0.651100,0.820405,11.551447,11.440514,11.942308
dmd,127,1,negative-both,vector16store,6,80.911,10.359,1.439783,1.319195,1.741647,5.369775,5.356913,5.894231
dmd,127,1,negative-both,cpp-approved-execution,6,15.068,0.322,7.731511,7.691318,9.385852,1.000000,1.000000,1.000000
dmd,127,1,negative-source,original,6,116.085,2.129,1.000000,1.000000,1.000000,7.704180,7.678457,7.842444
dmd,127,1,negative-source,vector16safe,6,172.069,3.351,0.673115,0.662155,0.696658,11.419614,11.257235,11.639871
dmd,127,1,negative-source,vector16store,6,81.444,24.628,1.432770,1.147525,1.441489,5.405145,5.360129,6.691318
dmd,127,1,negative-source,cpp-approved-execution,6,15.068,0.000,7.704180,7.678457,7.842444,1.000000,1.000000,1.000000
dmd,127,1,padded,original,6,116.376,13.447,1.000000,1.000000,1.000000,7.723473,7.675241,8.713826
dmd,127,1,padded,vector16safe,6,174.782,7.457,0.667199,0.638065,0.761664,11.599678,11.163987,12.028939
dmd,127,1,padded,vector16store,6,80.887,2.096,1.439569,1.407538,1.619845,5.368167,5.347267,5.459807
dmd,127,1,padded,cpp-approved-execution,6,15.068,0.000,7.723473,7.675241,8.713826,1.000000,1.000000,1.000000
dmd,127,1,repeated-source,original,6,116.376,21.107,1.000000,1.000000,1.000000,7.723473,7.684887,9.285256
dmd,127,1,repeated-source,vector16safe,6,173.304,34.191,0.671536,0.508446,0.824651,11.501608,11.259615,15.228296
dmd,127,1,repeated-source,vector16store,6,80.911,7.365,1.436218,1.340973,1.738896,5.369775,5.339744,5.752412
dmd,127,1,repeated-source,cpp-approved-execution,6,15.068,0.322,7.723473,7.684887,9.285256,1.000000,1.000000,1.000000
dmd,127,1,universal,original,6,1234.763,9.923,1.000000,1.000000,1.000000,16.470065,15.369785,17.609740
dmd,127,1,universal,vector16safe,6,1214.462,7.891,0.991739,0.973752,1.068503,16.139704,15.536662,17.716478
dmd,127,1,universal,vector16store,6,1228.077,8.356,1.006597,0.920279,1.058017,16.316358,15.489564,17.749833
dmd,127,1,universal,cpp-approved-execution,6,74.612,7.338,16.470065,15.369785,17.609740,1.000000,1.000000,1.000000
dmd,127,17,contiguous,original,6,1239.669,0.733,1.000000,1.000000,1.000000,7.042254,6.666667,7.089202
dmd,127,17,contiguous,vector16safe,6,2091.322,6.718,0.592769,0.566251,0.609117,11.716945,11.235556,12.436620
dmd,127,17,contiguous,vector16store,6,558.264,0.740,2.221481,2.205882,2.233728,3.169014,3.022222,3.173709
dmd,127,17,contiguous,cpp-approved-execution,6,176.033,5.634,7.042254,6.666667,7.089202,1.000000,1.000000,1.000000
dmd,127,17,negative-both,original,6,1302.066,0.889,1.000000,1.000000,1.000000,5.992381,5.962121,6.022814
dmd,127,17,negative-both,vector16safe,6,2100.826,3.619,0.620644,0.609472,0.629142,9.650190,9.500000,9.874525
dmd,127,17,negative-both,vector16store,6,632.231,0.654,2.058170,2.049608,2.076016,2.901141,2.897727,2.923664
dmd,127,17,negative-both,cpp-approved-execution,6,217.355,0.760,5.992381,5.962121,6.022814,1.000000,1.000000,1.000000
dmd,127,17,negative-source,original,6,1303.719,0.317,1.000000,1.000000,1.000000,5.998099,5.988593,6.007605
dmd,127,17,negative-source,vector16safe,6,2124.793,5.601,0.613963,0.595544,0.628994,9.775665,9.520913,10.068441
dmd,127,17,negative-source,vector16store,6,632.645,0.784,2.060743,2.053316,2.064220,2.910646,2.901141,2.923954
dmd,127,17,negative-source,cpp-approved-execution,6,217.355,0.000,5.998099,5.988593,6.007605,1.000000,1.000000,1.000000
dmd,127,17,padded,original,6,1302.479,9.962,1.000000,1.000000,1.000000,5.958433,5.877778,6.558935
dmd,127,17,padded,vector16safe,6,2127.686,12.235,0.611798,0.558667,0.688348,9.714630,9.528517,10.685606
dmd,127,17,padded,vector16store,6,630.579,1.048,2.072735,2.054759,2.260813,2.882576,2.833333,2.905303
dmd,127,17,padded,cpp-approved-execution,6,218.182,2.652,5.958433,5.877778,6.558935,1.000000,1.000000,1.000000
dmd,127,17,repeated-source,original,6,1302.066,13.139,1.000000,1.000000,1.000000,5.979087,5.710145,6.734848
dmd,127,17,repeated-source,vector16safe,6,2124.793,9.529,0.620288,0.573353,0.690754,9.757129,9.065217,10.444867
dmd,127,17,repeated-source,vector16store,6,628.926,1.314,2.068375,2.049415,2.336399,2.886155,2.786232,2.893536
dmd,127,17,repeated-source,cpp-approved-execution,6,217.769,4.934,5.979087,5.710145,6.734848,1.000000,1.000000,1.000000
dmd,127,17,universal,original,6,18213.636,4.819,1.000000,1.000000,1.000000,15.293905,15.137500,15.886032
dmd,127,17,universal,vector16safe,6,18590.909,6.673,0.984827,0.965881,1.007879,15.626938,15.144050,16.166088
dmd,127,17,universal,vector16store,6,18214.050,7.151,1.007324,0.939083,1.031449,15.320792,15.056367,16.119444
dmd,127,17,universal,cpp-approved-execution,6,1189.256,0.486,15.293905,15.137500,15.886032,1.000000,1.000000,1.000000
dmd,127,128,contiguous,original,6,9018.750,0.485,1.000000,1.000000,1.000000,6.822733,6.801887,6.866667
dmd,127,128,contiguous,vector16safe,6,15221.875,7.391,0.592441,0.556498,0.597596,11.550402,11.391509,12.231132
dmd,127,128,contiguous,vector16store,6,3893.750,2.087,2.314607,2.272441,2.319936,2.957267,2.938679,3.009479
dmd,127,128,contiguous,cpp-approved-execution,6,1321.875,1.418,6.822733,6.801887,6.866667,1.000000,1.000000,1.000000
dmd,127,128,negative-both,original,6,9065.625,28.542,1.000000,1.000000,1.000000,5.346212,5.277372,6.788321
dmd,127,128,negative-both,vector16safe,6,15231.250,1.395,0.595615,0.588044,0.765432,8.974359,8.868613,9.003676
dmd,127,128,negative-both,vector16store,6,3993.750,0.469,2.272521,2.260937,2.910798,2.347426,2.332117,2.361624
dmd,127,128,negative-both,cpp-approved-execution,6,1700.000,1.103,5.346212,5.277372,6.788321,1.000000,1.000000,1.000000
dmd,127,128,negative-source,original,6,9037.500,27.663,1.000000,1.000000,1.000000,5.415806,5.391791,6.884328
dmd,127,128,negative-source,vector16safe,6,15284.375,6.379,0.593392,0.560853,0.752447,9.125000,9.044776,9.699248
dmd,127,128,negative-source,vector16store,6,3959.375,1.263,2.283570,2.257812,2.878315,2.379699,2.361940,2.391791
dmd,127,128,negative-source,cpp-approved-execution,6,1675.000,0.746,5.415806,5.391791,6.884328,1.000000,1.000000,1.000000
dmd,127,128,padded,original,6,9034.375,0.138,1.000000,1.000000,1.000000,5.424038,5.408240,5.436090
dmd,127,128,padded,vector16safe,6,15231.250,1.313,0.592942,0.589147,0.596614,9.150376,9.071161,9.225564
dmd,127,128,padded,vector16store,6,3950.000,0.316,2.286392,2.281201,2.291601,2.371483,2.367041,2.375940
dmd,127,128,padded,cpp-approved-execution,6,1665.625,0.375,5.424038,5.408240,5.436090,1.000000,1.000000,1.000000
dmd,127,128,repeated-source,original,6,9043.750,34.692,1.000000,1.000000,1.000000,5.448220,5.428571,7.343396
dmd,127,128,repeated-source,vector16safe,6,15278.125,21.804,0.592911,0.587876,0.654778,9.189850,9.169173,11.215094
dmd,127,128,repeated-source,vector16store,6,3950.000,1.424,2.291370,2.272300,3.079114,2.380423,2.368421,2.402256
dmd,127,128,repeated-source,cpp-approved-execution,6,1662.500,0.376,5.448220,5.428571,7.343396,1.000000,1.000000,1.000000
dmd,127,128,universal,original,6,140015.625,7.495,1.000000,1.000000,1.000000,15.346192,14.591969,16.183333
dmd,127,128,universal,vector16safe,6,135303.125,3.654,1.033699,0.999861,1.045679,15.067404,14.034326,15.476389
dmd,127,128,universal,vector16store,6,141346.875,9.891,0.989386,0.971096,1.014841,15.382319,14.849741,16.629167
dmd,127,128,universal,cpp-approved-execution,6,8990.625,8.064,15.346192,14.591969,16.183333,1.000000,1.000000,1.000000
dmd,128,1,contiguous,original,6,116.479,36.219,1.000000,1.000000,1.000000,9.515060,9.442688,12.896414
dmd,128,1,contiguous,vector16safe,6,178.906,2.729,0.648881,0.640853,0.893952,14.656106,14.426295,14.824000
dmd,128,1,contiguous,vector16store,6,76.367,1.535,1.524190,1.509160,2.067050,6.241522,6.223108,6.289157
dmd,128,1,contiguous,cpp-approved-execution,6,12.231,1.597,9.515060,9.442688,12.896414,1.000000,1.000000,1.000000
dmd,128,1,negative-both,original,6,116.772,18.189,1.000000,1.000000,1.000000,9.360784,7.199396,11.050980
dmd,128,1,negative-both,vector16safe,6,177.661,12.203,0.663754,0.638019,0.697697,14.129412,11.283988,15.839216
dmd,128,1,negative-both,vector16store,6,76.367,4.092,1.529919,1.466462,1.801790,6.127451,4.909366,6.137255
dmd,128,1,negative-both,cpp-approved-execution,6,12.451,29.804,9.360784,7.199396,11.050980,1.000000,1.000000,1.000000
dmd,128,1,negative-source,original,6,122.437,20.299,1.000000,1.000000,1.000000,9.833333,9.376471,11.372549
dmd,128,1,negative-source,vector16safe,6,183.105,28.960,0.638667,0.614667,0.782764,14.705882,14.243137,18.501961
dmd,128,1,negative-source,vector16store,6,76.123,1.539,1.608358,1.528772,1.835443,6.113725,6.101961,6.196078
dmd,128,1,negative-source,cpp-approved-execution,6,12.451,0.000,9.833333,9.376471,11.372549,1.000000,1.000000,1.000000
dmd,128,1,padded,original,6,116.089,24.900,1.000000,1.000000,1.000000,9.323529,9.305882,11.627451
dmd,128,1,padded,vector16safe,6,181.641,5.108,0.659130,0.635634,0.782116,14.588235,14.121569,14.866667
dmd,128,1,padded,vector16store,6,76.416,0.895,1.518850,1.509542,1.903081,6.137255,6.109804,6.164706
dmd,128,1,padded,cpp-approved-execution,6,12.451,0.000,9.323529,9.305882,11.627451,1.000000,1.000000,1.000000
dmd,128,1,repeated-source,original,6,116.479,0.713,1.000000,1.000000,1.000000,9.354902,9.329412,9.396078
dmd,128,1,repeated-source,vector16safe,6,179.419,3.511,0.649343,0.641225,0.662305,14.409804,14.086275,14.592157
dmd,128,1,repeated-source,vector16store,6,76.172,4.167,1.527448,1.470407,1.533931,6.117647,6.105882,6.360784
dmd,128,1,repeated-source,cpp-approved-execution,6,12.451,0.000,9.354902,9.329412,9.396078,1.000000,1.000000,1.000000
dmd,128,1,universal,original,6,1237.622,14.203,1.000000,1.000000,1.000000,16.283607,15.593573,18.746827
dmd,128,1,universal,vector16safe,6,1207.056,13.382,1.009800,0.999714,1.052986,15.850060,15.449275,18.556446
dmd,128,1,universal,vector16store,6,1249.097,13.326,1.001098,0.964795,1.018069,16.209619,15.711405,18.566466
dmd,128,1,universal,cpp-approved-execution,6,77.441,5.675,16.283607,15.593573,18.746827,1.000000,1.000000,1.000000
dmd,128,17,contiguous,original,6,1248.333,0.134,1.000000,1.000000,1.000000,7.097156,7.056604,7.099526
dmd,128,17,contiguous,vector16safe,6,2127.917,6.031,0.586450,0.553585,0.586991,12.101896,12.037736,12.824645
dmd,128,17,contiguous,vector16store,6,471.667,2.827,2.645760,2.578313,2.651327,2.682464,2.669811,2.740566
dmd,128,17,contiguous,cpp-approved-execution,6,175.833,0.474,7.097156,7.056604,7.099526,1.000000,1.000000,1.000000
dmd,128,17,negative-both,original,6,1310.417,0.954,1.000000,1.000000,1.000000,7.306977,7.235023,7.334884
dmd,128,17,negative-both,vector16safe,6,2355.833,7.888,0.557674,0.546880,0.594104,13.083248,12.250000,13.344186
dmd,128,17,negative-both,vector16store,6,548.750,0.456,2.386198,2.378788,2.407295,3.055685,3.041475,3.065116
dmd,128,17,negative-both,cpp-approved-execution,6,179.583,0.928,7.306977,7.235023,7.334884,1.000000,1.000000,1.000000
dmd,128,17,negative-source,original,6,1311.250,14.935,1.000000,1.000000,1.000000,7.272519,6.890351,8.356481
dmd,128,17,negative-source,vector16safe,6,2305.833,10.589,0.582131,0.527909,0.632003,12.779997,11.758772,13.768519
dmd,128,17,negative-source,vector16store,6,548.333,37.082,2.387544,1.753059,2.747336,3.041667,2.890351,4.162037
dmd,128,17,negative-source,cpp-approved-execution,6,180.000,5.556,7.272519,6.890351,8.356481,1.000000,1.000000,1.000000
dmd,128,17,padded,original,6,1310.833,0.826,1.000000,1.000000,1.000000,7.316279,7.293023,7.353488
dmd,128,17,padded,vector16safe,6,2306.250,13.225,0.567786,0.524159,0.600000,12.872093,12.255814,13.958140
dmd,128,17,padded,vector16store,6,546.250,0.458,2.399696,2.390244,2.413740,3.048837,3.037209,3.051163
dmd,128,17,padded,cpp-approved-execution,6,179.167,0.000,7.316279,7.293023,7.353488,1.000000,1.000000,1.000000
dmd,128,17,repeated-source,original,6,1312.500,1.905,1.000000,1.000000,1.000000,7.297018,6.512195,7.345794
dmd,128,17,repeated-source,vector16safe,6,2333.750,8.963,0.561555,0.547627,0.598255,12.984975,11.093496,13.313084
dmd,128,17,repeated-source,vector16store,6,543.750,7.050,2.412895,2.298422,2.424847,3.027842,2.833333,3.046729
dmd,128,17,repeated-source,cpp-approved-execution,6,179.583,14.849,7.297018,6.512195,7.345794,1.000000,1.000000,1.000000
dmd,128,17,universal,original,6,18716.667,3.161,1.000000,1.000000,1.000000,15.646109,15.271967,15.767085
dmd,128,17,universal,vector16safe,6,18798.750,9.012,0.990871,0.942313,1.029546,15.731172,15.228033,16.610995
dmd,128,17,universal,vector16store,6,18379.583,1.605,1.014362,1.002151,1.026125,15.358950,15.210600,15.457462
dmd,128,17,universal,cpp-approved-execution,6,1195.000,0.209,15.646109,15.271967,15.767085,1.000000,1.000000,1.000000
dmd,128,128,contiguous,original,6,9031.250,1.107,1.000000,1.000000,1.000000,6.765763,6.719626,6.789720
dmd,128,128,contiguous,vector16safe,6,15678.125,5.262,0.576414,0.545731,0.580040,11.737736,11.705607,12.313084
dmd,128,128,contiguous,vector16store,6,3250.000,4.808,2.764431,2.675875,2.805019,2.435600,2.420561,2.537383
dmd,128,128,contiguous,cpp-approved-execution,6,1337.500,0.467,6.765763,6.719626,6.789720,1.000000,1.000000,1.000000
dmd,128,128,negative-both,original,6,9109.375,0.274,1.000000,1.000000,1.000000,6.284483,6.226496,6.311688
dmd,128,128,negative-both,vector16safe,6,16578.125,14.552,0.549209,0.501718,0.577258,11.444982,10.786325,12.543103
dmd,128,128,negative-both,vector16store,6,3375.000,1.481,2.701577,2.668498,2.706320,2.332624,2.303419,2.346320
dmd,128,128,negative-both,cpp-approved-execution,6,1450.000,1.293,6.284483,6.226496,6.311688,1.000000,1.000000,1.000000
dmd,128,128,negative-source,original,6,9112.500,0.206,1.000000,1.000000,1.000000,6.273143,6.204255,6.311688
dmd,128,128,negative-source,vector16safe,6,17378.125,13.523,0.524189,0.504495,0.578696,11.888960,10.891775,12.412017
dmd,128,128,negative-source,vector16store,6,3303.125,0.189,2.757805,2.754253,2.761364,2.275279,2.246809,2.285714
dmd,128,128,negative-source,cpp-approved-execution,6,1453.125,1.720,6.273143,6.204255,6.311688,1.000000,1.000000,1.000000
dmd,128,128,padded,original,6,9100.000,0.137,1.000000,1.000000,1.000000,6.316723,6.275862,6.353712
dmd,128,128,padded,vector16safe,6,16593.750,13.974,0.548776,0.503110,0.576694,11.493506,10.969565,12.582609
dmd,128,128,padded,vector16store,6,3287.500,1.141,2.766160,2.738722,2.768061,2.291950,2.267241,2.303030
dmd,128,128,padded,cpp-approved-execution,6,1440.625,1.302,6.316723,6.275862,6.353712,1.000000,1.000000,1.000000
dmd,128,128,repeated-source,original,6,9100.000,0.206,1.000000,1.000000,1.000000,6.316723,6.275862,6.442478
dmd,128,128,repeated-source,vector16safe,6,16925.000,10.377,0.538085,0.520186,0.577840,11.772587,10.947826,12.230088
dmd,128,128,repeated-source,vector16store,6,3287.500,0.570,2.768061,2.759470,2.769962,2.288509,2.267241,2.327434
dmd,128,128,repeated-source,cpp-approved-execution,6,1440.625,2.603,6.316723,6.275862,6.442478,1.000000,1.000000,1.000000
dmd,128,128,universal,original,6,136759.375,11.914,1.000000,1.000000,1.000000,15.227209,15.136585,16.929715
dmd,128,128,universal,vector16safe,6,141265.625,7.358,0.994072,0.958297,1.041082,15.739824,15.104384,16.261656
dmd,128,128,universal,vector16store,6,139250.000,5.054,0.991819,0.979764,1.081725,15.504523,15.235540,16.009053
dmd,128,128,universal,cpp-approved-execution,6,8978.125,0.139,15.227209,15.136585,16.929715,1.000000,1.000000,1.000000
dmd,129,1,contiguous,original,6,122.835,26.482,1.000000,1.000000,1.000000,9.637066,9.154440,11.706564
dmd,129,1,contiguous,vector16safe,6,180.536,4.225,0.682232,0.632435,0.843628,14.164093,13.876448,14.474903
dmd,129,1,contiguous,vector16store,6,76.452,1.223,1.605644,1.521961,1.953608,5.998069,5.992278,6.065637
dmd,129,1,contiguous,cpp-approved-execution,6,12.746,0.000,9.637066,9.154440,11.706564,1.000000,1.000000,1.000000
dmd,129,1,negative-both,original,6,117.495,0.545,1.000000,1.000000,1.000000,8.975564,8.951128,9.000000
dmd,129,1,negative-both,vector16safe,6,177.239,4.193,0.661573,0.643434,0.671529,13.539474,13.402256,13.969925
dmd,129,1,negative-both,vector16store,6,76.230,6.908,1.540104,1.448213,1.544041,5.823308,5.804511,6.206767
dmd,129,1,negative-both,cpp-approved-execution,6,13.091,0.000,8.975564,8.951128,9.000000,1.000000,1.000000,1.000000
dmd,129,1,negative-source,original,6,124.508,12.727,1.000000,1.000000,1.000000,9.511278,8.947368,10.157895
dmd,129,1,negative-source,vector16safe,6,181.422,33.067,0.656231,0.558842,0.735245,13.859023,13.593985,18.176692
dmd,129,1,negative-source,vector16store,6,76.501,24.895,1.538634,1.394221,1.724116,5.843985,5.830827,7.285714
dmd,129,1,negative-source,cpp-approved-execution,6,13.091,0.000,9.511278,8.947368,10.157895,1.000000,1.000000,1.000000
dmd,129,1,padded,original,6,117.249,12.550,1.000000,1.000000,1.000000,8.949248,7.287390,10.030075
dmd,129,1,padded,vector16safe,6,181.225,7.957,0.652179,0.614610,0.717204,13.843985,10.501466,14.563910
dmd,129,1,padded,vector16store,6,76.649,4.494,1.530189,1.507957,1.714653,5.849624,4.762463,5.906015
dmd,129,1,padded,cpp-approved-execution,6,13.091,28.195,8.949248,7.287390,10.030075,1.000000,1.000000,1.000000
dmd,129,1,repeated-source,original,6,117.249,1.511,1.000000,1.000000,1.000000,8.956767,8.909774,9.045113
dmd,129,1,repeated-source,vector16safe,6,177.756,3.212,0.661540,0.641469,0.669635,13.578947,13.488722,13.924812
dmd,129,1,repeated-source,vector16store,6,76.403,0.902,1.532430,1.521181,1.552258,5.836466,5.819549,5.872180
dmd,129,1,repeated-source,cpp-approved-execution,6,13.091,0.000,8.956767,8.909774,9.045113,1.000000,1.000000,1.000000
dmd,129,1,universal,original,6,1258.907,8.498,1.000000,1.000000,1.000000,16.916646,16.293253,17.733645
dmd,129,1,universal,vector16safe,6,1222.244,5.299,1.018395,0.988760,1.059801,16.494186,16.273084,17.276368
dmd,129,1,universal,vector16store,6,1235.335,8.015,1.006058,0.991867,1.026744,16.728387,16.363576,17.717623
dmd,129,1,universal,cpp-approved-execution,6,73.745,2.002,16.916646,16.293253,17.733645,1.000000,1.000000,1.000000
dmd,129,17,contiguous,original,6,1258.824,21.829,1.000000,1.000000,1.000000,7.123810,6.778281,8.635071
dmd,129,17,contiguous,vector16safe,6,2198.319,3.937,0.577398,0.563630,0.700231,12.244448,11.782805,12.647619
dmd,129,17,contiguous,vector16store,6,476.891,8.811,2.639343,2.472403,3.213404,2.700000,2.561086,2.825688
dmd,129,17,contiguous,cpp-approved-execution,6,176.891,5.226,7.123810,6.778281,8.635071,1.000000,1.000000,1.000000
dmd,129,17,negative-both,original,6,1323.109,1.080,1.000000,1.000000,1.000000,7.124434,7.000000,7.158371
dmd,129,17,negative-both,vector16safe,6,2313.025,7.702,0.572947,0.550281,0.600684,12.454751,11.909502,12.868778
dmd,129,17,negative-both,vector16store,6,557.563,0.754,2.372469,2.356928,2.386124,3.000000,2.964286,3.018100
dmd,129,17,negative-both,cpp-approved-execution,6,185.714,1.357,7.124434,7.000000,7.158371,1.000000,1.000000,1.000000
dmd,129,17,negative-source,original,6,1321.849,0.636,1.000000,1.000000,1.000000,7.058296,7.035874,7.144796
dmd,129,17,negative-source,vector16safe,6,2307.983,10.522,0.574003,0.538752,0.599163,12.357431,11.780269,13.076233
dmd,129,17,negative-source,vector16store,6,555.462,0.454,2.379260,2.373676,2.385196,2.968549,2.959641,2.995475
dmd,129,17,negative-source,cpp-approved-execution,6,187.395,0.897,7.058296,7.035874,7.144796,1.000000,1.000000,1.000000
dmd,129,17,padded,original,6,1320.168,0.764,1.000000,1.000000,1.000000,7.099548,6.991150,7.145455
dmd,129,17,padded,vector16safe,6,2323.950,7.919,0.569878,0.551530,0.597561,12.346827,11.873303,12.922727
dmd,129,17,padded,vector16store,6,554.202,0.607,2.382688,2.375758,2.386707,2.984163,2.929204,2.995455
dmd,129,17,padded,cpp-approved-execution,6,185.714,2.715,7.099548,6.991150,7.145455,1.000000,1.000000,1.000000
dmd,129,17,repeated-source,original,6,1317.647,0.574,1.000000,1.000000,1.000000,7.022321,6.991071,7.122727
dmd,129,17,repeated-source,vector16safe,6,2301.261,7.486,0.572941,0.555556,0.596198,12.287623,11.741071,12.656250
dmd,129,17,repeated-source,vector16store,6,551.681,0.305,2.388720,2.381459,2.397260,2.933036,2.928571,2.990909
dmd,129,17,repeated-source,cpp-approved-execution,6,188.235,1.786,7.022321,6.991071,7.122727,1.000000,1.000000,1.000000
dmd,129,17,universal,original,6,18813.866,7.906,1.000000,1.000000,1.000000,15.584174,15.043145,16.274878
dmd,129,17,universal,vector16safe,6,18495.798,4.593,1.007510,0.991042,1.047664,15.316510,15.066806,15.770355
dmd,129,17,universal,vector16store,6,18649.580,4.682,1.010055,0.973651,1.035494,15.443981,15.009053,15.721642
dmd,129,17,universal,cpp-approved-execution,6,1207.563,0.139,15.584174,15.043145,16.274878,1.000000,1.000000,1.000000
dmd,129,128,contiguous,original,6,9156.667,0.218,1.000000,1.000000,1.000000,6.813925,6.740196,6.840796
dmd,129,128,contiguous,vector16safe,6,16353.333,18.508,0.559544,0.480420,0.571488,12.173563,11.794118,14.158416
dmd,129,128,contiguous,vector16store,6,3286.667,3.448,2.788046,2.702756,2.800407,2.446653,2.406863,2.527363
dmd,129,128,contiguous,cpp-approved-execution,6,1343.333,1.489,6.813925,6.740196,6.840796,1.000000,1.000000,1.000000
dmd,129,128,negative-both,original,6,9176.667,0.363,1.000000,1.000000,1.000000,6.252273,6.230769,6.263636
dmd,129,128,negative-both,vector16safe,6,16400.000,4.675,0.559759,0.538522,0.563063,11.181818,11.100000,11.570136
dmd,129,128,negative-both,vector16store,6,3416.667,0.976,2.686830,2.682261,2.701375,2.326532,2.312217,2.331818
dmd,129,128,negative-both,cpp-approved-execution,6,1466.667,0.455,6.252273,6.230769,6.263636,1.000000,1.000000,1.000000
dmd,129,128,negative-source,original,6,9176.667,0.218,1.000000,1.000000,1.000000,6.402326,6.370370,6.434579
dmd,129,128,negative-source,vector16safe,6,16330.000,3.960,0.561747,0.544484,0.565378,11.391600,11.311628,11.762791
dmd,129,128,negative-source,vector16store,6,3366.667,0.396,2.726733,2.719368,2.728713,2.348837,2.337963,2.359813
dmd,129,128,negative-source,cpp-approved-execution,6,1433.333,0.930,6.402326,6.370370,6.434579,1.000000,1.000000,1.000000
dmd,129,128,padded,original,6,9183.333,0.218,1.000000,1.000000,1.000000,6.392130,6.350230,6.429907
dmd,129,128,padded,vector16safe,6,16363.333,4.848,0.561128,0.537290,0.563882,11.368117,11.305556,11.967290
dmd,129,128,padded,vector16store,6,3360.000,0.992,2.733135,2.712598,2.736111,2.340274,2.333333,2.359813
dmd,129,128,padded,cpp-approved-execution,6,1436.667,1.392,6.392130,6.350230,6.429907,1.000000,1.000000,1.000000
dmd,129,128,repeated-source,original,6,9176.667,0.218,1.000000,1.000000,1.000000,6.393023,6.345622,6.464789
dmd,129,128,repeated-source,vector16safe,6,16276.667,0.573,0.563563,0.562193,0.565735,11.346512,11.281106,11.429907
dmd,129,128,repeated-source,vector16store,6,3360.000,1.190,2.731877,2.705305,2.733598,2.339535,2.322581,2.389671
dmd,129,128,repeated-source,cpp-approved-execution,6,1433.333,1.860,6.393023,6.345622,6.464789,1.000000,1.000000,1.000000
dmd,129,128,universal,original,6,138090.000,5.735,1.000000,1.000000,1.000000,15.264186,15.103906,15.979366
dmd,129,128,universal,vector16safe,6,140053.333,5.536,1.004437,0.973816,1.008413,15.478004,14.993368,15.850405
dmd,129,128,universal,vector16store,6,138506.667,5.275,1.008437,0.966470,1.040999,15.304621,15.016212,15.823876
dmd,129,128,universal,cpp-approved-execution,6,9046.667,0.074,15.264186,15.103906,15.979366,1.000000,1.000000,1.000000
dmd,255,1,contiguous,original,6,186.138,1.359,1.000000,1.000000,1.000000,7.810204,7.755102,7.861224
dmd,255,1,contiguous,vector16safe,6,296.304,17.794,0.626195,0.545068,0.645010,12.432653,12.187755,14.400000
dmd,255,1,contiguous,vector16store,6,103.502,2.068,1.789275,1.773985,1.811853,4.342857,4.334694,4.424490
dmd,255,1,contiguous,cpp-approved-execution,6,23.833,0.000,7.810204,7.755102,7.861224,1.000000,1.000000,1.000000
dmd,255,1,negative-both,original,6,186.333,0.783,1.000000,1.000000,1.000000,7.723790,7.677419,7.737903
dmd,255,1,negative-both,vector16safe,6,292.218,22.071,0.636607,0.524725,0.644609,12.112903,12.004032,14.677419
dmd,255,1,negative-both,vector16store,6,103.696,1.970,1.793987,1.760369,1.799812,4.298387,4.290323,4.375000
dmd,255,1,negative-both,cpp-approved-execution,6,24.125,0.000,7.723790,7.677419,7.737903,1.000000,1.000000,1.000000
dmd,255,1,negative-source,original,6,185.603,0.367,1.000000,1.000000,1.000000,7.693548,7.689516,7.717742
dmd,255,1,negative-source,vector16safe,6,297.763,3.659,0.623165,0.618276,0.639289,12.342742,12.028226,12.479839
dmd,255,1,negative-source,vector16store,6,103.307,0.282,1.796610,1.792293,1.803959,4.282258,4.278226,4.290323
dmd,255,1,negative-source,cpp-approved-execution,6,24.125,0.000,7.693548,7.689516,7.717742,1.000000,1.000000,1.000000
dmd,255,1,padded,original,6,185.798,0.576,1.000000,1.000000,1.000000,7.701613,7.693548,7.737903
dmd,255,1,padded,vector16safe,6,290.759,4.115,0.639840,0.615881,0.644176,12.052419,11.995968,12.491935
dmd,255,1,padded,vector16store,6,103.453,1.504,1.798118,1.773234,1.803571,4.288306,4.274194,4.338710
dmd,255,1,padded,cpp-approved-execution,6,24.125,0.000,7.701613,7.693548,7.737903,1.000000,1.000000,1.000000
dmd,255,1,repeated-source,original,6,185.652,31.910,1.000000,1.000000,1.000000,7.695565,7.681452,10.137097
dmd,255,1,repeated-source,vector16safe,6,291.440,4.072,0.639242,0.614442,0.843624,12.080645,12.016129,12.508065
dmd,255,1,repeated-source,vector16store,6,103.405,1.505,1.795573,1.773445,2.360563,4.286290,4.278226,4.342742
dmd,255,1,repeated-source,cpp-approved-execution,6,24.125,0.000,7.695565,7.681452,10.137097,1.000000,1.000000,1.000000
dmd,255,1,universal,original,6,2253.940,4.109,1.000000,1.000000,1.000000,15.881083,15.755997,16.397260
dmd,255,1,universal,vector16safe,6,2273.589,4.783,0.991362,0.984183,1.009105,16.019534,15.830706,16.562927
dmd,255,1,universal,vector16store,6,2270.233,8.098,0.994199,0.958866,1.006929,15.995888,15.816998,17.100685
dmd,255,1,universal,cpp-approved-execution,6,141.926,0.206,15.881083,15.755997,16.397260,1.000000,1.000000,1.000000
dmd,255,17,contiguous,original,6,2480.000,0.067,1.000000,1.000000,1.000000,7.052133,7.018868,7.080952
dmd,255,17,contiguous,vector16safe,6,4209.167,5.504,0.588992,0.569897,0.601942,11.969194,11.660377,12.374408
dmd,255,17,contiguous,vector16store,6,945.833,0.352,2.621147,2.615114,2.624339,2.689573,2.683962,2.700000
dmd,255,17,contiguous,cpp-approved-execution,6,351.667,0.948,7.052133,7.018868,7.080952,1.000000,1.000000,1.000000
dmd,255,17,negative-both,original,6,2556.667,1.565,1.000000,1.000000,1.000000,6.769440,6.652361,6.844444
dmd,255,17,negative-both,vector16safe,6,4260.833,10.679,0.600083,0.548329,0.612406,11.315556,10.862661,12.314159
dmd,255,17,negative-both,vector16store,6,1023.333,5.212,2.498363,2.410575,2.504065,2.720000,2.673913,2.759657
dmd,255,17,negative-both,cpp-approved-execution,6,375.833,3.548,6.769440,6.652361,6.844444,1.000000,1.000000,1.000000
dmd,255,17,negative-source,original,6,2555.000,35.160,1.000000,1.000000,1.000000,6.783186,6.774336,9.159292
dmd,255,17,negative-source,vector16safe,6,4260.000,7.864,0.606670,0.564320,0.796460,11.309735,11.079295,12.004425
dmd,255,17,negative-source,vector16store,6,1022.500,0.652,2.500822,2.488636,3.376835,2.714602,2.696035,2.725664
dmd,255,17,negative-source,cpp-approved-execution,6,376.667,0.442,6.783186,6.774336,9.159292,1.000000,1.000000,1.000000
dmd,255,17,padded,original,6,2546.667,36.518,1.000000,1.000000,1.000000,6.784444,6.747788,9.216814
dmd,255,17,padded,vector16safe,6,4369.167,14.724,0.607200,0.569242,0.718276,11.599558,11.173333,12.831858
dmd,255,17,padded,vector16store,6,1021.667,0.979,2.500825,2.475649,3.398042,2.712389,2.707965,2.737778
dmd,255,17,padded,cpp-approved-execution,6,376.667,0.442,6.784444,6.747788,9.216814,1.000000,1.000000,1.000000
dmd,255,17,repeated-source,original,6,2546.667,0.458,1.000000,1.000000,1.000000,6.754425,6.566524,6.778761
dmd,255,17,repeated-source,vector16safe,6,4320.833,4.282,0.589213,0.581395,0.607454,11.340945,11.128319,11.606195
dmd,255,17,repeated-source,vector16store,6,1016.667,0.656,2.506973,2.491830,2.511475,2.696903,2.626609,2.707965
dmd,255,17,repeated-source,cpp-approved-execution,6,376.667,3.097,6.754425,6.566524,6.778761,1.000000,1.000000,1.000000
dmd,255,17,universal,original,6,36747.500,10.935,1.000000,1.000000,1.000000,14.958469,14.762816,16.310462
dmd,255,17,universal,vector16safe,6,36625.833,13.319,1.000965,0.975222,1.041385,14.967313,14.696826,16.724864
dmd,255,17,universal,vector16store,6,36178.333,6.989,1.011951,0.996585,1.054970,14.832245,14.590142,15.632972
dmd,255,17,universal,cpp-approved-execution,6,2453.333,1.223,14.958469,14.762816,16.310462,1.000000,1.000000,1.000000
dmd,255,128,contiguous,original,6,18487.500,29.750,1.000000,1.000000,1.000000,6.990588,6.879070,9.042453
dmd,255,128,contiguous,vector16safe,6,31312.500,5.669,0.597132,0.568680,0.764354,11.793029,11.613953,12.259434
dmd,255,128,contiguous,vector16store,6,6843.750,2.374,2.702936,2.645796,3.504570,2.586292,2.580189,2.600000
dmd,255,128,contiguous,cpp-approved-execution,6,2650.000,1.887,6.990588,6.879070,9.042453,1.000000,1.000000,1.000000
dmd,255,128,negative-both,original,6,18512.500,7.833,1.000000,1.000000,1.000000,6.061342,6.016260,6.532787
dmd,255,128,negative-both,vector16safe,6,31275.000,0.879,0.591764,0.589407,0.639904,10.221311,10.158537,10.308642
dmd,255,128,negative-both,vector16store,6,6943.750,1.080,2.666667,2.642857,2.877256,2.272541,2.260163,2.283951
dmd,255,128,negative-both,cpp-approved-execution,6,3056.250,1.227,6.061342,6.016260,6.532787,1.000000,1.000000,1.000000
dmd,255,128,negative-source,original,6,18500.000,0.270,1.000000,1.000000,1.000000,6.115702,6.111570,6.153527
dmd,255,128,negative-source,vector16safe,6,31287.500,0.839,0.591646,0.588469,0.593023,10.372681,10.305785,10.394191
dmd,255,128,negative-source,vector16store,6,6900.000,0.181,2.681159,2.679348,2.691470,2.280992,2.276860,2.290456
dmd,255,128,negative-source,cpp-approved-execution,6,3025.000,0.413,6.115702,6.111570,6.153527,1.000000,1.000000,1.000000
dmd,255,128,padded,original,6,18518.750,36.315,1.000000,1.000000,1.000000,6.302128,6.262712,8.542373
dmd,255,128,padded,vector16safe,6,31231.250,1.641,0.592392,0.583498,0.806723,10.617021,10.580508,10.733051
dmd,255,128,padded,vector16store,6,6887.500,0.907,2.690280,2.663063,3.658802,2.340426,2.334746,2.351695
dmd,255,128,padded,cpp-approved-execution,6,2943.750,0.425,6.302128,6.262712,8.542373,1.000000,1.000000,1.000000
dmd,255,128,repeated-source,original,6,18481.250,0.271,1.000000,1.000000,1.000000,6.264831,6.258475,6.275424
dmd,255,128,repeated-source,vector16safe,6,31256.250,0.680,0.591482,0.588915,0.593261,10.595339,10.563559,10.635593
dmd,255,128,repeated-source,vector16store,6,6875.000,0.364,2.690628,2.684211,2.692727,2.330508,2.326271,2.334746
dmd,255,128,repeated-source,cpp-approved-execution,6,2950.000,0.000,6.264831,6.258475,6.275424,1.000000,1.000000,1.000000
dmd,255,128,universal,original,6,272831.250,4.939,1.000000,1.000000,1.000000,14.853055,14.742177,15.454484
dmd,255,128,universal,vector16safe,6,271631.250,2.352,1.004118,0.986799,1.028389,14.762568,14.670740,15.077710
dmd,255,128,universal,vector16store,6,273987.500,3.458,0.999109,0.978394,1.039907,14.890625,14.660544,15.207226
dmd,255,128,universal,cpp-approved-execution,6,18400.000,0.408,14.853055,14.742177,15.454484,1.000000,1.000000,1.000000
dmd,256,1,contiguous,original,6,185.742,0.578,1.000000,1.000000,1.000000,8.764977,8.732719,8.783410
dmd,256,1,contiguous,vector16safe,6,298.047,1.606,0.621577,0.615633,0.624549,14.064516,14.041475,14.267281
dmd,256,1,contiguous,vector16store,6,98.828,0.296,1.878397,1.868836,1.883399,4.663594,4.658986,4.672811
dmd,256,1,contiguous,cpp-approved-execution,6,21.191,0.000,8.764977,8.732719,8.783410,1.000000,1.000000,1.000000
dmd,256,1,negative-both,original,6,186.133,0.787,1.000000,1.000000,1.000000,8.642534,8.597285,8.681818
dmd,256,1,negative-both,vector16safe,6,303.369,8.724,0.613328,0.575008,0.626890,14.088955,13.823529,14.990950
dmd,256,1,negative-both,vector16store,6,98.975,1.085,1.879622,1.864125,1.892292,4.592760,4.579186,4.650000
dmd,256,1,negative-both,cpp-approved-execution,6,21.582,0.452,8.642534,8.597285,8.681818,1.000000,1.000000,1.000000
dmd,256,1,negative-source,original,6,186.426,12.258,1.000000,1.000000,1.000000,8.638009,8.583710,9.642534
dmd,256,1,negative-source,vector16safe,6,301.758,6.052,0.623517,0.600188,0.671588,13.981900,13.719457,14.565611
dmd,256,1,negative-source,vector16store,6,99.756,1.664,1.863929,1.833012,2.087169,4.622172,4.610860,4.687783
dmd,256,1,negative-source,cpp-approved-execution,6,21.582,0.000,8.638009,8.583710,9.642534,1.000000,1.000000,1.000000
dmd,256,1,padded,original,6,185.840,16.448,1.000000,1.000000,1.000000,8.607723,8.037975,9.990950
dmd,256,1,padded,vector16safe,6,304.736,15.959,0.611952,0.532642,0.714563,14.119910,12.970464,16.149321
dmd,256,1,padded,vector16store,6,98.779,1.780,1.883226,1.846979,2.181818,4.576923,4.265823,4.663636
dmd,256,1,padded,cpp-approved-execution,6,21.582,7.692,8.607723,8.037975,9.990950,1.000000,1.000000,1.000000
dmd,256,1,repeated-source,original,6,185.693,12.253,1.000000,1.000000,1.000000,8.604072,8.574661,9.672727
dmd,256,1,repeated-source,vector16safe,6,300.391,20.059,0.620400,0.516068,0.695198,13.918552,13.823529,16.615385
dmd,256,1,repeated-source,vector16store,6,98.975,1.480,1.876604,1.846979,2.072055,4.585973,4.579186,4.668182
dmd,256,1,repeated-source,cpp-approved-execution,6,21.582,0.452,8.604072,8.574661,9.672727,1.000000,1.000000,1.000000
dmd,256,1,universal,original,6,2256.689,3.198,1.000000,1.000000,1.000000,15.954420,15.919366,16.450967
dmd,256,1,universal,vector16safe,6,2269.336,5.525,0.994115,0.948820,1.027339,16.031779,15.830590,16.826657
dmd,256,1,universal,vector16store,6,2307.617,3.081,0.982406,0.963491,1.013272,16.302104,16.067680,16.570442
dmd,256,1,universal,cpp-approved-execution,6,141.406,0.691,15.954420,15.919366,16.450967,1.000000,1.000000,1.000000
dmd,256,17,contiguous,original,6,2421.667,0.619,1.000000,1.000000,1.000000,6.907357,6.900000,6.933333
dmd,256,17,contiguous,vector16safe,6,4209.167,5.860,0.574175,0.547503,0.577320,12.026190,11.976190,12.620853
dmd,256,17,contiguous,vector16store,6,860.000,3.295,2.809109,2.731707,2.821705,2.457143,2.450237,2.538095
dmd,256,17,contiguous,cpp-approved-execution,6,350.000,0.476,6.907357,6.900000,6.933333,1.000000,1.000000,1.000000
dmd,256,17,negative-both,original,6,2497.500,0.934,1.000000,1.000000,1.000000,7.056749,7.014019,7.142857
dmd,256,17,negative-both,vector16safe,6,4534.167,11.579,0.551027,0.521860,0.584340,12.832777,12.223810,13.467290
dmd,256,17,negative-both,vector16store,6,939.167,0.355,2.658382,2.646536,2.664298,2.661953,2.635514,2.685714
dmd,256,17,negative-both,cpp-approved-execution,6,352.500,1.891,7.056749,7.014019,7.142857,1.000000,1.000000,1.000000
dmd,256,17,negative-source,original,6,2494.167,31.607,1.000000,1.000000,1.000000,7.085308,7.028169,9.366667
dmd,256,17,negative-source,vector16safe,6,4490.000,8.500,0.558584,0.536227,0.729329,12.757059,12.185714,13.150943
dmd,256,17,negative-source,vector16store,6,938.333,0.533,2.658082,2.652482,3.506239,2.667468,2.647887,2.685714
dmd,256,17,negative-source,cpp-approved-execution,6,351.667,1.422,7.085308,7.028169,9.366667,1.000000,1.000000,1.000000
dmd,256,17,padded,original,6,2493.333,0.602,1.000000,1.000000,1.000000,7.082938,6.986047,7.128571
dmd,256,17,padded,vector16safe,6,4474.167,10.915,0.557834,0.522164,0.582037,12.651659,12.247619,13.578199
dmd,256,17,padded,vector16store,6,934.167,0.714,2.666381,2.657194,2.682143,2.661137,2.604651,2.668246
dmd,256,17,padded,cpp-approved-execution,6,351.667,2.370,7.082938,6.986047,7.128571,1.000000,1.000000,1.000000
dmd,256,17,repeated-source,original,6,2491.667,0.535,1.000000,1.000000,1.000000,7.047170,6.995327,7.070755
dmd,256,17,repeated-source,vector16safe,6,4468.333,14.435,0.558561,0.509184,0.585194,12.646226,12.042453,13.738318
dmd,256,17,repeated-source,vector16store,6,933.333,1.429,2.670536,2.629630,2.681574,2.639151,2.616822,2.674528
dmd,256,17,repeated-source,cpp-approved-execution,6,353.333,0.943,7.047170,6.995327,7.070755,1.000000,1.000000,1.000000
dmd,256,17,universal,original,6,36645.000,3.911,1.000000,1.000000,1.000000,15.359415,14.014194,15.736585
dmd,256,17,universal,vector16safe,6,36661.667,2.178,0.999706,0.978804,1.026781,15.339619,14.027097,15.463466
dmd,256,17,universal,vector16store,6,36473.333,2.810,1.004707,0.973121,1.008236,15.287462,14.401290,15.622300
dmd,256,17,universal,cpp-approved-execution,6,2390.000,8.438,15.359415,14.014194,15.736585,1.000000,1.000000,1.000000
dmd,256,128,contiguous,original,6,17950.000,0.696,1.000000,1.000000,1.000000,6.741175,6.713615,6.755869
dmd,256,128,contiguous,vector16safe,6,31243.750,5.281,0.573343,0.546423,0.575830,11.739437,11.677570,12.338028
dmd,256,128,contiguous,vector16store,6,6212.500,4.829,2.885033,2.777563,2.918864,2.331750,2.314554,2.427230
dmd,256,128,contiguous,cpp-approved-execution,6,2662.500,0.939,6.741175,6.713615,6.755869,1.000000,1.000000,1.000000
dmd,256,128,negative-both,original,6,17993.750,18.062,1.000000,1.000000,1.000000,6.144999,6.046218,7.229787
dmd,256,128,negative-both,vector16safe,6,32968.750,9.706,0.545782,0.520811,0.644782,11.240998,10.668085,11.807692
dmd,256,128,negative-both,vector16store,6,6318.750,1.187,2.850642,2.821569,3.364356,2.153191,2.142857,2.158120
dmd,256,128,negative-both,cpp-approved-execution,6,2937.500,1.702,6.144999,6.046218,7.229787,1.000000,1.000000,1.000000
dmd,256,128,negative-source,original,6,18012.500,0.278,1.000000,1.000000,1.000000,6.404444,6.288210,6.457399
dmd,256,128,negative-source,vector16safe,6,32962.500,9.367,0.546834,0.523446,0.575080,11.665677,11.128889,12.336323
dmd,256,128,negative-source,vector16store,6,6256.250,0.799,2.878247,2.857143,2.884000,2.224444,2.183406,2.260090
dmd,256,128,negative-source,cpp-approved-execution,6,2812.500,2.667,6.404444,6.288210,6.457399,1.000000,1.000000,1.000000
dmd,256,128,padded,original,6,17987.500,0.486,1.000000,1.000000,1.000000,6.507898,6.466368,6.536364
dmd,256,128,padded,vector16safe,6,33012.500,13.783,0.544990,0.499653,0.573588,11.970568,11.273543,13.022624
dmd,256,128,padded,vector16store,6,6237.500,0.802,2.883884,2.866534,2.901606,2.257919,2.242152,2.263636
dmd,256,128,padded,cpp-approved-execution,6,2768.750,1.354,6.507898,6.466368,6.536364,1.000000,1.000000,1.000000
dmd,256,128,repeated-source,original,6,17981.250,0.139,1.000000,1.000000,1.000000,6.568493,6.486486,6.596330
dmd,256,128,repeated-source,vector16safe,6,33050.000,9.191,0.544255,0.523290,0.574052,12.073436,11.490826,12.547945
dmd,256,128,repeated-source,vector16store,6,6237.500,1.603,2.883783,2.851485,2.895372,2.281492,2.243243,2.307339
dmd,256,128,repeated-source,cpp-approved-execution,6,2737.500,1.826,6.568493,6.486486,6.596330,1.000000,1.000000,1.000000
dmd,256,128,universal,original,6,273431.250,1.545,1.000000,1.000000,1.000000,14.873748,14.684709,15.240084
dmd,256,128,universal,vector16safe,6,272750.000,3.960,1.001363,0.969155,1.010220,14.823601,14.694388,15.725122
dmd,256,128,universal,vector16store,6,273068.750,3.323,0.998404,0.974156,1.010545,14.830364,14.669589,15.644398
dmd,256,128,universal,cpp-approved-execution,6,18462.500,3.182,14.873748,14.684709,15.240084,1.000000,1.000000,1.000000
dmd,257,1,contiguous,original,6,186.275,0.263,1.000000,1.000000,1.000000,8.482143,8.473214,8.495536
dmd,257,1,contiguous,vector16safe,6,306.667,16.944,0.607266,0.532941,0.626605,13.964286,13.558036,15.924107
dmd,257,1,contiguous,vector16store,6,99.265,2.272,1.877037,1.838335,1.881188,4.520089,4.508929,4.611607
dmd,257,1,contiguous,cpp-approved-execution,6,21.961,0.000,8.482143,8.473214,8.495536,1.000000,1.000000,1.000000
dmd,257,1,negative-both,original,6,186.765,1.050,1.000000,1.000000,1.000000,8.410549,8.378855,8.440529
dmd,257,1,negative-both,vector16safe,6,303.431,16.931,0.616470,0.535243,0.630020,13.646339,13.383260,15.756637
dmd,257,1,negative-both,vector16store,6,99.363,1.085,1.877653,1.853372,1.893281,4.464758,4.458150,4.526549
dmd,257,1,negative-both,cpp-approved-execution,6,22.255,0.441,8.410549,8.378855,8.440529,1.000000,1.000000,1.000000
dmd,257,1,negative-source,original,6,186.422,1.052,1.000000,1.000000,1.000000,8.385463,8.365639,8.453744
dmd,257,1,negative-source,vector16safe,6,298.824,0.984,0.624856,0.619374,0.627740,13.445948,13.374449,13.506608
dmd,257,1,negative-source,vector16store,6,99.069,0.396,1.882615,1.876604,1.898121,4.451542,4.444934,4.482301
dmd,257,1,negative-source,cpp-approved-execution,6,22.255,0.441,8.385463,8.365639,8.453744,1.000000,1.000000,1.000000
dmd,257,1,padded,original,6,186.422,0.368,1.000000,1.000000,1.000000,8.372247,7.235741,8.400881
dmd,257,1,padded,vector16safe,6,300.539,4.208,0.620298,0.601456,0.629373,13.471366,11.619772,13.916300
dmd,257,1,padded,vector16store,6,99.069,0.891,1.882179,1.869223,1.891865,4.449339,3.840304,4.480176
dmd,257,1,padded,cpp-approved-execution,6,22.255,15.859,8.372247,7.235741,8.400881,1.000000,1.000000,1.000000
dmd,257,1,repeated-source,original,6,186.912,20.876,1.000000,1.000000,1.000000,8.417303,8.374449,10.127753
dmd,257,1,repeated-source,vector16safe,6,305.098,4.852,0.624294,0.596673,0.752224,13.709251,13.370044,14.035242
dmd,257,1,repeated-source,vector16store,6,99.216,1.482,1.884327,1.855610,2.269497,4.458150,4.449339,4.515419
dmd,257,1,repeated-source,cpp-approved-execution,6,22.255,0.441,8.417303,8.374449,10.127753,1.000000,1.000000,1.000000
dmd,257,1,universal,original,6,2279.608,7.574,1.000000,1.000000,1.000000,15.936941,15.820425,17.015753
dmd,257,1,universal,vector16safe,6,2281.765,3.553,1.002487,0.998370,1.040545,15.952013,15.797121,16.352740
dmd,257,1,universal,vector16store,6,2291.765,6.425,1.006233,0.980534,1.018524,16.027402,15.712620,16.719863
dmd,257,1,universal,cpp-approved-execution,6,143.039,0.137,15.936941,15.820425,17.015753,1.000000,1.000000,1.000000
dmd,257,17,contiguous,original,6,2436.667,1.094,1.000000,1.000000,1.000000,6.924171,6.623318,6.933649
dmd,257,17,contiguous,vector16safe,6,4365.000,0.916,0.559557,0.556105,0.561384,12.374408,11.798206,12.431280
dmd,257,17,contiguous,vector16store,6,865.000,5.588,2.815992,2.700183,2.820463,2.459716,2.452915,2.514151
dmd,257,17,contiguous,cpp-approved-execution,6,351.667,5.687,6.924171,6.623318,6.933649,1.000000,1.000000,1.000000
dmd,257,17,negative-both,original,6,2507.500,0.931,1.000000,1.000000,1.000000,6.988383,6.958525,7.037559
dmd,257,17,negative-both,vector16safe,6,4402.500,1.325,0.569886,0.564103,0.571919,12.254699,12.226852,12.392523
dmd,257,17,negative-both,vector16store,6,949.167,1.229,2.642921,2.628272,2.653779,2.648011,2.622120,2.661972
dmd,257,17,negative-both,cpp-approved-execution,6,359.167,1.856,6.988383,6.958525,7.037559,1.000000,1.000000,1.000000
dmd,257,17,negative-source,original,6,2505.833,0.732,1.000000,1.000000,1.000000,6.967560,6.904110,7.013953
dmd,257,17,negative-source,vector16safe,6,4414.167,5.890,0.569408,0.540288,0.572027,12.281395,12.077626,12.811060
dmd,257,17,negative-source,vector16store,6,946.667,0.528,2.652827,2.639719,2.657293,2.627339,2.598174,2.641860
dmd,257,17,negative-source,cpp-approved-execution,6,359.167,1.856,6.967560,6.904110,7.013953,1.000000,1.000000,1.000000
dmd,257,17,padded,original,6,2507.500,0.864,1.000000,1.000000,1.000000,7.000054,6.930876,7.037209
dmd,257,17,padded,vector16safe,6,4408.333,1.664,0.569357,0.564304,0.573008,12.241408,12.152074,12.462617
dmd,257,17,padded,vector16store,6,946.667,0.704,2.649648,2.640845,2.677876,2.634047,2.617512,2.654206
dmd,257,17,padded,cpp-approved-execution,6,358.333,1.395,7.000054,6.930876,7.037209,1.000000,1.000000,1.000000
dmd,257,17,repeated-source,original,6,2500.000,14.933,1.000000,1.000000,1.000000,7.042254,6.958140,8.000000
dmd,257,17,repeated-source,vector16safe,6,4376.667,1.409,0.571865,0.565611,0.648323,12.316901,12.166667,12.450704
dmd,257,17,repeated-source,vector16store,6,938.333,0.355,2.664596,2.657194,3.049645,2.630877,2.611111,2.643192
dmd,257,17,repeated-source,cpp-approved-execution,6,356.667,1.402,7.042254,6.958140,8.000000,1.000000,1.000000,1.000000
dmd,257,17,universal,original,6,36557.500,1.559,1.000000,1.000000,1.000000,14.810601,14.703779,15.025798
dmd,257,17,universal,vector16safe,6,36518.333,2.647,1.001073,0.973293,1.009124,14.801302,14.737517,15.118839
dmd,257,17,universal,vector16store,6,36670.833,3.391,0.995997,0.963056,1.002742,14.891389,14.775827,15.279541
dmd,257,17,universal,cpp-approved-execution,6,2468.333,0.608,14.810601,14.703779,15.025798,1.000000,1.000000,1.000000
dmd,257,128,contiguous,original,6,18050.000,0.900,1.000000,1.000000,1.000000,6.761156,6.742991,6.803738
dmd,257,128,contiguous,vector16safe,6,32468.750,0.462,0.556048,0.553510,0.560000,12.165888,12.135514,12.187793
dmd,257,128,contiguous,vector16store,6,6237.500,2.806,2.898645,2.829412,2.923695,2.334891,2.317757,2.394366
dmd,257,128,contiguous,cpp-approved-execution,6,2675.000,0.467,6.761156,6.742991,6.803738,1.000000,1.000000,1.000000
dmd,257,128,negative-both,original,6,18075.000,0.138,1.000000,1.000000,1.000000,6.370044,6.342105,6.398230
dmd,257,128,negative-both,vector16safe,6,32450.000,0.886,0.557097,0.554831,0.558994,11.436123,11.359649,11.500000
dmd,257,128,negative-both,vector16store,6,6356.250,0.983,2.842676,2.826172,2.850099,2.237885,2.232456,2.255507
dmd,257,128,negative-both,cpp-approved-execution,6,2837.500,0.881,6.370044,6.342105,6.398230,1.000000,1.000000,1.000000
dmd,257,128,negative-source,original,6,18087.500,0.346,1.000000,1.000000,1.000000,6.501131,6.455357,6.556561
dmd,257,128,negative-source,vector16safe,6,32537.500,5.801,0.555555,0.529993,0.559814,11.716216,11.531250,12.371041
dmd,257,128,negative-source,vector16store,6,6312.500,1.188,2.864223,2.841176,2.869307,2.267422,2.254464,2.307692
dmd,257,128,negative-source,cpp-approved-execution,6,2781.250,1.348,6.501131,6.455357,6.556561,1.000000,1.000000,1.000000
dmd,257,128,padded,original,6,18068.750,0.692,1.000000,1.000000,1.000000,6.600457,6.583710,6.633028
dmd,257,128,padded,vector16safe,6,32443.750,1.271,0.557137,0.554277,0.559861,11.851598,11.828054,11.904110
dmd,257,128,padded,vector16store,6,6287.500,0.596,2.872763,2.857708,2.875494,2.302072,2.289593,2.310502
dmd,257,128,padded,cpp-approved-execution,6,2737.500,1.370,6.600457,6.583710,6.633028,1.000000,1.000000,1.000000
dmd,257,128,repeated-source,original,6,18050.000,34.418,1.000000,1.000000,1.000000,6.654378,6.623853,8.899083
dmd,257,128,repeated-source,vector16safe,6,32481.250,5.349,0.555812,0.530297,0.750774,11.972350,11.853211,12.527778
dmd,257,128,repeated-source,vector16store,6,6275.000,0.797,2.875498,2.853755,3.864542,2.310352,2.302752,2.331797
dmd,257,128,repeated-source,cpp-approved-execution,6,2718.750,0.920,6.654378,6.623853,8.899083,1.000000,1.000000,1.000000
dmd,257,128,universal,original,6,273681.250,2.352,1.000000,1.000000,1.000000,14.848774,14.779512,15.170068
dmd,257,128,universal,vector16safe,6,273806.250,2.579,0.998558,0.983238,1.001506,14.873264,14.774763,15.199320
dmd,257,128,universal,vector16store,6,274412.500,4.706,0.995360,0.976357,1.001964,14.918805,14.794437,15.537415
dmd,257,128,universal,cpp-approved-execution,6,18400.000,0.543,14.848774,14.779512,15.170068,1.000000,1.000000,1.000000
dmd,511,1,contiguous,original,6,324.074,0.180,1.000000,1.000000,1.000000,7.626147,7.589041,7.633028
dmd,511,1,contiguous,vector16safe,6,543.762,8.747,0.595687,0.559180,0.608791,12.795872,12.465753,13.642202
dmd,511,1,contiguous,vector16store,6,149.123,0.261,2.173856,2.168407,2.178010,3.506881,3.497717,3.513761
dmd,511,1,contiguous,cpp-approved-execution,6,42.495,0.459,7.626147,7.589041,7.633028,1.000000,1.000000,1.000000
dmd,511,1,negative-both,original,6,324.269,8.777,1.000000,1.000000,1.000000,7.661290,7.628440,8.322581
dmd,511,1,negative-both,vector16safe,6,536.452,1.962,0.605608,0.594923,0.651515,12.682028,12.582569,12.889401
dmd,511,1,negative-both,vector16store,6,149.220,0.261,2.171785,2.164276,2.360784,3.525346,3.518349,3.534562
dmd,511,1,negative-both,cpp-approved-execution,6,42.300,0.461,7.661290,7.628440,8.322581,1.000000,1.000000,1.000000
dmd,511,1,negative-source,original,6,323.977,0.542,1.000000,1.000000,1.000000,7.658986,7.619266,7.672811
dmd,511,1,negative-source,vector16safe,6,537.524,4.714,0.602559,0.581119,0.611722,12.678064,12.522936,13.147465
dmd,511,1,negative-source,vector16store,6,148.928,0.262,2.175393,2.168407,2.185864,3.517249,3.504587,3.525346
dmd,511,1,negative-source,cpp-approved-execution,6,42.398,0.460,7.658986,7.619266,7.672811,1.000000,1.000000,1.000000
dmd,511,1,padded,original,6,324.366,1.983,1.000000,1.000000,1.000000,7.644562,5.557377,7.668203
dmd,511,1,padded,vector16safe,6,541.520,5.724,0.603843,0.575035,0.608855,12.672811,9.144262,13.205479
dmd,511,1,padded,vector16store,6,149.025,13.865,2.178129,1.950518,2.184314,3.504640,2.849180,3.520737
dmd,511,1,padded,cpp-approved-execution,6,42.495,40.367,7.644562,5.557377,7.668203,1.000000,1.000000,1.000000
dmd,511,1,repeated-source,original,6,324.464,0.721,1.000000,1.000000,1.000000,7.661290,7.559091,7.709677
dmd,511,1,repeated-source,vector16safe,6,539.279,5.747,0.602927,0.576923,0.610194,12.680643,12.563636,13.299539
dmd,511,1,repeated-source,vector16store,6,149.025,0.392,2.176586,2.171242,2.192661,3.518433,3.472727,3.529954
dmd,511,1,repeated-source,cpp-approved-execution,6,42.300,1.382,7.661290,7.559091,7.709677,1.000000,1.000000,1.000000
dmd,511,1,universal,original,6,4400.000,4.523,1.000000,1.000000,1.000000,15.460274,15.245722,15.944559
dmd,511,1,universal,vector16safe,6,4353.996,4.656,1.005996,1.000716,1.015469,15.293395,15.169747,15.881588
dmd,511,1,universal,vector16store,6,4434.405,5.477,0.997373,0.968940,1.006078,15.575808,15.203970,16.056810
dmd,511,1,universal,cpp-approved-execution,6,284.795,0.068,15.460274,15.245722,15.944559,1.000000,1.000000,1.000000
dmd,511,17,contiguous,original,6,4860.000,0.343,1.000000,1.000000,1.000000,6.681978,6.640909,6.750000
dmd,511,17,contiguous,vector16safe,6,8450.000,1.302,0.575294,0.571093,0.579302,11.643836,11.463636,11.764977
dmd,511,17,contiguous,vector16store,6,1740.000,1.149,2.793103,2.772296,2.798464,2.399562,2.378995,2.416667
dmd,511,17,contiguous,cpp-approved-execution,6,728.333,1.831,6.681978,6.640909,6.750000,1.000000,1.000000,1.000000
dmd,511,17,negative-both,original,6,4945.000,0.270,1.000000,1.000000,1.000000,6.310638,6.283898,6.346154
dmd,511,17,negative-both,vector16safe,6,8551.667,6.548,0.578251,0.545890,0.582711,10.933833,10.783898,11.544681
dmd,511,17,negative-both,vector16store,6,1835.000,3.270,2.692099,2.621908,2.704918,2.343290,2.331915,2.408511
dmd,511,17,negative-both,cpp-approved-execution,6,783.333,0.851,6.310638,6.283898,6.346154,1.000000,1.000000,1.000000
dmd,511,17,negative-source,original,6,4948.333,20.276,1.000000,1.000000,1.000000,6.443478,6.428571,7.718615
dmd,511,17,negative-source,vector16safe,6,8576.667,5.402,0.579833,0.551544,0.690283,11.154228,11.095238,11.682609
dmd,511,17,negative-source,vector16store,6,1833.333,6.182,2.697273,2.548885,3.241818,2.391304,2.380952,2.523810
dmd,511,17,negative-source,cpp-approved-execution,6,768.333,0.868,6.443478,6.428571,7.718615,1.000000,1.000000,1.000000
dmd,511,17,padded,original,6,4938.333,14.175,1.000000,1.000000,1.000000,6.643498,6.632287,7.712329
dmd,511,17,padded,vector16safe,6,8538.333,5.934,0.580546,0.548184,0.640987,11.564849,11.417040,12.098655
dmd,511,17,padded,vector16store,6,1821.667,0.366,2.709589,2.707495,3.093407,2.452915,2.448430,2.493151
dmd,511,17,padded,cpp-approved-execution,6,743.333,1.794,6.643498,6.632287,7.712329,1.000000,1.000000,1.000000
dmd,511,17,repeated-source,original,6,4931.667,0.406,1.000000,1.000000,1.000000,6.771197,6.701357,6.837963
dmd,511,17,repeated-source,vector16safe,6,8561.667,6.852,0.575634,0.544886,0.583399,11.809456,11.660550,12.298643
dmd,511,17,repeated-source,vector16store,6,1818.333,0.550,2.716514,2.708791,2.720074,2.498869,2.466063,2.513889
dmd,511,17,repeated-source,cpp-approved-execution,6,728.333,2.288,6.771197,6.701357,6.837963,1.000000,1.000000,1.000000
dmd,511,17,universal,original,6,73305.000,2.874,1.000000,1.000000,1.000000,15.166552,15.053756,15.507947
dmd,511,17,universal,vector16safe,6,72978.333,5.216,0.998713,0.989850,1.042799,15.109521,14.871458,15.606749
dmd,511,17,universal,vector16store,6,72858.333,6.648,0.998543,0.968147,1.033339,15.084617,15.000000,15.956612
dmd,511,17,universal,cpp-approved-execution,6,4833.333,0.345,15.166552,15.053756,15.507947,1.000000,1.000000,1.000000
dmd,511,128,contiguous,original,6,36262.500,12.961,1.000000,1.000000,1.000000,6.851245,6.818824,7.753555
dmd,511,128,contiguous,vector16safe,6,65018.750,3.364,0.561160,0.543919,0.625024,12.282247,12.136471,12.536471
dmd,511,128,contiguous,vector16store,6,12737.500,2.355,2.847399,2.786538,3.220472,2.408283,2.390588,2.447059
dmd,511,128,contiguous,cpp-approved-execution,6,5293.750,0.708,6.851245,6.818824,7.753555,1.000000,1.000000,1.000000
dmd,511,128,negative-both,original,6,36462.500,23.037,1.000000,1.000000,1.000000,5.995906,5.948770,7.355967
dmd,511,128,negative-both,vector16safe,6,65106.250,2.784,0.565381,0.557947,0.686708,10.681045,10.445585,10.734568
dmd,511,128,negative-both,vector16store,6,12862.500,0.972,2.830418,2.796724,3.474247,2.117284,2.093686,2.131417
dmd,511,128,negative-both,cpp-approved-execution,6,6087.500,1.027,5.995906,5.948770,7.355967,1.000000,1.000000,1.000000
dmd,511,128,negative-source,original,6,36462.500,23.826,1.000000,1.000000,1.000000,6.107966,6.070981,7.509395
dmd,511,128,negative-source,vector16safe,6,65043.750,2.825,0.566235,0.557755,0.708489,10.776413,10.599165,10.951782
dmd,511,128,negative-source,vector16store,6,12831.250,1.461,2.847988,2.809662,3.499027,2.145094,2.102459,2.160752
dmd,511,128,negative-source,cpp-approved-execution,6,5987.500,2.296,6.107966,6.070981,7.509395,1.000000,1.000000,1.000000
dmd,511,128,padded,original,6,37375.000,28.763,1.000000,1.000000,1.000000,6.764706,6.550790,8.492099
dmd,511,128,padded,vector16safe,6,65125.000,1.689,0.575530,0.555322,0.713175,11.774008,11.733634,11.907449
dmd,511,128,padded,vector16store,6,12800.000,0.586,2.922549,2.832359,3.688235,2.314127,2.302483,2.321267
dmd,511,128,padded,cpp-approved-execution,6,5531.250,0.226,6.764706,6.550790,8.492099,1.000000,1.000000,1.000000
dmd,511,128,repeated-source,original,6,36312.500,36.110,1.000000,1.000000,1.000000,6.520771,6.501119,8.900901
dmd,511,128,repeated-source,vector16safe,6,65093.750,18.166,0.564606,0.482959,0.757814,11.702344,11.365471,13.516854
dmd,511,128,repeated-source,vector16store,6,12775.000,33.757,2.840533,2.131328,3.882122,2.299216,2.284753,3.062921
dmd,511,128,repeated-source,cpp-approved-execution,6,5568.750,0.898,6.520771,6.501119,8.900901,1.000000,1.000000,1.000000
dmd,511,128,universal,original,6,550168.750,5.092,1.000000,1.000000,1.000000,15.099000,14.243879,15.440456
dmd,511,128,universal,vector16safe,6,560275.000,7.958,0.975595,0.962702,1.005749,15.217963,14.730330,16.038661
dmd,511,128,universal,vector16store,6,560662.500,5.014,0.991918,0.955606,1.003654,15.138669,14.467842,15.850983
dmd,511,128,universal,cpp-approved-execution,6,36237.500,6.761,15.099000,14.243879,15.440456,1.000000,1.000000,1.000000
dmd,512,1,contiguous,original,6,324.609,0.421,1.000000,1.000000,1.000000,8.109756,7.315789,8.147059
dmd,512,1,contiguous,vector16safe,6,556.445,19.235,0.583363,0.502420,0.602611,13.750263,12.622807,16.205882
dmd,512,1,contiguous,vector16store,6,144.629,0.945,2.245105,2.235925,2.248985,3.609756,3.271930,3.632353
dmd,512,1,contiguous,cpp-approved-execution,6,40.039,11.707,8.109756,7.315789,8.147059,1.000000,1.000000,1.000000
dmd,512,1,negative-both,original,6,324.121,0.422,1.000000,1.000000,1.000000,8.169951,8.132353,8.201970
dmd,512,1,negative-both,vector16safe,6,542.480,4.212,0.597305,0.577043,0.603698,13.648616,13.586207,14.093137
dmd,512,1,negative-both,vector16store,6,144.336,0.135,2.244926,2.240541,2.253045,3.640394,3.622549,3.645320
dmd,512,1,negative-both,cpp-approved-execution,6,39.648,0.493,8.169951,8.132353,8.201970,1.000000,1.000000,1.000000
dmd,512,1,negative-source,original,6,324.707,0.602,1.000000,1.000000,1.000000,8.149510,8.097561,8.186275
dmd,512,1,negative-source,vector16safe,6,557.129,16.056,0.583871,0.515949,0.600866,13.949378,13.583333,15.828431
dmd,512,1,negative-source,vector16store,6,144.531,0.270,2.246622,2.237197,2.256757,3.627451,3.614634,3.637255
dmd,512,1,negative-source,cpp-approved-execution,6,39.844,0.490,8.149510,8.097561,8.186275,1.000000,1.000000,1.000000
dmd,512,1,padded,original,6,324.219,0.181,1.000000,1.000000,1.000000,8.114957,7.443946,8.177340
dmd,512,1,padded,vector16safe,6,552.734,9.859,0.586618,0.545784,0.602104,13.839012,12.363229,14.809756
dmd,512,1,padded,vector16store,6,144.531,0.270,2.243243,2.239189,2.246279,3.618592,3.318386,3.645320
dmd,512,1,padded,cpp-approved-execution,6,39.941,9.780,8.114957,7.443946,8.177340,1.000000,1.000000,1.000000
dmd,512,1,repeated-source,original,6,324.512,0.361,1.000000,1.000000,1.000000,8.046046,8.009662,8.077670
dmd,512,1,repeated-source,vector16safe,6,540.527,0.903,0.599819,0.597701,0.602392,13.400485,13.367150,13.514563
dmd,512,1,repeated-source,vector16store,6,144.531,0.270,2.244595,2.240541,2.248985,3.583556,3.570048,3.597087
dmd,512,1,repeated-source,cpp-approved-execution,6,40.332,0.484,8.046046,8.009662,8.077670,1.000000,1.000000,1.000000
dmd,512,1,universal,original,6,4511.523,7.533,1.000000,1.000000,1.000000,15.777747,15.311005,16.522930
dmd,512,1,universal,vector16safe,6,4465.137,5.525,1.005968,1.003629,1.036496,15.637349,15.255639,16.096928
dmd,512,1,universal,vector16store,6,4506.934,5.387,1.001638,0.969698,1.053321,15.783449,15.293917,16.121502
dmd,512,1,universal,cpp-approved-execution,6,285.645,0.274,15.777747,15.311005,16.522930,1.000000,1.000000,1.000000
dmd,512,17,contiguous,original,6,4871.667,0.411,1.000000,1.000000,1.000000,6.748293,6.615385,6.795349
dmd,512,17,contiguous,vector16safe,6,8363.333,10.562,0.582305,0.528752,0.585697,11.638168,11.312217,12.741935
dmd,512,17,contiguous,vector16store,6,1660.000,4.217,2.936684,2.833333,2.951515,2.301626,2.253394,2.377880
dmd,512,17,contiguous,cpp-approved-execution,6,721.667,2.771,6.748293,6.615385,6.795349,1.000000,1.000000,1.000000
dmd,512,17,negative-both,original,6,4960.000,2.218,1.000000,1.000000,1.000000,6.208778,6.144628,6.351464
dmd,512,17,negative-both,vector16safe,6,8875.000,9.390,0.560182,0.533932,0.591321,11.117155,10.696203,11.556017
dmd,512,17,negative-both,vector16store,6,1766.667,0.943,2.810967,2.805660,2.848030,2.208769,2.190083,2.236287
dmd,512,17,negative-both,cpp-approved-execution,6,798.333,2.088,6.208778,6.144628,6.351464,1.000000,1.000000,1.000000
dmd,512,17,negative-source,original,6,4958.333,0.269,1.000000,1.000000,1.000000,6.471739,6.354701,6.604444
dmd,512,17,negative-source,vector16safe,6,8880.000,9.197,0.558750,0.531877,0.583431,11.582609,11.316239,12.408889
dmd,512,17,negative-source,vector16store,6,1755.000,0.570,2.822413,2.818182,2.834286,2.295652,2.252137,2.337778
dmd,512,17,negative-source,cpp-approved-execution,6,766.667,3.913,6.471739,6.354701,6.604444,1.000000,1.000000,1.000000
dmd,512,17,padded,original,6,4945.000,0.202,1.000000,1.000000,1.000000,6.682432,6.654709,6.834101
dmd,512,17,padded,vector16safe,6,8826.667,14.086,0.560045,0.509797,0.585962,11.979649,11.475113,13.103604
dmd,512,17,padded,vector16store,6,1741.667,3.636,2.839255,2.751852,2.848369,2.348311,2.346847,2.443439
dmd,512,17,padded,cpp-approved-execution,6,740.000,2.703,6.682432,6.654709,6.834101,1.000000,1.000000,1.000000
dmd,512,17,repeated-source,original,6,4945.000,0.202,1.000000,1.000000,1.000000,6.743290,6.513158,6.861111
dmd,512,17,repeated-source,vector16safe,6,8858.333,10.649,0.558232,0.527590,0.586698,12.024968,11.635965,12.826484
dmd,512,17,repeated-source,vector16store,6,1738.333,0.575,2.844694,2.839080,2.850288,2.370514,2.293860,2.416667
dmd,512,17,repeated-source,cpp-approved-execution,6,733.333,5.455,6.743290,6.513158,6.861111,1.000000,1.000000,1.000000
dmd,512,17,universal,original,6,74721.667,9.212,1.000000,1.000000,1.000000,15.448982,14.993084,16.387164
dmd,512,17,universal,vector16safe,6,74200.000,5.162,1.004050,0.980792,1.045252,15.340872,15.047026,15.765313
dmd,512,17,universal,vector16store,6,76428.333,7.785,0.991910,0.966301,1.008692,15.784584,15.085062,16.285714
dmd,512,17,universal,cpp-approved-execution,6,4836.667,0.551,15.448982,14.993084,16.387164,1.000000,1.000000,1.000000
dmd,512,128,contiguous,original,6,36400.000,31.971,1.000000,1.000000,1.000000,6.859688,6.819672,9.004695
dmd,512,128,contiguous,vector16safe,6,64718.750,10.043,0.566913,0.528686,0.769046,12.168384,11.708920,12.973995
dmd,512,128,contiguous,vector16store,6,12068.750,5.489,3.017630,3.007246,3.775591,2.275943,2.255269,2.384977
dmd,512,128,contiguous,cpp-approved-execution,6,5306.250,0.942,6.859688,6.819672,9.004695,1.000000,1.000000,1.000000
dmd,512,128,negative-both,original,6,39262.500,19.675,1.000000,1.000000,1.000000,6.573188,6.051975,7.398323
dmd,512,128,negative-both,vector16safe,6,67593.750,11.207,0.587280,0.508891,0.671168,11.253983,10.777311,11.950000
dmd,512,128,negative-both,vector16store,6,12375.000,1.212,3.175533,2.935614,3.590031,2.062436,2.041580,2.086134
dmd,512,128,negative-both,cpp-approved-execution,6,5993.750,1.251,6.573188,6.051975,7.398323,1.000000,1.000000,1.000000
dmd,512,128,negative-source,original,6,38137.500,44.608,1.000000,1.000000,1.000000,6.561839,6.240343,9.141328
dmd,512,128,negative-source,vector16safe,6,67950.000,9.584,0.558392,0.534558,0.754507,11.665236,10.976496,12.115632
dmd,512,128,negative-source,vector16store,6,12262.500,1.019,3.107170,2.978528,4.342828,2.101819,2.090129,2.112069
dmd,512,128,negative-source,cpp-approved-execution,6,5825.000,0.858,6.561839,6.240343,9.141328,1.000000,1.000000,1.000000
dmd,512,128,padded,original,6,36381.250,14.774,1.000000,1.000000,1.000000,6.775324,6.762791,7.762791
dmd,512,128,padded,vector16safe,6,67262.500,9.329,0.547902,0.518077,0.619525,12.513953,11.918415,13.058140
dmd,512,128,padded,vector16store,6,12112.500,1.238,3.007760,2.992813,3.420082,2.256112,2.241860,2.269767
dmd,512,128,padded,cpp-approved-execution,6,5375.000,0.233,6.775324,6.762791,7.762791,1.000000,1.000000,1.000000
dmd,512,128,repeated-source,original,6,37862.500,33.774,1.000000,1.000000,1.000000,7.012228,6.714286,9.113426
dmd,512,128,repeated-source,vector16safe,6,67643.750,9.332,0.548140,0.517125,0.729885,12.485550,11.863741,13.090487
dmd,512,128,repeated-source,vector16store,6,12081.250,0.621,3.135611,2.997942,4.075569,2.236993,2.225806,2.241299
dmd,512,128,repeated-source,cpp-approved-execution,6,5412.500,0.693,7.012228,6.714286,9.113426,1.000000,1.000000,1.000000
dmd,512,128,universal,original,6,550543.750,5.862,1.000000,1.000000,1.000000,15.045408,14.554391,15.930369
dmd,512,128,universal,vector16safe,6,551975.000,7.394,1.002974,0.978420,1.005023,15.070412,14.481651,16.131334
dmd,512,128,universal,vector16store,6,549275.000,7.301,0.999169,0.984984,1.014619,15.108096,14.344692,16.149604
dmd,512,128,universal,cpp-approved-execution,6,36337.500,5.194,15.045408,14.554391,15.930369,1.000000,1.000000,1.000000
dmd,513,1,contiguous,original,6,325.440,0.661,1.000000,1.000000,1.000000,8.038647,7.260870,8.102439
dmd,513,1,contiguous,vector16safe,6,542.759,11.105,0.598631,0.543089,0.601373,13.431101,13.367150,14.700483
dmd,513,1,contiguous,vector16store,6,144.423,1.084,2.249322,2.241611,2.257802,3.570048,3.239130,3.600000
dmd,513,1,contiguous,cpp-approved-execution,6,40.509,12.077,8.038647,7.260870,8.102439,1.000000,1.000000,1.000000
dmd,513,1,negative-both,original,6,325.538,2.164,1.000000,1.000000,1.000000,8.070388,7.779817,8.097561
dmd,513,1,negative-both,vector16safe,6,543.346,8.392,0.601486,0.556856,0.608540,13.437982,12.784404,14.514563
dmd,513,1,negative-both,vector16store,6,144.618,4.871,2.251015,2.191214,2.253045,3.584951,3.550459,3.600000
dmd,513,1,negative-both,cpp-approved-execution,6,40.313,6.311,8.070388,7.779817,8.097561,1.000000,1.000000,1.000000
dmd,513,1,negative-source,original,6,325.734,0.360,1.000000,1.000000,1.000000,8.070388,8.048309,8.092233
dmd,513,1,negative-source,vector16safe,6,543.542,9.433,0.599351,0.551838,0.603192,13.483010,13.383495,14.584541
dmd,513,1,negative-source,vector16store,6,144.716,0.406,2.250168,2.241565,2.257453,3.587379,3.574879,3.597087
dmd,513,1,negative-source,cpp-approved-execution,6,40.313,0.485,8.070388,8.048309,8.092233,1.000000,1.000000,1.000000
dmd,513,1,padded,original,6,325.538,0.361,1.000000,1.000000,1.000000,8.075243,8.024155,8.126829
dmd,513,1,padded,vector16safe,6,540.998,0.615,0.601810,0.598630,0.603411,13.429612,13.333333,13.482927
dmd,513,1,padded,vector16store,6,144.618,0.406,2.251691,2.240216,2.254398,3.587379,3.579710,3.604878
dmd,513,1,padded,cpp-approved-execution,6,40.313,0.971,8.075243,8.024155,8.126829,1.000000,1.000000,1.000000
dmd,513,1,repeated-source,original,6,325.342,18.406,1.000000,1.000000,1.000000,7.923868,7.515837,7.995192
dmd,513,1,repeated-source,vector16safe,6,543.640,5.400,0.598883,0.582022,0.677464,13.099905,11.654618,13.370192
dmd,513,1,repeated-source,vector16store,6,144.814,45.676,2.245946,1.827138,2.252033,3.541993,3.352941,4.321285
dmd,513,1,repeated-source,cpp-approved-execution,6,42.074,19.070,7.923868,7.515837,7.995192,1.000000,1.000000,1.000000
dmd,513,1,universal,original,6,4437.182,7.480,1.000000,1.000000,1.000000,15.519507,15.249829,16.410678
dmd,513,1,universal,vector16safe,6,4466.438,7.970,0.993488,0.969180,1.034295,15.621834,15.366872,16.623288
dmd,513,1,universal,vector16store,6,4466.145,9.434,0.997632,0.977615,1.013093,15.615551,15.312799,16.786448
dmd,513,1,universal,cpp-approved-execution,6,285.910,0.137,15.519507,15.249829,16.410678,1.000000,1.000000,1.000000
dmd,513,17,contiguous,original,6,4881.667,0.410,1.000000,1.000000,1.000000,6.740234,6.698630,6.773148
dmd,513,17,contiguous,vector16safe,6,8780.000,5.733,0.556154,0.541667,0.571261,12.106234,11.849315,12.440367
dmd,513,17,contiguous,vector16store,6,1653.333,4.032,2.949597,2.842718,2.967677,2.282127,2.270642,2.373272
dmd,513,17,contiguous,cpp-approved-execution,6,725.000,1.379,6.740234,6.698630,6.773148,1.000000,1.000000,1.000000
dmd,513,17,negative-both,original,6,4965.000,0.739,1.000000,1.000000,1.000000,6.620141,6.559471,6.696429
dmd,513,17,negative-both,vector16safe,6,8731.667,8.933,0.568429,0.525388,0.572636,11.606708,11.530973,12.717489
dmd,513,17,negative-both,vector16store,6,1743.333,1.147,2.847036,2.840909,2.852490,2.326723,2.303965,2.357143
dmd,513,17,negative-both,cpp-approved-execution,6,750.000,1.778,6.620141,6.559471,6.696429,1.000000,1.000000,1.000000
dmd,513,17,negative-source,original,6,4965.000,29.070,1.000000,1.000000,1.000000,6.795455,6.763636,8.852535
dmd,513,17,negative-source,vector16safe,6,8908.333,11.300,0.557450,0.513458,0.739985,12.192930,11.850000,13.293578
dmd,513,17,negative-source,vector16store,6,1746.667,0.763,2.849762,2.839695,3.652091,2.381818,2.377273,2.423963
dmd,513,17,negative-source,cpp-approved-execution,6,733.333,1.364,6.795455,6.763636,8.852535,1.000000,1.000000,1.000000
dmd,513,17,padded,original,6,4955.000,0.269,1.000000,1.000000,1.000000,6.969571,6.916279,7.042654
dmd,513,17,padded,vector16safe,6,8870.000,15.182,0.558551,0.494852,0.570387,12.485915,12.125581,14.070093
dmd,513,17,padded,vector16store,6,1741.667,0.766,2.846085,2.841300,2.857692,2.449651,2.429907,2.469194
dmd,513,17,padded,cpp-approved-execution,6,711.667,1.874,6.969571,6.916279,7.042654,1.000000,1.000000,1.000000
dmd,513,17,repeated-source,original,6,4955.000,0.471,1.000000,1.000000,1.000000,6.962551,6.907407,7.149038
dmd,513,17,repeated-source,vector16safe,6,8713.333,1.760,0.569790,0.562713,0.573081,12.261372,12.129630,12.524038
dmd,513,17,repeated-source,vector16store,6,1735.000,3.074,2.854950,2.781308,2.874759,2.457602,2.402778,2.500000
dmd,513,17,repeated-source,cpp-approved-execution,6,711.667,3.747,6.962551,6.907407,7.149038,1.000000,1.000000,1.000000
dmd,513,17,universal,original,6,73258.333,7.844,1.000000,1.000000,1.000000,15.037748,14.991730,16.142265
dmd,513,17,universal,vector16safe,6,74915.000,6.803,1.003932,0.947142,1.048961,15.172428,14.908916,15.828394
dmd,513,17,universal,vector16store,6,74100.000,7.773,1.001135,0.982739,1.027980,15.038546,14.649134,16.162983
dmd,513,17,universal,cpp-approved-execution,6,4846.667,7.634,15.037748,14.991730,16.142265,1.000000,1.000000,1.000000
dmd,513,128,contiguous,original,6,38787.500,32.710,1.000000,1.000000,1.000000,7.284038,6.860849,9.211268
dmd,513,128,contiguous,vector16safe,6,65468.750,3.475,0.589548,0.554306,0.748141,12.294601,12.066038,12.436620
dmd,513,128,contiguous,vector16store,6,12106.250,1.962,3.197266,2.962322,4.053719,2.277654,2.271226,2.316038
dmd,513,128,contiguous,cpp-approved-execution,6,5312.500,0.471,7.284038,6.860849,9.211268,1.000000,1.000000,1.000000
dmd,513,128,negative-both,original,6,36618.750,29.357,1.000000,1.000000,1.000000,6.238806,6.190275,7.901674
dmd,513,128,negative-both,vector16safe,6,66225.000,5.153,0.560913,0.549343,0.695068,11.271484,11.004264,11.368201
dmd,513,128,negative-both,vector16store,6,12343.750,2.937,2.967568,2.893281,3.792169,2.100214,2.083682,2.139535
dmd,513,128,negative-both,cpp-approved-execution,6,5868.750,2.130,6.238806,6.190275,7.901674,1.000000,1.000000,1.000000
dmd,513,128,negative-source,original,6,38756.250,49.347,1.000000,1.000000,1.000000,6.776368,6.207627,9.680435
dmd,513,128,negative-source,vector16safe,6,66625.000,3.583,0.586487,0.535041,0.817364,11.582249,11.237288,12.010989
dmd,513,128,negative-source,vector16store,6,12318.750,1.725,3.152083,2.941767,4.530010,2.144724,2.110169,2.151648
dmd,513,128,negative-source,cpp-approved-execution,6,5743.750,3.700,6.776368,6.207627,9.680435,1.000000,1.000000,1.000000
dmd,513,128,padded,original,6,36475.000,11.995,1.000000,1.000000,1.000000,6.871612,6.854118,7.677647
dmd,513,128,padded,vector16safe,6,66187.500,6.912,0.550974,0.526316,0.577216,12.473493,12.440000,13.301176
dmd,513,128,padded,vector16store,6,12168.750,0.514,2.997432,2.984631,3.346667,2.291765,2.284706,2.301887
dmd,513,128,padded,cpp-approved-execution,6,5312.500,0.471,6.871612,6.854118,7.677647,1.000000,1.000000,1.000000
dmd,513,128,repeated-source,original,6,42818.750,37.133,1.000000,1.000000,1.000000,8.051900,6.801402,9.842353
dmd,513,128,repeated-source,vector16safe,6,66237.500,3.831,0.647527,0.548624,0.789096,12.434783,12.359155,12.805621
dmd,513,128,repeated-source,vector16store,6,12137.500,0.927,3.527806,2.973442,4.307930,2.282868,2.276995,2.287383
dmd,513,128,repeated-source,cpp-approved-execution,6,5325.000,0.704,8.051900,6.801402,9.842353,1.000000,1.000000,1.000000
dmd,513,128,universal,original,6,561125.000,13.286,1.000000,1.000000,1.000000,14.943479,14.614258,16.819373
dmd,513,128,universal,vector16safe,6,557025.000,10.478,1.007361,1.002145,1.075802,14.779310,13.857443,16.577732
dmd,513,128,universal,vector16store,6,568893.750,7.231,1.001889,0.956128,1.077646,15.124252,13.833733,15.695622
dmd,513,128,universal,cpp-approved-execution,6,37212.500,14.478,14.943479,14.614258,16.819373,1.000000,1.000000,1.000000
dmd,2048,1,contiguous,original,6,1160.938,0.135,1.000000,1.000000,1.000000,6.960215,6.546256,7.009434
dmd,2048,1,contiguous,vector16safe,6,2003.125,22.543,0.579368,0.473567,0.580016,12.030516,11.863436,14.672897
dmd,2048,1,contiguous,vector16store,6,421.484,4.449,2.755331,2.644128,2.760223,2.530516,2.374449,2.626168
dmd,2048,1,contiguous,cpp-approved-execution,6,166.797,7.026,6.960215,6.546256,7.009434,1.000000,1.000000,1.000000
dmd,2048,1,negative-both,original,6,1161.328,0.135,1.000000,1.000000,1.000000,7.009434,6.331915,7.014151
dmd,2048,1,negative-both,vector16safe,6,2004.688,6.041,0.579306,0.547461,0.580179,12.091981,11.565957,12.117925
dmd,2048,1,negative-both,vector16store,6,421.484,3.707,2.754405,2.660107,2.758813,2.542453,2.302128,2.636792
dmd,2048,1,negative-both,cpp-approved-execution,6,165.625,10.849,7.009434,6.331915,7.014151,1.000000,1.000000,1.000000
dmd,2048,1,negative-source,original,6,1161.328,27.111,1.000000,1.000000,1.000000,7.096447,7.009434,8.321586
dmd,2048,1,negative-source,vector16safe,6,2060.938,10.500,0.579451,0.523776,0.701448,12.301898,11.863436,13.391509
dmd,2048,1,negative-source,vector16store,6,421.094,3.711,2.757885,2.658318,3.504638,2.544811,2.374449,2.636792
dmd,2048,1,negative-source,cpp-approved-execution,6,165.625,9.434,7.096447,7.009434,8.321586,1.000000,1.000000,1.000000
dmd,2048,1,padded,original,6,1160.547,0.135,1.000000,1.000000,1.000000,6.990621,6.541850,7.173913
dmd,2048,1,padded,vector16safe,6,2013.672,5.082,0.576546,0.551430,0.580016,12.158019,11.863436,12.376812
dmd,2048,1,padded,vector16store,6,421.094,4.082,2.757885,2.653571,2.760223,2.540094,2.370044,2.629108
dmd,2048,1,padded,cpp-approved-execution,6,166.016,9.412,6.990621,6.541850,7.173913,1.000000,1.000000,1.000000
dmd,2048,1,repeated-source,original,6,1161.328,0.135,1.000000,1.000000,1.000000,6.640625,6.546256,6.981221
dmd,2048,1,repeated-source,vector16safe,6,2049.609,6.327,0.566887,0.544689,0.580117,11.918325,11.450893,12.816901
dmd,2048,1,repeated-source,vector16store,6,421.484,4.449,2.755331,2.642984,2.756957,2.462054,2.374449,2.535211
dmd,2048,1,repeated-source,cpp-approved-execution,6,175.000,6.250,6.640625,6.546256,6.981221,1.000000,1.000000,1.000000
dmd,2048,1,universal,original,6,17389.062,3.769,1.000000,1.000000,1.000000,15.548686,15.209091,15.784766
dmd,2048,1,universal,vector16safe,6,17271.875,4.700,0.995943,0.987798,1.032018,15.454679,15.201399,15.916841
dmd,2048,1,universal,vector16store,6,17415.234,7.411,0.993869,0.957147,1.025742,15.582977,15.228671,16.361034
dmd,2048,1,universal,cpp-approved-execution,6,1117.578,0.140,15.548686,15.209091,15.784766,1.000000,1.000000,1.000000
dmd,2048,17,contiguous,original,6,19062.500,33.967,1.000000,1.000000,1.000000,6.758348,6.692982,9.030973
dmd,2048,17,contiguous,vector16safe,6,34112.500,10.407,0.573281,0.517839,0.705009,12.074126,11.662281,13.080000
dmd,2048,17,contiguous,vector16store,6,6337.500,5.128,3.008882,2.864662,4.025641,2.246126,2.219298,2.353982
dmd,2048,17,contiguous,cpp-approved-execution,6,2825.000,1.327,6.758348,6.692982,9.030973,1.000000,1.000000,1.000000
dmd,2048,17,negative-both,original,6,19131.250,23.260,1.000000,1.000000,1.000000,6.455696,6.432773,8.160173
dmd,2048,17,negative-both,vector16safe,6,35200.000,13.956,0.543324,0.498858,0.705464,11.892191,11.567100,12.932489
dmd,2048,17,negative-both,vector16store,6,6468.750,0.966,2.955557,2.947977,3.667315,2.187764,2.180672,2.225108
dmd,2048,17,negative-both,cpp-approved-execution,6,2962.500,2.954,6.455696,6.432773,8.160173,1.000000,1.000000,1.000000
dmd,2048,17,negative-source,original,6,19131.250,0.196,1.000000,1.000000,1.000000,6.681223,6.607759,6.694323
dmd,2048,17,negative-source,vector16safe,6,35081.250,9.015,0.545163,0.522883,0.573084,12.255459,11.530172,12.786026
dmd,2048,17,negative-source,vector16store,6,6450.000,1.357,2.968057,2.936660,2.982490,2.244541,2.232759,2.275109
dmd,2048,17,negative-source,cpp-approved-execution,6,2862.500,1.310,6.681223,6.607759,6.694323,1.000000,1.000000,1.000000
dmd,2048,17,padded,original,6,19125.000,34.837,1.000000,1.000000,1.000000,6.750575,6.706140,9.079295
dmd,2048,17,padded,vector16safe,6,35100.000,9.046,0.544807,0.523256,0.734236,12.364837,11.710526,12.938053
dmd,2048,17,padded,vector16store,6,6425.000,0.389,2.981487,2.974708,4.009728,2.264317,2.254386,2.265487
dmd,2048,17,padded,cpp-approved-execution,6,2837.500,0.881,6.750575,6.706140,9.079295,1.000000,1.000000,1.000000
dmd,2048,17,repeated-source,original,6,19143.750,0.326,1.000000,1.000000,1.000000,6.734089,6.701754,6.753304
dmd,2048,17,repeated-source,vector16safe,6,35062.500,4.884,0.546087,0.523598,0.549695,12.302632,12.277533,12.881057
dmd,2048,17,repeated-source,vector16store,6,6406.250,0.976,2.988295,2.961240,3.000000,2.253304,2.245614,2.263158
dmd,2048,17,repeated-source,cpp-approved-execution,6,2843.750,0.440,6.734089,6.701754,6.753304,1.000000,1.000000,1.000000
dmd,2048,17,universal,original,6,291250.000,6.704,1.000000,1.000000,1.000000,15.308804,15.200263,16.225870
dmd,2048,17,universal,vector16safe,6,291887.500,5.876,1.001827,0.947373,1.063431,15.337300,15.153745,16.044649
dmd,2048,17,universal,vector16store,6,290931.250,6.810,0.999170,0.946366,1.071593,15.292050,15.136662,16.188692
dmd,2048,17,universal,cpp-approved-execution,6,19025.000,0.131,15.308804,15.200263,16.225870,1.000000,1.000000,1.000000
dmd,2048,128,contiguous,original,6,202581.250,20.140,1.000000,1.000000,1.000000,9.444405,8.214577,10.082510
dmd,2048,128,contiguous,vector16safe,6,263275.000,7.169,0.782503,0.640597,0.817257,12.238234,11.859873,12.823324
dmd,2048,128,contiguous,vector16store,6,49568.750,16.316,4.007821,3.537032,4.476376,2.308232,2.203822,2.587449
dmd,2048,128,contiguous,cpp-approved-execution,6,21512.500,0.930,9.444405,8.214577,10.082510,1.000000,1.000000,1.000000
dmd,2048,128,negative-both,original,6,204100.000,14.392,1.000000,1.000000,1.000000,8.296258,7.714693,9.129276
dmd,2048,128,negative-both,vector16safe,6,275656.250,10.888,0.741876,0.699889,0.840679,11.186547,10.031890,11.917766
dmd,2048,128,negative-both,vector16store,6,50643.750,55.634,4.083936,2.937207,4.251200,2.022489,1.875416,3.108149
dmd,2048,128,negative-both,cpp-approved-execution,6,24787.500,6.959,8.296258,7.714693,9.129276,1.000000,1.000000,1.000000
dmd,2048,128,negative-source,original,6,205193.750,17.270,1.000000,1.000000,1.000000,8.470158,7.784533,9.281683
dmd,2048,128,negative-source,vector16safe,6,271331.250,7.237,0.765300,0.672255,0.800297,11.582979,10.593412,12.069792
dmd,2048,128,negative-source,vector16store,6,50650.000,4.788,4.042386,3.637179,4.271489,2.148879,1.984759,2.240149
dmd,2048,128,negative-source,cpp-approved-execution,6,23468.750,8.575,8.470158,7.784533,9.281683,1.000000,1.000000,1.000000
dmd,2048,128,padded,original,6,206037.500,20.075,1.000000,1.000000,1.000000,9.544419,8.500527,10.755915
dmd,2048,128,padded,vector16safe,6,269962.500,5.348,0.747103,0.707247,0.869362,12.422736,11.328240,13.068826
dmd,2048,128,padded,vector16store,6,48718.750,3.515,4.233666,4.011251,4.836533,2.222379,2.076396,2.289763
dmd,2048,128,padded,cpp-approved-execution,6,21675.000,9.977,9.544419,8.500527,10.755915,1.000000,1.000000,1.000000
dmd,2048,128,repeated-source,original,6,208637.500,12.006,1.000000,1.000000,1.000000,9.614860,8.946913,10.132523
dmd,2048,128,repeated-source,vector16safe,6,272743.750,10.009,0.763279,0.688524,0.811729,12.594210,12.448614,13.773202
dmd,2048,128,repeated-source,vector16store,6,49562.500,9.231,4.175999,3.960057,4.551769,2.293993,2.202656,2.402874
dmd,2048,128,repeated-source,cpp-approved-execution,6,21650.000,0.924,9.614860,8.946913,10.132523,1.000000,1.000000,1.000000
dmd,2048,128,universal,original,6,2309068.750,6.624,1.000000,1.000000,1.000000,15.207443,14.423749,15.763644
dmd,2048,128,universal,vector16safe,6,2282181.250,6.230,1.000499,0.976591,1.014321,15.259416,14.409445,15.541081
dmd,2048,128,universal,vector16store,6,2276168.750,9.919,1.006541,0.983152,1.025694,15.062361,14.670930,15.804768
dmd,2048,128,universal,cpp-approved-execution,6,148293.750,12.374,15.207443,14.423749,15.763644,1.000000,1.000000,1.000000
dmd,2048,512,contiguous,original,6,920300.000,6.873,1.000000,1.000000,1.000000,10.425350,9.657774,10.537032
dmd,2048,512,contiguous,vector16safe,6,1086087.500,6.790,0.843215,0.825357,0.855579,12.238516,11.545966,12.657891
dmd,2048,512,contiguous,vector16store,6,208125.000,32.859,4.342733,3.464057,4.692606,2.325214,2.226327,3.014361
dmd,2048,512,contiguous,cpp-approved-execution,6,88006.250,11.306,10.425350,9.657774,10.537032,1.000000,1.000000,1.000000
dmd,2048,512,negative-both,original,6,896300.000,3.357,1.000000,1.000000,1.000000,8.357007,7.724623,8.594565
dmd,2048,512,negative-both,vector16safe,6,1126275.000,5.271,0.802695,0.766667,0.812858,10.538085,9.676272,11.079834
dmd,2048,512,negative-both,vector16store,6,248431.250,62.316,3.579135,2.528243,4.335688,2.231535,1.982284,3.388947
dmd,2048,512,negative-both,cpp-approved-execution,6,107631.250,9.384,8.357007,7.724623,8.594565,1.000000,1.000000,1.000000
dmd,2048,512,negative-source,original,6,907675.000,5.206,1.000000,1.000000,1.000000,9.166802,8.611749,9.346130
dmd,2048,512,negative-source,vector16safe,6,1123250.000,7.110,0.802783,0.771175,0.857568,11.309786,10.834401,11.840863
dmd,2048,512,negative-source,vector16store,6,203650.000,35.521,4.415267,3.435850,4.501822,2.052292,1.938475,2.720179
dmd,2048,512,negative-source,cpp-approved-execution,6,99406.250,4.741,9.166802,8.611749,9.346130,1.000000,1.000000,1.000000
dmd,2048,512,padded,original,6,894200.000,4.831,1.000000,1.000000,1.000000,10.091553,9.841054,10.435812
dmd,2048,512,padded,vector16safe,6,1110387.500,8.739,0.799241,0.778529,0.841722,12.583908,12.003347,13.063753
dmd,2048,512,padded,vector16store,6,218012.500,18.818,4.113438,3.681674,4.600576,2.425956,2.219125,2.715024
dmd,2048,512,padded,cpp-approved-execution,6,88856.250,5.078,10.091553,9.841054,10.435812,1.000000,1.000000,1.000000
dmd,2048,512,repeated-source,original,6,879925.000,7.728,1.000000,1.000000,1.000000,9.839042,9.468014,10.149237
dmd,2048,512,repeated-source,vector16safe,6,1108268.750,10.283,0.793094,0.755083,0.833410,12.433918,11.823407,12.765425
dmd,2048,512,repeated-source,vector16store,6,196112.500,56.906,4.442403,2.908563,4.635993,2.214946,2.175344,3.255220
dmd,2048,512,repeated-source,cpp-approved-execution,6,89156.250,6.800,9.839042,9.468014,10.149237,1.000000,1.000000,1.000000
dmd,2048,512,universal,original,6,9052075.000,4.034,1.000000,1.000000,1.000000,15.060195,14.849155,15.383517
dmd,2048,512,universal,vector16safe,6,9017325.000,4.523,1.006120,0.984258,1.029678,14.935107,14.656808,15.268966
dmd,2048,512,universal,vector16store,6,9085843.750,5.763,0.999954,0.990405,1.019615,15.064306,14.563497,15.315870
dmd,2048,512,universal,cpp-approved-execution,6,609050.000,4.653,15.060195,14.849155,15.383517,1.000000,1.000000,1.000000
ldc2,1,1,contiguous,original,6,18.237,0.669,1.000000,1.000000,1.000000,5.616541,5.601504,5.639098
ldc2,1,1,contiguous,vector16safe,6,18.396,1.593,0.992048,0.982917,0.995995,5.665414,5.631579,5.721805
ldc2,1,1,contiguous,vector16store,6,18.445,1.324,0.989407,0.982850,0.993369,5.680451,5.661654,5.736842
ldc2,1,1,contiguous,cpp-approved-execution,6,3.247,0.000,5.616541,5.601504,5.639098,1.000000,1.000000,1.000000
ldc2,1,1,negative-both,original,6,18.262,2.139,1.000000,1.000000,1.000000,4.825806,4.787097,4.890323
ldc2,1,1,negative-both,vector16safe,6,18.420,1.325,0.990709,0.988016,1.000000,4.867742,4.838710,4.903226
ldc2,1,1,negative-both,vector16store,6,18.481,1.321,0.986133,0.981481,0.998682,4.883871,4.851613,4.916129
ldc2,1,1,negative-both,cpp-approved-execution,6,3.784,0.000,4.825806,4.787097,4.890323,1.000000,1.000000,1.000000
ldc2,1,1,negative-source,original,6,18.420,2.651,1.000000,1.000000,1.000000,4.852089,4.825806,4.954839
ldc2,1,1,negative-source,vector16safe,6,18.640,2.227,0.990255,0.981627,0.992167,4.909988,4.890323,5.000000
ldc2,1,1,negative-source,vector16store,6,18.530,1.449,0.991461,0.985507,1.002639,4.896774,4.890323,4.961290
ldc2,1,1,negative-source,cpp-approved-execution,6,3.784,0.645,4.852089,4.825806,4.954839,1.000000,1.000000,1.000000
ldc2,1,1,padded,original,6,18.262,1.070,1.000000,1.000000,1.000000,4.825806,4.793548,4.845161
ldc2,1,1,padded,vector16safe,6,18.359,0.931,0.994695,0.989348,0.997326,4.851613,4.825806,4.870968
ldc2,1,1,padded,vector16store,6,18.530,2.635,0.984198,0.971466,0.994674,4.896774,4.845161,4.974194
ldc2,1,1,padded,cpp-approved-execution,6,3.784,0.000,4.825806,4.793548,4.845161,1.000000,1.000000,1.000000
ldc2,1,1,repeated-source,original,6,18.237,1.473,1.000000,1.000000,1.000000,4.819355,4.800000,4.870968
ldc2,1,1,repeated-source,vector16safe,6,18.420,1.458,0.993377,0.981555,1.000000,4.867742,4.832258,4.903226
ldc2,1,1,repeated-source,vector16store,6,18.445,1.059,0.989421,0.980263,1.002656,4.874194,4.851613,4.903226
ldc2,1,1,repeated-source,cpp-approved-execution,6,3.784,0.000,4.819355,4.800000,4.870968,1.000000,1.000000,1.000000
ldc2,1,1,universal,original,6,42.273,1.155,1.000000,1.000000,1.000000,15.599099,15.513514,15.693694
ldc2,1,1,universal,vector16safe,6,42.188,1.331,1.001743,1.000000,1.003468,15.567568,15.486486,15.693694
ldc2,1,1,universal,vector16store,6,42.432,1.381,0.996256,0.994292,0.997688,15.657658,15.567568,15.783784
ldc2,1,1,universal,cpp-approved-execution,6,2.710,0.000,15.599099,15.513514,15.693694,1.000000,1.000000,1.000000
ldc2,1,17,contiguous,original,6,37.744,3.558,1.000000,1.000000,1.000000,8.709976,8.638418,8.949153
ldc2,1,17,contiguous,vector16safe,6,38.123,3.202,0.994220,0.981552,1.001299,8.797086,8.651685,8.983051
ldc2,1,17,contiguous,vector16store,6,38.232,2.618,0.986004,0.982648,0.991860,8.822589,8.780899,9.022599
ldc2,1,17,contiguous,cpp-approved-execution,6,4.321,0.565,8.709976,8.638418,8.949153,1.000000,1.000000,1.000000
ldc2,1,17,negative-both,original,6,66.736,5.817,1.000000,1.000000,1.000000,2.240574,2.230328,2.358722
ldc2,1,17,negative-both,vector16safe,6,66.724,4.244,1.001101,0.989470,1.039985,2.240164,2.228689,2.321867
ldc2,1,17,negative-both,vector16store,6,67.249,3.122,0.996716,0.964552,1.036717,2.257787,2.241803,2.312295
ldc2,1,17,negative-both,cpp-approved-execution,6,29.785,0.082,2.240574,2.230328,2.358722,1.000000,1.000000,1.000000
ldc2,1,17,negative-source,original,6,66.187,3.947,1.000000,1.000000,1.000000,2.220902,2.213061,2.304098
ldc2,1,17,negative-source,vector16safe,6,66.040,3.734,1.005578,0.971306,1.039187,2.215137,2.202459,2.285246
ldc2,1,17,negative-source,vector16store,6,66.589,1.577,0.993223,0.987614,1.040340,2.235656,2.214754,2.240816
ldc2,1,17,negative-source,cpp-approved-execution,6,29.785,0.410,2.220902,2.213061,2.304098,1.000000,1.000000,1.000000
ldc2,1,17,padded,original,6,66.174,1.107,1.000000,1.000000,1.000000,2.221721,2.211475,2.236066
ldc2,1,17,padded,vector16safe,6,65.930,4.851,1.007227,0.959118,1.010813,2.213525,2.198361,2.305738
ldc2,1,17,padded,vector16store,6,66.467,5.326,0.996155,0.953218,1.010378,2.231557,2.211475,2.330328
ldc2,1,17,padded,cpp-approved-execution,6,29.785,0.000,2.221721,2.211475,2.236066,1.000000,1.000000,1.000000
ldc2,1,17,repeated-source,original,6,63.464,1.731,1.000000,1.000000,1.000000,2.125410,1.909355,2.133607
ldc2,1,17,repeated-source,vector16safe,6,62.878,0.621,1.007395,1.005031,1.022922,2.109426,1.866570,2.118852
ldc2,1,17,repeated-source,vector16store,6,63.306,1.041,1.001933,0.992334,1.015426,2.121311,1.880348,2.138525
ldc2,1,17,repeated-source,cpp-approved-execution,6,29.785,13.033,2.125410,1.909355,2.133607,1.000000,1.000000,1.000000
ldc2,1,17,universal,original,6,81.506,4.852,1.000000,1.000000,1.000000,4.392763,4.351316,4.564474
ldc2,1,17,universal,vector16safe,6,82.410,2.933,0.998372,0.973220,1.040492,4.441447,4.340789,4.471053
ldc2,1,17,universal,vector16store,6,83.386,4.392,0.980080,0.963297,1.027547,4.494079,4.381579,4.578947
ldc2,1,17,universal,cpp-approved-execution,6,18.555,0.000,4.392763,4.351316,4.564474,1.000000,1.000000,1.000000
ldc2,1,128,contiguous,original,6,173.340,3.268,1.000000,1.000000,1.000000,14.915966,14.828452,15.313808
ldc2,1,128,contiguous,vector16safe,6,178.564,6.973,0.985399,0.927992,1.003015,15.320717,14.974790,15.979079
ldc2,1,128,contiguous,vector16store,6,173.511,3.096,1.000000,0.969100,1.031576,14.901489,14.841004,15.301255
ldc2,1,128,contiguous,cpp-approved-execution,6,11.670,0.418,14.915966,14.828452,15.313808,1.000000,1.000000,1.000000
ldc2,1,128,negative-both,original,6,207.959,3.123,1.000000,1.000000,1.000000,0.950730,0.923995,0.965137
ldc2,1,128,negative-both,vector16safe,6,207.495,3.318,1.001876,0.998080,1.009657,0.950730,0.915157,0.963338
ldc2,1,128,negative-both,vector16store,6,206.323,3.148,1.009528,0.978583,1.029930,0.941963,0.908154,0.964972
ldc2,1,128,negative-both,cpp-approved-execution,6,216.577,3.111,0.950730,0.923995,0.965137,1.000000,1.000000,1.000000
ldc2,1,128,negative-source,original,6,206.860,7.247,1.000000,1.000000,1.000000,0.937726,0.910813,1.002708
ldc2,1,128,negative-source,vector16safe,6,207.007,5.048,1.002001,0.976623,1.034107,0.935035,0.932614,0.979914
ldc2,1,128,negative-source,vector16store,6,203.662,7.288,1.009484,0.976313,1.027825,0.931249,0.909151,1.001354
ldc2,1,128,negative-source,cpp-approved-execution,6,218.896,2.721,0.937726,0.910813,1.002708,1.000000,1.000000,1.000000
ldc2,1,128,padded,original,6,202.026,7.662,1.000000,1.000000,1.000000,0.933808,0.911052,0.962260
ldc2,1,128,padded,vector16safe,6,207.471,3.601,0.987002,0.959226,1.071273,0.954177,0.892026,0.966772
ldc2,1,128,padded,vector16store,6,207.031,5.189,0.986560,0.972367,1.030494,0.936711,0.933619,0.959765
ldc2,1,128,padded,cpp-approved-execution,6,217.920,4.840,0.933808,0.911052,0.962260,1.000000,1.000000,1.000000
ldc2,1,128,repeated-source,original,6,205.249,3.235,1.000000,1.000000,1.000000,0.924579,0.914760,0.952316
ldc2,1,128,repeated-source,vector16safe,6,204.541,3.294,1.004417,0.969106,1.033415,0.943299,0.892740,0.948927
ldc2,1,128,repeated-source,vector16store,6,202.026,3.335,1.007304,0.971449,1.034686,0.924187,0.891643,0.949616
ldc2,1,128,repeated-source,cpp-approved-execution,6,217.017,3.015,0.924579,0.914760,0.952316,1.000000,1.000000,1.000000
ldc2,1,128,universal,original,6,326.025,15.097,1.000000,1.000000,1.000000,2.346924,2.315531,2.669712
ldc2,1,128,universal,vector16safe,6,325.806,14.627,0.998110,0.992133,1.030303,2.345348,2.322909,2.665847
ldc2,1,128,universal,vector16store,6,328.174,14.507,0.998280,0.990076,1.008262,2.362387,2.323963,2.666550
ldc2,1,128,universal,cpp-approved-execution,6,138.965,0.105,2.346924,2.315531,2.669712,1.000000,1.000000,1.000000
ldc2,7,1,contiguous,original,6,21.265,1.493,1.000000,1.000000,1.000000,4.363430,4.335000,4.400000
ldc2,7,1,contiguous,vector16safe,6,21.375,1.371,0.995430,0.990857,0.998865,4.388505,4.365000,4.425000
ldc2,7,1,contiguous,vector16store,6,21.289,1.147,0.998858,0.994266,1.003421,4.370955,4.345000,4.395000
ldc2,7,1,contiguous,cpp-approved-execution,6,4.883,0.500,4.363430,4.335000,4.400000,1.000000,1.000000,1.000000
ldc2,7,1,negative-both,original,6,21.216,0.690,1.000000,1.000000,1.000000,4.023148,4.013889,4.041667
ldc2,7,1,negative-both,vector16safe,6,21.375,0.800,0.993704,0.990878,0.996575,4.053241,4.037037,4.069444
ldc2,7,1,negative-both,vector16store,6,21.240,0.460,0.998851,0.993127,1.003452,4.027778,4.023148,4.041667
ldc2,7,1,negative-both,cpp-approved-execution,6,5.273,0.000,4.023148,4.013889,4.041667,1.000000,1.000000,1.000000
ldc2,7,1,negative-source,original,6,21.216,0.806,1.000000,1.000000,1.000000,4.023148,4.009259,4.041667
ldc2,7,1,negative-source,vector16safe,6,21.301,0.344,0.995989,0.989714,1.001147,4.039352,4.037037,4.050926
ldc2,7,1,negative-source,vector16store,6,21.301,1.032,0.996564,0.988597,1.001152,4.039352,4.018519,4.060185
ldc2,7,1,negative-source,cpp-approved-execution,6,5.273,0.000,4.023148,4.009259,4.041667,1.000000,1.000000,1.000000
ldc2,7,1,padded,original,6,21.240,2.299,1.000000,1.000000,1.000000,4.027778,4.013889,4.106481
ldc2,7,1,padded,vector16safe,6,21.362,3.543,0.993721,0.984462,0.996552,4.050926,4.027778,4.171296
ldc2,7,1,padded,vector16store,6,21.252,3.676,0.997700,0.986652,1.003460,4.030093,4.013889,4.162037
ldc2,7,1,padded,cpp-approved-execution,6,5.273,0.000,4.027778,4.013889,4.106481,1.000000,1.000000,1.000000
ldc2,7,1,repeated-source,original,6,21.228,0.690,1.000000,1.000000,1.000000,4.025463,4.004630,4.032407
ldc2,7,1,repeated-source,vector16safe,6,21.301,0.688,0.995986,0.990888,0.996568,4.039352,4.037037,4.064815
ldc2,7,1,repeated-source,vector16store,6,21.265,0.574,0.998278,0.993111,1.000000,4.032407,4.023148,4.046296
ldc2,7,1,repeated-source,cpp-approved-execution,6,5.273,0.000,4.025463,4.004630,4.032407,1.000000,1.000000,1.000000
ldc2,7,1,universal,original,6,58.630,2.582,1.000000,1.000000,1.000000,9.842213,9.795082,10.049180
ldc2,7,1,universal,vector16safe,6,58.728,1.039,0.998343,0.995419,1.011551,9.858607,9.831967,9.934426
ldc2,7,1,universal,vector16store,6,59.302,5.064,0.992544,0.947950,1.010717,9.954918,9.889344,10.393443
ldc2,7,1,universal,cpp-approved-execution,6,5.957,0.000,9.842213,9.795082,10.049180,1.000000,1.000000,1.000000
ldc2,7,17,contiguous,original,6,72.116,1.008,1.000000,1.000000,1.000000,5.552448,5.524476,5.580420
ldc2,7,17,contiguous,vector16safe,6,72.548,1.252,0.994995,0.986267,1.004419,5.585664,5.538462,5.608392
ldc2,7,17,contiguous,vector16store,6,71.503,0.826,1.007603,1.006349,1.010801,5.505245,5.489510,5.534965
ldc2,7,17,contiguous,cpp-approved-execution,6,12.988,0.000,5.552448,5.524476,5.580420,1.000000,1.000000,1.000000
ldc2,7,17,negative-both,original,6,102.770,0.442,1.000000,1.000000,1.000000,1.936242,1.927412,1.945064
ldc2,7,17,negative-both,vector16safe,6,103.088,1.498,0.995380,0.985198,1.000000,1.942663,1.930887,1.969983
ldc2,7,17,negative-both,vector16store,6,103.338,6.284,0.994725,0.940249,0.996030,1.945301,1.940925,2.068670
ldc2,7,17,negative-both,cpp-approved-execution,6,53.065,0.599,1.936242,1.927412,1.945064,1.000000,1.000000,1.000000
ldc2,7,17,negative-source,original,6,102.475,0.798,1.000000,1.000000,1.000000,1.926830,1.921835,1.942539
ldc2,7,17,negative-source,vector16safe,6,102.975,0.662,0.995378,0.989868,1.001328,1.941362,1.919286,1.948542
ldc2,7,17,negative-source,vector16store,6,102.770,4.507,0.995149,0.959339,0.998672,1.935569,1.929120,2.024871
ldc2,7,17,negative-source,cpp-approved-execution,6,53.043,0.942,1.926830,1.921835,1.942539,1.000000,1.000000,1.000000
ldc2,7,17,padded,original,6,101.680,5.762,1.000000,1.000000,1.000000,1.912544,1.905983,2.021422
ldc2,7,17,padded,vector16safe,6,102.157,0.978,0.994228,0.991593,1.052655,1.920614,1.912821,1.931389
ldc2,7,17,padded,vector16store,6,102.021,0.490,0.995989,0.993761,1.047513,1.921400,1.916454,1.929734
ldc2,7,17,padded,cpp-approved-execution,6,53.134,0.598,1.912544,1.905983,2.021422,1.000000,1.000000,1.000000
ldc2,7,17,repeated-source,original,6,100.749,1.623,1.000000,1.000000,1.000000,1.891213,1.883262,1.904721
ldc2,7,17,repeated-source,vector16safe,6,101.067,1.213,0.995956,0.989741,1.001354,1.901708,1.885106,1.911588
ldc2,7,17,repeated-source,vector16store,6,101.045,0.899,0.996630,0.986511,1.001797,1.902085,1.894468,1.909013
ldc2,7,17,repeated-source,cpp-approved-execution,6,53.224,0.853,1.891213,1.883262,1.904721,1.000000,1.000000,1.000000
ldc2,7,17,universal,original,6,314.782,18.019,1.000000,1.000000,1.000000,4.273428,4.177518,4.963009
ldc2,7,17,universal,vector16safe,6,312.761,19.442,0.999551,0.984469,1.022521,4.238903,4.218384,5.041307
ldc2,7,17,universal,vector16store,6,312.421,19.057,0.997379,0.989812,1.023005,4.234972,4.180641,4.988903
ldc2,7,17,universal,cpp-approved-execution,6,73.660,0.432,4.273428,4.177518,4.963009,1.000000,1.000000,1.000000
ldc2,7,128,contiguous,original,6,411.130,2.416,1.000000,1.000000,1.000000,5.987512,5.865672,6.009950
ldc2,7,128,contiguous,vector16safe,6,410.959,5.000,1.001242,0.964516,1.018550,5.970149,5.870647,6.200000
ldc2,7,128,contiguous,vector16store,6,410.959,3.083,0.992167,0.972772,1.016835,5.977425,5.910448,6.079602
ldc2,7,128,contiguous,cpp-approved-execution,6,68.836,0.498,5.987512,5.865672,6.009950,1.000000,1.000000,1.000000
ldc2,7,128,negative-both,original,6,440.240,0.856,1.000000,1.000000,1.000000,1.138298,1.129061,1.145519
ldc2,7,128,negative-both,vector16safe,6,441.267,0.543,0.996507,0.993789,1.003108,1.141907,1.136084,1.144504
ldc2,7,128,negative-both,vector16store,6,441.610,0.698,0.997279,0.994574,1.000777,1.141844,1.134328,1.145519
ldc2,7,128,negative-both,cpp-approved-execution,6,386.301,1.064,1.138298,1.129061,1.145519,1.000000,1.000000,1.000000
ldc2,7,128,negative-source,original,6,436.301,1.020,1.000000,1.000000,1.000000,1.127989,1.123118,1.134632
ldc2,7,128,negative-source,vector16safe,6,439.041,1.248,0.993000,0.989852,0.998441,1.135518,1.128432,1.143617
ldc2,7,128,negative-source,vector16store,6,439.897,0.779,0.994150,0.987539,1.000000,1.137168,1.130204,1.139184
ldc2,7,128,negative-source,cpp-approved-execution,6,386.644,0.266,1.127989,1.123118,1.134632,1.000000,1.000000,1.000000
ldc2,7,128,padded,original,6,438.185,0.469,1.000000,1.000000,1.000000,1.132359,1.128319,1.134752
ldc2,7,128,padded,vector16safe,6,438.527,0.390,0.998828,0.993765,1.002347,1.134513,1.130973,1.135398
ldc2,7,128,padded,vector16store,6,439.555,0.779,0.996885,0.993784,1.003132,1.136847,1.130088,1.138298
ldc2,7,128,padded,cpp-approved-execution,6,386.815,0.266,1.132359,1.128319,1.134752,1.000000,1.000000,1.000000
ldc2,7,128,repeated-source,original,6,435.445,0.708,1.000000,1.000000,1.000000,1.124724,1.120461,1.128432
ldc2,7,128,repeated-source,vector16safe,6,435.959,0.314,0.998034,0.994497,1.000786,1.127160,1.123566,1.129433
ldc2,7,128,repeated-source,vector16store,6,437.671,0.861,0.995313,0.989860,0.998433,1.129974,1.126773,1.136525
ldc2,7,128,repeated-source,cpp-approved-execution,6,386.644,0.443,1.124724,1.120461,1.128432,1.000000,1.000000,1.000000
ldc2,7,128,universal,original,6,2051.541,9.632,1.000000,1.000000,1.000000,3.673951,3.344571,3.932722
ldc2,7,128,universal,vector16safe,6,2058.048,7.055,1.000570,0.987015,1.016922,3.686828,3.388571,3.867278
ldc2,7,128,universal,vector16store,6,2082.192,8.882,0.987603,0.979754,1.003215,3.718915,3.412000,3.944343
ldc2,7,128,universal,cpp-approved-execution,6,560.445,7.394,3.673951,3.344571,3.932722,1.000000,1.000000,1.000000
ldc2,15,1,contiguous,original,6,21.619,7.228,1.000000,1.000000,1.000000,3.472549,3.462745,3.713725
ldc2,15,1,contiguous,vector16safe,6,22.058,8.080,0.981122,0.973279,0.981641,3.543137,3.529412,3.815686
ldc2,15,1,contiguous,vector16store,6,22.034,7.424,0.982878,0.979006,0.993443,3.539216,3.521569,3.784314
ldc2,15,1,contiguous,cpp-approved-execution,6,6.226,0.000,3.472549,3.462745,3.713725,1.000000,1.000000,1.000000
ldc2,15,1,negative-both,original,6,24.292,0.905,1.000000,1.000000,1.000000,3.740602,3.729323,3.763158
ldc2,15,1,negative-both,vector16safe,6,24.817,1.082,0.980324,0.973581,0.983284,3.821429,3.800752,3.842105
ldc2,15,1,negative-both,vector16store,6,24.658,0.990,0.984158,0.982178,0.992063,3.796992,3.789474,3.827068
ldc2,15,1,negative-both,cpp-approved-execution,6,6.494,0.000,3.740602,3.729323,3.763158,1.000000,1.000000,1.000000
ldc2,15,1,negative-source,original,6,24.316,2.008,1.000000,1.000000,1.000000,3.744361,3.725564,3.800752
ldc2,15,1,negative-source,vector16safe,6,24.854,0.491,0.979351,0.972522,0.990167,3.827068,3.823308,3.842105
ldc2,15,1,negative-source,vector16store,6,24.731,1.185,0.986139,0.969667,0.995059,3.808271,3.796992,3.842105
ldc2,15,1,negative-source,cpp-approved-execution,6,6.494,0.000,3.744361,3.725564,3.800752,1.000000,1.000000,1.000000
ldc2,15,1,padded,original,6,21.594,0.226,1.000000,1.000000,1.000000,3.325188,3.323308,3.330827
ldc2,15,1,padded,vector16safe,6,22.009,0.776,0.981132,0.976847,0.982222,3.389098,3.383459,3.409774
ldc2,15,1,padded,vector16store,6,21.973,0.667,0.982778,0.977876,0.986637,3.383459,3.375940,3.398496
ldc2,15,1,padded,cpp-approved-execution,6,6.494,0.000,3.325188,3.323308,3.330827,1.000000,1.000000,1.000000
ldc2,15,1,repeated-source,original,6,21.619,3.388,1.000000,1.000000,1.000000,3.328947,3.319549,3.432331
ldc2,15,1,repeated-source,vector16safe,6,21.985,3.554,0.982778,0.980022,0.986696,3.385338,3.379699,3.500000
ldc2,15,1,repeated-source,vector16store,6,21.960,4.002,0.983324,0.977516,0.988889,3.381579,3.375940,3.511278
ldc2,15,1,repeated-source,cpp-approved-execution,6,6.494,0.000,3.328947,3.319549,3.432331,1.000000,1.000000,1.000000
ldc2,15,1,universal,original,6,76.868,4.574,1.000000,1.000000,1.000000,7.460900,7.305687,7.665083
ldc2,15,1,universal,vector16safe,6,75.989,5.944,1.002261,0.949267,1.037954,7.384342,7.315166,7.753555
ldc2,15,1,universal,vector16store,6,76.123,5.869,0.993703,0.944360,1.038288,7.397373,7.360190,7.793839
ldc2,15,1,universal,cpp-approved-execution,6,10.303,0.237,7.460900,7.305687,7.665083,1.000000,1.000000,1.000000
ldc2,15,17,contiguous,original,6,78.307,4.596,1.000000,1.000000,1.000000,3.368201,3.317992,3.472803
ldc2,15,17,contiguous,vector16safe,6,79.377,3.676,0.991316,0.974729,1.007282,3.414226,3.351464,3.476987
ldc2,15,17,contiguous,vector16store,6,79.134,3.811,0.994459,0.973558,1.004872,3.403766,3.355649,3.485356
ldc2,15,17,contiguous,cpp-approved-execution,6,23.249,0.000,3.368201,3.317992,3.472803,1.000000,1.000000,1.000000
ldc2,15,17,negative-both,original,6,154.912,0.754,1.000000,1.000000,1.000000,2.119174,2.109188,2.125166
ldc2,15,17,negative-both,vector16safe,6,154.912,8.038,0.998120,0.927781,1.003774,2.119759,2.115846,2.286285
ldc2,15,17,negative-both,vector16store,6,154.621,1.007,1.000629,0.994382,1.006305,2.115180,2.111851,2.133156
ldc2,15,17,negative-both,cpp-approved-execution,6,73.054,0.133,2.119174,2.109188,2.125166,1.000000,1.000000,1.000000
ldc2,15,17,negative-source,original,6,154.621,0.629,1.000000,1.000000,1.000000,2.116511,2.109188,2.121172
ldc2,15,17,negative-source,vector16safe,6,154.621,1.007,1.000630,0.993121,1.004411,2.116511,2.107856,2.129161
ldc2,15,17,negative-source,vector16store,6,154.426,0.693,1.000943,0.997483,1.003159,2.113771,2.107856,2.122503
ldc2,15,17,negative-source,cpp-approved-execution,6,73.054,0.133,2.116511,2.109188,2.121172,1.000000,1.000000,1.000000
ldc2,15,17,padded,original,6,112.549,0.432,1.000000,1.000000,1.000000,1.540253,1.538564,1.545939
ldc2,15,17,padded,vector16safe,6,112.792,0.517,0.997844,0.993133,0.999137,1.543276,1.541223,1.551265
ldc2,15,17,padded,vector16store,6,112.403,0.692,1.001298,0.994841,1.005195,1.538615,1.535904,1.548602
ldc2,15,17,padded,cpp-approved-execution,6,73.054,0.133,1.540253,1.538564,1.545939,1.000000,1.000000,1.000000
ldc2,15,17,repeated-source,original,6,111.527,0.872,1.000000,1.000000,1.000000,1.526631,1.523936,1.529801
ldc2,15,17,repeated-source,vector16safe,6,111.770,0.870,0.999129,0.994787,1.000873,1.529215,1.522606,1.532623
ldc2,15,17,repeated-source,vector16store,6,111.722,0.522,0.997823,0.995660,1.000867,1.528628,1.526596,1.533955
ldc2,15,17,repeated-source,cpp-approved-execution,6,73.054,0.533,1.526631,1.523936,1.529801,1.000000,1.000000,1.000000
ldc2,15,17,universal,original,6,616.391,1.752,1.000000,1.000000,1.000000,4.172868,4.149539,4.220685
ldc2,15,17,universal,vector16safe,6,618.385,3.083,0.997155,0.982819,1.006912,4.184990,4.165349,4.294466
ldc2,15,17,universal,vector16store,6,620.914,2.992,0.998272,0.969195,1.005490,4.203492,4.169849,4.298419
ldc2,15,17,universal,cpp-approved-execution,6,147.665,0.066,4.172868,4.149539,4.220685,1.000000,1.000000,1.000000
ldc2,15,128,contiguous,original,6,471.691,1.247,1.000000,1.000000,1.000000,3.111650,3.046948,3.116505
ldc2,15,128,contiguous,vector16safe,6,472.059,1.246,0.998452,0.998442,1.000000,3.116505,3.051643,3.116505
ldc2,15,128,contiguous,vector16store,6,471.324,1.248,1.000000,0.998442,1.001560,3.111650,3.046948,3.116505
ldc2,15,128,contiguous,cpp-approved-execution,6,151.471,3.398,3.111650,3.046948,3.116505,1.000000,1.000000,1.000000
ldc2,15,128,negative-both,original,6,822.794,1.698,1.000000,1.000000,1.000000,1.525925,1.517147,1.541096
ldc2,15,128,negative-both,vector16safe,6,822.794,1.519,1.000000,0.995544,1.006267,1.524917,1.515604,1.541096
ldc2,15,128,negative-both,vector16store,6,822.794,1.340,0.999106,0.996432,1.006267,1.525609,1.515604,1.538356
ldc2,15,128,negative-both,cpp-approved-execution,6,538.235,1.093,1.525925,1.517147,1.541096,1.000000,1.000000,1.000000
ldc2,15,128,negative-source,original,6,821.691,1.969,1.000000,1.000000,1.000000,1.522897,1.513550,1.546448
ldc2,15,128,negative-source,vector16safe,6,821.691,1.611,1.000000,0.995552,1.001794,1.528000,1.510840,1.545082
ldc2,15,128,negative-source,vector16store,6,822.059,1.789,1.000000,0.995552,1.001770,1.526206,1.513550,1.543716
ldc2,15,128,negative-source,cpp-approved-execution,6,538.971,1.228,1.522897,1.513550,1.546448,1.000000,1.000000,1.000000
ldc2,15,128,padded,original,6,540.441,2.721,1.000000,1.000000,1.000000,1.000000,0.993188,1.020548
ldc2,15,128,padded,vector16safe,6,542.279,1.763,0.997951,0.990553,1.001361,1.004749,0.997275,1.019178
ldc2,15,128,padded,vector16store,6,537.868,1.504,1.006846,1.000000,1.012228,0.995251,0.987738,1.008219
ldc2,15,128,padded,cpp-approved-execution,6,538.235,1.093,1.000000,0.993188,1.020548,1.000000,1.000000,1.000000
ldc2,15,128,repeated-source,original,6,534.926,0.550,1.000000,1.000000,1.000000,0.992483,0.986431,0.997260
ldc2,15,128,repeated-source,vector16safe,6,535.662,0.686,0.995881,0.993179,1.000000,0.997944,0.989145,0.998638
ldc2,15,128,repeated-source,vector16store,6,534.191,0.551,1.002069,0.994505,1.005525,0.991803,0.982361,0.998628
ldc2,15,128,repeated-source,cpp-approved-execution,6,538.235,1.093,0.992483,0.986431,0.997260,1.000000,1.000000,1.000000
ldc2,15,128,universal,original,6,4384.926,4.326,1.000000,1.000000,1.000000,3.902816,3.757594,3.910761
ldc2,15,128,universal,vector16safe,6,4357.721,5.062,1.007558,0.989813,1.019849,3.868083,3.732685,3.913725
ldc2,15,128,universal,vector16store,6,4400.368,2.607,0.999001,0.989233,1.017102,3.908310,3.694411,3.950916
ldc2,15,128,universal,cpp-approved-execution,6,1123.897,7.982,3.902816,3.757594,3.910761,1.000000,1.000000,1.000000
ldc2,16,1,contiguous,original,6,19.714,1.238,1.000000,1.000000,1.000000,5.209677,5.187097,5.225806
ldc2,16,1,contiguous,vector16safe,6,20.190,0.846,0.977012,0.974545,0.978365,5.334409,5.322581,5.341935
ldc2,16,1,contiguous,vector16store,6,20.154,1.090,0.978748,0.976970,0.980630,5.324752,5.303226,5.329032
ldc2,16,1,contiguous,cpp-approved-execution,6,3.784,0.645,5.209677,5.187097,5.225806,1.000000,1.000000,1.000000
ldc2,16,1,negative-both,original,6,24.695,1.384,1.000000,1.000000,1.000000,6.093373,6.066265,6.150602
ldc2,16,1,negative-both,vector16safe,6,24.890,2.158,0.990664,0.983622,0.997059,6.141566,6.120482,6.253012
ldc2,16,1,negative-both,vector16store,6,24.927,1.371,0.989278,0.987280,0.996071,6.150602,6.132530,6.216867
ldc2,16,1,negative-both,cpp-approved-execution,6,4.053,0.000,6.093373,6.066265,6.150602,1.000000,1.000000,1.000000
ldc2,16,1,negative-source,original,6,24.524,1.692,1.000000,1.000000,1.000000,6.051205,6.024096,6.126506
ldc2,16,1,negative-source,vector16safe,6,24.854,0.393,0.987709,0.979432,0.998037,6.132530,6.126506,6.150602
ldc2,16,1,negative-source,vector16store,6,24.866,0.393,0.985762,0.982318,0.995108,6.135542,6.132530,6.156627
ldc2,16,1,negative-source,cpp-approved-execution,6,4.053,0.000,6.051205,6.024096,6.126506,1.000000,1.000000,1.000000
ldc2,16,1,padded,original,6,19.739,0.618,1.000000,1.000000,1.000000,4.870482,4.849398,4.879518
ldc2,16,1,padded,vector16safe,6,20.288,0.963,0.971791,0.969880,0.979419,5.006024,4.975904,5.024096
ldc2,16,1,padded,vector16store,6,20.142,0.970,0.978761,0.972289,0.984185,4.969880,4.951807,5.000000
ldc2,16,1,padded,cpp-approved-execution,6,4.053,0.000,4.870482,4.849398,4.879518,1.000000,1.000000,1.000000
ldc2,16,1,repeated-source,original,6,19.702,1.363,1.000000,1.000000,1.000000,4.861446,3.995050,4.921687
ldc2,16,1,repeated-source,vector16safe,6,20.215,1.087,0.976394,0.972289,0.979616,4.975904,4.103960,5.024096
ldc2,16,1,repeated-source,vector16store,6,20.117,1.214,0.979964,0.973462,0.981774,4.960843,4.079208,5.018072
ldc2,16,1,repeated-source,cpp-approved-execution,6,4.053,21.687,4.861446,3.995050,4.921687,1.000000,1.000000,1.000000
ldc2,16,1,universal,original,6,78.479,0.964,1.000000,1.000000,1.000000,7.239865,7.180180,7.261851
ldc2,16,1,universal,vector16safe,6,78.748,3.441,0.993514,0.971006,1.005313,7.264640,7.223476,7.457207
ldc2,16,1,universal,vector16store,6,78.772,4.029,0.993478,0.958658,1.002182,7.266892,7.225225,7.518018
ldc2,16,1,universal,cpp-approved-execution,6,10.840,0.225,7.239865,7.180180,7.261851,1.000000,1.000000,1.000000
ldc2,16,17,contiguous,original,6,46.833,2.882,1.000000,1.000000,1.000000,2.137441,2.137441,2.199052
ldc2,16,17,contiguous,vector16safe,6,47.092,1.103,0.995585,0.991209,1.013100,2.149289,2.146919,2.170616
ldc2,16,17,contiguous,vector16store,6,47.092,2.205,0.995585,0.993392,1.002160,2.149289,2.146919,2.194313
ldc2,16,17,contiguous,cpp-approved-execution,6,21.911,0.000,2.137441,2.137441,2.199052,1.000000,1.000000,1.000000
ldc2,16,17,negative-both,original,6,160.748,0.323,1.000000,1.000000,1.000000,4.993548,4.987097,5.003226
ldc2,16,17,negative-both,vector16safe,6,161.007,0.516,0.997745,0.995498,1.002586,5.001613,4.990323,5.016129
ldc2,16,17,negative-both,vector16store,6,161.059,0.322,0.997424,0.996776,1.000000,5.003226,4.996774,5.012903
ldc2,16,17,negative-both,cpp-approved-execution,6,32.191,0.000,4.993548,4.987097,5.003226,1.000000,1.000000,1.000000
ldc2,16,17,negative-source,original,6,161.734,1.091,1.000000,1.000000,1.000000,5.024194,5.000000,5.054839
ldc2,16,17,negative-source,vector16safe,6,162.046,0.705,0.997440,0.991683,1.009015,5.033871,5.009677,5.045161
ldc2,16,17,negative-source,vector16store,6,161.994,0.513,0.999037,0.991683,1.004487,5.032258,5.016129,5.041935
ldc2,16,17,negative-source,cpp-approved-execution,6,32.191,0.000,5.024194,5.000000,5.054839,1.000000,1.000000,1.000000
ldc2,16,17,padded,original,6,76.999,0.944,1.000000,1.000000,1.000000,2.391935,2.380645,2.403226
ldc2,16,17,padded,vector16safe,6,77.155,1.077,0.995970,0.994616,1.001350,2.396774,2.390323,2.416129
ldc2,16,17,padded,vector16store,6,77.310,1.209,0.995970,0.991946,0.997312,2.401613,2.390323,2.419355
ldc2,16,17,padded,cpp-approved-execution,6,32.191,0.000,2.391935,2.380645,2.403226,1.000000,1.000000,1.000000
ldc2,16,17,repeated-source,original,6,75.857,0.548,1.000000,1.000000,1.000000,2.356452,2.348387,2.361290
ldc2,16,17,repeated-source,vector16safe,6,76.012,0.956,0.997271,0.994565,1.000000,2.361290,2.351613,2.374194
ldc2,16,17,repeated-source,vector16store,6,76.012,0.546,0.996594,0.995896,1.001370,2.361290,2.354839,2.367742
ldc2,16,17,repeated-source,cpp-approved-execution,6,32.191,0.000,2.356452,2.348387,2.361290,1.000000,1.000000,1.000000
ldc2,16,17,universal,original,6,652.804,1.304,1.000000,1.000000,1.000000,4.143844,4.123522,4.167328
ldc2,16,17,universal,vector16safe,6,652.700,0.716,0.998968,0.994436,1.007151,4.143374,4.125493,4.160290
ldc2,16,17,universal,vector16store,6,652.960,1.240,0.998646,0.991815,1.004437,4.145255,4.124836,4.201720
ldc2,16,17,universal,cpp-approved-execution,6,157.373,0.660,4.143844,4.123522,4.167328,1.000000,1.000000,1.000000
ldc2,16,128,contiguous,original,6,250.000,1.562,1.000000,1.000000,1.000000,1.495349,1.465438,1.511737
ldc2,16,128,contiguous,vector16safe,6,250.391,1.872,0.995365,0.993750,1.003135,1.503489,1.474654,1.511737
ldc2,16,128,contiguous,vector16store,6,250.000,1.562,0.993798,0.990769,1.000000,1.502347,1.474654,1.525822
ldc2,16,128,contiguous,cpp-approved-execution,6,166.797,1.874,1.495349,1.465438,1.511737,1.000000,1.000000,1.000000
ldc2,16,128,negative-both,original,6,868.750,1.259,1.000000,1.000000,1.000000,3.743243,3.645902,3.774411
ldc2,16,128,negative-both,vector16safe,6,867.969,1.080,1.000446,0.999097,1.002698,3.744932,3.639344,3.771044
ldc2,16,128,negative-both,vector16store,6,868.750,1.799,0.999551,0.994676,1.000900,3.743243,3.642623,3.794613
ldc2,16,128,negative-both,cpp-approved-execution,6,231.641,3.035,3.743243,3.645902,3.774411,1.000000,1.000000,1.000000
ldc2,16,128,negative-source,original,6,871.875,1.075,1.000000,1.000000,1.000000,3.745135,3.615635,3.790541
ldc2,16,128,negative-source,vector16safe,6,873.828,1.252,0.997777,0.995540,1.000897,3.749859,3.618893,3.797297
ldc2,16,128,negative-source,vector16store,6,875.781,1.427,0.999547,0.989362,1.000899,3.764746,3.622150,3.790541
ldc2,16,128,negative-source,cpp-approved-execution,6,232.812,4.027,3.745135,3.615635,3.790541,1.000000,1.000000,1.000000
ldc2,16,128,padded,original,6,273.047,4.006,1.000000,1.000000,1.000000,1.186758,1.148515,1.231293
ldc2,16,128,padded,vector16safe,6,273.438,2.000,1.000000,0.994286,1.025496,1.186758,1.155116,1.203390
ldc2,16,128,padded,vector16store,6,275.391,4.255,1.000000,0.969359,1.000000,1.186758,1.179661,1.234694
ldc2,16,128,padded,cpp-approved-execution,6,230.469,3.051,1.186758,1.148515,1.231293,1.000000,1.000000,1.000000
ldc2,16,128,repeated-source,original,6,271.875,1.724,1.000000,1.000000,1.000000,1.185688,1.176871,1.201365
ldc2,16,128,repeated-source,vector16safe,6,271.094,1.729,1.000000,1.000000,1.008671,1.182286,1.176871,1.201365
ldc2,16,128,repeated-source,vector16store,6,271.094,1.441,1.000000,0.997118,1.005764,1.182286,1.180272,1.201365
ldc2,16,128,repeated-source,cpp-approved-execution,6,229.688,0.680,1.185688,1.176871,1.201365,1.000000,1.000000,1.000000
ldc2,16,128,universal,original,6,4700.781,4.421,1.000000,1.000000,1.000000,3.957263,3.889619,4.056393
ldc2,16,128,universal,vector16safe,6,4726.172,2.942,0.990811,0.977548,1.012513,3.977628,3.923784,4.043393
ldc2,16,128,universal,vector16store,6,4692.969,6.193,0.999867,0.980602,1.023958,3.949375,3.826544,4.062951
ldc2,16,128,universal,cpp-approved-execution,6,1188.281,0.329,3.957263,3.889619,4.056393,1.000000,1.000000,1.000000
ldc2,17,1,contiguous,original,6,20.337,3.001,1.000000,1.000000,1.000000,4.706215,4.700565,4.841808
ldc2,17,1,contiguous,vector16safe,6,20.776,1.645,0.981180,0.978848,0.995354,4.807910,4.785311,4.864407
ldc2,17,1,contiguous,vector16store,6,20.825,2.579,0.979455,0.976553,0.985057,4.819209,4.790960,4.915254
ldc2,17,1,contiguous,cpp-approved-execution,6,4.321,0.000,4.706215,4.700565,4.841808,1.000000,1.000000,1.000000
ldc2,17,1,negative-both,original,6,25.488,1.054,1.000000,1.000000,1.000000,5.553191,5.542553,5.601064
ldc2,17,1,negative-both,vector16safe,6,25.732,1.139,0.992388,0.988636,0.996183,5.606383,5.574468,5.638298
ldc2,17,1,negative-both,vector16store,6,25.684,0.665,0.993341,0.990494,0.997159,5.595745,5.585106,5.622340
ldc2,17,1,negative-both,cpp-approved-execution,6,4.590,0.000,5.553191,5.542553,5.601064,1.000000,1.000000,1.000000
ldc2,17,1,negative-source,original,6,25.488,1.245,1.000000,1.000000,1.000000,5.553191,5.513228,5.611702
ldc2,17,1,negative-source,vector16safe,6,25.671,2.853,0.990966,0.985876,1.006737,5.587766,5.526596,5.686170
ldc2,17,1,negative-source,vector16store,6,25.684,1.331,0.992395,0.985876,1.004762,5.595745,5.544974,5.648936
ldc2,17,1,negative-source,cpp-approved-execution,6,4.590,0.532,5.553191,5.513228,5.611702,1.000000,1.000000,1.000000
ldc2,17,1,padded,original,6,20.886,0.818,1.000000,1.000000,1.000000,4.550532,4.531915,4.569149
ldc2,17,1,padded,vector16safe,6,21.387,0.342,0.977156,0.974828,0.979475,4.659574,4.648936,4.664894
ldc2,17,1,padded,vector16store,6,21.436,0.569,0.974932,0.969283,0.978360,4.670213,4.654255,4.680851
ldc2,17,1,padded,cpp-approved-execution,6,4.590,0.000,4.550532,4.531915,4.569149,1.000000,1.000000,1.000000
ldc2,17,1,repeated-source,original,6,20.386,0.599,1.000000,1.000000,1.000000,4.441489,4.425532,4.452128
ldc2,17,1,repeated-source,vector16safe,6,20.776,0.588,0.981176,0.977726,0.983529,4.526596,4.510638,4.537234
ldc2,17,1,repeated-source,vector16store,6,20.837,0.703,0.978298,0.973162,0.980070,4.539894,4.526596,4.558511
ldc2,17,1,repeated-source,cpp-approved-execution,6,4.590,0.000,4.441489,4.425532,4.452128,1.000000,1.000000,1.000000
ldc2,17,1,universal,original,6,80.640,4.874,1.000000,1.000000,1.000000,7.087983,7.032189,7.377682
ldc2,17,1,universal,vector16safe,6,80.737,3.357,0.998790,0.966382,1.036791,7.096567,7.038627,7.276824
ldc2,17,1,universal,vector16store,6,80.920,2.896,0.996088,0.967532,1.037104,7.112661,7.064378,7.270386
ldc2,17,1,universal,cpp-approved-execution,6,11.377,0.000,7.087983,7.032189,7.377682,1.000000,1.000000,1.000000
ldc2,17,17,contiguous,original,6,56.670,0.389,1.000000,1.000000,1.000000,2.401869,2.397196,2.406542
ldc2,17,17,contiguous,vector16safe,6,56.560,0.585,1.000975,1.000000,1.007828,2.397196,2.387850,2.401869
ldc2,17,17,contiguous,vector16store,6,56.560,1.170,1.000975,0.996124,1.009804,2.397196,2.383178,2.411215
ldc2,17,17,contiguous,cpp-approved-execution,6,23.594,0.000,2.401869,2.397196,2.406542,1.000000,1.000000,1.000000
ldc2,17,17,negative-both,original,6,166.538,0.397,1.000000,1.000000,1.000000,3.943864,3.937337,3.953003
ldc2,17,17,negative-both,vector16safe,6,166.814,0.661,0.997362,0.995386,1.001325,3.950392,3.939948,3.966057
ldc2,17,17,negative-both,vector16store,6,166.703,1.852,0.999338,0.986319,1.001327,3.947781,3.934726,4.007833
ldc2,17,17,negative-both,cpp-approved-execution,6,42.227,0.000,3.943864,3.937337,3.953003,1.000000,1.000000,1.000000
ldc2,17,17,negative-source,original,6,166.483,0.927,1.000000,1.000000,1.000000,3.938642,3.835443,3.947781
ldc2,17,17,negative-source,vector16safe,6,167.034,1.584,0.997360,0.992141,0.999338,3.949086,3.865823,3.958225
ldc2,17,17,negative-source,vector16store,6,166.648,0.397,0.999006,0.992725,1.002653,3.942559,3.827848,3.953003
ldc2,17,17,negative-source,cpp-approved-execution,6,42.227,3.133,3.938642,3.835443,3.947781,1.000000,1.000000,1.000000
ldc2,17,17,padded,original,6,87.376,0.631,1.000000,1.000000,1.000000,2.069191,2.060052,2.073107
ldc2,17,17,padded,vector16safe,6,87.652,1.006,0.994973,0.990025,0.998742,2.075718,2.073107,2.093995
ldc2,17,17,padded,vector16store,6,87.486,0.756,0.997494,0.993719,1.000000,2.071802,2.067885,2.083551
ldc2,17,17,padded,cpp-approved-execution,6,42.227,0.000,2.069191,2.060052,2.073107,1.000000,1.000000,1.000000
ldc2,17,17,repeated-source,original,6,86.494,1.275,1.000000,1.000000,1.000000,2.048303,2.039164,2.065274
ldc2,17,17,repeated-source,vector16safe,6,86.494,1.530,0.996207,0.993671,1.001276,2.048303,2.044386,2.075718
ldc2,17,17,repeated-source,vector16store,6,86.770,1.398,0.995571,0.994904,0.998728,2.054830,2.046997,2.075718
ldc2,17,17,repeated-source,cpp-approved-execution,6,42.227,0.000,2.048303,2.039164,2.065274,1.000000,1.000000,1.000000
ldc2,17,17,universal,original,6,697.960,16.002,1.000000,1.000000,1.000000,4.195165,4.081403,4.754967
ldc2,17,17,universal,vector16safe,6,695.480,14.125,1.004506,0.974096,1.025047,4.178856,4.157616,4.747682
ldc2,17,17,universal,vector16store,6,697.354,14.688,1.002161,0.935696,1.008927,4.190119,4.143804,4.756291
ldc2,17,17,universal,cpp-approved-execution,6,166.483,0.199,4.195165,4.081403,4.754967,1.000000,1.000000,1.000000
ldc2,17,128,contiguous,original,6,319.167,1.305,1.000000,1.000000,1.000000,1.793514,1.736364,1.829384
ldc2,17,128,contiguous,vector16safe,6,318.750,1.569,1.001305,1.000000,1.007833,1.791145,1.731818,1.827751
ldc2,17,128,contiguous,vector16store,6,319.583,1.565,0.998708,0.992208,1.013089,1.786483,1.744292,1.834123
ldc2,17,128,contiguous,cpp-approved-execution,6,179.167,5.116,1.793514,1.736364,1.829384,1.000000,1.000000,1.000000
ldc2,17,128,negative-both,original,6,914.167,1.276,1.000000,1.000000,1.000000,2.978304,2.954178,3.008219
ldc2,17,128,negative-both,vector16safe,6,915.000,1.275,1.000454,0.997275,1.000919,2.975586,2.951482,3.016438
ldc2,17,128,negative-both,vector16store,6,916.667,1.273,0.997722,0.995467,1.001817,2.978304,2.962264,3.016438
ldc2,17,128,negative-both,cpp-approved-execution,6,306.667,1.630,2.978304,2.954178,3.008219,1.000000,1.000000,1.000000
ldc2,17,128,negative-source,original,6,919.167,1.541,1.000000,1.000000,1.000000,2.996009,2.954545,3.040872
ldc2,17,128,negative-source,vector16safe,6,920.833,1.357,0.998646,0.996393,1.000897,3.000074,2.965241,3.038147
ldc2,17,128,negative-source,vector16store,6,920.000,1.721,0.999094,0.998183,1.004566,2.991870,2.957219,3.035422
ldc2,17,128,negative-source,cpp-approved-execution,6,306.667,2.446,2.996009,2.954545,3.040872,1.000000,1.000000,1.000000
ldc2,17,128,padded,original,6,368.333,4.072,1.000000,1.000000,1.000000,1.194354,1.184066,1.226776
ldc2,17,128,padded,vector16safe,6,365.417,4.105,1.002232,0.995381,1.016092,1.192114,1.172507,1.224044
ldc2,17,128,padded,vector16store,6,366.250,3.868,1.001116,0.997685,1.013761,1.190740,1.175202,1.224044
ldc2,17,128,padded,cpp-approved-execution,6,304.583,3.010,1.194354,1.184066,1.226776,1.000000,1.000000,1.000000
ldc2,17,128,repeated-source,original,6,356.667,1.402,1.000000,1.000000,1.000000,1.179063,1.175824,1.195592
ldc2,17,128,repeated-source,vector16safe,6,357.083,0.467,1.000000,0.997669,1.014019,1.179063,1.178571,1.181818
ldc2,17,128,repeated-source,vector16store,6,357.500,1.632,0.997685,0.997669,1.011655,1.181818,1.175824,1.195055
ldc2,17,128,repeated-source,cpp-approved-execution,6,302.500,0.275,1.179063,1.175824,1.195592,1.000000,1.000000,1.000000
ldc2,17,128,universal,original,6,4941.250,3.373,1.000000,1.000000,1.000000,3.902282,3.854701,3.988816
ldc2,17,128,universal,vector16safe,6,4960.833,3.561,0.993127,0.981419,1.007278,3.913872,3.886842,4.026316
ldc2,17,128,universal,vector16store,6,4987.917,3.759,0.993202,0.978635,1.013706,3.939125,3.837607,3.988158
ldc2,17,128,universal,cpp-approved-execution,6,1266.667,0.197,3.902282,3.854701,3.988816,1.000000,1.000000,1.000000
ldc2,23,1,contiguous,original,6,22.217,3.187,1.000000,1.000000,1.000000,3.568627,3.545098,3.658824
ldc2,23,1,contiguous,vector16safe,6,22.742,2.040,0.976920,0.971123,0.984177,3.652941,3.643137,3.717647
ldc2,23,1,contiguous,vector16store,6,22.729,1.611,0.976423,0.974249,0.990446,3.650980,3.635294,3.694118
ldc2,23,1,contiguous,cpp-approved-execution,6,6.226,0.000,3.568627,3.545098,3.658824,1.000000,1.000000,1.000000
ldc2,23,1,negative-both,original,6,28.003,1.308,1.000000,1.000000,1.000000,4.312030,4.296992,4.353383
ldc2,23,1,negative-both,vector16safe,6,28.406,1.633,0.984986,0.982188,0.987091,4.374060,4.360902,4.432331
ldc2,23,1,negative-both,vector16store,6,28.296,1.812,0.988353,0.983022,0.990517,4.357143,4.349624,4.428571
ldc2,23,1,negative-both,cpp-approved-execution,6,6.494,0.000,4.312030,4.296992,4.353383,1.000000,1.000000,1.000000
ldc2,23,1,negative-source,original,6,28.064,1.653,1.000000,1.000000,1.000000,4.321429,4.308271,4.379699
ldc2,23,1,negative-source,vector16safe,6,28.430,0.515,0.987967,0.983691,0.996578,4.377820,4.372180,4.394737
ldc2,23,1,negative-source,vector16store,6,28.345,0.775,0.991803,0.982005,1.005177,4.364662,4.353383,4.387218
ldc2,23,1,negative-source,cpp-approved-execution,6,6.494,0.000,4.321429,4.308271,4.379699,1.000000,1.000000,1.000000
ldc2,23,1,padded,original,6,22.107,1.657,1.000000,1.000000,1.000000,3.404135,3.394737,3.451128
ldc2,23,1,padded,vector16safe,6,22.729,0.967,0.974180,0.970968,0.978678,3.500000,3.492481,3.526316
ldc2,23,1,padded,vector16store,6,22.681,0.753,0.975216,0.968884,0.983923,3.492481,3.481203,3.507519
ldc2,23,1,padded,cpp-approved-execution,6,6.494,0.000,3.404135,3.394737,3.451128,1.000000,1.000000,1.000000
ldc2,23,1,repeated-source,original,6,22.144,2.095,1.000000,1.000000,1.000000,3.409774,3.390977,3.436567
ldc2,23,1,repeated-source,vector16safe,6,22.717,1.075,0.974233,0.971983,0.981876,3.498120,3.488722,3.507519
ldc2,23,1,repeated-source,vector16store,6,22.729,1.074,0.976268,0.963675,0.982924,3.490616,3.484962,3.518797
ldc2,23,1,repeated-source,cpp-approved-execution,6,6.494,0.752,3.409774,3.390977,3.436567,1.000000,1.000000,1.000000
ldc2,23,1,universal,original,6,93.872,3.771,1.000000,1.000000,1.000000,6.355966,6.263934,6.621035
ldc2,23,1,universal,vector16safe,6,93.665,3.519,0.998306,0.964655,1.035509,6.395659,6.296721,6.493443
ldc2,23,1,universal,vector16store,6,96.838,6.328,0.972654,0.940732,1.029595,6.586702,6.309836,6.721311
ldc2,23,1,universal,cpp-approved-execution,6,14.758,1.820,6.355966,6.263934,6.621035,1.000000,1.000000,1.000000
ldc2,23,17,contiguous,original,6,86.567,0.862,1.000000,1.000000,1.000000,2.685185,2.685185,2.708333
ldc2,23,17,contiguous,vector16safe,6,87.836,1.359,0.987246,0.983051,0.996564,2.724537,2.694444,2.731481
ldc2,23,17,contiguous,vector16store,6,86.866,0.515,0.996564,0.993151,1.006885,2.694444,2.689815,2.703704
ldc2,23,17,contiguous,cpp-approved-execution,6,32.239,0.000,2.685185,2.685185,2.708333,1.000000,1.000000,1.000000
ldc2,23,17,negative-both,original,6,208.955,1.571,1.000000,1.000000,1.000000,2.839757,2.833671,2.872470
ldc2,23,17,negative-both,vector16safe,6,208.731,1.931,1.002858,1.000000,1.005751,2.836714,2.821501,2.870445
ldc2,23,17,negative-both,vector16store,6,208.582,1.717,1.001074,1.000000,1.010057,2.834686,2.823529,2.866397
ldc2,23,17,negative-both,cpp-approved-execution,6,73.582,0.203,2.839757,2.833671,2.872470,1.000000,1.000000,1.000000
ldc2,23,17,negative-source,original,6,208.507,1.002,1.000000,1.000000,1.000000,2.829615,2.819838,2.848178
ldc2,23,17,negative-source,vector16safe,6,209.478,2.565,0.999285,0.978933,1.003602,2.843971,2.809717,2.888438
ldc2,23,17,negative-source,vector16store,6,208.582,1.073,0.999283,0.997139,1.003587,2.834686,2.810484,2.852227
ldc2,23,17,negative-source,cpp-approved-execution,6,73.657,0.608,2.829615,2.819838,2.848178,1.000000,1.000000,1.000000
ldc2,23,17,padded,original,6,120.746,0.371,1.000000,1.000000,1.000000,1.640974,1.638945,1.645030
ldc2,23,17,padded,vector16safe,6,120.672,0.247,1.000000,0.998765,1.003713,1.639959,1.638945,1.643002
ldc2,23,17,padded,vector16store,6,120.522,4.211,1.002480,0.964243,1.006211,1.637931,1.632860,1.701826
ldc2,23,17,padded,cpp-approved-execution,6,73.582,0.000,1.640974,1.638945,1.645030,1.000000,1.000000,1.000000
ldc2,23,17,repeated-source,original,6,119.701,0.249,1.000000,1.000000,1.000000,1.626775,1.624746,1.628803
ldc2,23,17,repeated-source,vector16safe,6,119.925,0.249,0.998134,0.996269,1.000000,1.629817,1.628803,1.632860
ldc2,23,17,repeated-source,vector16store,6,119.851,0.498,0.998755,0.996269,1.001248,1.628803,1.624746,1.632860
ldc2,23,17,repeated-source,cpp-approved-execution,6,73.582,0.000,1.626775,1.624746,1.628803,1.000000,1.000000,1.000000
ldc2,23,17,universal,original,6,929.851,12.071,1.000000,1.000000,1.000000,4.176997,4.130872,4.632461
ldc2,23,17,universal,vector16safe,6,924.030,12.454,1.001126,0.993864,1.015511,4.152250,4.126761,4.643863
ldc2,23,17,universal,vector16store,6,929.104,12.289,0.996866,0.971127,1.012240,4.173653,4.145064,4.652582
ldc2,23,17,universal,cpp-approved-execution,6,222.537,0.201,4.176997,4.130872,4.632461,1.000000,1.000000,1.000000
ldc2,23,128,contiguous,original,6,542.697,5.176,1.000000,1.000000,1.000000,2.330918,2.265116,2.425837
ldc2,23,128,contiguous,vector16safe,6,543.820,4.959,1.000000,0.995868,1.001976,2.335749,2.265116,2.421053
ldc2,23,128,contiguous,vector16store,6,542.697,5.176,1.001037,0.997930,1.004124,2.330918,2.255814,2.425837
ldc2,23,128,contiguous,cpp-approved-execution,6,232.584,3.865,2.330918,2.265116,2.425837,1.000000,1.000000,1.000000
ldc2,23,128,negative-both,original,6,1277.528,0.967,1.000000,1.000000,1.000000,2.312627,2.310484,2.323829
ldc2,23,128,negative-both,vector16safe,6,1278.090,0.879,0.999561,0.994746,1.007030,2.315682,2.294355,2.329939
ldc2,23,128,negative-both,vector16store,6,1277.528,0.616,1.000001,0.997371,1.006173,2.311609,2.300403,2.323829
ldc2,23,128,negative-both,cpp-approved-execution,6,551.685,1.018,2.312627,2.310484,2.323829,1.000000,1.000000,1.000000
ldc2,23,128,negative-source,original,6,1261.236,0.891,1.000000,1.000000,1.000000,2.292261,2.285714,2.293878
ldc2,23,128,negative-source,vector16safe,6,1264.045,0.622,0.998664,0.996444,1.000886,2.295617,2.289796,2.300613
ldc2,23,128,negative-source,vector16store,6,1262.921,0.534,0.999111,0.996444,1.001773,2.290816,2.288032,2.300613
ldc2,23,128,negative-source,cpp-approved-execution,6,550.562,0.816,2.292261,2.285714,2.293878,1.000000,1.000000,1.000000
ldc2,23,128,padded,original,6,620.225,1.812,1.000000,1.000000,1.000000,1.125769,1.113590,1.133197
ldc2,23,128,padded,vector16safe,6,620.225,1.087,1.000906,0.998188,1.007207,1.124492,1.113590,1.131148
ldc2,23,128,padded,vector16store,6,619.663,0.907,1.000000,0.998182,1.007207,1.125393,1.115619,1.129098
ldc2,23,128,padded,cpp-approved-execution,6,551.124,1.835,1.125769,1.113590,1.133197,1.000000,1.000000,1.000000
ldc2,23,128,repeated-source,original,6,604.494,0.186,1.000000,1.000000,1.000000,1.119668,1.118257,1.120833
ldc2,23,128,repeated-source,vector16safe,6,605.618,0.186,0.998145,0.998145,1.000000,1.121749,1.118257,1.122917
ldc2,23,128,repeated-source,vector16store,6,605.056,0.186,1.000000,0.998145,1.000000,1.120708,1.118257,1.122917
ldc2,23,128,repeated-source,cpp-approved-execution,6,539.888,0.416,1.119668,1.118257,1.120833,1.000000,1.000000,1.000000
ldc2,23,128,universal,original,6,6807.303,9.557,1.000000,1.000000,1.000000,4.047094,3.945260,4.334669
ldc2,23,128,universal,vector16safe,6,6767.416,7.272,1.004519,0.989121,1.032623,4.023380,3.945892,4.235648
ldc2,23,128,universal,vector16store,6,6772.472,8.411,0.998481,0.986965,1.046107,4.026386,3.963284,4.301736
ldc2,23,128,universal,cpp-approved-execution,6,1682.022,0.067,4.047094,3.945260,4.334669,1.000000,1.000000,1.000000
ldc2,31,1,contiguous,original,6,23.010,6.578,1.000000,1.000000,1.000000,3.035499,2.961415,3.170968
ldc2,31,1,contiguous,vector16safe,6,23.499,6.234,0.971116,0.965409,0.985552,3.103226,3.067524,3.270968
ldc2,31,1,contiguous,vector16store,6,23.450,6.351,0.973063,0.969474,0.988613,3.093548,3.054662,3.261290
ldc2,31,1,contiguous,cpp-approved-execution,6,7.568,0.323,3.035499,2.961415,3.170968,1.000000,1.000000,1.000000
ldc2,31,1,negative-both,original,6,31.641,0.463,1.000000,1.000000,1.000000,4.024845,4.018634,4.037267
ldc2,31,1,negative-both,vector16safe,6,31.860,0.920,0.992334,0.989346,0.993870,4.052795,4.043478,4.080745
ldc2,31,1,negative-both,vector16store,6,31.934,1.223,0.990060,0.981046,0.995406,4.062112,4.046584,4.096273
ldc2,31,1,negative-both,cpp-approved-execution,6,7.861,0.000,4.024845,4.018634,4.037267,1.000000,1.000000,1.000000
ldc2,31,1,negative-source,original,6,31.750,0.846,1.000000,1.000000,1.000000,4.045113,4.024845,4.056075
ldc2,31,1,negative-source,vector16safe,6,31.982,0.992,0.990468,0.984860,0.998471,4.073102,4.062112,4.115265
ldc2,31,1,negative-source,vector16store,6,31.860,0.996,0.995398,0.987043,1.000766,4.059108,4.046584,4.099688
ldc2,31,1,negative-source,cpp-approved-execution,6,7.849,0.311,4.045113,4.024845,4.056075,1.000000,1.000000,1.000000
ldc2,31,1,padded,original,6,22.534,0.867,1.000000,1.000000,1.000000,2.874030,2.854037,2.878882
ldc2,31,1,padded,vector16safe,6,23.389,0.522,0.963002,0.960293,0.963617,2.984424,2.972050,2.987578
ldc2,31,1,padded,vector16store,6,23.267,0.525,0.967000,0.965336,0.972718,2.967290,2.956522,2.978193
ldc2,31,1,padded,cpp-approved-execution,6,7.849,0.311,2.874030,2.854037,2.878882,1.000000,1.000000,1.000000
ldc2,31,1,repeated-source,original,6,22.461,0.870,1.000000,1.000000,1.000000,2.866044,2.856698,2.875389
ldc2,31,1,repeated-source,vector16safe,6,23.303,0.419,0.964867,0.961216,0.966562,2.972006,2.968847,2.978193
ldc2,31,1,repeated-source,vector16store,6,23.193,0.526,0.968931,0.961216,0.971639,2.959502,2.956386,2.971963
ldc2,31,1,repeated-source,cpp-approved-execution,6,7.837,0.312,2.866044,2.856698,2.875389,1.000000,1.000000,1.000000
ldc2,31,1,universal,original,6,113.196,4.270,1.000000,1.000000,1.000000,5.810150,5.689223,5.946633
ldc2,31,1,universal,vector16safe,6,113.977,3.684,0.994266,0.974667,1.027217,5.850251,5.760652,5.924812
ldc2,31,1,universal,vector16store,6,113.806,3.883,1.003828,0.954784,1.020681,5.862155,5.731830,5.958647
ldc2,31,1,universal,cpp-approved-execution,6,19.482,1.378,5.810150,5.689223,5.946633,1.000000,1.000000,1.000000
ldc2,31,17,contiguous,original,6,95.372,0.211,1.000000,1.000000,1.000000,2.214953,2.204651,2.219626
ldc2,31,17,contiguous,vector16safe,6,95.573,0.211,0.997895,0.995798,1.000000,2.219626,2.209302,2.224299
ldc2,31,17,contiguous,vector16store,6,95.674,0.210,0.997895,0.995798,0.997899,2.219626,2.213953,2.224299
ldc2,31,17,contiguous,cpp-approved-execution,6,43.058,0.467,2.214953,2.204651,2.219626,1.000000,1.000000,1.000000
ldc2,31,17,negative-both,original,6,263.179,1.376,1.000000,1.000000,1.000000,2.782979,2.765957,2.804255
ldc2,31,17,negative-both,vector16safe,6,262.575,1.533,1.002298,0.997698,1.006881,2.776596,2.759574,2.802128
ldc2,31,17,negative-both,vector16store,6,262.374,0.920,1.003848,0.991609,1.012298,2.774468,2.763830,2.789362
ldc2,31,17,negative-both,cpp-approved-execution,6,94.567,0.000,2.782979,2.765957,2.804255,1.000000,1.000000,1.000000
ldc2,31,17,negative-source,original,6,264.286,1.218,1.000000,1.000000,1.000000,2.794681,2.768085,2.802128
ldc2,31,17,negative-source,vector16safe,6,263.280,0.764,1.002297,0.999232,1.006881,2.784043,2.768085,2.789362
ldc2,31,17,negative-source,vector16store,6,263.179,1.147,1.003050,1.000000,1.006891,2.782979,2.761702,2.793617
ldc2,31,17,negative-source,cpp-approved-execution,6,94.567,0.000,2.794681,2.768085,2.802128,1.000000,1.000000,1.000000
ldc2,31,17,padded,original,6,129.577,0.311,1.000000,1.000000,1.000000,1.370213,1.368085,1.373134
ldc2,31,17,padded,vector16safe,6,129.577,0.311,0.998450,0.996904,1.000000,1.370213,1.370213,1.377399
ldc2,31,17,padded,vector16store,6,129.477,0.466,1.000000,1.000000,1.001558,1.369149,1.365957,1.373134
ldc2,31,17,padded,cpp-approved-execution,6,94.567,0.213,1.370213,1.368085,1.373134,1.000000,1.000000,1.000000
ldc2,31,17,repeated-source,original,6,129.074,0.624,1.000000,1.000000,1.000000,1.364894,1.361702,1.370213
ldc2,31,17,repeated-source,vector16safe,6,129.074,0.779,1.000000,0.995334,1.003120,1.364894,1.363830,1.374468
ldc2,31,17,repeated-source,vector16store,6,128.974,0.624,1.000778,0.998440,1.003130,1.363830,1.359574,1.368085
ldc2,31,17,repeated-source,cpp-approved-execution,6,94.567,0.000,1.364894,1.361702,1.370213,1.000000,1.000000,1.000000
ldc2,31,17,universal,original,6,1229.376,7.709,1.000000,1.000000,1.000000,4.141736,3.814931,4.425963
ldc2,31,17,universal,vector16safe,6,1223.139,8.949,1.000748,0.974968,1.025713,4.109491,3.821205,4.448952
ldc2,31,17,universal,vector16store,6,1241.348,9.628,0.994276,0.987002,1.016890,4.184127,3.751568,4.444895
ldc2,31,17,universal,cpp-approved-execution,6,296.881,8.133,4.141736,3.814931,4.425963,1.000000,1.000000,1.000000
ldc2,31,128,contiguous,original,6,616.667,0.491,1.000000,1.000000,1.000000,1.954442,1.933333,1.971014
ldc2,31,128,contiguous,vector16safe,6,615.909,0.492,1.000000,0.997549,1.002463,1.949646,1.933333,1.971014
ldc2,31,128,contiguous,vector16store,6,615.152,0.739,1.002463,0.997549,1.004938,1.947242,1.928571,1.966184
ldc2,31,128,contiguous,cpp-approved-execution,6,315.909,1.439,1.954442,1.933333,1.971014,1.000000,1.000000,1.000000
ldc2,31,128,negative-both,original,6,1703.030,1.779,1.000000,1.000000,1.000000,2.388946,2.362473,2.400000
ldc2,31,128,negative-both,vector16safe,6,1699.242,1.427,1.000890,0.999098,1.005348,2.385759,2.364606,2.388535
ldc2,31,128,negative-both,vector16store,6,1700.758,1.425,1.000444,0.999098,1.004452,2.387885,2.364606,2.389362
ldc2,31,128,negative-both,cpp-approved-execution,6,712.121,0.426,2.388946,2.362473,2.400000,1.000000,1.000000,1.000000
ldc2,31,128,negative-source,original,6,1708.333,1.596,1.000000,1.000000,1.000000,2.404051,2.374468,2.415778
ldc2,31,128,negative-source,vector16safe,6,1710.606,1.594,0.999557,0.998216,1.000883,2.407249,2.374468,2.413646
ldc2,31,128,negative-source,vector16store,6,1707.576,1.775,1.000885,0.999119,1.000897,2.402985,2.372340,2.413646
ldc2,31,128,negative-source,cpp-approved-execution,6,711.364,0.426,2.404051,2.374468,2.415778,1.000000,1.000000,1.000000
ldc2,31,128,padded,original,6,697.727,0.651,1.000000,1.000000,1.000000,0.984011,0.978678,0.989293
ldc2,31,128,padded,vector16safe,6,696.970,0.435,1.001087,0.997826,1.004348,0.983958,0.978678,0.989270
ldc2,31,128,padded,vector16store,6,698.485,0.868,1.000000,0.997826,1.002183,0.985027,0.976546,0.989270
ldc2,31,128,padded,cpp-approved-execution,6,708.333,0.856,0.984011,0.978678,0.989293,1.000000,1.000000,1.000000
ldc2,31,128,repeated-source,original,6,681.061,0.445,1.000000,1.000000,1.000000,0.976087,0.971861,0.978261
ldc2,31,128,repeated-source,vector16safe,6,681.818,0.444,0.998891,0.995556,1.000000,0.978261,0.971861,0.980435
ldc2,31,128,repeated-source,vector16store,6,680.303,0.668,0.998891,0.997773,1.002227,0.976087,0.971861,0.980435
ldc2,31,128,repeated-source,cpp-approved-execution,6,696.970,0.435,0.976087,0.971861,0.978261,1.000000,1.000000,1.000000
ldc2,31,128,universal,original,6,9031.818,3.473,1.000000,1.000000,1.000000,4.046843,4.008147,4.145862
ldc2,31,128,universal,vector16safe,6,9040.909,4.609,0.998482,0.978222,1.024304,4.049543,4.021724,4.205563
ldc2,31,128,universal,vector16store,6,9016.667,4.890,0.999324,0.982342,1.031567,4.038690,3.993211,4.187924
ldc2,31,128,universal,cpp-approved-execution,6,2232.576,0.068,4.046843,4.008147,4.145862,1.000000,1.000000,1.000000
ldc2,32,1,contiguous,original,6,20.972,2.212,1.000000,1.000000,1.000000,4.303266,4.285000,4.380000
ldc2,32,1,contiguous,vector16safe,6,21.729,1.348,0.965168,0.959686,0.973333,4.458656,4.445000,4.500000
ldc2,32,1,contiguous,vector16store,6,21.680,1.239,0.968980,0.965090,0.977679,4.442500,4.425000,4.480000
ldc2,32,1,contiguous,cpp-approved-execution,6,4.883,0.500,4.303266,4.285000,4.380000,1.000000,1.000000,1.000000
ldc2,32,1,negative-both,original,6,32.080,0.152,1.000000,1.000000,1.000000,6.227488,6.222749,6.247619
ldc2,32,1,negative-both,vector16safe,6,32.214,0.455,0.995074,0.993197,0.997722,6.263033,6.241706,6.280952
ldc2,32,1,negative-both,vector16store,6,32.471,0.301,0.987965,0.987228,0.988696,6.305687,6.298578,6.319048
ldc2,32,1,negative-both,cpp-approved-execution,6,5.151,0.474,6.227488,6.222749,6.247619,1.000000,1.000000,1.000000
ldc2,32,1,negative-source,original,6,32.239,4.771,1.000000,1.000000,1.000000,6.258294,3.412060,6.545024
ldc2,32,1,negative-source,vector16safe,6,32.373,2.941,0.999247,0.993980,1.017686,6.281991,3.404523,6.431280
ldc2,32,1,negative-source,vector16store,6,32.458,2.933,0.994775,0.983619,1.042264,6.284360,3.424623,6.364929
ldc2,32,1,negative-source,cpp-approved-execution,6,5.151,89.100,6.258294,3.412060,6.545024,1.000000,1.000000,1.000000
ldc2,32,1,padded,original,6,20.959,2.446,1.000000,1.000000,1.000000,4.068720,4.042654,4.142180
ldc2,32,1,padded,vector16safe,6,21.667,1.465,0.966237,0.964932,0.974359,4.206161,4.189573,4.251185
ldc2,32,1,padded,vector16store,6,21.619,2.597,0.971074,0.951165,0.975141,4.196682,4.161137,4.270142
ldc2,32,1,padded,cpp-approved-execution,6,5.151,0.000,4.068720,4.042654,4.142180,1.000000,1.000000,1.000000
ldc2,32,1,repeated-source,original,6,20.947,1.399,1.000000,1.000000,1.000000,4.066351,4.056872,4.113744
ldc2,32,1,repeated-source,vector16safe,6,21.680,0.563,0.965615,0.964085,0.977477,4.208531,4.199052,4.222749
ldc2,32,1,repeated-source,vector16store,6,21.606,0.678,0.970605,0.968326,0.978579,4.194313,4.175355,4.203791
ldc2,32,1,repeated-source,cpp-approved-execution,6,5.151,0.000,4.066351,4.056872,4.113744,1.000000,1.000000,1.000000
ldc2,32,1,universal,original,6,113.257,2.953,1.000000,1.000000,1.000000,5.646163,5.046386,5.805116
ldc2,32,1,universal,vector16safe,6,115.857,1.349,0.982379,0.973137,1.000840,5.757613,5.132686,5.803898
ldc2,32,1,universal,vector16store,6,113.843,3.131,0.997531,0.970268,1.021213,5.679659,5.009709,5.819512
ldc2,32,1,universal,cpp-approved-execution,6,20.044,13.033,5.646163,5.046386,5.805116,1.000000,1.000000,1.000000
ldc2,32,17,contiguous,original,6,66.944,0.311,1.000000,1.000000,1.000000,1.594059,1.594059,1.599010
ldc2,32,17,contiguous,vector16safe,6,67.256,0.927,0.995366,0.993827,1.003115,1.601485,1.589109,1.603960
ldc2,32,17,contiguous,vector16store,6,66.944,0.000,1.000000,1.000000,1.003106,1.594059,1.594059,1.594059
ldc2,32,17,contiguous,cpp-approved-execution,6,41.996,0.000,1.594059,1.594059,1.599010,1.000000,1.000000,1.000000
ldc2,32,17,negative-both,original,6,268.087,0.310,1.000000,1.000000,1.000000,5.212551,5.205645,5.222672
ldc2,32,17,negative-both,vector16safe,6,267.983,2.638,1.000776,0.977273,1.001555,5.206478,5.201613,5.344130
ldc2,32,17,negative-both,vector16store,6,267.879,0.776,1.000000,0.996142,1.001553,5.214575,5.205645,5.225806
ldc2,32,17,negative-both,cpp-approved-execution,6,51.351,0.405,5.212551,5.205645,5.222672,1.000000,1.000000,1.000000
ldc2,32,17,negative-source,original,6,269.958,0.924,1.000000,1.000000,1.000000,5.248988,5.162055,5.259109
ldc2,32,17,negative-source,vector16safe,6,269.854,1.002,1.000771,0.999230,1.003837,5.244939,5.166008,5.255061
ldc2,32,17,negative-source,vector16store,6,269.647,1.234,1.001538,0.998471,1.003096,5.236842,5.169960,5.259109
ldc2,32,17,negative-source,cpp-approved-execution,6,51.351,2.429,5.248988,5.162055,5.259109,1.000000,1.000000,1.000000
ldc2,32,17,padded,original,6,97.089,0.857,1.000000,1.000000,1.000000,1.890688,1.886640,1.895161
ldc2,32,17,padded,vector16safe,6,97.401,0.854,0.997863,0.995736,0.997877,1.896761,1.890688,1.899194
ldc2,32,17,padded,vector16store,6,97.505,0.853,0.995749,0.993617,0.997868,1.898785,1.894737,1.903226
ldc2,32,17,padded,cpp-approved-execution,6,51.351,0.405,1.890688,1.886640,1.895161,1.000000,1.000000,1.000000
ldc2,32,17,repeated-source,original,6,96.466,0.431,1.000000,1.000000,1.000000,1.876518,1.867470,1.882591
ldc2,32,17,repeated-source,vector16safe,6,96.778,0.430,0.997849,0.993562,1.000000,1.880567,1.871486,1.886640
ldc2,32,17,repeated-source,vector16store,6,96.778,0.644,0.997852,0.995699,1.000000,1.882591,1.871486,1.886640
ldc2,32,17,repeated-source,cpp-approved-execution,6,51.351,0.810,1.876518,1.867470,1.882591,1.000000,1.000000,1.000000
ldc2,32,17,universal,original,6,1274.428,1.843,1.000000,1.000000,1.000000,4.164402,4.118967,4.192935
ldc2,32,17,universal,vector16safe,6,1260.707,1.435,1.012495,0.988740,1.013574,4.120964,4.103940,4.165874
ldc2,32,17,universal,vector16store,6,1263.514,0.708,1.008553,1.000826,1.014631,4.129076,4.115568,4.141984
ldc2,32,17,universal,cpp-approved-execution,6,306.029,0.068,4.164402,4.118967,4.192935,1.000000,1.000000,1.000000
ldc2,32,128,contiguous,original,6,406.250,0.385,1.000000,1.000000,1.000000,1.235714,1.220657,1.239234
ldc2,32,128,contiguous,vector16safe,6,406.250,0.385,1.000000,0.996154,1.003861,1.235714,1.220657,1.239234
ldc2,32,128,contiguous,vector16store,6,405.469,0.385,1.000000,1.000000,1.003861,1.233333,1.220657,1.239234
ldc2,32,128,contiguous,cpp-approved-execution,6,328.125,1.905,1.235714,1.220657,1.239234,1.000000,1.000000,1.000000
ldc2,32,128,negative-both,original,6,1758.594,0.622,1.000000,1.000000,1.000000,4.521149,4.490040,4.556452
ldc2,32,128,negative-both,vector16safe,6,1759.375,0.533,0.999558,0.997336,1.001773,4.527173,4.486056,4.548387
ldc2,32,128,negative-both,vector16store,6,1760.938,0.799,0.999556,0.998229,1.001784,4.524096,4.484000,4.556452
ldc2,32,128,negative-both,cpp-approved-execution,6,389.062,1.205,4.521149,4.490040,4.556452,1.000000,1.000000,1.000000
ldc2,32,128,negative-source,original,6,1749.219,0.268,1.000000,1.000000,1.000000,4.466135,4.436508,4.548780
ldc2,32,128,negative-source,vector16safe,6,1751.562,0.357,0.999554,0.996435,1.000894,4.470120,4.436508,4.544715
ldc2,32,128,negative-source,vector16store,6,1749.219,0.983,0.999107,0.993794,1.001791,4.480080,4.440476,4.540650
ldc2,32,128,negative-source,cpp-approved-execution,6,392.188,2.390,4.466135,4.436508,4.548780,1.000000,1.000000,1.000000
ldc2,32,128,padded,original,6,445.312,2.456,1.000000,1.000000,1.000000,1.140000,1.132530,1.156000
ldc2,32,128,padded,vector16safe,6,443.750,2.113,1.001736,0.996466,1.003521,1.136273,1.136000,1.156000
ldc2,32,128,padded,vector16store,6,444.531,2.109,1.000006,0.996466,1.003521,1.138273,1.136000,1.156000
ldc2,32,128,padded,cpp-approved-execution,6,390.625,0.400,1.140000,1.132530,1.156000,1.000000,1.000000,1.000000
ldc2,32,128,repeated-source,original,6,435.156,0.718,1.000000,1.000000,1.000000,1.165624,1.148760,1.176471
ldc2,32,128,repeated-source,vector16safe,6,434.375,1.439,1.003597,1.000000,1.010909,1.160748,1.148760,1.172269
ldc2,32,128,repeated-source,vector16store,6,431.250,3.261,1.009091,0.989362,1.025641,1.150010,1.142259,1.175000
ldc2,32,128,repeated-source,cpp-approved-execution,6,373.438,1.674,1.165624,1.148760,1.176471,1.000000,1.000000,1.000000
ldc2,32,128,universal,original,6,9367.969,4.253,1.000000,1.000000,1.000000,4.059189,4.006766,4.172414
ldc2,32,128,universal,vector16safe,6,9400.000,4.937,1.001707,0.986329,1.013156,4.074492,3.968136,4.158215
ldc2,32,128,universal,vector16store,6,9369.531,3.936,0.997474,0.982334,1.007615,4.057877,4.023051,4.171738
ldc2,32,128,universal,cpp-approved-execution,6,2309.375,0.271,4.059189,4.006766,4.172414,1.000000,1.000000,1.000000
ldc2,33,1,contiguous,original,6,21.277,2.065,1.000000,1.000000,1.000000,3.740343,3.729614,3.806867
ldc2,33,1,contiguous,vector16safe,6,21.887,0.446,0.973184,0.970950,0.987751,3.847639,3.836910,3.854077
ldc2,33,1,contiguous,vector16store,6,21.948,0.667,0.969918,0.966630,0.986652,3.858369,3.845494,3.871245
ldc2,33,1,contiguous,cpp-approved-execution,6,5.688,0.000,3.740343,3.729614,3.806867,1.000000,1.000000,1.000000
ldc2,33,1,negative-both,original,6,32.788,1.862,1.000000,1.000000,1.000000,5.631061,5.584034,5.689076
ldc2,33,1,negative-both,vector16safe,6,32.507,0.526,1.009016,0.996252,1.016517,5.594538,5.569038,5.605042
ldc2,33,1,negative-both,vector16store,6,32.471,1.654,1.007899,0.993274,1.018045,5.588235,5.571429,5.640167
ldc2,33,1,negative-both,cpp-approved-execution,6,5.811,0.420,5.631061,5.584034,5.689076,1.000000,1.000000,1.000000
ldc2,33,1,negative-source,original,6,32.837,1.115,1.000000,1.000000,1.000000,5.633891,5.577406,5.651261
ldc2,33,1,negative-source,vector16safe,6,32.483,0.451,1.010898,1.005279,1.012772,5.569038,5.548117,5.596639
ldc2,33,1,negative-source,vector16store,6,32.605,1.123,1.003738,1.000744,1.012039,5.597456,5.564854,5.647059
ldc2,33,1,negative-source,cpp-approved-execution,6,5.835,0.418,5.633891,5.577406,5.651261,1.000000,1.000000,1.000000
ldc2,33,1,padded,original,6,21.411,2.166,1.000000,1.000000,1.000000,3.684874,3.659664,3.739496
ldc2,33,1,padded,vector16safe,6,21.912,1.003,0.976042,0.971143,0.983425,3.771008,3.764706,3.802521
ldc2,33,1,padded,vector16store,6,22.058,2.214,0.968710,0.965632,0.981069,3.796218,3.773109,3.857143
ldc2,33,1,padded,cpp-approved-execution,6,5.811,0.000,3.684874,3.659664,3.739496,1.000000,1.000000,1.000000
ldc2,33,1,repeated-source,original,6,21.289,0.688,1.000000,1.000000,1.000000,3.663866,3.651261,3.676471
ldc2,33,1,repeated-source,vector16safe,6,21.875,0.446,0.972656,0.969933,0.976536,3.764706,3.756303,3.773109
ldc2,33,1,repeated-source,vector16store,6,21.912,0.446,0.971573,0.969866,0.974359,3.771008,3.760504,3.777311
ldc2,33,1,repeated-source,cpp-approved-execution,6,5.811,0.000,3.663866,3.651261,3.676471,1.000000,1.000000,1.000000
ldc2,33,1,universal,original,6,115.356,1.143,1.000000,1.000000,1.000000,5.618994,5.576512,5.669471
ldc2,33,1,universal,vector16safe,6,117.554,2.908,0.981442,0.974705,1.000849,5.711744,5.628707,5.763658
ldc2,33,1,universal,vector16store,6,118.518,3.584,0.973983,0.966488,1.001487,5.769870,5.582444,5.823317
ldc2,33,1,universal,cpp-approved-execution,6,20.581,1.305,5.618994,5.576512,5.669471,1.000000,1.000000,1.000000
ldc2,33,17,contiguous,original,6,76.017,11.831,1.000000,1.000000,1.000000,1.757426,1.747525,1.955446
ldc2,33,17,contiguous,vector16safe,6,75.910,2.821,1.001412,0.994366,1.085165,1.754950,1.752475,1.801980
ldc2,33,17,contiguous,vector16store,6,76.231,3.652,0.997187,0.991573,1.073370,1.764273,1.757426,1.821782
ldc2,33,17,contiguous,cpp-approved-execution,6,43.255,0.495,1.757426,1.747525,1.955446,1.000000,1.000000,1.000000
ldc2,33,17,negative-both,original,6,276.445,0.697,1.000000,1.000000,1.000000,4.410258,4.402730,4.426621
ldc2,33,17,negative-both,vector16safe,6,276.660,0.929,0.999230,0.993072,1.003870,4.414676,4.399317,4.433447
ldc2,33,17,negative-both,vector16store,6,276.338,1.085,1.000387,0.992308,1.001555,4.411976,4.402730,4.436860
ldc2,33,17,negative-both,cpp-approved-execution,6,62.741,0.341,4.410258,4.402730,4.426621,1.000000,1.000000,1.000000
ldc2,33,17,negative-source,original,6,276.981,1.005,1.000000,1.000000,1.000000,4.412997,4.403390,4.441781
ldc2,33,17,negative-source,vector16safe,6,276.660,0.851,1.000386,0.995356,1.003870,4.421233,4.401361,4.424658
ldc2,33,17,negative-source,vector16store,6,277.302,0.618,0.997304,0.993818,1.001547,4.433219,4.397959,4.455479
ldc2,33,17,negative-source,cpp-approved-execution,6,62.527,1.027,4.412997,4.403390,4.441781,1.000000,1.000000,1.000000
ldc2,33,17,padded,original,6,113.276,1.890,1.000000,1.000000,1.000000,1.806507,1.790541,1.835616
ldc2,33,17,padded,vector16safe,6,112.848,1.139,1.002843,1.000000,1.007519,1.803082,1.787162,1.821918
ldc2,33,17,padded,vector16store,6,113.383,1.700,0.999069,0.992453,1.001894,1.813038,1.790541,1.839041
ldc2,33,17,padded,cpp-approved-execution,6,62.527,1.712,1.806507,1.790541,1.835616,1.000000,1.000000,1.000000
ldc2,33,17,repeated-source,original,6,112.527,1.903,1.000000,1.000000,1.000000,1.802747,1.765101,1.819728
ldc2,33,17,repeated-source,vector16safe,6,112.848,2.087,0.998118,0.994318,1.000000,1.803086,1.768456,1.823129
ldc2,33,17,repeated-source,vector16store,6,112.955,1.896,0.998099,0.994318,0.998134,1.807560,1.768456,1.823129
ldc2,33,17,repeated-source,cpp-approved-execution,6,62.634,2.393,1.802747,1.765101,1.819728,1.000000,1.000000,1.000000
ldc2,33,17,universal,original,6,1300.535,1.548,1.000000,1.000000,1.000000,4.052015,4.000000,4.062750
ldc2,33,17,universal,vector16safe,6,1302.355,2.170,0.998602,0.982617,1.015688,4.058726,3.992005,4.088117
ldc2,33,17,universal,vector16store,6,1309.529,2.191,0.992241,0.985851,1.010495,4.076997,4.007343,4.096796
ldc2,33,17,universal,cpp-approved-execution,6,320.878,0.200,4.052015,4.000000,4.062750,1.000000,1.000000,1.000000
ldc2,33,128,contiguous,original,6,466.935,0.691,1.000000,1.000000,1.000000,1.381875,1.376190,1.392344
ldc2,33,128,contiguous,vector16safe,6,467.742,0.690,1.000000,0.996552,1.003448,1.384256,1.376190,1.392344
ldc2,33,128,contiguous,vector16store,6,466.129,0.346,1.001724,1.000000,1.003460,1.379483,1.376190,1.387560
ldc2,33,128,contiguous,cpp-approved-execution,6,337.903,0.477,1.381875,1.376190,1.392344,1.000000,1.000000,1.000000
ldc2,33,128,negative-both,original,6,1806.452,0.179,1.000000,1.000000,1.000000,3.678171,3.665574,3.684211
ldc2,33,128,negative-both,vector16safe,6,1803.226,0.447,1.001789,0.999108,1.002686,3.674876,3.659016,3.677632
ldc2,33,128,negative-both,vector16store,6,1803.226,0.626,1.001343,0.997329,1.002686,3.677632,3.659016,3.694079
ldc2,33,128,negative-both,cpp-approved-execution,6,491.129,0.328,3.678171,3.665574,3.684211,1.000000,1.000000,1.000000
ldc2,33,128,negative-source,original,6,1812.903,0.534,1.000000,1.000000,1.000000,3.709571,3.699670,3.731788
ldc2,33,128,negative-source,vector16safe,6,1812.903,0.534,1.000000,0.995563,1.005352,3.714046,3.699670,3.721854
ldc2,33,128,negative-source,vector16store,6,1812.097,0.623,0.999109,0.997338,1.005357,3.712390,3.702970,3.721854
ldc2,33,128,negative-source,cpp-approved-execution,6,488.710,0.330,3.709571,3.699670,3.731788,1.000000,1.000000,1.000000
ldc2,33,128,padded,original,6,537.903,1.499,1.000000,1.000000,1.000000,1.119128,1.102990,1.127090
ldc2,33,128,padded,vector16safe,6,537.903,1.799,1.000000,1.000000,1.003021,1.119128,1.102990,1.127090
ldc2,33,128,padded,vector16store,6,537.903,1.799,1.000000,0.996997,1.003021,1.119128,1.106312,1.127090
ldc2,33,128,padded,cpp-approved-execution,6,481.452,1.340,1.119128,1.102990,1.127090,1.000000,1.000000,1.000000
ldc2,33,128,repeated-source,original,6,512.903,1.887,1.000000,1.000000,1.000000,1.114035,1.100346,1.129825
ldc2,33,128,repeated-source,vector16safe,6,513.710,1.884,0.996875,0.990654,1.003145,1.117544,1.100346,1.133333
ldc2,33,128,repeated-source,vector16store,6,512.903,1.887,0.998452,0.993711,1.003155,1.115789,1.100346,1.133333
ldc2,33,128,repeated-source,cpp-approved-execution,6,459.677,1.404,1.114035,1.100346,1.129825,1.000000,1.000000,1.000000
ldc2,33,128,universal,original,6,9620.161,3.705,1.000000,1.000000,1.000000,4.053363,3.957172,4.099050
ldc2,33,128,universal,vector16safe,6,9597.581,3.932,1.002335,0.980792,1.014913,4.046587,3.963315,4.116689
ldc2,33,128,universal,vector16store,6,9572.581,1.163,1.003704,0.985608,1.015974,4.027823,4.014956,4.055782
ldc2,33,128,universal,cpp-approved-execution,6,2375.000,0.272,4.053363,3.957172,4.099050,1.000000,1.000000,1.000000
ldc2,47,1,contiguous,original,6,23.572,0.932,1.000000,1.000000,1.000000,2.719718,2.712676,2.738028
ldc2,47,1,contiguous,vector16safe,6,24.634,0.793,0.957879,0.953557,0.963330,2.842254,2.828169,2.850704
ldc2,47,1,contiguous,vector16store,6,24.585,0.596,0.958706,0.955490,0.964286,2.836620,2.830986,2.847887
ldc2,47,1,contiguous,cpp-approved-execution,6,8.667,0.000,2.719718,2.712676,2.738028,1.000000,1.000000,1.000000
ldc2,47,1,negative-both,original,6,39.172,2.805,1.000000,1.000000,1.000000,4.383880,4.368852,4.491803
ldc2,47,1,negative-both,vector16safe,6,39.258,2.550,0.996884,0.991975,1.002489,4.393443,4.382514,4.494536
ldc2,47,1,negative-both,vector16store,6,40.295,3.151,0.977530,0.966807,0.989487,4.509563,4.418033,4.560109
ldc2,47,1,negative-both,cpp-approved-execution,6,8.936,0.000,4.383880,4.368852,4.491803,1.000000,1.000000,1.000000
ldc2,47,1,negative-source,original,6,39.197,0.498,1.000000,1.000000,1.000000,4.386612,4.371585,4.393443
ldc2,47,1,negative-source,vector16safe,6,39.233,0.124,0.999378,0.996264,1.000622,4.390710,4.387978,4.393443
ldc2,47,1,negative-source,vector16store,6,39.783,1.473,0.985286,0.976914,0.987085,4.452186,4.431694,4.497268
ldc2,47,1,negative-source,cpp-approved-execution,6,8.936,0.000,4.386612,4.371585,4.393443,1.000000,1.000000,1.000000
ldc2,47,1,padded,original,6,23.584,0.932,1.000000,1.000000,1.000000,2.639344,2.631148,2.655738
ldc2,47,1,padded,vector16safe,6,24.683,0.791,0.955149,0.954410,0.956436,2.762295,2.756831,2.778689
ldc2,47,1,padded,vector16store,6,24.585,0.794,0.960219,0.953603,0.961194,2.751366,2.745902,2.767760
ldc2,47,1,padded,cpp-approved-execution,6,8.936,0.000,2.639344,2.631148,2.655738,1.000000,1.000000,1.000000
ldc2,47,1,repeated-source,original,6,23.584,1.346,1.000000,1.000000,1.000000,2.639344,2.628415,2.649457
ldc2,47,1,repeated-source,vector16safe,6,24.646,1.288,0.955401,0.950884,0.960278,2.758197,2.751366,2.781421
ldc2,47,1,repeated-source,vector16store,6,24.622,1.388,0.955876,0.954012,0.960317,2.755464,2.754098,2.777174
ldc2,47,1,repeated-source,cpp-approved-execution,6,8.936,0.546,2.639344,2.628415,2.649457,1.000000,1.000000,1.000000
ldc2,47,1,universal,original,6,147.815,3.171,1.000000,1.000000,1.000000,5.250930,5.192541,5.359063
ldc2,47,1,universal,vector16safe,6,148.865,2.198,0.994328,0.982310,1.019739,5.288378,5.184735,5.308696
ldc2,47,1,universal,vector16store,6,149.414,1.879,0.988367,0.976710,0.997709,5.307892,5.294627,5.398959
ldc2,47,1,universal,cpp-approved-execution,6,28.149,0.347,5.250930,5.192541,5.359063,1.000000,1.000000,1.000000
ldc2,47,17,contiguous,original,6,114.787,0.797,1.000000,1.000000,1.000000,1.832532,1.825243,1.839024
ldc2,47,17,contiguous,vector16safe,6,114.939,1.857,1.000000,0.989556,1.000000,1.834146,1.826087,1.850242
ldc2,47,17,contiguous,vector16store,6,114.939,1.061,0.997358,0.997347,1.005319,1.837387,1.816425,1.839024
ldc2,47,17,contiguous,cpp-approved-execution,6,62.652,0.973,1.832532,1.825243,1.839024,1.000000,1.000000,1.000000
ldc2,47,17,negative-both,original,6,364.787,0.919,1.000000,1.000000,1.000000,3.207775,3.190349,3.219839
ldc2,47,17,negative-both,vector16safe,6,363.872,0.754,1.000834,0.999160,1.008396,3.199732,3.193029,3.217158
ldc2,47,17,negative-both,vector16store,6,364.024,0.754,1.001670,0.996650,1.006706,3.201072,3.187668,3.211796
ldc2,47,17,negative-both,cpp-approved-execution,6,113.720,0.000,3.207775,3.190349,3.219839,1.000000,1.000000,1.000000
ldc2,47,17,negative-source,original,6,365.701,0.333,1.000000,1.000000,1.000000,3.215818,3.209115,3.219839
ldc2,47,17,negative-source,vector16safe,6,365.549,0.751,1.000001,0.995854,1.001671,3.214477,3.209115,3.233244
ldc2,47,17,negative-source,vector16store,6,365.396,0.918,1.000835,0.996675,1.004195,3.213137,3.195710,3.225201
ldc2,47,17,negative-source,cpp-approved-execution,6,113.720,0.000,3.215818,3.209115,3.219839,1.000000,1.000000,1.000000
ldc2,47,17,padded,original,6,148.018,0.412,1.000000,1.000000,1.000000,1.301609,1.297587,1.302949
ldc2,47,17,padded,vector16safe,6,148.018,0.206,0.998971,0.997938,1.002062,1.301609,1.300268,1.302949
ldc2,47,17,padded,vector16store,6,147.866,0.412,1.000000,1.000000,1.002062,1.300268,1.297587,1.302949
ldc2,47,17,padded,cpp-approved-execution,6,113.720,0.000,1.301609,1.297587,1.302949,1.000000,1.000000,1.000000
ldc2,47,17,repeated-source,original,6,147.104,0.207,1.000000,1.000000,1.000000,1.293566,1.292225,1.294906
ldc2,47,17,repeated-source,vector16safe,6,147.256,0.207,0.998965,0.995868,1.000000,1.294906,1.294906,1.297587
ldc2,47,17,repeated-source,vector16store,6,147.256,0.207,1.000000,0.997930,1.000000,1.294906,1.292225,1.294906
ldc2,47,17,repeated-source,cpp-approved-execution,6,113.720,0.000,1.293566,1.292225,1.294906,1.000000,1.000000,1.000000
ldc2,47,17,universal,original,6,1837.043,15.617,1.000000,1.000000,1.000000,4.085085,4.025085,4.659892
ldc2,47,17,universal,vector16safe,6,1847.256,11.801,0.999588,0.980026,1.022143,4.107797,4.077288,4.558943
ldc2,47,17,universal,vector16store,6,1832.165,9.801,1.006925,0.990160,1.056042,4.072857,4.016271,4.412602
ldc2,47,17,universal,cpp-approved-execution,6,449.695,0.136,4.085085,4.025085,4.659892,1.000000,1.000000,1.000000
ldc2,47,128,contiguous,original,6,765.116,2.128,1.000000,1.000000,1.000000,1.569049,1.559809,1.601942
ldc2,47,128,contiguous,vector16safe,6,763.953,1.826,1.000000,0.996933,1.003040,1.571419,1.559809,1.597087
ldc2,47,128,contiguous,vector16store,6,763.953,1.826,1.001511,0.996933,1.003077,1.569049,1.555024,1.597087
ldc2,47,128,contiguous,cpp-approved-execution,6,486.047,3.349,1.569049,1.559809,1.601942,1.000000,1.000000,1.000000
ldc2,47,128,negative-both,original,6,2483.721,0.749,1.000000,1.000000,1.000000,2.881081,2.848404,2.902703
ldc2,47,128,negative-both,vector16safe,6,2481.395,0.937,1.000937,0.997207,1.004677,2.878378,2.852941,2.889189
ldc2,47,128,negative-both,vector16store,6,2481.395,0.656,1.002343,0.998127,1.007505,2.875676,2.843085,2.886486
ldc2,47,128,negative-both,cpp-approved-execution,6,860.465,1.622,2.881081,2.848404,2.902703,1.000000,1.000000,1.000000
ldc2,47,128,negative-source,original,6,2475.581,6.764,1.000000,1.000000,1.000000,2.874327,2.870270,3.013298
ldc2,47,128,negative-source,vector16safe,6,2475.581,7.140,1.000000,0.996482,1.000939,2.875507,2.870270,3.023936
ldc2,47,128,negative-source,vector16store,6,2476.744,6.479,0.999999,0.993458,1.001768,2.878214,2.870620,3.007979
ldc2,47,128,negative-source,cpp-approved-execution,6,860.465,1.892,2.874327,2.870270,3.013298,1.000000,1.000000,1.000000
ldc2,47,128,padded,original,6,841.860,0.829,1.000000,1.000000,1.000000,0.978349,0.973190,0.978378
ldc2,47,128,padded,vector16safe,6,843.023,0.828,1.000000,0.997245,1.002770,0.977096,0.970588,0.981081
ldc2,47,128,padded,vector16store,6,841.860,0.829,1.000000,1.000000,1.000000,0.978349,0.973190,0.978378
ldc2,47,128,padded,cpp-approved-execution,6,860.465,1.351,0.978349,0.973190,0.978378,1.000000,1.000000,1.000000
ldc2,47,128,repeated-source,original,6,833.721,0.558,1.000000,1.000000,1.000000,0.975543,0.970109,0.978142
ldc2,47,128,repeated-source,vector16safe,6,832.558,1.117,1.002793,0.997207,1.008451,0.972826,0.964674,0.975543
ldc2,47,128,repeated-source,vector16store,6,832.558,0.559,1.000000,1.000000,1.002801,0.975477,0.970109,0.975543
ldc2,47,128,repeated-source,cpp-approved-execution,6,855.814,0.543,0.975543,0.970109,0.978142,1.000000,1.000000,1.000000
ldc2,47,128,universal,original,6,13809.302,2.897,1.000000,1.000000,1.000000,4.130782,4.061892,4.184412
ldc2,47,128,universal,vector16safe,6,13734.884,4.690,1.003880,0.981394,1.011453,4.107354,4.070981,4.263744
ldc2,47,128,universal,vector16store,6,13751.163,2.368,1.006316,0.987991,1.012665,4.108173,4.066110,4.160640
ldc2,47,128,universal,cpp-approved-execution,6,3343.023,0.278,4.130782,4.061892,4.184412,1.000000,1.000000,1.000000
ldc2,63,1,contiguous,original,6,25.464,3.931,1.000000,1.000000,1.000000,2.614035,2.576441,2.679198
ldc2,63,1,contiguous,vector16safe,6,26.172,3.078,0.973007,0.969014,0.978042,2.686717,2.656642,2.739348
ldc2,63,1,contiguous,vector16store,6,26.111,3.366,0.973067,0.969811,0.977737,2.680451,2.656642,2.746867
ldc2,63,1,contiguous,cpp-approved-execution,6,9.741,0.000,2.614035,2.576441,2.679198,1.000000,1.000000,1.000000
ldc2,63,1,negative-both,original,6,44.800,1.090,1.000000,1.000000,1.000000,4.475610,4.460976,4.509756
ldc2,63,1,negative-both,vector16safe,6,45.300,0.808,0.991629,0.984392,1.002711,4.525610,4.495122,4.531707
ldc2,63,1,negative-both,vector16store,6,45.081,7.582,0.993770,0.936073,0.999454,4.503659,4.465854,4.807317
ldc2,63,1,negative-both,cpp-approved-execution,6,10.010,0.000,4.475610,4.460976,4.509756,1.000000,1.000000,1.000000
ldc2,63,1,negative-source,original,6,44.702,1.256,1.000000,1.000000,1.000000,4.462195,4.441463,4.497561
ldc2,63,1,negative-source,vector16safe,6,45.166,7.405,0.987295,0.924242,1.000543,4.512195,4.495122,4.817518
ldc2,63,1,negative-source,vector16store,6,44.946,0.869,0.993480,0.983793,1.001630,4.490244,4.479319,4.526829
ldc2,63,1,negative-source,cpp-approved-execution,6,10.010,0.244,4.462195,4.441463,4.497561,1.000000,1.000000,1.000000
ldc2,63,1,padded,original,6,25.220,6.389,1.000000,1.000000,1.000000,2.516438,2.497561,2.658537
ldc2,63,1,padded,vector16safe,6,25.916,4.805,0.972294,0.967864,0.982867,2.587805,2.580488,2.704878
ldc2,63,1,padded,vector16store,6,25.879,4.717,0.975907,0.966038,0.984643,2.584146,2.578049,2.700000
ldc2,63,1,padded,cpp-approved-execution,6,10.010,0.244,2.516438,2.497561,2.658537,1.000000,1.000000,1.000000
ldc2,63,1,repeated-source,original,6,25.208,2.228,1.000000,1.000000,1.000000,2.518293,2.507317,2.563415
ldc2,63,1,repeated-source,vector16safe,6,25.989,1.879,0.970338,0.961682,0.983051,2.596341,2.585366,2.634146
ldc2,63,1,repeated-source,vector16store,6,25.903,1.602,0.972223,0.968897,0.984906,2.587805,2.582927,2.624390
ldc2,63,1,repeated-source,cpp-approved-execution,6,10.010,0.000,2.518293,2.507317,2.563415,1.000000,1.000000,1.000000
ldc2,63,1,universal,original,6,184.705,3.939,1.000000,1.000000,1.000000,5.016910,4.996021,5.193634
ldc2,63,1,universal,vector16safe,6,184.924,2.495,0.997027,0.995771,1.011625,5.020889,5.008621,5.133952
ldc2,63,1,universal,vector16store,6,185.400,2.897,0.996662,0.993014,1.009539,5.035809,4.998674,5.144562
ldc2,63,1,universal,cpp-approved-execution,6,36.816,0.133,5.016910,4.996021,5.193634,1.000000,1.000000,1.000000
ldc2,63,17,contiguous,original,6,132.992,0.924,1.000000,1.000000,1.000000,1.486239,1.470588,1.497696
ldc2,63,17,contiguous,vector16safe,6,132.992,1.233,1.000000,0.996923,1.003086,1.488532,1.470588,1.497717
ldc2,63,17,contiguous,vector16store,6,133.197,2.154,0.998462,0.987915,1.000000,1.490826,1.470588,1.511416
ldc2,63,17,contiguous,cpp-approved-execution,6,89.344,1.835,1.486239,1.470588,1.497696,1.000000,1.000000,1.000000
ldc2,63,17,negative-both,original,6,477.664,1.802,1.000000,1.000000,1.000000,3.539514,3.505917,3.563636
ldc2,63,17,negative-both,vector16safe,6,477.869,1.801,1.000848,0.998288,1.000860,3.537994,3.502959,3.560606
ldc2,63,17,negative-both,vector16store,6,477.869,1.973,0.999142,0.997475,1.001704,3.542553,3.514793,3.557576
ldc2,63,17,negative-both,cpp-approved-execution,6,135.041,2.731,3.539514,3.505917,3.563636,1.000000,1.000000,1.000000
ldc2,63,17,negative-source,original,6,478.893,0.257,1.000000,1.000000,1.000000,3.533233,3.518072,3.539394
ldc2,63,17,negative-source,vector16safe,6,479.098,0.257,0.999145,0.998292,1.000855,3.533233,3.521084,3.542424
ldc2,63,17,negative-source,vector16store,6,479.508,0.513,0.998291,0.994885,1.001712,3.537073,3.527108,3.546828
ldc2,63,17,negative-source,cpp-approved-execution,6,135.656,0.604,3.533233,3.518072,3.539394,1.000000,1.000000,1.000000
ldc2,63,17,padded,original,6,171.721,10.501,1.000000,1.000000,1.000000,1.280248,1.265753,1.284404
ldc2,63,17,padded,vector16safe,6,172.746,11.151,0.994393,0.991416,0.997613,1.284845,1.273973,1.294444
ldc2,63,17,padded,vector16store,6,172.131,11.429,0.996652,0.989293,1.000000,1.284404,1.271233,1.297222
ldc2,63,17,padded,cpp-approved-execution,6,134.016,11.927,1.280248,1.265753,1.284404,1.000000,1.000000,1.000000
ldc2,63,17,repeated-source,original,6,170.082,0.964,1.000000,1.000000,1.000000,1.273006,1.269113,1.285276
ldc2,63,17,repeated-source,vector16safe,6,170.492,0.962,0.998801,0.997596,1.000000,1.276074,1.269113,1.285276
ldc2,63,17,repeated-source,vector16store,6,170.492,1.202,1.000000,0.997596,1.002415,1.276074,1.266055,1.285276
ldc2,63,17,repeated-source,cpp-approved-execution,6,133.607,0.307,1.273006,1.269113,1.285276,1.000000,1.000000,1.000000
ldc2,63,17,universal,original,6,2441.803,11.497,1.000000,1.000000,1.000000,4.090630,4.000000,4.467078
ldc2,63,17,universal,vector16safe,6,2457.582,8.438,0.995383,0.973442,1.007425,4.112823,4.089911,4.434156
ldc2,63,17,universal,vector16store,6,2451.639,7.389,0.999413,0.971010,1.017497,4.106758,4.084304,4.390261
ldc2,63,17,universal,cpp-approved-execution,6,597.131,0.206,4.090630,4.000000,4.467078,1.000000,1.000000,1.000000
ldc2,63,128,contiguous,original,6,929.688,1.008,1.000000,1.000000,1.000000,1.400943,1.386047,1.405660
ldc2,63,128,contiguous,vector16safe,6,928.125,0.337,1.000000,0.996633,1.003367,1.400943,1.386047,1.407583
ldc2,63,128,contiguous,vector16store,6,928.125,0.673,1.001678,0.996633,1.003378,1.398585,1.386047,1.407583
ldc2,63,128,contiguous,cpp-approved-execution,6,662.500,1.887,1.400943,1.386047,1.405660,1.000000,1.000000,1.000000
ldc2,63,128,negative-both,original,6,3301.562,0.284,1.000000,1.000000,1.000000,3.249231,3.229358,3.255385
ldc2,63,128,negative-both,vector16safe,6,3303.125,0.284,1.000000,0.997164,1.000948,3.252308,3.229358,3.255385
ldc2,63,128,negative-both,vector16store,6,3303.125,0.284,0.999528,0.997164,1.000947,3.250769,3.232416,3.258462
ldc2,63,128,negative-both,cpp-approved-execution,6,1015.625,0.615,3.249231,3.229358,3.255385,1.000000,1.000000,1.000000
ldc2,63,128,negative-source,original,6,3312.500,0.377,1.000000,1.000000,1.000000,3.292380,3.285714,3.302181
ldc2,63,128,negative-source,vector16safe,6,3309.375,0.378,1.000472,1.000000,1.001890,3.291925,3.285714,3.295950
ldc2,63,128,negative-source,vector16store,6,3309.375,0.378,1.000000,0.999057,1.002838,3.292380,3.285714,3.295031
ldc2,63,128,negative-source,cpp-approved-execution,6,1006.250,0.311,3.292380,3.285714,3.302181,1.000000,1.000000,1.000000
ldc2,63,128,padded,original,6,1001.562,0.624,1.000000,1.000000,1.000000,0.996894,0.996885,1.000000
ldc2,63,128,padded,vector16safe,6,1000.000,0.625,1.000000,0.996894,1.003125,0.996885,0.996885,1.003115
ldc2,63,128,padded,vector16store,6,1001.562,0.624,1.000000,0.996885,1.003125,0.996894,0.996885,1.000000
ldc2,63,128,padded,cpp-approved-execution,6,1003.125,0.623,0.996894,0.996885,1.000000,1.000000,1.000000,1.000000
ldc2,63,128,repeated-source,original,6,984.375,0.317,1.000000,1.000000,1.000000,0.984375,0.981308,0.987500
ldc2,63,128,repeated-source,vector16safe,6,984.375,0.317,1.000000,1.000000,1.000000,0.984375,0.981308,0.987500
ldc2,63,128,repeated-source,vector16store,6,984.375,0.635,1.001587,1.000000,1.003185,0.982842,0.978193,0.987500
ldc2,63,128,repeated-source,cpp-approved-execution,6,1000.000,0.312,0.984375,0.981308,0.987500,1.000000,1.000000,1.000000
ldc2,63,128,universal,original,6,18470.312,1.438,1.000000,1.000000,1.000000,4.133217,4.099301,4.161652
ldc2,63,128,universal,vector16safe,6,18456.250,1.710,0.999662,0.997456,1.009849,4.130070,4.073427,4.144056
ldc2,63,128,universal,vector16store,6,18418.750,1.205,0.998989,0.995624,1.013118,4.121678,4.107768,4.155462
ldc2,63,128,universal,cpp-approved-execution,6,4468.750,0.140,4.133217,4.099301,4.161652,1.000000,1.000000,1.000000
ldc2,64,1,contiguous,original,6,23.206,0.526,1.000000,1.000000,1.000000,3.232993,3.221088,3.238095
ldc2,64,1,contiguous,vector16safe,6,24.121,0.810,0.961479,0.956740,0.964503,3.360544,3.353741,3.380952
ldc2,64,1,contiguous,vector16store,6,24.109,0.203,0.962063,0.959473,0.963526,3.358844,3.357143,3.363946
ldc2,64,1,contiguous,cpp-approved-execution,6,7.178,0.000,3.232993,3.221088,3.238095,1.000000,1.000000,1.000000
ldc2,64,1,negative-both,original,6,44.739,7.749,1.000000,1.000000,1.000000,5.901800,5.855305,6.311897
ldc2,64,1,negative-both,vector16safe,6,44.580,1.588,1.001915,0.996214,1.069755,5.879421,5.852090,5.945338
ldc2,64,1,negative-both,vector16store,6,44.702,1.802,0.995629,0.986523,1.072678,5.896956,5.884244,5.990354
ldc2,64,1,negative-both,cpp-approved-execution,6,7.593,0.322,5.901800,5.855305,6.311897,1.000000,1.000000,1.000000
ldc2,64,1,negative-source,original,6,44.592,2.026,1.000000,1.000000,1.000000,5.883871,5.864516,5.983871
ldc2,64,1,negative-source,vector16safe,6,44.470,0.714,1.001919,0.998353,1.012002,5.874194,5.858521,5.912903
ldc2,64,1,negative-source,vector16store,6,44.739,2.237,1.001104,0.990196,1.009403,5.911290,5.813505,5.964516
ldc2,64,1,negative-source,cpp-approved-execution,6,7.568,0.323,5.883871,5.864516,5.983871,1.000000,1.000000,1.000000
ldc2,64,1,padded,original,6,23.145,0.527,1.000000,1.000000,1.000000,3.058065,3.054839,3.070968
ldc2,64,1,padded,vector16safe,6,24.060,0.507,0.962437,0.960446,0.963452,3.179032,3.174194,3.190323
ldc2,64,1,padded,vector16store,6,24.097,0.203,0.960973,0.959473,0.963563,3.183871,3.180645,3.187097
ldc2,64,1,padded,cpp-approved-execution,6,7.568,0.000,3.058065,3.054839,3.070968,1.000000,1.000000,1.000000
ldc2,64,1,repeated-source,original,6,23.181,0.527,1.000000,1.000000,1.000000,3.062903,3.054839,3.070968
ldc2,64,1,repeated-source,vector16safe,6,24.084,0.507,0.962417,0.960446,0.963526,3.182258,3.174194,3.190323
ldc2,64,1,repeated-source,vector16store,6,24.158,1.011,0.961441,0.953676,0.961616,3.191935,3.177419,3.209677
ldc2,64,1,repeated-source,cpp-approved-execution,6,7.568,0.000,3.062903,3.054839,3.070968,1.000000,1.000000,1.000000
ldc2,64,1,universal,original,6,187.292,1.121,1.000000,1.000000,1.000000,5.013715,4.983007,5.039216
ldc2,64,1,universal,vector16safe,6,186.926,0.901,1.000648,0.995820,1.011956,5.004248,4.974510,5.016329
ldc2,64,1,universal,vector16store,6,187.598,4.945,0.993941,0.972734,1.013126,5.022222,4.929412,5.174396
ldc2,64,1,universal,cpp-approved-execution,6,37.354,0.065,5.013715,4.983007,5.039216,1.000000,1.000000,1.000000
ldc2,64,17,contiguous,original,6,115.208,7.957,1.000000,1.000000,1.000000,1.317419,1.262443,1.416268
ldc2,64,17,contiguous,vector16safe,6,115.208,12.297,0.998188,0.957929,1.000000,1.319811,1.262443,1.478469
ldc2,64,17,contiguous,vector16store,6,115.833,11.871,0.996370,0.961039,1.000000,1.323749,1.266968,1.473684
ldc2,64,17,contiguous,cpp-approved-execution,6,87.083,6.220,1.317419,1.262443,1.416268,1.000000,1.000000,1.000000
ldc2,64,17,negative-both,original,6,478.750,15.318,1.000000,1.000000,1.000000,5.129464,5.057269,5.284000
ldc2,64,17,negative-both,vector16safe,6,478.333,15.244,1.000000,0.998261,1.006108,5.129464,5.057269,5.284000
ldc2,64,17,negative-both,vector16store,6,478.542,15.063,1.000379,0.993924,1.005231,5.136161,5.057269,5.280000
ldc2,64,17,negative-both,cpp-approved-execution,6,93.333,12.054,5.129464,5.057269,5.284000,1.000000,1.000000,1.000000
ldc2,64,17,negative-source,original,6,478.750,0.348,1.000000,1.000000,1.000000,5.129464,5.097778,5.138393
ldc2,64,17,negative-source,vector16safe,6,478.750,0.348,1.000000,0.997396,1.000871,5.129464,5.106667,5.142857
ldc2,64,17,negative-source,vector16store,6,478.958,0.261,0.999566,0.998259,1.000870,5.131696,5.106667,5.138393
ldc2,64,17,negative-source,cpp-approved-execution,6,93.333,0.446,5.129464,5.097778,5.138393,1.000000,1.000000,1.000000
ldc2,64,17,padded,original,6,143.750,0.580,1.000000,1.000000,1.000000,1.526549,1.522124,1.530973
ldc2,64,17,padded,vector16safe,6,144.583,2.017,0.994245,0.974504,0.997118,1.535398,1.530973,1.561947
ldc2,64,17,padded,vector16store,6,144.375,0.866,0.995669,0.988506,1.002899,1.533186,1.526549,1.539823
ldc2,64,17,padded,cpp-approved-execution,6,94.167,0.000,1.526549,1.522124,1.530973,1.000000,1.000000,1.000000
ldc2,64,17,repeated-source,original,6,143.125,0.582,1.000000,1.000000,1.000000,1.527837,1.520000,1.535714
ldc2,64,17,repeated-source,vector16safe,6,143.750,0.580,0.994211,0.991304,1.000000,1.534524,1.533333,1.544643
ldc2,64,17,repeated-source,vector16store,6,143.958,0.289,0.994211,0.988439,0.997101,1.538978,1.533333,1.544643
ldc2,64,17,repeated-source,cpp-approved-execution,6,93.542,0.445,1.527837,1.520000,1.535714,1.000000,1.000000,1.000000
ldc2,64,17,universal,original,6,2503.542,7.839,1.000000,1.000000,1.000000,4.130962,4.087912,4.411401
ldc2,64,17,universal,vector16safe,6,2495.625,2.738,1.000855,0.991177,1.060601,4.115085,4.078404,4.188316
ldc2,64,17,universal,vector16store,6,2480.833,3.997,1.013105,0.997320,1.050884,4.090694,4.037113,4.197802
ldc2,64,17,universal,cpp-approved-execution,6,606.250,0.137,4.130962,4.087912,4.411401,1.000000,1.000000,1.000000
ldc2,64,128,contiguous,original,6,765.625,2.449,1.000000,1.000000,1.000000,1.124149,1.108597,1.141553
ldc2,64,128,contiguous,vector16safe,6,768.750,2.033,0.997967,0.991903,1.000000,1.128747,1.117647,1.141553
ldc2,64,128,contiguous,vector16store,6,768.750,2.439,0.997967,0.995935,1.000000,1.126453,1.113122,1.144186
ldc2,64,128,contiguous,cpp-approved-execution,6,682.812,2.746,1.124149,1.108597,1.141553,1.000000,1.000000,1.000000
ldc2,64,128,negative-both,original,6,3339.062,0.562,1.000000,1.000000,1.000000,4.522197,4.458333,4.529661
ldc2,64,128,negative-both,vector16safe,6,3337.500,0.281,1.000000,0.998129,1.004686,4.521186,4.458333,4.529661
ldc2,64,128,negative-both,vector16store,6,3335.938,0.281,1.000000,0.999063,1.003745,4.521186,4.458333,4.529661
ldc2,64,128,negative-both,cpp-approved-execution,6,737.500,1.695,4.522197,4.458333,4.529661,1.000000,1.000000,1.000000
ldc2,64,128,negative-source,original,6,3332.812,0.281,1.000000,1.000000,1.000000,4.425311,4.337398,4.441667
ldc2,64,128,negative-source,vector16safe,6,3332.812,0.375,1.000000,0.997194,1.000938,4.423237,4.333333,4.454167
ldc2,64,128,negative-source,vector16store,6,3332.812,0.281,1.000000,0.998127,1.000938,4.423237,4.333333,4.450000
ldc2,64,128,negative-source,cpp-approved-execution,6,753.125,2.490,4.425311,4.337398,4.441667,1.000000,1.000000,1.000000
ldc2,64,128,padded,original,6,820.312,1.143,1.000000,1.000000,1.000000,1.100840,1.096639,1.109244
ldc2,64,128,padded,vector16safe,6,818.750,1.145,1.000000,0.996183,1.003817,1.100840,1.100840,1.105042
ldc2,64,128,padded,vector16store,6,818.750,1.527,1.000000,0.996226,1.007663,1.100840,1.096639,1.109244
ldc2,64,128,padded,cpp-approved-execution,6,743.750,0.840,1.100840,1.096639,1.109244,1.000000,1.000000,1.000000
ldc2,64,128,repeated-source,original,6,803.125,0.778,1.000000,1.000000,1.000000,1.103049,1.094017,1.112554
ldc2,64,128,repeated-source,vector16safe,6,801.562,0.780,1.000000,1.000000,1.003906,1.103049,1.093617,1.112554
ldc2,64,128,repeated-source,vector16store,6,801.562,0.780,1.000000,1.000000,1.003906,1.103049,1.093617,1.112554
ldc2,64,128,repeated-source,cpp-approved-execution,6,726.562,1.720,1.103049,1.094017,1.112554,1.000000,1.000000,1.000000
ldc2,64,128,universal,original,6,18514.062,2.447,1.000000,1.000000,1.000000,4.080234,4.057281,4.151620
ldc2,64,128,universal,vector16safe,6,18553.125,1.415,1.003294,0.992571,1.006853,4.093066,4.057084,4.123363
ldc2,64,128,universal,vector16store,6,18571.875,2.961,0.995526,0.989479,1.016129,4.094386,4.008253,4.134986
ldc2,64,128,universal,cpp-approved-execution,6,4537.500,0.344,4.080234,4.057281,4.151620,1.000000,1.000000,1.000000
ldc2,65,1,contiguous,original,6,23.661,0.734,1.000000,1.000000,1.000000,3.014216,3.009494,3.031646
ldc2,65,1,contiguous,vector16safe,6,24.616,1.108,0.961833,0.957704,0.966633,3.135866,3.119874,3.158228
ldc2,65,1,contiguous,vector16store,6,24.665,0.704,0.959318,0.956740,0.961809,3.142180,3.138801,3.161392
ldc2,65,1,contiguous,cpp-approved-execution,6,7.837,0.316,3.014216,3.009494,3.031646,1.000000,1.000000,1.000000
ldc2,65,1,negative-both,original,6,45.350,1.148,1.000000,1.000000,1.000000,5.577744,5.532110,5.590214
ldc2,65,1,negative-both,vector16safe,6,45.449,5.894,0.992956,0.947695,1.003840,5.595426,5.557927,5.887195
ldc2,65,1,negative-both,vector16store,6,46.168,3.277,0.982814,0.968220,0.997817,5.675305,5.585366,5.773700
ldc2,65,1,negative-both,cpp-approved-execution,6,8.135,0.305,5.577744,5.532110,5.590214,1.000000,1.000000,1.000000
ldc2,65,1,negative-source,original,6,45.548,2.178,1.000000,1.000000,1.000000,5.609164,5.567073,5.706422
ldc2,65,1,negative-source,vector16safe,6,45.660,2.390,0.998932,0.984995,1.016894,5.621359,5.554878,5.706422
ldc2,65,1,negative-source,vector16store,6,45.871,8.056,0.993629,0.929442,1.005467,5.655963,5.551829,6.006098
ldc2,65,1,negative-source,cpp-approved-execution,6,8.123,0.305,5.609164,5.567073,5.706422,1.000000,1.000000,1.000000
ldc2,65,1,padded,original,6,23.624,2.835,1.000000,1.000000,1.000000,2.908397,2.905199,2.987768
ldc2,65,1,padded,vector16safe,6,24.566,1.010,0.962101,0.955734,0.977978,3.029052,3.018293,3.055046
ldc2,65,1,padded,vector16store,6,24.640,1.409,0.958229,0.956697,0.972139,3.036697,3.030581,3.073394
ldc2,65,1,padded,cpp-approved-execution,6,8.110,0.306,2.908397,2.905199,2.987768,1.000000,1.000000,1.000000
ldc2,65,1,repeated-source,original,6,23.698,0.523,1.000000,1.000000,1.000000,2.914634,2.269690,2.923547
ldc2,65,1,repeated-source,vector16safe,6,24.603,0.605,0.961674,0.959637,0.966633,3.029010,2.360382,3.042813
ldc2,65,1,repeated-source,vector16store,6,24.653,0.503,0.957415,0.956740,0.962739,3.038226,2.372315,3.051988
ldc2,65,1,repeated-source,cpp-approved-execution,6,8.123,28.092,2.914634,2.269690,2.923547,1.000000,1.000000,1.000000
ldc2,65,1,universal,original,6,189.013,110.970,1.000000,1.000000,1.000000,4.991141,4.977749,10.485284
ldc2,65,1,universal,vector16safe,6,189.571,109.897,1.000190,0.992531,1.014349,5.020399,4.978403,10.468934
ldc2,65,1,universal,vector16store,6,189.373,110.379,0.997249,0.990638,1.031279,5.011204,4.979712,10.488555
ldc2,65,1,universal,cpp-approved-execution,6,37.897,0.785,4.991141,4.977749,10.485284,1.000000,1.000000,1.000000
ldc2,65,17,contiguous,original,6,120.042,1.406,1.000000,1.000000,1.000000,1.365157,1.254386,1.370192
ldc2,65,17,contiguous,vector16safe,6,120.253,0.702,1.001754,0.996491,1.006993,1.364510,1.250000,1.370192
ldc2,65,17,contiguous,vector16store,6,120.253,1.053,1.000000,0.996491,1.003509,1.362787,1.250000,1.375000
ldc2,65,17,contiguous,cpp-approved-execution,6,87.975,9.592,1.365157,1.254386,1.370192,1.000000,1.000000,1.000000
ldc2,65,17,negative-both,original,6,484.177,0.523,1.000000,1.000000,1.000000,4.784990,4.592000,4.815900
ldc2,65,17,negative-both,vector16safe,6,484.810,0.609,0.999566,0.997389,1.000873,4.783333,4.596000,4.820084
ldc2,65,17,negative-both,vector16store,6,484.599,0.609,1.000000,0.998261,1.000873,4.783333,4.600000,4.820084
ldc2,65,17,negative-both,cpp-approved-execution,6,101.266,4.583,4.784990,4.592000,4.815900,1.000000,1.000000,1.000000
ldc2,65,17,negative-source,original,6,484.388,0.523,1.000000,1.000000,1.000000,4.704918,4.696721,4.721311
ldc2,65,17,negative-source,vector16safe,6,484.388,0.610,1.000000,0.999130,1.001747,4.704918,4.692623,4.721311
ldc2,65,17,negative-source,vector16store,6,484.810,0.522,0.999133,0.998258,1.000872,4.709016,4.700820,4.725410
ldc2,65,17,negative-source,cpp-approved-execution,6,102.954,0.000,4.704918,4.696721,4.721311,1.000000,1.000000,1.000000
ldc2,65,17,padded,original,6,151.477,1.114,1.000000,1.000000,1.000000,1.484474,1.477366,1.508333
ldc2,65,17,padded,vector16safe,6,152.110,0.555,0.995841,0.991690,1.002770,1.492756,1.477366,1.504167
ldc2,65,17,padded,vector16store,6,152.321,0.831,0.994460,0.994444,0.997245,1.492756,1.485597,1.512500
ldc2,65,17,padded,cpp-approved-execution,6,101.899,1.242,1.484474,1.477366,1.508333,1.000000,1.000000,1.000000
ldc2,65,17,repeated-source,original,6,151.055,2.235,1.000000,1.000000,1.000000,1.465164,1.444444,1.473251
ldc2,65,17,repeated-source,vector16safe,6,150.633,2.801,1.001401,0.994536,1.005618,1.463115,1.452381,1.467213
ldc2,65,17,repeated-source,vector16store,6,151.477,3.343,0.997214,0.989130,1.000000,1.471311,1.459016,1.477366
ldc2,65,17,repeated-source,cpp-approved-execution,6,102.954,3.689,1.465164,1.444444,1.473251,1.000000,1.000000,1.000000
ldc2,65,17,universal,original,6,2556.118,8.353,1.000000,1.000000,1.000000,3.815072,3.651365,4.381083
ldc2,65,17,universal,vector16safe,6,2537.342,6.718,1.001454,0.975958,1.022046,3.758858,3.735294,4.349554
ldc2,65,17,universal,vector16store,6,2531.857,5.683,1.001826,0.981982,1.013687,3.777826,3.718362,4.331049
ldc2,65,17,universal,cpp-approved-execution,6,672.785,9.595,3.815072,3.651365,4.381083,1.000000,1.000000,1.000000
ldc2,65,128,contiguous,original,6,803.226,0.803,1.000000,1.000000,1.000000,1.165888,1.158140,1.169811
ldc2,65,128,contiguous,vector16safe,6,803.226,0.803,1.000000,1.000000,1.000000,1.165888,1.158140,1.169811
ldc2,65,128,contiguous,vector16store,6,801.613,0.805,1.000000,1.000000,1.004032,1.165888,1.153488,1.169811
ldc2,65,128,contiguous,cpp-approved-execution,6,690.323,1.402,1.165888,1.158140,1.169811,1.000000,1.000000,1.000000
ldc2,65,128,negative-both,original,6,3401.613,1.043,1.000000,1.000000,1.000000,4.276790,4.262097,4.302041
ldc2,65,128,negative-both,vector16safe,6,3408.065,1.136,0.999527,0.998106,1.001901,4.277887,4.266129,4.310204
ldc2,65,128,negative-both,vector16store,6,3400.000,1.139,1.000475,1.000000,1.000951,4.274758,4.262097,4.297959
ldc2,65,128,negative-both,cpp-approved-execution,6,795.161,1.623,4.276790,4.262097,4.302041,1.000000,1.000000,1.000000
ldc2,65,128,negative-source,original,6,3390.323,0.571,1.000000,1.000000,1.000000,4.302660,4.162698,4.311475
ldc2,65,128,negative-source,vector16safe,6,3385.484,0.572,1.001428,0.998095,1.002860,4.297131,4.158730,4.319672
ldc2,65,128,negative-source,vector16store,6,3387.097,0.381,1.000477,1.000000,1.001905,4.299180,4.158730,4.311475
ldc2,65,128,negative-source,cpp-approved-execution,6,787.097,3.279,4.302660,4.162698,4.311475,1.000000,1.000000,1.000000
ldc2,65,128,padded,original,6,859.677,1.876,1.000000,1.000000,1.000000,1.084193,1.080972,1.102459
ldc2,65,128,padded,vector16safe,6,859.677,1.501,1.000000,1.000000,1.003731,1.084193,1.080972,1.098361
ldc2,65,128,padded,vector16store,6,859.677,2.251,1.000000,0.996226,1.003802,1.084185,1.080972,1.102459
ldc2,65,128,padded,cpp-approved-execution,6,787.097,1.639,1.084193,1.080972,1.102459,1.000000,1.000000,1.000000
ldc2,65,128,repeated-source,original,6,843.548,1.147,1.000000,1.000000,1.000000,1.082645,1.074074,1.090909
ldc2,65,128,repeated-source,vector16safe,6,841.935,1.533,1.001908,1.000000,1.003846,1.080579,1.074074,1.090909
ldc2,65,128,repeated-source,vector16store,6,841.935,1.916,1.001916,0.996212,1.003846,1.078684,1.074074,1.095041
ldc2,65,128,repeated-source,cpp-approved-execution,6,780.645,0.826,1.082645,1.074074,1.090909,1.000000,1.000000,1.000000
ldc2,65,128,universal,original,6,19025.806,6.494,1.000000,1.000000,1.000000,3.783708,3.420838,4.270687
ldc2,65,128,universal,vector16safe,6,19237.097,8.904,0.988684,0.965829,1.021469,3.884241,3.434226,4.230014
ldc2,65,128,universal,vector16store,6,19133.871,3.793,1.001878,0.978185,1.024390,3.766631,3.409197,4.243338
ldc2,65,128,universal,cpp-approved-execution,6,5138.710,18.330,3.783708,3.420838,4.270687,1.000000,1.000000,1.000000
ldc2,95,1,contiguous,original,6,27.782,1.044,1.000000,1.000000,1.000000,2.308735,1.405505,2.331325
ldc2,95,1,contiguous,vector16safe,6,28.597,0.634,0.973333,0.969620,0.977273,2.373494,1.449541,2.385542
ldc2,95,1,contiguous,vector16store,6,28.489,1.908,0.976555,0.973316,0.984576,2.359393,1.444037,2.388554
ldc2,95,1,contiguous,cpp-approved-execution,6,12.033,64.157,2.308735,1.405505,2.331325,1.000000,1.000000,1.000000
ldc2,95,1,negative-both,original,6,56.850,0.829,1.000000,1.000000,1.000000,4.668155,4.666667,4.705357
ldc2,95,1,negative-both,vector16safe,6,57.865,7.955,0.984009,0.914869,0.992443,4.751488,4.726190,5.104167
ldc2,95,1,negative-both,vector16store,6,57.648,0.566,0.988368,0.985544,0.993090,4.733631,4.717262,4.744048
ldc2,95,1,negative-both,cpp-approved-execution,6,12.178,0.000,4.668155,4.666667,4.705357,1.000000,1.000000,1.000000
ldc2,95,1,negative-source,original,6,57.086,15.048,1.000000,1.000000,1.000000,4.687500,4.666667,5.372024
ldc2,95,1,negative-source,vector16safe,6,57.630,0.943,0.991189,0.978777,1.128831,4.732143,4.723214,4.767857
ldc2,95,1,negative-source,vector16store,6,57.666,0.629,0.991188,0.983689,1.131661,4.735119,4.717262,4.747024
ldc2,95,1,negative-source,cpp-approved-execution,6,12.178,0.000,4.687500,4.666667,5.372024,1.000000,1.000000,1.000000
ldc2,95,1,padded,original,6,27.909,0.779,1.000000,1.000000,1.000000,2.291667,2.285714,2.303571
ldc2,95,1,padded,vector16safe,6,28.525,0.508,0.977143,0.974684,0.984733,2.342262,2.339286,2.351190
ldc2,95,1,padded,vector16store,6,28.470,0.891,0.979618,0.974684,0.985987,2.337798,2.330357,2.351190
ldc2,95,1,padded,cpp-approved-execution,6,12.178,0.000,2.291667,2.285714,2.303571,1.000000,1.000000,1.000000
ldc2,95,1,repeated-source,original,6,27.800,4.954,1.000000,1.000000,1.000000,2.282738,2.229167,2.342262
ldc2,95,1,repeated-source,vector16safe,6,28.597,1.267,0.975829,0.949303,0.989937,2.348214,2.336310,2.366071
ldc2,95,1,repeated-source,vector16store,6,28.380,2.682,0.982912,0.955357,0.985987,2.330357,2.318452,2.380952
ldc2,95,1,repeated-source,cpp-approved-execution,6,12.178,0.000,2.282738,2.229167,2.342262,1.000000,1.000000,1.000000
ldc2,95,1,universal,original,6,256.760,4.080,1.000000,1.000000,1.000000,4.741633,4.710174,4.903614
ldc2,95,1,universal,vector16safe,6,256.343,3.591,1.003692,0.993225,1.009637,4.743713,4.700134,4.870147
ldc2,95,1,universal,vector16store,6,257.195,3.269,0.999295,0.988343,1.007780,4.753105,4.742972,4.886881
ldc2,95,1,universal,cpp-approved-execution,6,54.150,0.469,4.741633,4.710174,4.903614,1.000000,1.000000,1.000000
ldc2,95,17,contiguous,original,6,179.012,1.724,1.000000,1.000000,1.000000,1.380952,1.376190,1.406699
ldc2,95,17,contiguous,vector16safe,6,179.630,0.344,0.998282,0.993127,1.010309,1.385714,1.380952,1.392344
ldc2,95,17,contiguous,vector16store,6,180.247,1.370,0.994863,0.989761,1.000000,1.390476,1.380952,1.406699
ldc2,95,17,contiguous,cpp-approved-execution,6,129.630,0.476,1.380952,1.376190,1.406699,1.000000,1.000000,1.000000
ldc2,95,17,negative-both,original,6,679.012,0.364,1.000000,1.000000,1.000000,3.956835,3.949640,3.964029
ldc2,95,17,negative-both,vector16safe,6,678.395,0.364,1.000000,1.000000,1.001820,3.953237,3.949640,3.964029
ldc2,95,17,negative-both,vector16store,6,679.321,0.363,0.999092,0.998183,1.000909,3.958633,3.953237,3.967626
ldc2,95,17,negative-both,cpp-approved-execution,6,171.605,0.000,3.956835,3.949640,3.964029,1.000000,1.000000,1.000000
ldc2,95,17,negative-source,original,6,683.951,0.271,1.000000,1.000000,1.000000,3.985612,3.982014,3.992806
ldc2,95,17,negative-source,vector16safe,6,683.951,0.271,1.000000,0.998198,1.000903,3.985612,3.982014,3.992806
ldc2,95,17,negative-source,vector16store,6,683.951,0.181,1.000452,0.999097,1.001805,3.985612,3.982014,3.989209
ldc2,95,17,negative-source,cpp-approved-execution,6,171.605,0.000,3.985612,3.982014,3.992806,1.000000,1.000000,1.000000
ldc2,95,17,padded,original,6,205.556,0.601,1.000000,1.000000,1.000000,1.197842,1.197842,1.201439
ldc2,95,17,padded,vector16safe,6,206.173,0.898,0.997006,0.994065,1.000000,1.201439,1.201439,1.207885
ldc2,95,17,padded,vector16store,6,206.173,0.898,0.997006,0.994065,1.000000,1.201439,1.201439,1.207885
ldc2,95,17,padded,cpp-approved-execution,6,171.605,0.360,1.197842,1.197842,1.201439,1.000000,1.000000,1.000000
ldc2,95,17,repeated-source,original,6,205.247,0.301,1.000000,1.000000,1.000000,1.196043,1.194245,1.197842
ldc2,95,17,repeated-source,vector16safe,6,205.556,0.300,0.997001,0.996997,1.000000,1.197842,1.197842,1.201439
ldc2,95,17,repeated-source,vector16store,6,205.556,0.300,0.997001,0.996997,1.000000,1.197842,1.197842,1.201439
ldc2,95,17,repeated-source,cpp-approved-execution,6,171.605,0.000,1.196043,1.194245,1.197842,1.000000,1.000000,1.000000
ldc2,95,17,universal,original,6,3694.136,7.219,1.000000,1.000000,1.000000,4.141522,4.046367,4.348338
ldc2,95,17,universal,vector16safe,6,3662.346,7.062,1.003709,0.986336,1.025624,4.105882,4.051211,4.344183
ldc2,95,17,universal,vector16store,6,3673.457,6.201,1.003151,0.980836,1.016249,4.116909,4.085121,4.343490
ldc2,95,17,universal,cpp-approved-execution,6,891.975,0.138,4.141522,4.046367,4.348338,1.000000,1.000000,1.000000
ldc2,95,128,contiguous,original,6,1252.381,0.760,1.000000,1.000000,1.000000,1.276699,1.269231,1.280193
ldc2,95,128,contiguous,vector16safe,6,1254.762,0.759,1.001894,0.996212,1.003817,1.273603,1.265700,1.281553
ldc2,95,128,contiguous,vector16store,6,1252.381,1.141,1.000000,1.000000,1.003817,1.274272,1.265700,1.280193
ldc2,95,128,contiguous,cpp-approved-execution,6,983.333,0.969,1.276699,1.269231,1.280193,1.000000,1.000000,1.000000
ldc2,95,128,negative-both,original,6,4938.095,1.157,1.000000,1.000000,1.000000,3.580313,3.558219,3.622837
ldc2,95,128,negative-both,vector16safe,6,4938.095,1.157,1.000000,0.991404,1.008671,3.583045,3.558219,3.610345
ldc2,95,128,negative-both,vector16store,6,4940.476,0.386,1.000000,0.997113,1.008671,3.578588,3.558219,3.595156
ldc2,95,128,negative-both,cpp-approved-execution,6,1378.571,1.036,3.580313,3.558219,3.622837,1.000000,1.000000,1.000000
ldc2,95,128,negative-source,original,6,4885.714,0.195,1.000000,1.000000,1.000000,3.690647,3.677419,3.703971
ldc2,95,128,negative-source,vector16safe,6,4880.952,0.293,1.000976,1.000000,1.001953,3.688849,3.673835,3.700361
ldc2,95,128,negative-source,vector16store,6,4880.952,0.293,1.000488,1.000000,1.000978,3.690647,3.673835,3.700361
ldc2,95,128,negative-source,cpp-approved-execution,6,1323.810,0.719,3.690647,3.677419,3.703971,1.000000,1.000000,1.000000
ldc2,95,128,padded,original,6,1371.429,1.042,1.000000,1.000000,1.000000,1.039711,1.028470,1.046931
ldc2,95,128,padded,vector16safe,6,1371.429,0.694,1.000000,0.996528,1.006944,1.039711,1.032028,1.039711
ldc2,95,128,padded,vector16store,6,1371.429,0.694,1.000000,1.000000,1.003460,1.039711,1.028470,1.043321
ldc2,95,128,padded,cpp-approved-execution,6,1319.048,1.444,1.039711,1.028470,1.046931,1.000000,1.000000,1.000000
ldc2,95,128,repeated-source,original,6,1340.476,0.355,1.000000,1.000000,1.000000,1.018051,1.014440,1.021739
ldc2,95,128,repeated-source,vector16safe,6,1340.476,0.710,1.000000,0.996454,1.003571,1.018051,1.014440,1.018116
ldc2,95,128,repeated-source,vector16store,6,1338.095,0.712,1.001779,1.000000,1.003571,1.014440,1.014440,1.021739
ldc2,95,128,repeated-source,cpp-approved-execution,6,1319.048,0.361,1.018051,1.014440,1.021739,1.000000,1.000000,1.000000
ldc2,95,128,universal,original,6,27678.571,4.817,1.000000,1.000000,1.000000,4.147344,4.077033,4.276748
ldc2,95,128,universal,vector16safe,6,27752.381,2.780,0.997590,0.994779,1.014895,4.158400,4.098431,4.213980
ldc2,95,128,universal,vector16store,6,27850.000,2.736,1.000069,0.988615,1.020422,4.158242,4.083452,4.200571
ldc2,95,128,universal,cpp-approved-execution,6,6676.190,0.713,4.147344,4.077033,4.276748,1.000000,1.000000,1.000000
ldc2,127,1,contiguous,original,6,30.475,0.636,1.000000,1.000000,1.000000,2.125000,2.114865,2.128378
ldc2,127,1,contiguous,vector16safe,6,31.008,0.938,0.982812,0.969040,0.984375,2.162162,2.162162,2.182432
ldc2,127,1,contiguous,vector16store,6,30.693,0.789,0.992114,0.989011,0.995261,2.140203,2.135135,2.152027
ldc2,127,1,contiguous,cpp-approved-execution,6,14.341,0.000,2.125000,2.114865,2.128378,1.000000,1.000000,1.000000
ldc2,127,1,negative-both,original,6,67.975,0.713,1.000000,1.000000,1.000000,4.645695,4.632450,4.665563
ldc2,127,1,negative-both,vector16safe,6,69.428,2.233,0.979768,0.970242,0.992923,4.745033,4.678808,4.784768
ldc2,127,1,negative-both,vector16store,6,68.459,0.708,0.993631,0.986601,0.996464,4.678808,4.662252,4.695364
ldc2,127,1,negative-both,cpp-approved-execution,6,14.632,0.000,4.645695,4.632450,4.665563,1.000000,1.000000,1.000000
ldc2,127,1,negative-source,original,6,68.169,1.350,1.000000,1.000000,1.000000,4.658940,4.625828,4.688742
ldc2,127,1,negative-source,vector16safe,6,68.968,1.054,0.988773,0.978291,0.997886,4.713576,4.688742,4.738411
ldc2,127,1,negative-source,vector16store,6,68.435,1.345,0.995420,0.988677,1.005694,4.677152,4.649007,4.711921
ldc2,127,1,negative-source,cpp-approved-execution,6,14.632,0.000,4.658940,4.625828,4.688742,1.000000,1.000000,1.000000
ldc2,127,1,padded,original,6,30.451,0.477,1.000000,1.000000,1.000000,2.081126,2.079470,2.089404
ldc2,127,1,padded,vector16safe,6,31.032,0.625,0.981279,0.976672,0.985938,2.120861,2.115894,2.129139
ldc2,127,1,padded,vector16store,6,30.935,0.940,0.986668,0.978193,0.987480,2.114238,2.105960,2.125828
ldc2,127,1,padded,cpp-approved-execution,6,14.632,0.000,2.081126,2.079470,2.089404,1.000000,1.000000,1.000000
ldc2,127,1,repeated-source,original,6,30.402,1.275,1.000000,1.000000,1.000000,2.077815,2.069536,2.096026
ldc2,127,1,repeated-source,vector16safe,6,31.008,1.875,0.980459,0.976852,0.987421,2.119205,2.105960,2.145695
ldc2,127,1,repeated-source,vector16store,6,30.959,1.252,0.983601,0.978091,0.990581,2.115894,2.099338,2.125828
ldc2,127,1,repeated-source,cpp-approved-execution,6,14.632,0.000,2.077815,2.069536,2.096026,1.000000,1.000000,1.000000
ldc2,127,1,universal,original,6,327.108,0.844,1.000000,1.000000,1.000000,4.577288,4.567458,4.606102
ldc2,127,1,universal,vector16safe,6,327.907,0.414,0.998150,0.994098,1.002804,4.588475,4.575593,4.594576
ldc2,127,1,universal,vector16store,6,329.046,2.047,0.995499,0.986095,1.008516,4.604407,4.537627,4.631864
ldc2,127,1,universal,cpp-approved-execution,6,71.463,0.000,4.577288,4.567458,4.606102,1.000000,1.000000,1.000000
ldc2,127,17,contiguous,original,6,214.876,0.385,1.000000,1.000000,1.000000,1.220657,1.209302,1.231132
ldc2,127,17,contiguous,vector16safe,6,215.702,0.766,0.998084,0.992366,1.000000,1.223005,1.218605,1.231132
ldc2,127,17,contiguous,vector16store,6,215.702,0.766,1.000000,0.992366,1.000000,1.220657,1.213953,1.231132
ldc2,127,17,contiguous,cpp-approved-execution,6,176.033,1.408,1.220657,1.209302,1.231132,1.000000,1.000000,1.000000
ldc2,127,17,negative-both,original,6,889.256,0.465,1.000000,1.000000,1.000000,4.095057,4.071970,4.106870
ldc2,127,17,negative-both,vector16safe,6,889.256,0.465,1.000464,0.998143,1.000930,4.096958,4.071970,4.106464
ldc2,127,17,negative-both,vector16store,6,889.256,0.465,1.000000,0.999071,1.000930,4.095057,4.071970,4.106464
ldc2,127,17,negative-both,cpp-approved-execution,6,217.355,0.760,4.095057,4.071970,4.106870,1.000000,1.000000,1.000000
ldc2,127,17,negative-source,original,6,892.975,0.648,1.000000,1.000000,1.000000,4.108365,4.102662,4.145038
ldc2,127,17,negative-source,vector16safe,6,892.562,0.648,1.000000,0.999074,1.001854,4.106464,4.102662,4.145038
ldc2,127,17,negative-source,vector16store,6,892.562,0.741,1.000000,0.999077,1.000928,4.106464,4.098859,4.145038
ldc2,127,17,negative-source,cpp-approved-execution,6,217.355,0.380,4.108365,4.102662,4.145038,1.000000,1.000000,1.000000
ldc2,127,17,padded,original,6,259.917,2.544,1.000000,1.000000,1.000000,1.198473,1.193916,1.229008
ldc2,127,17,padded,vector16safe,6,260.744,2.219,0.996825,0.993671,1.000000,1.204198,1.197719,1.229008
ldc2,127,17,padded,vector16store,6,260.331,2.540,0.996830,0.996825,1.003185,1.201905,1.197719,1.229008
ldc2,127,17,padded,cpp-approved-execution,6,216.529,0.382,1.198473,1.193916,1.229008,1.000000,1.000000,1.000000
ldc2,127,17,repeated-source,original,6,259.504,2.548,1.000000,1.000000,1.000000,1.201149,1.177122,1.215909
ldc2,127,17,repeated-source,vector16safe,6,259.504,3.185,1.000000,0.993808,1.000000,1.201149,1.177122,1.223485
ldc2,127,17,repeated-source,vector16store,6,259.504,3.185,0.998408,0.993808,1.003195,1.201149,1.177122,1.223485
ldc2,127,17,repeated-source,cpp-approved-execution,6,216.116,3.824,1.201149,1.177122,1.215909,1.000000,1.000000,1.000000
ldc2,127,17,universal,original,6,4940.083,3.948,1.000000,1.000000,1.000000,4.161165,4.114127,4.278358
ldc2,127,17,universal,vector16safe,6,4918.182,4.940,1.004464,0.973489,1.028914,4.141267,4.070334,4.272095
ldc2,127,17,universal,vector16store,6,4901.240,5.396,1.005136,0.991933,1.013588,4.127001,4.090466,4.313152
ldc2,127,17,universal,cpp-approved-execution,6,1187.603,0.070,4.161165,4.114127,4.278358,1.000000,1.000000,1.000000
ldc2,127,128,contiguous,original,6,1612.500,1.163,1.000000,1.000000,1.000000,1.222749,1.215962,1.232227
ldc2,127,128,contiguous,vector16safe,6,1612.500,1.163,1.000000,1.000000,1.000000,1.222749,1.215962,1.232227
ldc2,127,128,contiguous,vector16store,6,1612.500,0.775,1.000000,1.000000,1.003861,1.222749,1.215962,1.227488
ldc2,127,128,contiguous,cpp-approved-execution,6,1318.750,1.422,1.222749,1.215962,1.232227,1.000000,1.000000,1.000000
ldc2,127,128,negative-both,original,6,6556.250,0.381,1.000000,1.000000,1.000000,3.862132,3.842491,3.877778
ldc2,127,128,negative-both,vector16safe,6,6556.250,1.335,1.000000,0.990566,1.001907,3.863733,3.842491,3.897059
ldc2,127,128,negative-both,vector16store,6,6550.000,0.382,1.000477,1.000000,1.002863,3.856618,3.838828,3.877778
ldc2,127,128,negative-both,cpp-approved-execution,6,1700.000,1.103,3.862132,3.842491,3.877778,1.000000,1.000000,1.000000
ldc2,127,128,negative-source,original,6,6475.000,0.193,1.000000,1.000000,1.000000,3.892857,3.883895,3.913208
ldc2,127,128,negative-source,vector16safe,6,6471.875,0.193,1.000000,1.000000,1.000966,3.892857,3.883895,3.909434
ldc2,127,128,negative-source,vector16store,6,6475.000,0.193,1.000000,1.000000,1.000000,3.892857,3.883895,3.913208
ldc2,127,128,negative-source,cpp-approved-execution,6,1662.500,0.752,3.892857,3.883895,3.913208,1.000000,1.000000,1.000000
ldc2,127,128,padded,original,6,1696.875,0.368,1.000000,1.000000,1.000000,1.026465,1.022556,1.030303
ldc2,127,128,padded,vector16safe,6,1696.875,0.368,1.000000,1.000000,1.000000,1.026465,1.022556,1.030303
ldc2,127,128,padded,vector16store,6,1693.750,0.369,1.000000,1.000000,1.003690,1.026465,1.022556,1.026515
ldc2,127,128,padded,cpp-approved-execution,6,1653.125,0.756,1.026465,1.022556,1.030303,1.000000,1.000000,1.000000
ldc2,127,128,repeated-source,original,6,1681.250,0.372,1.000000,1.000000,1.000000,1.018975,1.018939,1.022814
ldc2,127,128,repeated-source,vector16safe,6,1681.250,0.372,1.000000,1.000000,1.000000,1.018975,1.018939,1.022814
ldc2,127,128,repeated-source,vector16store,6,1684.375,0.742,0.998148,0.996296,1.000000,1.020869,1.018939,1.026616
ldc2,127,128,repeated-source,cpp-approved-execution,6,1646.875,0.380,1.018975,1.018939,1.022814,1.000000,1.000000,1.000000
ldc2,127,128,universal,original,6,36971.875,2.113,1.000000,1.000000,1.000000,4.141056,4.099440,4.186975
ldc2,127,128,universal,vector16safe,6,37050.000,1.248,0.999409,0.992540,1.001865,4.147950,4.109408,4.181373
ldc2,127,128,universal,vector16store,6,36928.125,3.030,1.000002,0.993354,1.014041,4.131554,4.086774,4.214986
ldc2,127,128,universal,cpp-approved-execution,6,8928.125,0.490,4.141056,4.099440,4.186975,1.000000,1.000000,1.000000
ldc2,128,1,contiguous,original,6,28.833,1.863,1.000000,1.000000,1.000000,2.481092,2.462185,2.508403
ldc2,128,1,contiguous,vector16safe,6,29.370,0.998,0.982532,0.976667,0.986777,2.527311,2.516807,2.542017
ldc2,128,1,contiguous,vector16store,6,29.541,1.488,0.978548,0.971901,0.981908,2.542017,2.516807,2.554622
ldc2,128,1,contiguous,cpp-approved-execution,6,11.621,0.000,2.481092,2.462185,2.508403,1.000000,1.000000,1.000000
ldc2,128,1,negative-both,original,6,70.630,1.106,1.000000,1.000000,1.000000,5.928279,4.523659,5.942623
ldc2,128,1,negative-both,vector16safe,6,70.679,0.415,0.999654,0.987603,1.000692,5.928279,4.580442,5.942623
ldc2,128,1,negative-both,vector16store,6,71.069,0.893,0.993486,0.985587,0.998619,5.965164,4.570978,5.987705
ldc2,128,1,negative-both,cpp-approved-execution,6,11.914,29.918,5.928279,4.523659,5.942623,1.000000,1.000000,1.000000
ldc2,128,1,negative-source,original,6,68.555,1.282,1.000000,1.000000,1.000000,5.754098,5.725410,5.799180
ldc2,128,1,negative-source,vector16safe,6,68.970,0.779,0.993993,0.986610,1.002839,5.788934,5.770492,5.815574
ldc2,128,1,negative-source,vector16store,6,69.263,0.987,0.988339,0.978992,0.997884,5.813525,5.795082,5.852459
ldc2,128,1,negative-source,cpp-approved-execution,6,11.914,0.000,5.754098,5.725410,5.799180,1.000000,1.000000,1.000000
ldc2,128,1,padded,original,6,28.687,0.340,1.000000,1.000000,1.000000,2.405738,2.400000,2.409836
ldc2,128,1,padded,vector16safe,6,29.297,0.667,0.980000,0.976705,0.981575,2.459016,2.446721,2.463115
ldc2,128,1,padded,vector16store,6,29.297,1.500,0.979159,0.970297,0.984925,2.459016,2.436735,2.483607
ldc2,128,1,padded,cpp-approved-execution,6,11.914,0.410,2.405738,2.400000,2.409836,1.000000,1.000000,1.000000
ldc2,128,1,repeated-source,original,6,28.516,0.685,1.000000,1.000000,1.000000,2.393443,2.381148,2.397541
ldc2,128,1,repeated-source,vector16safe,6,29.443,0.332,0.968491,0.963516,0.968543,2.471311,2.467213,2.475410
ldc2,128,1,repeated-source,vector16store,6,29.443,0.995,0.966919,0.963516,0.971667,2.471311,2.459016,2.483607
ldc2,128,1,repeated-source,cpp-approved-execution,6,11.914,0.000,2.393443,2.381148,2.397541,1.000000,1.000000,1.000000
ldc2,128,1,universal,original,6,329.370,0.815,1.000000,1.000000,1.000000,4.319312,4.291268,4.577627
ldc2,128,1,universal,vector16safe,6,329.907,2.338,0.997054,0.982109,1.007295,4.326322,4.281071,4.661017
ldc2,128,1,universal,vector16store,6,331.177,1.813,0.995565,0.980683,0.999704,4.338432,4.309751,4.667797
ldc2,128,1,universal,cpp-approved-execution,6,76.611,5.991,4.319312,4.291268,4.577627,1.000000,1.000000,1.000000
ldc2,128,17,contiguous,original,6,207.500,2.410,1.000000,1.000000,1.000000,1.185714,1.176190,1.204762
ldc2,128,17,contiguous,vector16safe,6,207.500,0.402,1.000000,0.995968,1.020161,1.183333,1.180095,1.185714
ldc2,128,17,contiguous,vector16store,6,207.500,0.803,1.000000,0.995968,1.020161,1.183333,1.180095,1.190476
ldc2,128,17,contiguous,cpp-approved-execution,6,175.000,0.476,1.185714,1.176190,1.204762,1.000000,1.000000,1.000000
ldc2,128,17,negative-both,original,6,898.750,0.927,1.000000,1.000000,1.000000,5.032710,5.018605,5.070423
ldc2,128,17,negative-both,vector16safe,6,896.250,0.558,1.001860,1.000000,1.005561,5.023364,5.004651,5.070423
ldc2,128,17,negative-both,vector16store,6,897.083,0.464,1.000929,1.000000,1.005561,5.025701,5.009302,5.070423
ldc2,128,17,negative-both,cpp-approved-execution,6,178.333,0.935,5.032710,5.018605,5.070423,1.000000,1.000000,1.000000
ldc2,128,17,negative-source,original,6,901.250,0.832,1.000000,1.000000,1.000000,5.025581,4.840000,5.037209
ldc2,128,17,negative-source,vector16safe,6,900.417,1.018,1.000000,0.999077,1.002780,5.023256,4.844444,5.041860
ldc2,128,17,negative-source,vector16store,6,900.000,1.019,1.000463,0.999083,1.001852,5.023256,4.844444,5.037209
ldc2,128,17,negative-source,cpp-approved-execution,6,179.167,4.651,5.025581,4.840000,5.037209,1.000000,1.000000,1.000000
ldc2,128,17,padded,original,6,235.833,1.060,1.000000,1.000000,1.000000,1.316279,1.311628,1.327103
ldc2,128,17,padded,vector16safe,6,235.833,1.060,1.000000,1.000000,1.000000,1.316279,1.311628,1.327103
ldc2,128,17,padded,vector16store,6,235.833,0.707,1.000000,0.996466,1.000000,1.316279,1.313364,1.327103
ldc2,128,17,padded,cpp-approved-execution,6,179.167,1.395,1.316279,1.311628,1.327103,1.000000,1.000000,1.000000
ldc2,128,17,repeated-source,original,6,234.167,0.712,1.000000,1.000000,1.000000,1.319249,1.286364,1.323944
ldc2,128,17,repeated-source,vector16safe,6,235.000,0.709,0.996454,0.996454,1.000000,1.323944,1.290909,1.323944
ldc2,128,17,repeated-source,vector16store,6,235.000,0.709,0.996454,0.996454,1.003559,1.321596,1.286364,1.323944
ldc2,128,17,repeated-source,cpp-approved-execution,6,177.500,3.286,1.319249,1.286364,1.323944,1.000000,1.000000,1.000000
ldc2,128,17,universal,original,6,4933.333,6.030,1.000000,1.000000,1.000000,4.128312,4.085017,4.336820
ldc2,128,17,universal,vector16safe,6,4967.917,4.076,0.990274,0.982195,1.016343,4.155802,4.137282,4.305226
ldc2,128,17,universal,vector16store,6,4965.000,4.431,1.001023,0.976512,1.023367,4.153353,4.098955,4.282927
ldc2,128,17,universal,cpp-approved-execution,6,1195.417,0.070,4.128312,4.085017,4.336820,1.000000,1.000000,1.000000
ldc2,128,128,contiguous,original,6,1450.000,0.862,1.000000,1.000000,1.000000,1.094340,1.084112,1.099057
ldc2,128,128,contiguous,vector16safe,6,1456.250,1.288,0.995717,0.995708,1.000000,1.099057,1.088785,1.103774
ldc2,128,128,contiguous,vector16store,6,1453.125,1.290,0.997872,0.995708,1.000000,1.094340,1.088785,1.103774
ldc2,128,128,contiguous,cpp-approved-execution,6,1325.000,0.943,1.094340,1.084112,1.099057,1.000000,1.000000,1.000000
ldc2,128,128,negative-both,original,6,6609.375,1.986,1.000000,1.000000,1.000000,4.604665,4.586957,4.698690
ldc2,128,128,negative-both,vector16safe,6,6612.500,1.890,0.999527,0.984142,1.018939,4.614690,4.595652,4.660870
ldc2,128,128,negative-both,vector16store,6,6668.750,1.968,1.000000,0.982326,1.015094,4.624454,4.586957,4.673913
ldc2,128,128,negative-both,cpp-approved-execution,6,1437.500,1.739,4.604665,4.586957,4.698690,1.000000,1.000000,1.000000
ldc2,128,128,negative-source,original,6,6528.125,0.670,1.000000,1.000000,1.000000,4.542302,4.519481,4.554585
ldc2,128,128,negative-source,vector16safe,6,6521.875,0.383,1.000958,1.000000,1.004789,4.534783,4.515152,4.550218
ldc2,128,128,negative-source,vector16store,6,6521.875,0.383,1.000000,1.000000,1.004789,4.532609,4.519481,4.554585
ldc2,128,128,negative-source,cpp-approved-execution,6,1437.500,0.870,4.542302,4.519481,4.554585,1.000000,1.000000,1.000000
ldc2,128,128,padded,original,6,1543.750,1.215,1.000000,1.000000,1.000000,1.078947,1.073913,1.092105
ldc2,128,128,padded,vector16safe,6,1540.625,1.217,1.000000,1.000000,1.004065,1.078947,1.069565,1.092105
ldc2,128,128,padded,vector16store,6,1537.500,1.220,1.000000,1.000000,1.004065,1.078947,1.069565,1.092105
ldc2,128,128,padded,cpp-approved-execution,6,1425.000,0.877,1.078947,1.073913,1.092105,1.000000,1.000000,1.000000
ldc2,128,128,repeated-source,original,6,1525.000,1.230,1.000000,1.000000,1.000000,1.072687,1.070175,1.079295
ldc2,128,128,repeated-source,vector16safe,6,1525.000,1.230,1.000000,0.995902,1.004115,1.074726,1.065789,1.083700
ldc2,128,128,repeated-source,vector16store,6,1525.000,1.230,1.000000,0.995902,1.004082,1.074726,1.070175,1.083700
ldc2,128,128,repeated-source,cpp-approved-execution,6,1418.750,0.441,1.072687,1.070175,1.079295,1.000000,1.000000,1.000000
ldc2,128,128,universal,original,6,37300.000,1.005,1.000000,1.000000,1.000000,4.161785,4.119889,4.185495
ldc2,128,128,universal,vector16safe,6,37103.125,2.763,1.006744,0.993873,1.011404,4.128661,4.094077,4.211297
ldc2,128,128,universal,vector16store,6,37518.750,2.482,0.996924,0.989020,1.018566,4.172709,4.094142,4.198047
ldc2,128,128,universal,cpp-approved-execution,6,8962.500,0.628,4.161785,4.119889,4.185495,1.000000,1.000000,1.000000
ldc2,129,1,contiguous,original,6,29.281,3.361,1.000000,1.000000,1.000000,2.351779,2.343874,2.422925
ldc2,129,1,contiguous,vector16safe,6,29.823,1.650,0.984269,0.978583,1.001634,2.395257,2.379447,2.418972
ldc2,129,1,contiguous,vector16store,6,29.700,3.645,0.985916,0.983416,0.995050,2.385375,2.375494,2.462451
ldc2,129,1,contiguous,cpp-approved-execution,6,12.451,0.000,2.351779,2.343874,2.422925,1.000000,1.000000,1.000000
ldc2,129,1,negative-both,original,6,69.218,0.640,1.000000,1.000000,1.000000,5.494141,5.476562,5.511719
ldc2,129,1,negative-both,vector16safe,6,69.021,0.998,1.003560,0.992918,1.005710,5.478516,5.460938,5.515625
ldc2,129,1,negative-both,vector16store,6,69.587,0.707,0.994698,0.987333,0.998585,5.523438,5.511719,5.550781
ldc2,129,1,negative-both,cpp-approved-execution,6,12.598,0.000,5.494141,5.476562,5.511719,1.000000,1.000000,1.000000
ldc2,129,1,negative-source,original,6,69.193,1.494,1.000000,1.000000,1.000000,5.492188,5.460938,5.542969
ldc2,129,1,negative-source,vector16safe,6,69.070,1.354,1.000709,0.990120,1.005718,5.482422,5.464844,5.539062
ldc2,129,1,negative-source,vector16store,6,69.537,1.486,0.995039,0.978307,0.996464,5.519531,5.511719,5.593750
ldc2,129,1,negative-source,cpp-approved-execution,6,12.598,0.000,5.492188,5.460938,5.542969,1.000000,1.000000,1.000000
ldc2,129,1,padded,original,6,29.306,10.579,1.000000,1.000000,1.000000,2.324219,1.955224,2.328125
ldc2,129,1,padded,vector16safe,6,29.921,9.868,0.981039,0.978654,0.989474,2.369141,1.985075,2.378906
ldc2,129,1,padded,vector16store,6,29.970,10.016,0.981867,0.975410,0.989426,2.369141,1.976119,2.382812
ldc2,129,1,padded,cpp-approved-execution,6,12.598,30.859,2.324219,1.955224,2.328125,1.000000,1.000000,1.000000
ldc2,129,1,repeated-source,original,6,29.257,0.841,1.000000,1.000000,1.000000,2.320312,2.316406,2.324219
ldc2,129,1,repeated-source,vector16safe,6,29.946,1.150,0.977780,0.975369,0.978618,2.375484,2.367188,2.378906
ldc2,129,1,repeated-source,vector16store,6,29.823,1.815,0.980198,0.975369,0.990000,2.365749,2.343750,2.378906
ldc2,129,1,repeated-source,cpp-approved-execution,6,12.598,0.781,2.320312,2.316406,2.324219,1.000000,1.000000,1.000000
ldc2,129,1,universal,original,6,332.751,1.449,1.000000,1.000000,1.000000,4.375380,4.266414,4.597693
ldc2,129,1,universal,vector16safe,6,332.037,2.342,1.002681,0.977641,1.011967,4.431363,4.262626,4.573948
ldc2,129,1,universal,vector16store,6,333.661,1.962,0.998160,0.976928,1.003858,4.438436,4.282526,4.593623
ldc2,129,1,universal,cpp-approved-execution,6,75.812,7.141,4.375380,4.266414,4.597693,1.000000,1.000000,1.000000
ldc2,129,17,contiguous,original,6,213.025,1.972,1.000000,1.000000,1.000000,1.200000,1.180556,1.212264
ldc2,129,17,contiguous,vector16safe,6,213.445,2.362,1.000000,0.996047,1.000000,1.202381,1.180556,1.216981
ldc2,129,17,contiguous,vector16store,6,212.605,2.372,1.001953,1.000000,1.008000,1.200000,1.175926,1.208531
ldc2,129,17,contiguous,cpp-approved-execution,6,177.311,2.844,1.200000,1.180556,1.212264,1.000000,1.000000,1.000000
ldc2,129,17,negative-both,original,6,905.042,3.064,1.000000,1.000000,1.000000,4.890909,4.864253,5.013575
ldc2,129,17,negative-both,vector16safe,6,904.622,0.743,1.000465,0.997217,1.031657,4.879823,4.859729,4.895928
ldc2,129,17,negative-both,vector16store,6,904.202,0.743,1.000000,0.999071,1.031657,4.882086,4.859729,4.895928
ldc2,129,17,negative-both,cpp-approved-execution,6,185.714,0.452,4.890909,4.864253,5.013575,1.000000,1.000000,1.000000
ldc2,129,17,negative-source,original,6,910.504,4.153,1.000000,1.000000,1.000000,4.911569,4.797357,5.067568
ldc2,129,17,negative-source,vector16safe,6,910.924,2.306,1.001393,0.999079,1.020871,4.904741,4.797357,4.963964
ldc2,129,17,negative-source,vector16store,6,910.924,2.030,1.000000,0.999079,1.020871,4.913832,4.797357,4.963964
ldc2,129,17,negative-source,cpp-approved-execution,6,185.294,3.175,4.911569,4.797357,5.067568,1.000000,1.000000,1.000000
ldc2,129,17,padded,original,6,241.176,5.923,1.000000,1.000000,1.000000,1.306818,1.235772,1.310502
ldc2,129,17,padded,vector16safe,6,242.017,5.208,0.996528,0.996528,1.003300,1.309091,1.231707,1.315068
ldc2,129,17,padded,vector16store,6,242.437,4.853,0.996528,0.993080,1.006623,1.312080,1.227642,1.319635
ldc2,129,17,padded,cpp-approved-execution,6,184.874,12.273,1.306818,1.235772,1.310502,1.000000,1.000000,1.000000
ldc2,129,17,repeated-source,original,6,240.336,1.049,1.000000,1.000000,1.000000,1.300000,1.276786,1.313636
ldc2,129,17,repeated-source,vector16safe,6,241.176,1.045,0.996516,0.996516,1.000000,1.304545,1.281250,1.318182
ldc2,129,17,repeated-source,vector16store,6,241.597,1.391,0.996516,0.993056,1.003497,1.302273,1.281250,1.318182
ldc2,129,17,repeated-source,cpp-approved-execution,6,184.874,1.818,1.300000,1.276786,1.313636,1.000000,1.000000,1.000000
ldc2,129,17,universal,original,6,4962.185,4.759,1.000000,1.000000,1.000000,4.120726,4.101813,4.297768
ldc2,129,17,universal,vector16safe,6,4976.471,5.860,1.000176,0.970787,1.014610,4.131150,4.060014,4.299163
ldc2,129,17,universal,vector16store,6,4940.756,5.919,1.002382,0.996274,1.014056,4.101500,4.068340,4.311018
ldc2,129,17,universal,cpp-approved-execution,6,1205.042,0.070,4.120726,4.101813,4.297768,1.000000,1.000000,1.000000
ldc2,129,128,contiguous,original,6,1496.667,0.891,1.000000,1.000000,1.000000,1.117201,1.102941,1.120000
ldc2,129,128,contiguous,vector16safe,6,1493.333,0.893,1.002232,1.000000,1.004484,1.114714,1.102941,1.120000
ldc2,129,128,contiguous,vector16store,6,1493.333,0.893,1.000000,1.000000,1.004464,1.114714,1.102941,1.120000
ldc2,129,128,contiguous,cpp-approved-execution,6,1336.667,1.995,1.117201,1.102941,1.120000,1.000000,1.000000,1.000000
ldc2,129,128,negative-both,original,6,6650.000,1.404,1.000000,1.000000,1.000000,4.568807,4.531818,4.607306
ldc2,129,128,negative-both,vector16safe,6,6646.667,1.404,1.000000,0.989098,1.009000,4.567509,4.531818,4.607306
ldc2,129,128,negative-both,vector16store,6,6676.667,16.276,0.995035,0.861831,1.013052,4.590329,4.527273,5.311927
ldc2,129,128,negative-both,cpp-approved-execution,6,1456.667,0.915,4.568807,4.531818,4.607306,1.000000,1.000000,1.000000
ldc2,129,128,negative-source,original,6,6573.333,0.406,1.000000,1.000000,1.000000,4.600467,4.581395,4.612150
ldc2,129,128,negative-source,vector16safe,6,6576.667,0.304,1.000000,0.997974,1.001014,4.602804,4.586047,4.612150
ldc2,129,128,negative-source,vector16store,6,6576.667,0.405,1.000000,0.998986,1.000000,4.600467,4.586047,4.616822
ldc2,129,128,negative-source,cpp-approved-execution,6,1426.667,0.467,4.600467,4.581395,4.612150,1.000000,1.000000,1.000000
ldc2,129,128,padded,original,6,1563.333,1.279,1.000000,1.000000,1.000000,1.093241,1.088785,1.098131
ldc2,129,128,padded,vector16safe,6,1560.000,0.855,1.004264,0.995726,1.004292,1.090904,1.087963,1.093458
ldc2,129,128,padded,vector16store,6,1560.000,0.855,1.002128,0.995726,1.004292,1.093241,1.087963,1.093458
ldc2,129,128,padded,cpp-approved-execution,6,1426.667,0.935,1.093241,1.088785,1.098131,1.000000,1.000000,1.000000
ldc2,129,128,repeated-source,original,6,1543.333,1.296,1.000000,1.000000,1.000000,1.084706,1.079439,1.099057
ldc2,129,128,repeated-source,vector16safe,6,1543.333,0.864,1.000000,0.995671,1.004329,1.089412,1.079439,1.099057
ldc2,129,128,repeated-source,vector16store,6,1543.333,0.864,1.000000,0.995671,1.004310,1.087065,1.079439,1.099057
ldc2,129,128,repeated-source,cpp-approved-execution,6,1416.667,0.941,1.084706,1.079439,1.099057,1.000000,1.000000,1.000000
ldc2,129,128,universal,original,6,37986.667,2.264,1.000000,1.000000,1.000000,4.200523,4.163838,4.259041
ldc2,129,128,universal,vector16safe,6,37540.000,6.216,1.008265,0.964918,1.019224,4.151174,4.114307,4.372419
ldc2,129,128,universal,vector16store,6,37956.667,6.938,0.998577,0.975614,1.037667,4.201845,4.030214,4.324484
ldc2,129,128,universal,cpp-approved-execution,6,9040.000,0.147,4.200523,4.163838,4.259041,1.000000,1.000000,1.000000
ldc2,255,1,contiguous,original,6,40.905,8.086,1.000000,1.000000,1.000000,1.753138,1.511706,1.778243
ldc2,255,1,contiguous,vector16safe,6,41.586,7.485,0.985882,0.981352,0.991228,1.780335,1.525084,1.803347
ldc2,255,1,contiguous,vector16store,6,41.537,7.728,0.988207,0.981352,0.991228,1.774059,1.525084,1.799163
ldc2,255,1,contiguous,cpp-approved-execution,6,23.249,25.105,1.753138,1.511706,1.778243,1.000000,1.000000,1.000000
ldc2,255,1,negative-both,original,6,118.337,0.411,1.000000,1.000000,1.000000,5.026860,5.016529,5.037190
ldc2,255,1,negative-both,vector16safe,6,119.018,0.327,0.993467,0.993453,0.995908,5.055785,5.049587,5.066116
ldc2,255,1,negative-both,vector16store,6,118.726,14.912,0.995908,0.867332,0.997541,5.043388,5.041322,5.793388
ldc2,255,1,negative-both,cpp-approved-execution,6,23.541,0.000,5.026860,5.016529,5.037190,1.000000,1.000000,1.000000
ldc2,255,1,negative-source,original,6,118.288,0.576,1.000000,1.000000,1.000000,5.024793,5.012397,5.041322
ldc2,255,1,negative-source,vector16safe,6,118.920,0.164,0.995090,0.992635,0.996732,5.051653,5.049587,5.057851
ldc2,255,1,negative-source,vector16store,6,118.774,0.246,0.995907,0.993448,0.998363,5.045455,5.041322,5.053719
ldc2,255,1,negative-source,cpp-approved-execution,6,23.541,0.000,5.024793,5.012397,5.041322,1.000000,1.000000,1.000000
ldc2,255,1,padded,original,6,40.759,1.193,1.000000,1.000000,1.000000,1.731405,1.723140,1.743802
ldc2,255,1,padded,vector16safe,6,41.196,2.125,0.988166,0.979118,0.990544,1.750000,1.743802,1.780992
ldc2,255,1,padded,vector16store,6,41.196,1.181,0.988290,0.985816,0.992891,1.750000,1.743802,1.764463
ldc2,255,1,padded,cpp-approved-execution,6,23.541,0.000,1.731405,1.723140,1.743802,1.000000,1.000000,1.000000
ldc2,255,1,repeated-source,original,6,40.564,1.199,1.000000,1.000000,1.000000,1.723140,1.719008,1.739669
ldc2,255,1,repeated-source,vector16safe,6,41.196,1.653,0.983452,0.981176,0.990521,1.750000,1.743802,1.772727
ldc2,255,1,repeated-source,vector16store,6,41.051,1.422,0.988193,0.985782,0.992857,1.743802,1.735537,1.760331
ldc2,255,1,repeated-source,cpp-approved-execution,6,23.541,0.000,1.723140,1.719008,1.739669,1.000000,1.000000,1.000000
ldc2,255,1,universal,original,6,618.580,44.944,1.000000,1.000000,1.000000,4.394610,4.342087,6.325952
ldc2,255,1,universal,vector16safe,6,615.613,40.278,1.010836,0.991948,1.043017,4.372023,4.295093,6.065052
ldc2,255,1,universal,vector16store,6,618.872,45.395,0.997762,0.982328,1.023674,4.395171,4.342778,6.347405
ldc2,255,1,universal,cpp-approved-execution,6,140.759,0.207,4.394610,4.342087,6.325952,1.000000,1.000000,1.000000
ldc2,255,17,contiguous,original,6,391.667,0.426,1.000000,1.000000,1.000000,1.118766,1.113744,1.123810
ldc2,255,17,contiguous,vector16safe,6,392.500,0.425,1.000000,0.995763,1.000000,1.118766,1.113744,1.123810
ldc2,255,17,contiguous,vector16store,6,391.667,0.426,1.000000,0.995763,1.004255,1.118766,1.113744,1.119048
ldc2,255,17,contiguous,cpp-approved-execution,6,350.833,0.475,1.118766,1.113744,1.123810,1.000000,1.000000,1.000000
ldc2,255,17,negative-both,original,6,1747.500,2.003,1.000000,1.000000,1.000000,4.638777,4.619469,4.690265
ldc2,255,17,negative-both,vector16safe,6,1740.000,0.766,1.005725,1.000000,1.012393,4.626667,4.580786,4.640000
ldc2,255,17,negative-both,vector16store,6,1753.333,1.426,0.999046,0.987701,1.011450,4.657080,4.585153,4.693333
ldc2,255,17,negative-both,cpp-approved-execution,6,375.833,1.774,4.638777,4.619469,4.690265,1.000000,1.000000,1.000000
ldc2,255,17,negative-source,original,6,1739.167,2.492,1.000000,1.000000,1.000000,4.631111,4.539130,4.716814
ldc2,255,17,negative-source,vector16safe,6,1740.000,0.575,0.999042,0.998086,1.018147,4.631927,4.543478,4.644444
ldc2,255,17,negative-source,vector16store,6,1761.667,1.703,0.993377,0.983917,1.013410,4.660708,4.604348,4.697778
ldc2,255,17,negative-source,cpp-approved-execution,6,375.000,2.222,4.631111,4.539130,4.716814,1.000000,1.000000,1.000000
ldc2,255,17,padded,original,6,432.500,1.541,1.000000,1.000000,1.000000,1.151111,1.149123,1.158590
ldc2,255,17,padded,vector16safe,6,433.333,2.308,0.996176,0.992453,1.000000,1.155556,1.151111,1.167401
ldc2,255,17,padded,vector16store,6,433.333,1.923,0.996205,0.996154,1.003861,1.154532,1.151111,1.162996
ldc2,255,17,padded,cpp-approved-execution,6,375.000,1.333,1.151111,1.149123,1.158590,1.000000,1.000000,1.000000
ldc2,255,17,repeated-source,original,6,433.333,1.538,1.000000,1.000000,1.000000,1.145374,1.120690,1.151111
ldc2,255,17,repeated-source,vector16safe,6,435.000,0.766,0.998084,0.988550,1.007663,1.142556,1.125000,1.164444
ldc2,255,17,repeated-source,vector16store,6,435.000,0.766,0.996169,0.996154,1.003817,1.144740,1.125000,1.155556
ldc2,255,17,repeated-source,cpp-approved-execution,6,380.000,3.070,1.145374,1.120690,1.151111,1.000000,1.000000,1.000000
ldc2,255,17,universal,original,6,9897.500,5.271,1.000000,1.000000,1.000000,4.066067,4.000685,4.215068
ldc2,255,17,universal,vector16safe,6,9927.500,4.482,0.997132,0.988325,1.002443,4.078391,4.019165,4.204795
ldc2,255,17,universal,vector16store,6,9930.833,4.464,0.999024,0.987960,1.006186,4.078713,4.022587,4.207534
ldc2,255,17,universal,cpp-approved-execution,6,2434.167,0.068,4.066067,4.000685,4.215068,1.000000,1.000000,1.000000
ldc2,255,128,contiguous,original,6,3000.000,0.833,1.000000,1.000000,1.000000,1.137441,1.132075,1.146919
ldc2,255,128,contiguous,vector16safe,6,3000.000,0.833,1.000000,1.000000,1.000000,1.137441,1.132075,1.146919
ldc2,255,128,contiguous,vector16store,6,3000.000,0.833,1.000000,0.995851,1.004167,1.137441,1.132075,1.146919
ldc2,255,128,contiguous,cpp-approved-execution,6,2637.500,0.948,1.137441,1.132075,1.146919,1.000000,1.000000,1.000000
ldc2,255,128,negative-both,original,6,13068.750,0.956,1.000000,1.000000,1.000000,4.261777,4.247967,4.277551
ldc2,255,128,negative-both,vector16safe,6,13075.000,0.574,0.999522,0.996176,1.001912,4.264759,4.252033,4.286885
ldc2,255,128,negative-both,vector16store,6,13062.500,14.641,0.999042,0.873746,1.008629,4.271429,4.239837,4.861789
ldc2,255,128,negative-both,cpp-approved-execution,6,3068.750,0.815,4.261777,4.247967,4.277551,1.000000,1.000000,1.000000
ldc2,255,128,negative-source,original,6,12993.750,3.944,1.000000,1.000000,1.000000,4.302287,4.230769,4.458678
ldc2,255,128,negative-source,vector16safe,6,12993.750,0.481,1.001446,0.998081,1.035509,4.302905,4.214575,4.305785
ldc2,255,128,negative-source,vector16store,6,13018.750,2.496,1.000479,0.997121,1.014098,4.306420,4.226721,4.396694
ldc2,255,128,negative-source,cpp-approved-execution,6,3025.000,2.479,4.302287,4.230769,4.458678,1.000000,1.000000,1.000000
ldc2,255,128,padded,original,6,3106.250,0.805,1.000000,1.000000,1.000000,1.059829,1.055319,1.064103
ldc2,255,128,padded,vector16safe,6,3106.250,0.402,1.000000,0.995968,1.004032,1.059829,1.055319,1.064103
ldc2,255,128,padded,vector16store,6,3106.250,0.805,0.998000,0.995968,1.004032,1.059829,1.055319,1.068376
ldc2,255,128,padded,cpp-approved-execution,6,2925.000,0.427,1.059829,1.055319,1.064103,1.000000,1.000000,1.000000
ldc2,255,128,repeated-source,original,6,3075.000,0.407,1.000000,1.000000,1.000000,1.048936,1.046809,1.051282
ldc2,255,128,repeated-source,vector16safe,6,3075.000,0.407,1.000000,0.995951,1.004065,1.048936,1.046809,1.051282
ldc2,255,128,repeated-source,vector16store,6,3081.250,0.406,0.997976,0.995951,1.004065,1.051064,1.046809,1.055556
ldc2,255,128,repeated-source,cpp-approved-execution,6,2937.500,0.426,1.048936,1.046809,1.051282,1.000000,1.000000,1.000000
ldc2,255,128,universal,original,6,75187.500,6.584,1.000000,1.000000,1.000000,4.094624,4.042945,4.301156
ldc2,255,128,universal,vector16safe,6,74675.000,4.938,1.009049,0.993301,1.024947,4.072256,3.995921,4.196465
ldc2,255,128,universal,vector16store,6,74775.000,3.293,1.005856,1.000506,1.032980,4.072165,4.040900,4.163834
ldc2,255,128,universal,cpp-approved-execution,6,18362.500,0.613,4.094624,4.042945,4.301156,1.000000,1.000000,1.000000
ldc2,256,1,contiguous,original,6,39.111,0.250,1.000000,1.000000,1.000000,1.889151,1.886792,1.891509
ldc2,256,1,contiguous,vector16safe,6,39.453,0.495,0.991340,0.987654,0.992574,1.905660,1.900943,1.910377
ldc2,256,1,contiguous,vector16store,6,39.648,1.232,0.986456,0.977995,0.990123,1.915094,1.905660,1.929245
ldc2,256,1,contiguous,cpp-approved-execution,6,20.703,0.000,1.889151,1.886792,1.891509,1.000000,1.000000,1.000000
ldc2,256,1,negative-both,original,6,118.848,0.575,1.000000,1.000000,1.000000,5.629630,5.156118,5.652778
ldc2,256,1,negative-both,vector16safe,6,119.580,0.653,0.993480,0.991837,0.998366,5.666667,5.164557,5.689815
ldc2,256,1,negative-both,vector16store,6,119.482,0.572,0.995911,0.991028,1.001641,5.650463,5.168776,5.675926
ldc2,256,1,negative-both,cpp-approved-execution,6,21.094,9.722,5.629630,5.156118,5.652778,1.000000,1.000000,1.000000
ldc2,256,1,negative-source,original,6,121.191,0.403,1.000000,1.000000,1.000000,5.743056,5.258475,5.759259
ldc2,256,1,negative-source,vector16safe,6,121.729,0.722,0.995185,0.988836,0.997594,5.768519,5.292373,5.805556
ldc2,256,1,negative-source,vector16store,6,121.973,9.608,0.993988,0.910557,0.997588,5.780093,5.288136,6.314815
ldc2,256,1,negative-source,cpp-approved-execution,6,21.094,9.259,5.743056,5.258475,5.759259,1.000000,1.000000,1.000000
ldc2,256,1,padded,original,6,39.014,1.252,1.000000,1.000000,1.000000,1.849537,1.682203,1.861111
ldc2,256,1,padded,vector16safe,6,39.551,1.235,0.986392,0.982716,0.995025,1.875000,1.703390,1.884259
ldc2,256,1,padded,vector16store,6,39.697,0.738,0.982759,0.977833,0.987654,1.879630,1.720339,1.888889
ldc2,256,1,padded,cpp-approved-execution,6,21.094,9.259,1.849537,1.682203,1.861111,1.000000,1.000000,1.000000
ldc2,256,1,repeated-source,original,6,39.600,4.192,1.000000,1.000000,1.000000,1.852531,1.759494,1.884259
ldc2,256,1,repeated-source,vector16safe,6,40.088,3.898,0.986563,0.985222,0.990499,1.877315,1.776371,1.912037
ldc2,256,1,repeated-source,vector16store,6,40.088,3.654,0.986624,0.980392,0.990499,1.884259,1.776371,1.912037
ldc2,256,1,repeated-source,cpp-approved-execution,6,21.094,9.722,1.852531,1.759494,1.884259,1.000000,1.000000,1.000000
ldc2,256,1,universal,original,6,618.848,9.042,1.000000,1.000000,1.000000,4.382437,4.364893,4.757597
ldc2,256,1,universal,vector16safe,6,624.561,2.877,0.998925,0.981553,1.063610,4.422883,4.348998,4.473066
ldc2,256,1,universal,vector16store,6,616.504,7.017,1.005476,0.996843,1.022562,4.362820,4.355709,4.652624
ldc2,256,1,universal,cpp-approved-execution,6,141.309,0.207,4.382437,4.364893,4.757597,1.000000,1.000000,1.000000
ldc2,256,17,contiguous,original,6,395.000,0.422,1.000000,1.000000,1.000000,1.133971,1.129187,1.133971
ldc2,256,17,contiguous,vector16safe,6,394.167,0.423,1.002119,0.995781,1.004237,1.131579,1.129187,1.133971
ldc2,256,17,contiguous,vector16store,6,394.167,0.846,1.002119,0.995781,1.008511,1.131579,1.124402,1.133971
ldc2,256,17,contiguous,cpp-approved-execution,6,348.333,0.000,1.133971,1.129187,1.133971,1.000000,1.000000,1.000000
ldc2,256,17,negative-both,original,6,1771.667,2.070,1.000000,1.000000,1.000000,5.062020,4.995215,5.100478
ldc2,256,17,negative-both,vector16safe,6,1754.167,1.995,1.000469,1.000000,1.018199,5.035885,4.947867,5.095694
ldc2,256,17,negative-both,vector16store,6,1745.833,1.718,1.010487,0.987701,1.019175,5.011962,4.947867,5.076555
ldc2,256,17,negative-both,cpp-approved-execution,6,348.333,0.957,5.062020,4.995215,5.100478,1.000000,1.000000,1.000000
ldc2,256,17,negative-source,original,6,1742.500,2.009,1.000000,1.000000,1.000000,4.954976,4.943128,5.042654
ldc2,256,17,negative-source,vector16safe,6,1742.500,2.104,1.000000,0.983099,1.013333,4.954976,4.943128,5.071429
ldc2,256,17,negative-source,vector16store,6,1743.333,1.721,1.000000,0.986805,1.016237,4.957346,4.943128,5.028436
ldc2,256,17,negative-source,cpp-approved-execution,6,351.667,0.474,4.954976,4.943128,5.042654,1.000000,1.000000,1.000000
ldc2,256,17,padded,original,6,422.500,1.578,1.000000,1.000000,1.000000,1.204277,1.157658,1.209524
ldc2,256,17,padded,vector16safe,6,423.333,1.181,0.998031,0.992157,1.000000,1.209027,1.157658,1.209524
ldc2,256,17,padded,vector16store,6,423.333,1.181,0.998031,0.996063,1.000000,1.206658,1.157658,1.209524
ldc2,256,17,padded,cpp-approved-execution,6,350.833,5.701,1.204277,1.157658,1.209524,1.000000,1.000000,1.000000
ldc2,256,17,repeated-source,original,6,420.833,3.564,1.000000,1.000000,1.000000,1.202381,1.194313,1.236967
ldc2,256,17,repeated-source,vector16safe,6,421.667,3.162,0.996047,0.992337,1.000000,1.204762,1.199052,1.236967
ldc2,256,17,repeated-source,vector16store,6,421.667,4.348,0.996047,0.984791,1.000000,1.204762,1.199052,1.251185
ldc2,256,17,repeated-source,cpp-approved-execution,6,350.833,0.475,1.202381,1.194313,1.236967,1.000000,1.000000,1.000000
ldc2,256,17,universal,original,6,9942.500,7.292,1.000000,1.000000,1.000000,4.070613,4.005457,4.302183
ldc2,256,17,universal,vector16safe,6,9950.833,6.800,0.998731,0.958413,1.007310,4.075427,4.019100,4.296044
ldc2,256,17,universal,vector16store,6,9935.833,7.599,1.000265,0.978685,1.011680,4.069283,3.983629,4.292633
ldc2,256,17,universal,cpp-approved-execution,6,2442.500,0.068,4.070613,4.005457,4.302183,1.000000,1.000000,1.000000
ldc2,256,128,contiguous,original,6,2868.750,0.871,1.000000,1.000000,1.000000,1.079626,1.075117,1.080189
ldc2,256,128,contiguous,vector16safe,6,2875.000,1.304,1.000000,0.995652,1.004348,1.080000,1.074766,1.084112
ldc2,256,128,contiguous,vector16store,6,2875.000,0.870,1.000000,0.995671,1.000000,1.079814,1.075117,1.084507
ldc2,256,128,contiguous,cpp-approved-execution,6,2662.500,0.939,1.079626,1.075117,1.080189,1.000000,1.000000,1.000000
ldc2,256,128,negative-both,original,6,13387.500,11.858,1.000000,1.000000,1.000000,4.576923,4.472340,5.073276
ldc2,256,128,negative-both,vector16safe,6,13106.250,4.006,1.018967,1.001907,1.080808,4.476496,4.463830,4.693966
ldc2,256,128,negative-both,vector16store,6,13143.750,2.092,1.011306,1.000000,1.119886,4.497863,4.472340,4.557447
ldc2,256,128,negative-both,cpp-approved-execution,6,2925.000,1.282,4.576923,4.472340,5.073276,1.000000,1.000000,1.000000
ldc2,256,128,negative-source,original,6,13037.500,1.055,1.000000,1.000000,1.000000,4.620900,4.592105,4.690583
ldc2,256,128,negative-source,vector16safe,6,12956.250,3.570,1.005790,0.968224,1.012573,4.600051,4.543860,4.819820
ldc2,256,128,negative-source,vector16store,6,12962.500,0.868,1.001919,0.998073,1.010628,4.615597,4.543860,4.675676
ldc2,256,128,negative-source,cpp-approved-execution,6,2812.500,2.667,4.620900,4.592105,4.690583,1.000000,1.000000,1.000000
ldc2,256,128,padded,original,6,2962.500,0.422,1.000000,1.000000,1.000000,1.079545,1.072398,1.082192
ldc2,256,128,padded,vector16safe,6,2962.500,0.844,1.000000,0.995798,1.004237,1.077273,1.072398,1.082192
ldc2,256,128,padded,vector16store,6,2962.500,0.422,1.000000,0.995798,1.004219,1.077273,1.072398,1.086758
ldc2,256,128,padded,cpp-approved-execution,6,2750.000,0.909,1.079545,1.072398,1.082192,1.000000,1.000000,1.000000
ldc2,256,128,repeated-source,original,6,2950.000,0.424,1.000000,1.000000,1.000000,1.075176,1.067873,1.077982
ldc2,256,128,repeated-source,vector16safe,6,2950.000,1.271,1.000000,0.995781,1.004274,1.073061,1.067873,1.082192
ldc2,256,128,repeated-source,vector16store,6,2950.000,0.424,1.000000,1.000000,1.000000,1.075176,1.067873,1.077982
ldc2,256,128,repeated-source,cpp-approved-execution,6,2743.750,1.367,1.075176,1.067873,1.077982,1.000000,1.000000,1.000000
ldc2,256,128,universal,original,6,75087.500,2.630,1.000000,1.000000,1.000000,4.072543,3.518387,4.115098
ldc2,256,128,universal,vector16safe,6,74800.000,2.390,1.005257,0.982119,1.015369,4.050509,3.582444,4.073798
ldc2,256,128,universal,vector16store,6,75106.250,2.646,0.995896,0.979109,1.010526,4.047393,3.577699,4.159538
ldc2,256,128,universal,cpp-approved-execution,6,18462.500,14.421,4.072543,3.518387,4.115098,1.000000,1.000000,1.000000
ldc2,257,1,contiguous,original,6,39.755,6.905,1.000000,1.000000,1.000000,1.855505,1.313070,1.894495
ldc2,257,1,contiguous,vector16safe,6,40.392,5.340,0.987805,0.980630,1.002320,1.883028,1.310030,1.912844
ldc2,257,1,contiguous,vector16store,6,40.343,5.346,0.987805,0.983010,1.002320,1.883028,1.310030,1.912844
ldc2,257,1,contiguous,cpp-approved-execution,6,21.373,50.917,1.855505,1.313070,1.894495,1.000000,1.000000,1.000000
ldc2,257,1,negative-both,original,6,119.216,1.151,1.000000,1.000000,1.000000,5.502262,5.457014,5.520362
ldc2,257,1,negative-both,vector16safe,6,119.902,1.308,0.994252,0.987815,1.000000,5.533937,5.497738,5.570136
ldc2,257,1,negative-both,vector16store,6,119.412,0.903,0.996723,0.993410,1.000000,5.511312,5.493213,5.542986
ldc2,257,1,negative-both,cpp-approved-execution,6,21.667,0.000,5.502262,5.457014,5.520362,1.000000,1.000000,1.000000
ldc2,257,1,negative-source,original,6,119.216,0.164,1.000000,1.000000,1.000000,5.502262,5.497738,5.506787
ldc2,257,1,negative-source,vector16safe,6,119.461,0.985,0.997948,0.990228,1.000000,5.513575,5.502262,5.556561
ldc2,257,1,negative-source,vector16store,6,119.265,1.151,0.999178,0.993469,1.004955,5.504525,5.479638,5.542986
ldc2,257,1,negative-source,cpp-approved-execution,6,21.667,0.000,5.502262,5.497738,5.506787,1.000000,1.000000,1.000000
ldc2,257,1,padded,original,6,39.608,1.238,1.000000,1.000000,1.000000,1.828054,1.809955,1.832579
ldc2,257,1,padded,vector16safe,6,40.049,0.979,0.988956,0.977995,0.990220,1.848416,1.841629,1.859729
ldc2,257,1,padded,vector16store,6,40.000,1.471,0.988986,0.980392,0.997537,1.846154,1.832579,1.859729
ldc2,257,1,padded,cpp-approved-execution,6,21.667,0.000,1.828054,1.809955,1.832579,1.000000,1.000000,1.000000
ldc2,257,1,repeated-source,original,6,39.510,0.248,1.000000,1.000000,1.000000,1.823529,1.823529,1.828054
ldc2,257,1,repeated-source,vector16safe,6,39.902,0.983,0.990172,0.987745,0.997525,1.841629,1.828054,1.846154
ldc2,257,1,repeated-source,vector16store,6,40.000,2.941,0.988959,0.961814,0.990196,1.846154,1.841629,1.895928
ldc2,257,1,repeated-source,cpp-approved-execution,6,21.667,0.000,1.823529,1.823529,1.828054,1.000000,1.000000,1.000000
ldc2,257,1,universal,original,6,619.020,2.091,1.000000,1.000000,1.000000,4.357166,4.037748,4.438839
ldc2,257,1,universal,vector16safe,6,621.716,3.769,0.996837,0.964542,1.010382,4.368912,4.186180,4.453287
ldc2,257,1,universal,vector16store,6,625.784,3.885,0.994179,0.970552,1.002967,4.409675,4.034549,4.535640
ldc2,257,1,universal,cpp-approved-execution,6,141.863,8.155,4.357166,4.037748,4.438839,1.000000,1.000000,1.000000
ldc2,257,17,contiguous,original,6,400.000,0.833,1.000000,1.000000,1.000000,1.135085,1.126761,1.142857
ldc2,257,17,contiguous,vector16safe,6,400.000,0.417,1.000000,1.000000,1.004184,1.135085,1.126761,1.142857
ldc2,257,17,contiguous,vector16store,6,398.333,1.255,1.002092,0.995851,1.008403,1.135063,1.122066,1.138095
ldc2,257,17,contiguous,cpp-approved-execution,6,351.667,1.422,1.135085,1.126761,1.142857,1.000000,1.000000,1.000000
ldc2,257,17,negative-both,original,6,1753.333,1.806,1.000000,1.000000,1.000000,4.962264,4.924883,5.037736
ldc2,257,17,negative-both,vector16safe,6,1749.167,0.381,1.001429,1.000000,1.018130,4.950472,4.920188,4.962264
ldc2,257,17,negative-both,vector16store,6,1752.500,1.046,1.001906,1.000000,1.007547,4.959906,4.924883,5.000000
ldc2,257,17,negative-both,cpp-approved-execution,6,353.333,0.472,4.962264,4.924883,5.037736,1.000000,1.000000,1.000000
ldc2,257,17,negative-source,original,6,1750.000,0.476,1.000000,1.000000,1.000000,4.879070,4.857143,4.901869
ldc2,257,17,negative-source,vector16safe,6,1750.833,0.571,1.000000,0.998101,1.000000,4.879070,4.861751,4.901869
ldc2,257,17,negative-source,vector16store,6,1752.500,0.666,0.999526,0.998097,1.000954,4.876744,4.861751,4.911215
ldc2,257,17,negative-source,cpp-approved-execution,6,358.333,1.395,4.879070,4.857143,4.901869,1.000000,1.000000,1.000000
ldc2,257,17,padded,original,6,428.333,1.556,1.000000,1.000000,1.000000,1.198598,1.192661,1.206573
ldc2,257,17,padded,vector16safe,6,430.000,1.163,0.996124,0.992248,1.000000,1.203271,1.192661,1.211268
ldc2,257,17,padded,vector16store,6,429.167,1.165,0.996124,0.996109,1.000000,1.200935,1.192661,1.211268
ldc2,257,17,padded,cpp-approved-execution,6,356.667,2.336,1.198598,1.192661,1.206573,1.000000,1.000000,1.000000
ldc2,257,17,repeated-source,original,6,426.667,1.563,1.000000,1.000000,1.000000,1.196722,1.188073,1.201878
ldc2,257,17,repeated-source,vector16safe,6,428.333,1.167,0.998062,0.992248,1.000000,1.199070,1.188073,1.211268
ldc2,257,17,repeated-source,vector16store,6,426.667,1.562,0.998077,0.996094,1.000000,1.199070,1.192661,1.201878
ldc2,257,17,repeated-source,cpp-approved-execution,6,355.833,2.342,1.196722,1.188073,1.201878,1.000000,1.000000,1.000000
ldc2,257,17,universal,original,6,10010.000,4.029,1.000000,1.000000,1.000000,4.073316,4.010877,4.178231
ldc2,257,17,universal,vector16safe,6,10098.333,3.978,0.999749,0.972875,1.017532,4.120718,4.012237,4.178912
ldc2,257,17,universal,vector16store,6,10122.500,3.046,0.989347,0.974560,1.004908,4.127146,4.042828,4.159075
ldc2,257,17,universal,cpp-approved-execution,6,2450.833,0.544,4.073316,4.010877,4.178231,1.000000,1.000000,1.000000
ldc2,257,128,contiguous,original,6,2912.500,0.429,1.000000,1.000000,1.000000,1.096477,1.088785,1.103774
ldc2,257,128,contiguous,vector16safe,6,2912.500,0.000,1.000000,1.000000,1.004292,1.096477,1.088785,1.099057
ldc2,257,128,contiguous,vector16store,6,2912.500,0.000,1.000000,1.000000,1.004292,1.096477,1.088785,1.099057
ldc2,257,128,contiguous,cpp-approved-execution,6,2656.250,0.941,1.096477,1.088785,1.103774,1.000000,1.000000,1.000000
ldc2,257,128,negative-both,original,6,13200.000,0.947,1.000000,1.000000,1.000000,4.686667,4.650442,4.715556
ldc2,257,128,negative-both,vector16safe,6,13150.000,0.570,1.001902,1.000000,1.008555,4.674061,4.650442,4.693333
ldc2,257,128,negative-both,vector16store,6,13312.500,10.141,0.992035,0.906977,1.006641,4.722901,4.659292,5.160000
ldc2,257,128,negative-both,cpp-approved-execution,6,2812.500,0.444,4.686667,4.650442,4.715556,1.000000,1.000000,1.000000
ldc2,257,128,negative-source,original,6,13018.750,1.056,1.000000,1.000000,1.000000,4.699837,4.663677,4.759091
ldc2,257,128,negative-source,vector16safe,6,12987.500,0.481,1.005300,0.996154,1.007729,4.681719,4.641256,4.727273
ldc2,257,128,negative-source,vector16store,6,13037.500,0.575,0.998563,0.994242,1.002874,4.708807,4.672646,4.745455
ldc2,257,128,negative-source,cpp-approved-execution,6,2768.750,1.354,4.699837,4.663677,4.759091,1.000000,1.000000,1.000000
ldc2,257,128,padded,original,6,2993.750,1.253,1.000000,1.000000,1.000000,1.093817,1.091324,1.100457
ldc2,257,128,padded,vector16safe,6,2987.500,0.837,1.000000,1.000000,1.004184,1.091743,1.091324,1.095890
ldc2,257,128,padded,vector16store,6,2993.750,1.253,1.000000,0.995816,1.004184,1.095890,1.091324,1.100457
ldc2,257,128,padded,cpp-approved-execution,6,2737.500,0.457,1.093817,1.091324,1.100457,1.000000,1.000000,1.000000
ldc2,257,128,repeated-source,original,6,2950.000,0.424,1.000000,1.000000,1.000000,1.092593,1.073059,1.092593
ldc2,257,128,repeated-source,vector16safe,6,2950.000,0.847,0.997890,0.995763,1.004255,1.087963,1.077626,1.097222
ldc2,257,128,repeated-source,vector16store,6,2950.000,0.424,1.000000,1.000000,1.004255,1.090278,1.073059,1.092593
ldc2,257,128,repeated-source,cpp-approved-execution,6,2700.000,1.389,1.092593,1.073059,1.092593,1.000000,1.000000,1.000000
ldc2,257,128,universal,original,6,74731.250,3.680,1.000000,1.000000,1.000000,4.051835,3.634793,4.129730
ldc2,257,128,universal,vector16safe,6,75875.000,6.705,0.987897,0.930792,1.006753,4.102738,3.700000,4.345553
ldc2,257,128,universal,vector16store,6,75300.000,3.519,0.996110,0.975762,1.015620,4.073027,3.636027,4.145282
ldc2,257,128,universal,cpp-approved-execution,6,18493.750,10.003,4.051835,3.634793,4.129730,1.000000,1.000000,1.000000
ldc2,511,1,contiguous,original,6,61.404,1.270,1.000000,1.000000,1.000000,1.462951,1.460465,1.474419
ldc2,511,1,contiguous,vector16safe,6,62.183,1.567,0.984326,0.981481,0.990596,1.483721,1.483721,1.497674
ldc2,511,1,contiguous,vector16store,6,61.988,1.572,0.989057,0.987421,0.993711,1.479070,1.474419,1.493023
ldc2,511,1,contiguous,cpp-approved-execution,6,41.910,0.930,1.462951,1.460465,1.474419,1.000000,1.000000,1.000000
ldc2,511,1,negative-both,original,6,216.569,0.360,1.000000,1.000000,1.000000,5.191589,5.182243,5.200935
ldc2,511,1,negative-both,vector16safe,6,216.569,2.430,0.998650,0.977153,1.001800,5.191589,5.191589,5.317757
ldc2,511,1,negative-both,vector16store,6,216.472,0.540,1.000450,0.997309,1.000902,5.189252,5.182243,5.210280
ldc2,511,1,negative-both,cpp-approved-execution,6,41.715,0.000,5.191589,5.182243,5.200935,1.000000,1.000000,1.000000
ldc2,511,1,negative-source,original,6,216.959,0.449,1.000000,1.000000,1.000000,5.200935,5.177570,5.200935
ldc2,511,1,negative-source,vector16safe,6,217.057,0.808,0.998203,0.994638,1.000899,5.203271,5.186916,5.228972
ldc2,511,1,negative-source,vector16store,6,217.057,0.269,0.998206,0.996403,1.000000,5.203271,5.196262,5.210280
ldc2,511,1,negative-source,cpp-approved-execution,6,41.715,0.000,5.200935,5.177570,5.200935,1.000000,1.000000,1.000000
ldc2,511,1,padded,original,6,61.598,2.215,1.000000,1.000000,1.000000,1.472093,1.358650,1.476636
ldc2,511,1,padded,vector16safe,6,62.183,2.508,0.989163,0.987461,0.993730,1.483721,1.375527,1.495327
ldc2,511,1,padded,vector16store,6,62.183,1.881,0.992153,0.972222,0.993827,1.487188,1.367089,1.506977
ldc2,511,1,padded,cpp-approved-execution,6,41.910,10.698,1.472093,1.358650,1.476636,1.000000,1.000000,1.000000
ldc2,511,1,repeated-source,original,6,61.209,0.637,1.000000,1.000000,1.000000,1.467290,1.451163,1.467290
ldc2,511,1,repeated-source,vector16safe,6,62.183,0.940,0.984326,0.975000,0.990536,1.489513,1.481308,1.495327
ldc2,511,1,repeated-source,vector16store,6,61.793,1.262,0.987402,0.981250,0.993671,1.481308,1.474419,1.495327
ldc2,511,1,repeated-source,cpp-approved-execution,6,41.715,0.467,1.467290,1.451163,1.467290,1.000000,1.000000,1.000000
ldc2,511,1,universal,original,6,1193.372,3.528,1.000000,1.000000,1.000000,4.195951,3.770720,4.242279
ldc2,511,1,universal,vector16safe,6,1192.398,6.768,1.003874,0.969362,1.017121,4.179822,3.889897,4.199588
ldc2,511,1,universal,vector16store,6,1188.596,26.749,1.002628,0.819700,1.027256,4.184969,4.099520,4.600121
ldc2,511,1,universal,cpp-approved-execution,6,284.016,13.452,4.195951,3.770720,4.242279,1.000000,1.000000,1.000000
ldc2,511,17,contiguous,original,6,793.333,1.681,1.000000,1.000000,1.000000,1.094259,1.091324,1.103286
ldc2,511,17,contiguous,vector16safe,6,791.667,2.105,1.000000,0.995833,1.004237,1.096332,1.087156,1.103286
ldc2,511,17,contiguous,vector16store,6,793.333,1.681,1.000000,1.000000,1.000000,1.094259,1.091324,1.103286
ldc2,511,17,contiguous,cpp-approved-execution,6,725.000,2.759,1.094259,1.091324,1.103286,1.000000,1.000000,1.000000
ldc2,511,17,negative-both,original,6,3493.333,0.286,1.000000,1.000000,1.000000,4.517241,4.455319,4.545455
ldc2,511,17,negative-both,vector16safe,6,3493.333,0.668,1.000477,0.997143,1.001908,4.518277,4.468085,4.536797
ldc2,511,17,negative-both,vector16store,6,3496.667,0.763,0.999047,0.995261,1.000954,4.529035,4.455319,4.541126
ldc2,511,17,negative-both,cpp-approved-execution,6,773.333,1.724,4.517241,4.455319,4.545455,1.000000,1.000000,1.000000
ldc2,511,17,negative-source,original,6,3506.667,0.380,1.000000,1.000000,1.000000,4.650442,4.625551,4.659292
ldc2,511,17,negative-source,vector16safe,6,3500.000,0.381,1.003333,1.000000,1.005731,4.632743,4.625551,4.650442
ldc2,511,17,negative-source,vector16store,6,3500.000,22.190,1.000952,0.822656,1.005731,4.640189,4.625551,5.663717
ldc2,511,17,negative-source,cpp-approved-execution,6,753.333,0.442,4.650442,4.625551,4.659292,1.000000,1.000000,1.000000
ldc2,511,17,padded,original,6,828.333,1.610,1.000000,1.000000,1.000000,1.132420,1.127854,1.140909
ldc2,511,17,padded,vector16safe,6,826.667,1.210,1.002000,1.000000,1.004049,1.129836,1.127854,1.136364
ldc2,511,17,padded,vector16store,6,828.333,1.207,1.000000,0.995968,1.004049,1.132420,1.127854,1.136364
ldc2,511,17,padded,cpp-approved-execution,6,731.667,0.456,1.132420,1.127854,1.140909,1.000000,1.000000,1.000000
ldc2,511,17,repeated-source,original,6,813.333,2.459,1.000000,1.000000,1.000000,1.123877,1.119266,1.140187
ldc2,511,17,repeated-source,vector16safe,6,815.000,2.454,0.997992,0.995885,1.000000,1.128465,1.122172,1.140187
ldc2,511,17,repeated-source,vector16store,6,815.000,2.863,0.997992,0.995918,1.000000,1.126697,1.123853,1.140187
ldc2,511,17,repeated-source,cpp-approved-execution,6,721.667,3.233,1.123877,1.119266,1.140187,1.000000,1.000000,1.000000
ldc2,511,17,universal,original,6,20385.000,8.879,1.000000,1.000000,1.000000,4.239490,4.107341,4.480277
ldc2,511,17,universal,vector16safe,6,20150.000,4.698,1.005672,0.996196,1.045543,4.190653,4.091413,4.285121
ldc2,511,17,universal,vector16store,6,20248.333,5.383,1.010396,0.976808,1.045880,4.211085,4.060249,4.283737
ldc2,511,17,universal,cpp-approved-execution,6,4815.000,0.346,4.239490,4.107341,4.480277,1.000000,1.000000,1.000000
ldc2,511,128,contiguous,original,6,5831.250,28.081,1.000000,1.000000,1.000000,1.106762,1.104513,1.111940
ldc2,511,128,contiguous,vector16safe,6,5837.500,59.743,0.998932,0.801075,1.002151,1.107947,1.104513,1.388060
ldc2,511,128,contiguous,vector16store,6,5831.250,37.942,1.000000,0.928349,1.002151,1.105574,1.104019,1.197761
ldc2,511,128,contiguous,cpp-approved-execution,6,5268.750,27.521,1.106762,1.104513,1.111940,1.000000,1.000000,1.000000
ldc2,511,128,negative-both,original,6,26206.250,6.201,1.000000,1.000000,1.000000,4.300514,4.248980,4.523517
ldc2,511,128,negative-both,vector16safe,6,26143.750,7.650,1.002130,0.929050,1.062440,4.294661,4.257669,4.573469
ldc2,511,128,negative-both,vector16store,6,26150.000,1.864,1.000721,0.988208,1.061930,4.289214,4.251020,4.353183
ldc2,511,128,negative-both,cpp-approved-execution,6,6093.750,0.821,4.300514,4.248980,4.523517,1.000000,1.000000,1.000000
ldc2,511,128,negative-source,original,6,26037.500,7.921,1.000000,1.000000,1.000000,4.441318,4.356394,4.712185
ldc2,511,128,negative-source,vector16safe,6,25968.750,1.348,1.005552,0.989995,1.074748,4.376826,4.343816,4.533477
ldc2,511,128,negative-source,vector16store,6,25950.000,8.044,1.003529,0.966961,1.011550,4.464580,4.345912,4.701681
ldc2,511,128,negative-source,cpp-approved-execution,6,5937.500,2.947,4.441318,4.356394,4.712185,1.000000,1.000000,1.000000
ldc2,511,128,padded,original,6,5956.250,1.049,1.000000,1.000000,1.000000,1.078142,1.074661,1.088435
ldc2,511,128,padded,vector16safe,6,5950.000,0.630,1.000000,0.997908,1.004184,1.079273,1.074661,1.083900
ldc2,511,128,padded,vector16store,6,5975.000,1.255,0.996858,0.993737,1.004184,1.082579,1.074830,1.088435
ldc2,511,128,padded,cpp-approved-execution,6,5518.750,0.227,1.078142,1.074661,1.088435,1.000000,1.000000,1.000000
ldc2,511,128,repeated-source,original,6,5912.500,2.960,1.000000,1.000000,1.000000,1.065389,1.060811,1.094808
ldc2,511,128,repeated-source,vector16safe,6,5906.250,0.847,1.000000,0.995789,1.025370,1.065389,1.063063,1.069820
ldc2,511,128,repeated-source,vector16store,6,5906.250,2.540,1.000000,0.997881,1.002119,1.065389,1.063063,1.092551
ldc2,511,128,repeated-source,cpp-approved-execution,6,5543.750,0.225,1.065389,1.060811,1.094808,1.000000,1.000000,1.000000
ldc2,511,128,universal,original,6,151143.750,4.044,1.000000,1.000000,1.000000,4.138770,3.917546,4.265954
ldc2,511,128,universal,vector16safe,6,149762.500,5.033,1.002435,0.973431,1.030326,4.121018,3.909960,4.145611
ldc2,511,128,universal,vector16store,6,149537.500,2.725,1.008659,1.000660,1.033253,4.089178,3.898087,4.161836
ldc2,511,128,universal,cpp-approved-execution,6,36300.000,4.752,4.138770,3.917546,4.265954,1.000000,1.000000,1.000000
ldc2,512,1,contiguous,original,6,59.961,1.303,1.000000,1.000000,1.000000,1.518425,1.507389,1.519802
ldc2,512,1,contiguous,vector16safe,6,60.547,3.226,0.990307,0.962382,0.993590,1.529557,1.522167,1.579208
ldc2,512,1,contiguous,vector16store,6,60.547,0.645,0.990323,0.987097,0.993590,1.532033,1.527094,1.534653
ldc2,512,1,contiguous,cpp-approved-execution,6,39.551,0.988,1.518425,1.507389,1.519802,1.000000,1.000000,1.000000
ldc2,512,1,negative-both,original,6,216.309,0.903,1.000000,1.000000,1.000000,5.514925,5.487562,5.537313
ldc2,512,1,negative-both,vector16safe,6,216.211,0.361,1.000000,0.996387,1.001800,5.514925,5.507463,5.535000
ldc2,512,1,negative-both,vector16store,6,216.992,1.890,0.996851,0.983066,1.002703,5.531169,5.522388,5.606965
ldc2,512,1,negative-both,cpp-approved-execution,6,39.258,0.498,5.514925,5.487562,5.537313,1.000000,1.000000,1.000000
ldc2,512,1,negative-source,original,6,216.602,0.361,1.000000,1.000000,1.000000,5.545000,5.535000,5.555000
ldc2,512,1,negative-source,vector16safe,6,216.602,0.541,1.000000,0.998203,1.000903,5.545000,5.535000,5.565000
ldc2,512,1,negative-source,vector16store,6,216.602,0.721,1.000000,0.997307,1.001808,5.545000,5.530000,5.570000
ldc2,512,1,negative-source,cpp-approved-execution,6,39.062,0.000,5.545000,5.535000,5.555000,1.000000,1.000000,1.000000
ldc2,512,1,padded,original,6,59.668,0.655,1.000000,1.000000,1.000000,1.521194,1.512438,1.530000
ldc2,512,1,padded,vector16safe,6,60.156,1.299,0.991899,0.983819,0.996743,1.532338,1.517413,1.545000
ldc2,512,1,padded,vector16store,6,60.254,0.648,0.987097,0.983819,0.993506,1.538657,1.532338,1.550000
ldc2,512,1,padded,cpp-approved-execution,6,39.258,0.498,1.521194,1.512438,1.530000,1.000000,1.000000,1.000000
ldc2,512,1,repeated-source,original,6,60.352,2.265,1.000000,1.000000,1.000000,1.507353,1.435780,1.522167
ldc2,512,1,repeated-source,vector16safe,6,61.035,1.920,0.992008,0.987220,0.996764,1.522167,1.444954,1.536946
ldc2,512,1,repeated-source,vector16store,6,61.133,1.597,0.992008,0.984076,0.996815,1.522167,1.440367,1.536946
ldc2,512,1,repeated-source,cpp-approved-execution,6,39.844,7.353,1.507353,1.435780,1.522167,1.000000,1.000000,1.000000
ldc2,512,1,universal,original,6,1187.891,3.831,1.000000,1.000000,1.000000,4.174331,4.159918,4.308008
ldc2,512,1,universal,vector16safe,6,1203.418,2.370,0.992837,0.975378,1.020428,4.223100,4.170899,4.268176
ldc2,512,1,universal,vector16store,6,1198.340,2.526,0.995850,0.980427,1.026419,4.205289,4.155113,4.258573
ldc2,512,1,universal,cpp-approved-execution,6,284.570,0.275,4.174331,4.159918,4.308008,1.000000,1.000000,1.000000
ldc2,512,17,contiguous,original,6,783.333,0.851,1.000000,1.000000,1.000000,1.090698,1.082949,1.098131
ldc2,512,17,contiguous,vector16safe,6,780.000,0.427,1.000000,0.995726,1.004274,1.088372,1.082949,1.098131
ldc2,512,17,contiguous,vector16store,6,783.333,0.426,1.000000,0.995726,1.004274,1.090698,1.082949,1.098131
ldc2,512,17,contiguous,cpp-approved-execution,6,716.667,1.395,1.090698,1.082949,1.098131,1.000000,1.000000,1.000000
ldc2,512,17,negative-both,original,6,3505.000,0.380,1.000000,1.000000,1.000000,4.459746,4.411765,4.472340
ldc2,512,17,negative-both,vector16safe,6,3508.333,0.190,0.999049,0.998097,1.000000,4.461864,4.415966,4.480851
ldc2,512,17,negative-both,vector16store,6,3508.333,0.380,0.999050,0.995261,1.000000,4.461864,4.432773,4.476596
ldc2,512,17,negative-both,cpp-approved-execution,6,786.667,1.271,4.459746,4.411765,4.472340,1.000000,1.000000,1.000000
ldc2,512,17,negative-source,original,6,3518.333,15.727,1.000000,1.000000,1.000000,4.705357,4.638767,5.389381
ldc2,512,17,negative-source,vector16safe,6,3515.000,0.474,1.000948,0.999051,1.152318,4.686710,4.631579,4.726457
ldc2,512,17,negative-source,vector16store,6,3516.667,0.569,1.000473,0.999051,1.152318,4.686710,4.640351,4.726457
ldc2,512,17,negative-source,cpp-approved-execution,6,750.000,2.222,4.705357,4.638767,5.389381,1.000000,1.000000,1.000000
ldc2,512,17,padded,original,6,830.000,1.205,1.000000,1.000000,1.000000,1.144823,1.127854,1.147465
ldc2,512,17,padded,vector16safe,6,830.000,0.402,1.000000,0.995968,1.004016,1.142529,1.132420,1.147465
ldc2,512,17,padded,vector16store,6,830.000,0.803,1.000000,0.995968,1.000000,1.144823,1.132420,1.147465
ldc2,512,17,padded,cpp-approved-execution,6,725.000,0.920,1.144823,1.127854,1.147465,1.000000,1.000000,1.000000
ldc2,512,17,repeated-source,original,6,815.000,1.636,1.000000,1.000000,1.000000,1.129931,1.113636,1.134259
ldc2,512,17,repeated-source,vector16safe,6,816.667,1.224,1.000000,0.995902,1.000000,1.133643,1.113636,1.134884
ldc2,512,17,repeated-source,vector16store,6,815.000,1.227,1.000000,0.995902,1.000000,1.131329,1.113636,1.134884
ldc2,512,17,repeated-source,cpp-approved-execution,6,721.667,2.309,1.129931,1.113636,1.134259,1.000000,1.000000,1.000000
ldc2,512,17,universal,original,6,19955.000,2.556,1.000000,1.000000,1.000000,4.140516,4.091914,4.194751
ldc2,512,17,universal,vector16safe,6,20163.333,3.653,0.992572,0.975614,1.021219,4.180373,4.068370,4.225381
ldc2,512,17,universal,vector16store,6,19873.333,3.975,0.999916,0.985683,1.051775,4.127387,3.988260,4.154803
ldc2,512,17,universal,cpp-approved-execution,6,4823.333,0.415,4.140516,4.091914,4.194751,1.000000,1.000000,1.000000
ldc2,512,128,contiguous,original,6,5681.250,0.440,1.000000,1.000000,1.000000,1.070755,1.068075,1.078014
ldc2,512,128,contiguous,vector16safe,6,5687.500,0.440,1.000000,0.997802,1.002198,1.071934,1.070423,1.075650
ldc2,512,128,contiguous,vector16store,6,5687.500,0.440,0.998904,0.997802,1.002198,1.073113,1.070423,1.075650
ldc2,512,128,contiguous,cpp-approved-execution,6,5300.000,0.708,1.070755,1.068075,1.078014,1.000000,1.000000,1.000000
ldc2,512,128,negative-both,original,6,26550.000,6.968,1.000000,1.000000,1.000000,4.444029,4.394130,4.704403
ldc2,512,128,negative-both,vector16safe,6,26481.250,2.785,1.002609,0.997648,1.066033,4.431574,4.368973,4.473904
ldc2,512,128,negative-both,vector16store,6,26518.750,7.259,1.000244,0.998221,1.011434,4.419783,4.389937,4.712788
ldc2,512,128,negative-both,cpp-approved-execution,6,5975.000,1.046,4.444029,4.394130,4.704403,1.000000,1.000000,1.000000
ldc2,512,128,negative-source,original,6,26018.750,0.721,1.000000,1.000000,1.000000,4.484914,4.467811,4.514039
ldc2,512,128,negative-source,vector16safe,6,26000.000,0.673,0.999760,0.995696,1.004808,4.487097,4.476293,4.502165
ldc2,512,128,negative-source,vector16store,6,26793.750,6.765,0.971220,0.936572,1.005775,4.629362,4.472103,4.790948
ldc2,512,128,negative-source,cpp-approved-execution,6,5793.750,0.863,4.484914,4.467811,4.514039,1.000000,1.000000,1.000000
ldc2,512,128,padded,original,6,5800.000,0.431,1.000000,1.000000,1.000000,1.083040,1.081585,1.086651
ldc2,512,128,padded,vector16safe,6,5787.500,0.432,1.000000,1.000000,1.002160,1.081871,1.079254,1.086651
ldc2,512,128,padded,vector16store,6,5787.500,0.648,1.000000,0.997849,1.002160,1.083040,1.079254,1.088993
ldc2,512,128,padded,cpp-approved-execution,6,5343.750,0.468,1.083040,1.081585,1.086651,1.000000,1.000000,1.000000
ldc2,512,128,repeated-source,original,6,5768.750,0.433,1.000000,1.000000,1.000000,1.069284,1.064665,1.071926
ldc2,512,128,repeated-source,vector16safe,6,5762.500,0.434,1.000000,1.000000,1.002169,1.068129,1.064665,1.069606
ldc2,512,128,repeated-source,vector16store,6,5768.750,0.433,1.000000,0.997835,1.002169,1.068129,1.064665,1.069606
ldc2,512,128,repeated-source,cpp-approved-execution,6,5412.500,0.462,1.069284,1.064665,1.071926,1.000000,1.000000,1.000000
ldc2,512,128,universal,original,6,149943.750,3.376,1.000000,1.000000,1.000000,4.120179,4.097104,4.243718
ldc2,512,128,universal,vector16safe,6,149737.500,4.516,1.000525,0.972683,1.021342,4.122360,4.071891,4.272289
ldc2,512,128,universal,vector16store,6,149650.000,3.993,0.999584,0.991634,1.005435,4.122265,4.074957,4.279518
ldc2,512,128,universal,cpp-approved-execution,6,36306.250,1.102,4.120179,4.097104,4.243718,1.000000,1.000000,1.000000
ldc2,513,1,contiguous,original,6,60.470,0.000,1.000000,1.000000,1.000000,1.514706,1.507317,1.514706
ldc2,513,1,contiguous,vector16safe,6,61.057,0.321,0.990385,0.987220,0.990385,1.529412,1.526829,1.534314
ldc2,513,1,contiguous,vector16store,6,60.861,1.929,0.993569,0.974763,0.993569,1.524510,1.517073,1.553922
ldc2,513,1,contiguous,cpp-approved-execution,6,39.922,0.490,1.514706,1.507317,1.514706,1.000000,1.000000,1.000000
ldc2,513,1,negative-both,original,6,218.200,1.345,1.000000,1.000000,1.000000,5.479112,5.426471,5.522167
ldc2,513,1,negative-both,vector16safe,6,217.515,0.630,0.999999,0.996396,1.010821,5.465517,5.441176,5.492611
ldc2,513,1,negative-both,vector16store,6,218.885,2.593,0.996859,0.978012,1.009928,5.488904,5.431373,5.600985
ldc2,513,1,negative-both,cpp-approved-execution,6,39.824,0.491,5.479112,5.426471,5.522167,1.000000,1.000000,1.000000
ldc2,513,1,negative-source,original,6,217.613,0.270,1.000000,1.000000,1.000000,5.475369,5.450980,5.477833
ldc2,513,1,negative-source,vector16safe,6,217.319,0.991,1.001351,0.995532,1.003610,5.467980,5.446078,5.487685
ldc2,513,1,negative-source,vector16store,6,217.515,1.350,1.000900,0.990205,1.003610,5.463054,5.455882,5.527094
ldc2,513,1,negative-source,cpp-approved-execution,6,39.726,0.493,5.475369,5.450980,5.477833,1.000000,1.000000,1.000000
ldc2,513,1,padded,original,6,60.078,0.651,1.000000,1.000000,1.000000,1.512315,1.512315,1.517241
ldc2,513,1,padded,vector16safe,6,60.861,0.322,0.987138,0.983974,0.990385,1.532020,1.529412,1.536946
ldc2,513,1,padded,vector16store,6,60.665,0.645,0.991935,0.990323,0.996774,1.527094,1.517241,1.527094
ldc2,513,1,padded,cpp-approved-execution,6,39.726,0.493,1.512315,1.512315,1.517241,1.000000,1.000000,1.000000
ldc2,513,1,repeated-source,original,6,60.763,2.254,1.000000,1.000000,1.000000,1.504854,1.500000,1.533981
ldc2,513,1,repeated-source,vector16safe,6,61.252,1.597,0.990400,0.981073,1.009585,1.519417,1.514563,1.533981
ldc2,513,1,repeated-source,vector16store,6,61.057,1.603,0.993579,0.984177,1.012821,1.514563,1.509709,1.526570
ldc2,513,1,repeated-source,cpp-approved-execution,6,40.313,0.485,1.504854,1.500000,1.533981,1.000000,1.000000,1.000000
ldc2,513,1,universal,original,6,1211.155,16.869,1.000000,1.000000,1.000000,4.247769,4.163699,4.888813
ldc2,513,1,universal,vector16safe,6,1198.826,17.205,1.004263,0.995759,1.052734,4.201646,4.150685,4.882636
ldc2,513,1,universal,vector16store,6,1192.172,17.400,1.010552,0.999014,1.063920,4.181194,4.139822,4.873027
ldc2,513,1,universal,cpp-approved-execution,6,285.127,0.206,4.247769,4.163699,4.888813,1.000000,1.000000,1.000000
ldc2,513,17,contiguous,original,6,765.000,0.871,1.000000,1.000000,1.000000,1.062500,1.054795,1.069444
ldc2,513,17,contiguous,vector16safe,6,763.333,0.873,1.000000,1.000000,1.004367,1.060185,1.050228,1.069444
ldc2,513,17,contiguous,vector16store,6,763.333,0.873,1.000000,1.000000,1.004367,1.060185,1.050228,1.069444
ldc2,513,17,contiguous,cpp-approved-execution,6,720.000,1.852,1.062500,1.054795,1.069444,1.000000,1.000000,1.000000
ldc2,513,17,negative-both,original,6,3510.000,0.190,1.000000,1.000000,1.000000,4.749460,4.684444,4.764706
ldc2,513,17,negative-both,vector16safe,6,3505.000,0.380,1.000951,0.999052,1.001903,4.744945,4.675556,4.764706
ldc2,513,17,negative-both,vector16store,6,3506.667,0.380,1.000475,0.999052,1.001901,4.747197,4.675556,4.764706
ldc2,513,17,negative-both,cpp-approved-execution,6,738.333,1.806,4.749460,4.684444,4.764706,1.000000,1.000000,1.000000
ldc2,513,17,negative-source,original,6,3516.667,0.379,1.000000,1.000000,1.000000,4.902326,4.861751,4.916279
ldc2,513,17,negative-source,vector16safe,6,3510.000,0.570,1.001898,0.999054,1.001903,4.897674,4.852535,4.916279
ldc2,513,17,negative-source,vector16store,6,3513.333,0.285,1.000947,1.000000,1.000949,4.900000,4.857143,4.911628
ldc2,513,17,negative-source,cpp-approved-execution,6,716.667,0.930,4.902326,4.861751,4.916279,1.000000,1.000000,1.000000
ldc2,513,17,padded,original,6,803.333,0.830,1.000000,1.000000,1.000000,1.142519,1.132075,1.147619
ldc2,513,17,padded,vector16safe,6,803.333,0.830,1.000000,0.995851,1.000000,1.144888,1.136792,1.147619
ldc2,513,17,padded,vector16store,6,803.333,0.830,1.000000,0.995868,1.000000,1.142519,1.132075,1.152381
ldc2,513,17,padded,cpp-approved-execution,6,701.667,0.950,1.142519,1.132075,1.147619,1.000000,1.000000,1.000000
ldc2,513,17,repeated-source,original,6,791.667,0.842,1.000000,1.000000,1.000000,1.136378,1.128571,1.149038
ldc2,513,17,repeated-source,vector16safe,6,791.667,0.842,1.000000,1.000000,1.000000,1.136378,1.128571,1.149038
ldc2,513,17,repeated-source,vector16store,6,791.667,0.842,1.000000,1.000000,1.004202,1.136378,1.128571,1.144231
ldc2,513,17,repeated-source,cpp-approved-execution,6,698.333,0.955,1.136378,1.128571,1.149038,1.000000,1.000000,1.000000
ldc2,513,17,universal,original,6,19991.667,4.235,1.000000,1.000000,1.000000,4.136207,4.065517,4.240690
ldc2,513,17,universal,vector16safe,6,19895.000,3.988,1.006375,0.987893,1.021429,4.116207,4.051034,4.215172
ldc2,513,17,universal,vector16store,6,19770.000,2.529,1.007612,0.995808,1.035708,4.090345,4.053793,4.157241
ldc2,513,17,universal,cpp-approved-execution,6,4833.333,0.069,4.136207,4.065517,4.240690,1.000000,1.000000,1.000000
ldc2,513,128,contiguous,original,6,5550.000,0.450,1.000000,1.000000,1.000000,1.047114,1.044706,1.047281
ldc2,513,128,contiguous,vector16safe,6,5550.000,0.450,1.000000,1.000000,1.000000,1.047114,1.044706,1.047281
ldc2,513,128,contiguous,vector16store,6,5537.500,1.354,1.000000,0.988864,1.002257,1.045935,1.044811,1.056471
ldc2,513,128,contiguous,cpp-approved-execution,6,5300.000,0.472,1.047114,1.044706,1.047281,1.000000,1.000000,1.000000
ldc2,513,128,negative-both,original,6,26206.250,8.443,1.000000,1.000000,1.000000,4.500547,4.469083,4.850107
ldc2,513,128,negative-both,vector16safe,6,26250.000,2.857,1.001204,0.976246,1.083214,4.495159,4.477516,4.577825
ldc2,513,128,negative-both,vector16store,6,26218.750,0.954,1.001916,0.997146,1.074478,4.491398,4.461702,4.513919
ldc2,513,128,negative-both,cpp-approved-execution,6,5831.250,1.072,4.500547,4.469083,4.850107,1.000000,1.000000,1.000000
ldc2,513,128,negative-source,original,6,26037.500,0.528,1.000000,1.000000,1.000000,4.541982,4.504329,4.563319
ldc2,513,128,negative-source,vector16safe,6,26050.000,0.768,1.000000,0.993317,1.003361,4.541982,4.532609,4.553611
ldc2,513,128,negative-source,vector16store,6,26106.250,0.622,0.998804,0.994742,1.000962,4.545250,4.500000,4.577681
ldc2,513,128,negative-source,cpp-approved-execution,6,5731.250,1.091,4.541982,4.504329,4.563319,1.000000,1.000000,1.000000
ldc2,513,128,padded,original,6,5843.750,0.428,1.000000,1.000000,1.000000,1.103774,1.101655,1.104019
ldc2,513,128,padded,vector16safe,6,5843.750,0.428,1.000000,0.997863,1.002146,1.102714,1.101415,1.106383
ldc2,513,128,padded,vector16store,6,5837.500,0.428,1.002141,0.997863,1.002146,1.101535,1.101415,1.106383
ldc2,513,128,padded,cpp-approved-execution,6,5293.750,0.236,1.103774,1.101655,1.104019,1.000000,1.000000,1.000000
ldc2,513,128,repeated-source,original,6,5787.500,1.080,1.000000,1.000000,1.000000,1.089307,1.084309,1.091335
ldc2,513,128,repeated-source,vector16safe,6,5787.500,0.864,1.000000,0.997835,1.000000,1.090373,1.084309,1.092199
ldc2,513,128,repeated-source,vector16store,6,5787.500,1.296,1.000000,0.995726,1.002165,1.088133,1.081967,1.096019
ldc2,513,128,repeated-source,cpp-approved-execution,6,5331.250,0.938,1.089307,1.084309,1.091335,1.000000,1.000000,1.000000
ldc2,513,128,universal,original,6,149700.000,4.659,1.000000,1.000000,1.000000,4.103917,3.974172,4.264008
ldc2,513,128,universal,vector16safe,6,149912.500,5.437,0.996528,0.989865,1.008861,4.117889,3.968874,4.307666
ldc2,513,128,universal,vector16store,6,149825.000,7.717,1.000801,0.972329,1.005698,4.118202,3.951656,4.385356
ldc2,513,128,universal,cpp-approved-execution,6,36368.750,3.815,4.103917,3.974172,4.264008,1.000000,1.000000,1.000000
ldc2,2048,1,contiguous,original,6,196.875,4.762,1.000000,1.000000,1.000000,1.185446,1.151376,1.223256
ldc2,2048,1,contiguous,vector16safe,6,196.484,5.964,1.001992,0.996212,1.008032,1.181183,1.142202,1.227907
ldc2,2048,1,contiguous,vector16store,6,196.875,5.159,1.000000,0.992157,1.004000,1.185889,1.146789,1.223256
ldc2,2048,1,contiguous,cpp-approved-execution,6,166.797,2.810,1.185446,1.151376,1.223256,1.000000,1.000000,1.000000
ldc2,2048,1,negative-both,original,6,810.938,0.771,1.000000,1.000000,1.000000,4.885253,4.761468,4.938389
ldc2,2048,1,negative-both,vector16safe,6,811.719,0.674,0.999040,0.998073,1.000961,4.889948,4.766055,4.933649
ldc2,2048,1,negative-both,vector16store,6,811.719,0.962,0.999517,0.997115,1.000964,4.892230,4.756881,4.933649
ldc2,2048,1,negative-both,cpp-approved-execution,6,166.016,3.294,4.885253,4.761468,4.938389,1.000000,1.000000,1.000000
ldc2,2048,1,negative-source,original,6,811.719,0.674,1.000000,1.000000,1.000000,4.846142,4.761468,4.938389
ldc2,2048,1,negative-source,vector16safe,6,811.719,0.481,0.999519,0.997113,1.000962,4.853151,4.766055,4.933649
ldc2,2048,1,negative-source,vector16store,6,812.891,0.577,0.998558,0.998073,1.000000,4.853141,4.770642,4.938389
ldc2,2048,1,negative-source,cpp-approved-execution,6,167.188,3.271,4.846142,4.761468,4.938389,1.000000,1.000000,1.000000
ldc2,2048,1,padded,original,6,196.484,2.386,1.000000,1.000000,1.000000,1.172897,1.154206,1.177570
ldc2,2048,1,padded,vector16safe,6,196.875,1.190,1.000000,0.980159,1.008000,1.174821,1.155963,1.177570
ldc2,2048,1,padded,vector16store,6,196.875,0.794,1.000000,0.980159,1.003984,1.177157,1.151376,1.177570
ldc2,2048,1,padded,cpp-approved-execution,6,167.188,1.869,1.172897,1.154206,1.177570,1.000000,1.000000,1.000000
ldc2,2048,1,repeated-source,original,6,196.094,0.398,1.000000,1.000000,1.000000,1.169767,1.151376,1.172897
ldc2,2048,1,repeated-source,vector16safe,6,196.875,1.190,1.000000,0.992095,1.004000,1.172495,1.146789,1.177570
ldc2,2048,1,repeated-source,vector16store,6,196.875,0.794,0.998016,0.992095,1.003984,1.174419,1.151376,1.177570
ldc2,2048,1,repeated-source,cpp-approved-execution,6,167.969,1.860,1.169767,1.151376,1.172897,1.000000,1.000000,1.000000
ldc2,2048,1,universal,original,6,4644.922,4.609,1.000000,1.000000,1.000000,4.160602,4.129371,4.324003
ldc2,2048,1,universal,vector16safe,6,4641.016,4.629,1.000865,0.993272,1.020627,4.155648,4.135059,4.327502
ldc2,2048,1,universal,vector16store,6,4644.141,4.374,0.999754,0.991437,1.009986,4.158445,4.134360,4.316305
ldc2,2048,1,universal,cpp-approved-execution,6,1116.406,0.070,4.160602,4.129371,4.324003,1.000000,1.000000,1.000000
ldc2,2048,17,contiguous,original,6,3025.000,0.413,1.000000,1.000000,1.000000,1.075556,1.066079,1.075893
ldc2,2048,17,contiguous,vector16safe,6,3025.000,0.413,1.000000,0.995868,1.004149,1.075556,1.066079,1.075893
ldc2,2048,17,contiguous,vector16store,6,3018.750,1.242,1.000000,0.987705,1.004149,1.073333,1.066079,1.084444
ldc2,2048,17,contiguous,cpp-approved-execution,6,2812.500,1.333,1.075556,1.066079,1.075893,1.000000,1.000000,1.000000
ldc2,2048,17,negative-both,original,6,13756.250,3.544,1.000000,1.000000,1.000000,4.780435,4.725322,4.829787
ldc2,2048,17,negative-both,vector16safe,6,13750.000,3.727,1.000911,0.996479,1.003653,4.771739,4.721030,4.834043
ldc2,2048,17,negative-both,vector16store,6,13737.500,3.731,1.000912,0.999117,1.002737,4.771739,4.716738,4.834043
ldc2,2048,17,negative-both,cpp-approved-execution,6,2893.750,2.160,4.780435,4.725322,4.829787,1.000000,1.000000,1.000000
ldc2,2048,17,negative-source,original,6,13725.000,0.455,1.000000,1.000000,1.000000,4.811825,4.794760,4.815789
ldc2,2048,17,negative-source,vector16safe,6,13718.750,0.547,1.000910,1.000000,1.001825,4.807448,4.786026,4.815789
ldc2,2048,17,negative-source,vector16store,6,13731.250,0.546,1.001364,0.998182,1.001825,4.805255,4.791304,4.815789
ldc2,2048,17,negative-source,cpp-approved-execution,6,2856.250,0.875,4.811825,4.794760,4.815789,1.000000,1.000000,1.000000
ldc2,2048,17,padded,original,6,3075.000,0.000,1.000000,1.000000,1.000000,1.088496,1.083700,1.093333
ldc2,2048,17,padded,vector16safe,6,3068.750,1.222,1.002041,0.991935,1.004082,1.088692,1.084071,1.097345
ldc2,2048,17,padded,vector16store,6,3062.500,0.408,1.004082,1.000000,1.004082,1.086283,1.079295,1.088889
ldc2,2048,17,padded,cpp-approved-execution,6,2825.000,0.885,1.088496,1.083700,1.093333,1.000000,1.000000,1.000000
ldc2,2048,17,repeated-source,original,6,3075.000,1.626,1.000000,1.000000,1.000000,1.086470,1.083700,1.097778
ldc2,2048,17,repeated-source,vector16safe,6,3056.250,1.227,1.002041,1.000000,1.016393,1.083886,1.079646,1.097778
ldc2,2048,17,repeated-source,vector16store,6,3050.000,0.410,1.004090,1.000000,1.016393,1.081858,1.079295,1.084444
ldc2,2048,17,repeated-source,cpp-approved-execution,6,2825.000,0.885,1.086470,1.083700,1.097778,1.000000,1.000000,1.000000
ldc2,2048,17,universal,original,6,79693.750,4.800,1.000000,1.000000,1.000000,4.195792,4.122610,4.318631
ldc2,2048,17,universal,vector16safe,6,79993.750,4.266,0.998709,0.972243,1.014695,4.204672,4.142386,4.319499
ldc2,2048,17,universal,vector16store,6,79300.000,5.170,1.001652,0.991686,1.008985,4.175776,4.144364,4.354839
ldc2,2048,17,universal,cpp-approved-execution,6,18993.750,0.395,4.195792,4.122610,4.318631,1.000000,1.000000,1.000000
ldc2,2048,128,contiguous,original,6,22968.750,9.687,1.000000,1.000000,1.000000,1.070887,1.066202,1.177882
ldc2,2048,128,contiguous,vector16safe,6,23081.250,7.095,0.994857,0.933876,1.092834,1.078001,1.066241,1.141696
ldc2,2048,128,contiguous,vector16store,6,23037.500,1.085,1.000277,0.993503,1.093427,1.072611,1.066511,1.077596
ldc2,2048,128,contiguous,cpp-approved-execution,6,21425.000,0.758,1.070887,1.066202,1.177882,1.000000,1.000000,1.000000
ldc2,2048,128,negative-both,original,6,107425.000,1.850,1.000000,1.000000,1.000000,4.339311,4.079714,4.429517
ldc2,2048,128,negative-both,vector16safe,6,107431.250,2.234,0.998262,0.988173,1.021956,4.347512,4.078282,4.389617
ldc2,2048,128,negative-both,vector16store,6,107925.000,1.992,0.997502,0.984334,1.020997,4.348776,4.083055,4.422313
ldc2,2048,128,negative-both,cpp-approved-execution,6,24756.250,8.230,4.339311,4.079714,4.429517,1.000000,1.000000,1.000000
ldc2,2048,128,negative-source,original,6,106618.750,3.318,1.000000,1.000000,1.000000,4.537097,4.244071,4.658147
ldc2,2048,128,negative-source,vector16safe,6,106637.500,1.735,0.999533,0.995180,1.014614,4.537948,4.247036,4.591054
ldc2,2048,128,negative-source,vector16store,6,106475.000,1.327,0.998293,0.992503,1.028934,4.551844,4.177866,4.575871
ldc2,2048,128,negative-source,cpp-approved-execution,6,23412.500,8.489,4.537097,4.244071,4.658147,1.000000,1.000000,1.000000
ldc2,2048,128,padded,original,6,23518.750,3.667,1.000000,1.000000,1.000000,1.082880,1.064800,1.093077
ldc2,2048,128,padded,vector16safe,6,23518.750,7.335,0.998673,0.965157,1.006414,1.082015,1.077765,1.103240
ldc2,2048,128,padded,vector16store,6,23493.750,7.662,1.000798,0.933995,1.023759,1.082397,1.040088,1.158046
ldc2,2048,128,padded,cpp-approved-execution,6,21725.000,5.869,1.082880,1.064800,1.093077,1.000000,1.000000,1.000000
ldc2,2048,128,repeated-source,original,6,23181.250,0.593,1.000000,1.000000,1.000000,1.074763,1.067049,1.081159
ldc2,2048,128,repeated-source,vector16safe,6,23256.250,7.686,0.999464,0.932596,1.004878,1.078130,1.064014,1.158508
ldc2,2048,128,repeated-source,vector16store,6,23262.500,1.558,0.999207,0.989856,1.005423,1.073821,1.063437,1.091492
ldc2,2048,128,repeated-source,cpp-approved-execution,6,21581.250,1.680,1.074763,1.067049,1.081159,1.000000,1.000000,1.000000
ldc2,2048,128,universal,original,6,606100.000,6.538,1.000000,1.000000,1.000000,4.141933,4.060606,4.303333
ldc2,2048,128,universal,vector16safe,6,607593.750,3.720,0.994366,0.971554,1.021076,4.170864,4.091250,4.222366
ldc2,2048,128,universal,vector16store,6,606156.250,6.189,0.998213,0.954236,1.041902,4.134799,4.061628,4.298415
ldc2,2048,128,universal,cpp-approved-execution,6,146906.250,1.753,4.141933,4.060606,4.303333,1.000000,1.000000,1.000000
ldc2,2048,512,contiguous,original,6,93712.500,1.000,1.000000,1.000000,1.000000,1.072948,1.069664,1.086389
ldc2,2048,512,contiguous,vector16safe,6,94700.000,73.852,0.986120,0.572451,0.993373,1.089932,1.082073,1.885493
ldc2,2048,512,contiguous,vector16store,6,93981.250,1.170,0.998077,0.993883,1.001202,1.078472,1.069233,1.085085
ldc2,2048,512,contiguous,cpp-approved-execution,6,87118.750,1.535,1.072948,1.069664,1.086389,1.000000,1.000000,1.000000
ldc2,2048,512,negative-both,original,6,432693.750,4.619,1.000000,1.000000,1.000000,4.134785,4.099277,4.296164
ldc2,2048,512,negative-both,vector16safe,6,437487.500,3.812,0.998069,0.979202,1.004904,4.163923,4.124379,4.275197
ldc2,2048,512,negative-both,vector16store,6,434068.750,3.640,0.997467,0.992741,1.005437,4.148292,4.110413,4.272933
ldc2,2048,512,negative-both,cpp-approved-execution,6,104737.500,2.005,4.134785,4.099277,4.296164,1.000000,1.000000,1.000000
ldc2,2048,512,negative-source,original,6,431650.000,2.459,1.000000,1.000000,1.000000,4.393139,4.351838,4.468167
ldc2,2048,512,negative-source,vector16safe,6,428281.250,6.532,1.004737,0.959056,1.014926,4.383623,4.323272,4.583070
ldc2,2048,512,negative-source,vector16store,6,428531.250,6.724,1.004265,0.960212,1.013190,4.389541,4.319848,4.632157
ldc2,2048,512,negative-source,cpp-approved-execution,6,97875.000,1.469,4.393139,4.351838,4.468167,1.000000,1.000000,1.000000
ldc2,2048,512,padded,original,6,95531.250,1.950,1.000000,1.000000,1.000000,1.089151,1.085714,1.108482
ldc2,2048,512,padded,vector16safe,6,95462.500,1.048,1.003688,0.994786,1.016471,1.087819,1.078869,1.095374
ldc2,2048,512,padded,vector16store,6,95468.750,0.511,1.000853,0.996603,1.019269,1.087738,1.084722,1.092349
ldc2,2048,512,padded,cpp-approved-execution,6,87737.500,0.470,1.089151,1.085714,1.108482,1.000000,1.000000,1.000000
ldc2,2048,512,repeated-source,original,6,94493.750,1.865,1.000000,1.000000,1.000000,1.070429,1.066667,1.074006
ldc2,2048,512,repeated-source,vector16safe,6,93975.000,1.131,1.006066,0.993779,1.015446,1.063578,1.057151,1.074374
ldc2,2048,512,repeated-source,vector16store,6,93825.000,1.918,1.006639,0.983366,1.017071,1.064049,1.055462,1.085751
ldc2,2048,512,repeated-source,cpp-approved-execution,6,88318.750,1.245,1.070429,1.066667,1.074006,1.000000,1.000000,1.000000
ldc2,2048,512,universal,original,6,2448968.750,3.675,1.000000,1.000000,1.000000,4.094772,4.029552,4.209855
ldc2,2048,512,universal,vector16safe,6,2465887.500,5.731,0.995292,0.978174,1.003802,4.154154,4.060302,4.217627
ldc2,2048,512,universal,vector16store,6,2435743.750,4.116,1.000446,0.994677,1.013576,4.107294,4.022897,4.153468
ldc2,2048,512,universal,cpp-approved-execution,6,593956.250,3.576,4.094772,4.029552,4.209855,1.000000,1.000000,1.000000
